image_1,image_2,label,idx1,idx2,hist,mean,mblock,prop@0.05,prop@0.1,prop@0.2,prop@0.3,prop@0.5
img_0292.png,img_0382.png,2,292,382,0.011336293277941813,11.0,0.2714008558845131,90.33333333333333,73.66666666666667,44.333333333333336,28.000000000000004,13.0
img_0073.png,img_0076.png,1,73,76,1.3696110550100223e-05,0.6666666666666666,0.00653985558689683,0.0,0.0,0.0,0.0,0.0
img_1110.png,img_1175.png,2,1110,1175,0.018014949913258124,9.0,0.16068642854939677,81.33333333333333,56.00000000000001,26.666666666666668,12.666666666666668,3.3333333333333335
img_1186.png,img_1194.png,1,1186,1194,0.00019582503204268573,1.6666666666666667,0.01939972016061206,7.666666666666666,1.6666666666666667,0.0,0.0,0.0
img_1192.png,img_0960.png,2,1192,960,0.0108617093060697,10.0,0.203654963393823,89.66666666666666,67.66666666666666,37.333333333333336,21.666666666666668,5.0
img_1235.png,img_1233.png,1,1235,1233,0.0003320073928521101,1.6666666666666667,0.00401320555369418,0.0,0.0,0.0,0.0,0.0
img_0441.png,img_1028.png,2,441,1028,0.026379801576123938,6.666666666666667,0.2645190045052609,88.0,69.66666666666667,43.0,28.666666666666668,14.666666666666666
img_0042.png,img_0043.png,1,42,43,0.0017135889509406726,4.333333333333333,0.00959950303933148,2.3333333333333335,0.33333333333333337,0.0,0.0,0.0
img_0469.png,img_0968.png,2,469,968,0.06409128231819158,2.0,0.6166350749793564,94.66666666666667,85.66666666666667,71.0,60.0,42.333333333333336
img_0798.png,img_0806.png,1,798,806,0.0002586035872831961,0.6666666666666666,0.0413102115262242,29.666666666666668,11.333333333333332,1.3333333333333335,0.0,0.0
img_0858.png,img_1375.png,2,858,1375,0.02360769382786823,9.666666666666666,0.4188057886120131,94.33333333333334,80.33333333333333,57.99999999999999,46.33333333333333,28.666666666666668
img_0639.png,img_0645.png,1,639,645,0.008722031188804541,10.0,0.13843422233601668,64.0,43.0,18.0,10.0,4.333333333333334
img_0946.png,img_0632.png,2,946,632,0.011909409310443174,12.0,0.3991101475138665,90.66666666666666,79.33333333333333,56.666666666666664,44.333333333333336,23.333333333333332
img_0732.png,img_0739.png,2,732,739,0.01123928226239799,10.666666666666666,0.5250615556348601,95.66666666666667,79.0,55.666666666666664,42.0,27.666666666666668
img_1041.png,img_1045.png,1,1041,1045,0.0008418528017200081,3.0,0.03359473596297845,22.333333333333332,5.333333333333334,0.33333333333333337,0.0,0.0
img_1289.png,img_1291.png,1,1289,1291,0.0006231116913699039,2.3333333333333335,0.0022336703740552417,0.0,0.0,0.0,0.0,0.0
img_1153.png,img_1186.png,2,1153,1186,0.04451503467893526,19.666666666666668,0.2238029580109195,96.33333333333334,74.66666666666667,39.33333333333333,19.666666666666664,8.0
img_0101.png,img_0106.png,1,101,106,0.004767806223739089,7.333333333333333,0.009630093808495393,0.0,0.0,0.0,0.0,0.0
img_0146.png,img_0353.png,2,146,353,0.020489967365980646,13.333333333333334,0.3995017099689583,93.0,75.0,51.33333333333333,37.333333333333336,20.333333333333332
img_0880.png,img_0882.png,1,880,882,9.788512129010753e-05,0.3333333333333333,0.04204179734323844,26.666666666666668,8.666666666666668,1.6666666666666667,0.6666666666666667,0.33333333333333337
img_0882.png,img_0074.png,2,882,74,0.028749929144681437,16.666666666666668,0.3658011349024367,93.66666666666667,77.66666666666666,48.333333333333336,33.33333333333333,17.333333333333336
img_1008.png,img_1005.png,2,1008,1005,0.03829848330832041,12.666666666666666,0.18006344772196853,87.66666666666667,65.0,33.0,18.666666666666668,4.0
img_0519.png,img_0524.png,1,519,524,0.0018561222981217003,6.666666666666667,0.23075378047644857,81.0,59.66666666666667,37.0,23.666666666666668,12.666666666666668
img_0614.png,img_0617.png,1,614,617,0.00019302229591183678,2.0,0.007218518557896148,1.6666666666666667,1.0,0.0,0.0,0.0
img_1332.png,img_0278.png,2,1332,278,0.018723408277170752,16.666666666666668,0.25123534032865386,87.33333333333333,66.33333333333333,43.333333333333336,24.333333333333336,12.666666666666668
img_0023.png,img_0020.png,1,23,20,0.017526095396280323,15.0,0.0694026788658074,49.666666666666664,21.0,4.333333333333334,1.6666666666666667,0.6666666666666667
img_0074.png,img_0732.png,2,74,732,0.008408607280650153,5.666666666666667,0.3765836886431341,92.33333333333333,79.33333333333333,53.333333333333336,38.0,17.666666666666668
img_0871.png,img_0879.png,2,871,879,0.02715635509269097,19.0,0.5356205460954335,97.0,87.66666666666667,67.33333333333333,49.0,30.0
img_0941.png,img_0947.png,2,941,947,0.01671291424519066,4.333333333333333,0.19269470583829063,75.66666666666667,56.666666666666664,28.000000000000004,17.333333333333336,8.666666666666668
img_0016.png,img_0017.png,1,16,17,1.7050597266581297e-05,0.3333333333333333,0.0035437897055860972,0.33333333333333337,0.0,0.0,0.0,0.0
img_1308.png,img_1301.png,2,1308,1301,0.03869295117408822,4.666666666666667,0.29105252753085675,85.33333333333334,71.0,49.0,36.333333333333336,18.333333333333332
img_1155.png,img_1153.png,2,1155,1153,0.040326516890718214,17.0,0.23618192373461047,92.33333333333333,75.33333333333333,39.33333333333333,21.333333333333336,7.666666666666666
img_1019.png,img_1018.png,1,1019,1018,0.0002345475158699008,2.3333333333333335,0.004608864837983195,0.0,0.0,0.0,0.0,0.0
img_0597.png,img_0596.png,1,597,596,0.004619295872282805,6.666666666666667,0.023462926348392303,12.0,5.666666666666666,1.3333333333333335,0.0,0.0
img_0293.png,img_0301.png,2,293,301,0.011620811092460081,8.0,0.34444957723899083,92.66666666666666,75.33333333333333,51.33333333333333,34.66666666666667,18.666666666666668
img_0779.png,img_0784.png,1,779,784,0.0019601647783523274,3.6666666666666665,0.01231998779103589,3.3333333333333335,0.0,0.0,0.0,0.0
img_1227.png,img_1225.png,1,1227,1225,0.00018671069520194384,2.0,0.004189443213041088,0.0,0.0,0.0,0.0,0.0
img_0902.png,img_0907.png,1,902,907,1.0591292250824173e-05,0.6666666666666666,0.004705603578160919,0.33333333333333337,0.0,0.0,0.0,0.0
img_0583.png,img_0484.png,2,583,484,0.02028082766559099,10.0,0.28961016244481086,88.0,73.33333333333333,46.0,31.333333333333336,16.0
img_1068.png,img_1066.png,1,1068,1066,4.898986211060916e-05,1.3333333333333333,0.008906182293305365,1.3333333333333335,0.33333333333333337,0.0,0.0,0.0
img_0390.png,img_0337.png,2,390,337,0.010449669297045558,8.666666666666666,0.28085641001296685,89.66666666666666,74.66666666666667,49.0,35.0,17.333333333333336
img_0379.png,img_0387.png,1,379,387,5.491991011099918e-05,0.3333333333333333,0.06035260981465369,39.0,17.666666666666668,3.3333333333333335,1.3333333333333335,0.33333333333333337
img_1223.png,img_1157.png,2,1223,1157,0.007250762793266269,5.666666666666667,0.22650996850828098,80.0,57.99999999999999,34.0,24.666666666666668,13.333333333333334
img_0808.png,img_0801.png,1,808,801,7.596801264191651e-05,1.0,0.13977309898856033,60.66666666666667,43.0,25.666666666666664,14.666666666666666,4.0
img_0648.png,img_1048.png,2,648,1048,0.018474021936006224,20.333333333333332,0.2191698788453607,82.0,58.333333333333336,31.333333333333336,21.333333333333336,12.666666666666668
img_1246.png,img_1245.png,1,1246,1245,6.611743752318852e-06,0.0,0.0005401889521991557,0.0,0.0,0.0,0.0,0.0
img_0680.png,img_0817.png,2,680,817,0.020635056119177254,8.666666666666666,0.23905093767964358,89.0,68.0,38.333333333333336,24.333333333333336,12.333333333333334
img_0008.png,img_0012.png,2,8,12,0.010871328375402866,6.666666666666667,0.20006644602446197,80.0,59.333333333333336,38.333333333333336,22.333333333333332,7.666666666666666
img_0260.png,img_0267.png,2,260,267,0.025889840794900743,15.333333333333334,0.20419696137813462,87.0,68.66666666666667,37.333333333333336,21.666666666666668,6.333333333333334
img_0911.png,img_0907.png,1,911,907,7.668815443092322e-05,0.3333333333333333,0.002367526256012658,0.0,0.0,0.0,0.0,0.0
img_0911.png,img_0906.png,1,911,906,0.00012100937925281004,0.6666666666666666,0.00490334405773651,0.33333333333333337,0.0,0.0,0.0,0.0
img_0099.png,img_0091.png,2,99,91,0.0300415049410352,11.0,0.24919824524158632,85.33333333333334,70.33333333333334,44.0,30.0,13.0
img_1372.png,img_1377.png,1,1372,1377,0.0029269572357006664,6.666666666666667,0.08450460200158337,42.333333333333336,27.333333333333332,9.0,4.0,2.3333333333333335
img_0340.png,img_0346.png,1,340,346,0.00011509127194988423,0.6666666666666666,0.002842698262254965,0.0,0.0,0.0,0.0,0.0
img_0406.png,img_0862.png,2,406,862,0.017567192006139307,7.333333333333333,0.23310407674198913,80.0,61.66666666666667,40.666666666666664,24.0,12.666666666666668
img_0989.png,img_0994.png,2,989,994,0.02296368400961755,1.0,0.26783375619120187,77.66666666666666,57.333333333333336,42.0,27.333333333333332,14.000000000000002
img_1063.png,img_1056.png,2,1063,1056,0.026619972048547224,17.666666666666668,0.3272345858679136,96.66666666666667,84.33333333333334,58.666666666666664,36.666666666666664,17.666666666666668
img_0717.png,img_0722.png,2,717,722,0.013983813365382222,11.0,0.6417541334522046,94.66666666666667,79.33333333333333,56.99999999999999,44.666666666666664,30.333333333333336
img_0856.png,img_0852.png,1,856,852,0.0008760799516102947,3.6666666666666665,0.02146163019969306,10.666666666666668,3.0,0.0,0.0,0.0
img_0606.png,img_0614.png,1,606,614,0.00639749359192653,12.0,0.07740044935389813,48.0,23.0,6.666666666666667,3.3333333333333335,1.3333333333333335
img_0165.png,img_0161.png,1,165,161,0.00031894884356697777,2.0,0.008196518684410558,1.0,0.0,0.0,0.0,0.0
img_1038.png,img_1032.png,2,1038,1032,0.02607607628036165,11.666666666666666,0.283179940088247,87.0,67.0,44.666666666666664,29.333333333333332,16.333333333333332
img_0934.png,img_0929.png,2,934,929,0.010067007925840499,10.333333333333334,0.3672360122166643,93.0,81.0,59.66666666666667,45.666666666666664,23.666666666666668
img_0308.png,img_0307.png,1,308,307,0.003726085254177077,6.333333333333333,0.01761598054196686,3.6666666666666665,0.33333333333333337,0.0,0.0,0.0
img_0493.png,img_0485.png,2,493,485,0.013433377842419396,15.0,0.3206952079943377,91.33333333333333,75.66666666666667,53.333333333333336,35.0,15.0
img_1053.png,img_1047.png,2,1053,1047,0.024936105778548517,18.333333333333332,0.20972103971524145,82.66666666666667,63.0,37.666666666666664,23.0,9.666666666666666
img_0182.png,img_0190.png,1,182,190,0.0021849862086318495,7.666666666666667,0.16423271453873445,50.33333333333333,32.0,19.666666666666664,13.333333333333334,8.0
img_0126.png,img_0119.png,2,126,119,0.019286967805940757,15.0,0.27317319024459114,83.0,67.66666666666666,41.333333333333336,27.0,12.0
img_0238.png,img_0233.png,1,238,233,0.0020871637522970245,6.333333333333333,0.14935756775055367,66.66666666666666,44.666666666666664,22.333333333333332,13.333333333333334,5.333333333333334
img_0279.png,img_0283.png,1,279,283,0.0009757025298337934,3.6666666666666665,0.0718635933090554,44.333333333333336,24.333333333333336,7.333333333333333,3.0,0.0
img_1314.png,img_1311.png,1,1314,1311,0.00021872636985325952,2.0,0.006479997092191154,0.0,0.0,0.0,0.0,0.0
img_0511.png,img_0515.png,1,511,515,0.0013370524453253918,5.0,0.008601804517317265,1.0,0.33333333333333337,0.0,0.0,0.0
img_0456.png,img_1132.png,2,456,1132,0.024425945851903736,10.0,0.24450605393582706,88.66666666666667,66.66666666666666,42.333333333333336,24.333333333333336,11.333333333333332
img_1073.png,img_1074.png,1,1073,1074,0.005325744095653089,7.333333333333333,0.019692860558366068,10.0,0.6666666666666667,0.0,0.0,0.0
img_0831.png,img_0029.png,2,831,29,0.009680439578181859,7.666666666666667,0.14415748897124386,79.0,46.33333333333333,18.666666666666668,9.333333333333334,3.0
img_0918.png,img_0913.png,2,918,913,0.006045062715282139,6.0,0.27375868636216033,88.33333333333333,69.66666666666667,43.666666666666664,33.33333333333333,14.333333333333334
img_0461.png,img_0464.png,1,461,464,1.3164691626849812e-05,1.0,0.019819581645912535,10.0,0.0,0.0,0.0,0.0
img_0834.png,img_0833.png,1,834,833,0.003837399504965837,9.0,0.022091577176916656,9.333333333333334,0.0,0.0,0.0,0.0
img_0356.png,img_0080.png,2,356,80,0.05695890622222027,27.0,0.3517758538522,90.0,74.0,55.666666666666664,43.0,22.666666666666664
img_0230.png,img_0235.png,2,230,235,0.076824981597312,10.666666666666666,0.33182631222736586,97.33333333333334,85.33333333333334,57.333333333333336,39.666666666666664,18.333333333333332
img_0552.png,img_0558.png,2,552,558,0.005199981611138735,4.333333333333333,0.2512087907719412,86.33333333333333,68.0,35.66666666666667,24.333333333333336,9.666666666666666
img_0936.png,img_0940.png,1,936,940,8.182396456775334e-05,1.3333333333333333,0.0032042300476999353,0.0,0.0,0.0,0.0,0.0
img_0788.png,img_0791.png,1,788,791,0.00044178669340311536,4.666666666666667,0.10062565012670435,55.666666666666664,36.0,15.0,6.0,0.33333333333333337
img_0296.png,img_0303.png,2,296,303,0.016835467527307985,10.666666666666666,0.29296828279587034,92.0,76.33333333333333,48.0,30.333333333333336,14.666666666666666
img_0912.png,img_0905.png,1,912,905,0.0008076930941894834,4.333333333333333,0.005877580403571825,0.0,0.0,0.0,0.0,0.0
img_0979.png,img_0980.png,1,979,980,1.2348319715084217e-05,0.0,0.002414651191175364,0.0,0.0,0.0,0.0,0.0
img_0195.png,img_1173.png,2,195,1173,0.0251572716556768,10.333333333333334,0.24816536112917026,90.66666666666666,69.0,40.666666666666664,28.666666666666668,13.0
img_0163.png,img_0169.png,2,163,169,0.00513429482084164,2.3333333333333335,0.22480034154879666,77.0,55.00000000000001,32.666666666666664,20.0,10.666666666666668
img_1195.png,img_1194.png,1,1195,1194,3.552895060317461e-06,0.0,0.004665684123223944,0.33333333333333337,0.0,0.0,0.0,0.0
img_0271.png,img_0269.png,2,271,269,0.005897044793125892,9.0,0.19290876273114554,74.33333333333333,58.333333333333336,33.666666666666664,21.333333333333336,8.0
img_0540.png,img_0543.png,2,540,543,0.008976965985034372,5.666666666666667,0.2672030545082942,89.66666666666666,71.33333333333334,43.333333333333336,26.666666666666668,14.000000000000002
img_0746.png,img_0738.png,1,746,738,0.0006042165426151141,2.6666666666666665,0.023171532882951828,12.0,2.666666666666667,0.33333333333333337,0.0,0.0
img_0250.png,img_0245.png,1,250,245,6.88851492211774e-05,1.3333333333333333,0.011531832219048872,3.3333333333333335,0.0,0.0,0.0,0.0
img_1323.png,img_1319.png,2,1323,1319,0.0115130283579118,8.0,0.18370591612803025,77.66666666666666,59.66666666666667,31.333333333333336,20.0,5.333333333333334
img_1133.png,img_1132.png,2,1133,1132,0.0162484679229558,12.333333333333334,0.23322574414913172,88.0,66.0,33.0,23.666666666666668,11.0
img_0703.png,img_0704.png,1,703,704,0.0022945896600872445,5.333333333333333,0.007769124890090268,0.6666666666666667,0.0,0.0,0.0,0.0
img_0103.png,img_0104.png,1,103,104,0.0018347927297677976,4.666666666666667,0.007537145677617869,0.0,0.0,0.0,0.0,0.0
img_1336.png,img_1344.png,1,1336,1344,0.0010810890195524934,3.6666666666666665,0.029311901462851977,18.333333333333332,5.333333333333334,0.6666666666666667,0.0,0.0
img_0635.png,img_1181.png,2,635,1181,0.020572168989824318,10.333333333333334,0.18641036666279429,82.0,60.333333333333336,33.33333333333333,14.666666666666666,7.000000000000001
img_0040.png,img_0044.png,2,40,44,0.042162423281663,10.666666666666666,0.310250669569287,91.33333333333333,69.33333333333334,44.0,28.333333333333332,12.333333333333334
img_1065.png,img_1057.png,2,1065,1057,0.024133512867117787,15.333333333333334,0.3414313117349057,95.0,84.33333333333334,57.99999999999999,41.66666666666667,19.666666666666664
img_0119.png,img_0123.png,1,119,123,0.0007198767783273938,3.3333333333333335,0.005356656436350769,0.0,0.0,0.0,0.0,0.0
img_1089.png,img_1096.png,2,1089,1096,0.018076427109402927,9.0,0.17540652131945408,80.0,57.99999999999999,30.666666666666664,17.666666666666668,5.333333333333334
img_0353.png,img_0352.png,1,353,352,0.0003665549167736105,2.0,0.0019125640877900591,0.0,0.0,0.0,0.0,0.0
img_0995.png,img_0997.png,1,995,997,0.008089265940023937,11.0,0.018035450510821675,3.0,1.0,0.0,0.0,0.0
img_1246.png,img_1241.png,2,1246,1241,0.019691934032696364,10.666666666666666,0.1736855303284504,85.0,60.66666666666667,28.999999999999996,15.0,5.333333333333334
img_0976.png,img_0974.png,1,976,974,0.00716452183061998,9.0,0.27249654348540525,74.66666666666667,57.666666666666664,38.333333333333336,28.999999999999996,16.666666666666664
img_0488.png,img_0483.png,1,488,483,0.001742266772704992,5.666666666666667,0.01253668447878141,0.6666666666666667,0.0,0.0,0.0,0.0
img_0952.png,img_0696.png,2,952,696,0.03918162693313856,12.666666666666666,0.3026682604484378,90.66666666666666,70.0,43.0,28.666666666666668,18.333333333333332
img_0119.png,img_0112.png,1,119,112,1.7585079436369146e-05,0.6666666666666666,0.009165561244197302,1.0,0.0,0.0,0.0,0.0
img_0274.png,img_0699.png,2,274,699,0.028831646791986302,14.333333333333334,0.33341395538992824,96.33333333333334,80.33333333333333,50.0,32.0,17.666666666666668
img_1030.png,img_1033.png,1,1030,1033,0.0002168443974487499,1.3333333333333333,0.005170825550507747,0.6666666666666667,0.0,0.0,0.0,0.0
img_0563.png,img_1077.png,2,563,1077,0.008100187644266212,7.0,0.24347049185238437,92.66666666666666,73.0,43.666666666666664,28.000000000000004,10.333333333333334
img_0896.png,img_0888.png,2,896,888,0.0010693171750973732,3.0,0.4180607656564518,75.66666666666667,59.0,37.0,26.666666666666668,17.0
img_1348.png,img_1341.png,1,1348,1341,0.00038907979416539454,0.3333333333333333,0.008868218379606527,1.3333333333333335,0.0,0.0,0.0,0.0
img_0339.png,img_0341.png,1,339,341,0.0003331031261439844,1.6666666666666667,0.01937942092610234,9.0,0.33333333333333337,0.0,0.0,0.0
img_0107.png,img_0881.png,2,107,881,0.04285492217564637,14.666666666666666,0.25515999214127333,92.0,76.66666666666667,51.33333333333333,27.666666666666668,11.0
img_0191.png,img_0185.png,1,191,185,0.003109239948220658,2.6666666666666665,0.24839760000530722,41.66666666666667,29.666666666666668,21.666666666666668,16.333333333333332,11.0
img_0255.png,img_1292.png,2,255,1292,0.060581403345860464,17.666666666666668,0.5790679418047208,95.33333333333334,81.33333333333333,57.666666666666664,40.666666666666664,28.333333333333332
img_0737.png,img_0738.png,1,737,738,0.00019219280548716955,1.6666666666666667,0.0041403345643289576,0.6666666666666667,0.33333333333333337,0.33333333333333337,0.33333333333333337,0.0
img_0276.png,img_0850.png,2,276,850,0.010626964163559986,10.333333333333334,0.25216113924054506,88.33333333333333,70.0,42.66666666666667,30.333333333333336,13.333333333333334
img_0862.png,img_0863.png,1,862,863,0.0027403108835243055,6.0,0.012760110591509409,4.0,1.0,0.0,0.0,0.0
img_0359.png,img_0713.png,2,359,713,0.012989953957851333,13.0,0.2888878947992761,86.0,69.66666666666667,43.666666666666664,29.666666666666668,17.666666666666668
img_1194.png,img_1201.png,2,1194,1201,0.007718965702948058,8.333333333333334,0.14025174641157365,72.0,45.0,20.333333333333332,12.0,3.3333333333333335
img_1287.png,img_1284.png,1,1287,1284,0.0008779785023043316,2.6666666666666665,0.017760439530565178,7.666666666666666,1.0,0.0,0.0,0.0
img_0243.png,img_0242.png,1,243,242,1.9705355701697265e-05,0.6666666666666666,0.0013513676983034557,0.0,0.0,0.0,0.0,0.0
img_0608.png,img_0527.png,2,608,527,0.010668546134750862,7.666666666666667,0.33979065620534804,88.33333333333333,78.33333333333333,53.666666666666664,35.0,19.333333333333332
img_0027.png,img_0019.png,1,27,19,0.004283822963971594,6.666666666666667,0.051305613376993194,32.666666666666664,13.666666666666666,2.3333333333333335,1.3333333333333335,0.33333333333333337
img_0201.png,img_0606.png,2,201,606,0.012291451037392084,8.666666666666666,0.36275950878841096,93.66666666666667,82.33333333333334,57.666666666666664,39.33333333333333,23.333333333333332
img_0177.png,img_0183.png,2,177,183,0.033953695137335836,11.666666666666666,0.2992007219878555,88.33333333333333,74.0,50.0,36.333333333333336,18.333333333333332
img_0921.png,img_0925.png,1,921,925,0.0006178826993233147,3.0,0.013685029400557328,3.3333333333333335,0.0,0.0,0.0,0.0
img_1369.png,img_1364.png,1,1369,1364,0.0015037730471088877,5.666666666666667,0.030838849765079102,18.0,6.666666666666667,1.6666666666666667,0.0,0.0
img_0904.png,img_0631.png,2,904,631,0.014085625533390203,13.666666666666666,0.2751303690078179,86.0,67.66666666666666,36.666666666666664,24.666666666666668,13.333333333333334
img_0884.png,img_0890.png,2,884,890,0.03507413597389271,20.333333333333332,0.8193378909974895,98.33333333333333,92.0,72.33333333333334,56.666666666666664,40.0
img_0546.png,img_0543.png,1,546,543,0.0002589119347966467,2.6666666666666665,0.0072881090875157465,1.6666666666666667,0.33333333333333337,0.0,0.0,0.0
img_1117.png,img_1118.png,1,1117,1118,0.01964022458610383,18.666666666666668,0.04858955450912061,28.999999999999996,8.0,0.6666666666666667,0.0,0.0
img_1007.png,img_0169.png,2,1007,169,0.016731646056914785,4.333333333333333,0.19367717514151997,87.0,65.33333333333333,32.33333333333333,17.666666666666668,7.000000000000001
img_0472.png,img_0471.png,1,472,471,0.0023570418873941155,6.666666666666667,0.021929187142834053,5.666666666666666,0.0,0.0,0.0,0.0
img_0876.png,img_0629.png,2,876,629,0.01911958622444847,15.333333333333334,0.33151703412305594,89.0,74.0,52.33333333333333,33.666666666666664,20.0
img_1219.png,img_1224.png,1,1219,1224,0.00036269658499032183,2.0,0.01088428591897931,2.0,0.0,0.0,0.0,0.0
img_0964.png,img_0250.png,2,964,250,0.020658614815758026,20.0,0.37197254598749235,89.66666666666666,75.0,52.0,38.333333333333336,20.0
img_1065.png,img_1058.png,2,1065,1058,0.02875897472433371,18.0,0.348292442746621,97.33333333333334,86.33333333333333,59.333333333333336,38.333333333333336,18.0
img_0624.png,img_0627.png,2,624,627,0.03148889352417177,17.666666666666668,0.41291642625532,93.33333333333333,80.0,56.666666666666664,38.333333333333336,20.333333333333332
img_0243.png,img_0241.png,1,243,241,0.0001543928460444886,2.0,0.001657624445995542,0.0,0.0,0.0,0.0,0.0
img_0217.png,img_0213.png,1,217,213,0.002185598952682564,3.6666666666666665,0.08228355462062498,43.0,24.0,9.666666666666666,4.333333333333334,1.3333333333333335
img_0263.png,img_0265.png,1,263,265,2.019538340096429e-05,0.0,0.00279042047659979,0.0,0.0,0.0,0.0,0.0
img_1294.png,img_1144.png,2,1294,1144,0.017953132389342097,11.666666666666666,0.28782332635636104,79.66666666666666,63.66666666666667,38.333333333333336,27.0,18.333333333333332
img_1147.png,img_1146.png,1,1147,1146,0.004373436100836951,7.333333333333333,0.02358982685233613,11.0,0.33333333333333337,0.0,0.0,0.0
img_0141.png,img_0514.png,2,141,514,0.014610748140803764,9.0,0.33115677944167143,87.66666666666667,72.0,52.0,36.666666666666664,16.333333333333332
img_0010.png,img_0002.png,2,10,2,0.00871243962395558,5.666666666666667,0.19256666789385837,81.66666666666667,57.99999999999999,31.0,20.0,9.666666666666666
img_0849.png,img_0857.png,1,849,857,0.0013333511602062651,4.333333333333333,0.02103333629263868,10.333333333333334,3.3333333333333335,0.0,0.0,0.0
img_0657.png,img_0663.png,2,657,663,0.010072608091814766,8.666666666666666,0.28937553426829493,90.66666666666666,75.0,47.333333333333336,33.33333333333333,16.0
img_1034.png,img_1041.png,2,1034,1041,0.025580441816521787,10.666666666666666,0.27921778280323034,88.66666666666667,71.66666666666667,44.333333333333336,28.999999999999996,14.666666666666666
img_0401.png,img_0396.png,1,401,396,0.01051436726730414,8.666666666666666,0.04514204212288149,26.0,9.333333333333334,4.0,2.0,0.33333333333333337
img_0449.png,img_0451.png,1,449,451,7.689234815504964e-07,0.0,0.00040464725436716595,0.0,0.0,0.0,0.0,0.0
img_0840.png,img_0841.png,1,840,841,0.0024261412721875656,7.0,0.01585391947469614,4.333333333333334,0.33333333333333337,0.0,0.0,0.0
img_0179.png,img_0877.png,2,179,877,0.02039621477552991,15.666666666666666,0.300586331754585,96.33333333333334,80.66666666666666,49.0,32.33333333333333,15.333333333333332
img_0211.png,img_0206.png,1,211,206,0.004074600069048364,1.3333333333333333,0.137614829726896,63.33333333333333,38.666666666666664,19.0,10.0,4.0
img_0846.png,img_1302.png,2,846,1302,0.0260529654447054,9.333333333333334,0.3583649370414713,93.0,78.33333333333333,50.33333333333333,36.0,19.0
img_0527.png,img_0522.png,1,527,522,0.0002727250481445932,0.6666666666666666,0.04253532724018071,32.33333333333333,9.0,0.6666666666666667,0.33333333333333337,0.0
img_0506.png,img_0259.png,2,506,259,0.022542181037141767,17.666666666666668,0.38282635150277106,94.33333333333334,83.0,60.66666666666667,42.0,19.333333333333332
img_1086.png,img_1083.png,1,1086,1083,0.000764451387421426,3.0,0.018940253113472645,8.0,1.0,0.0,0.0,0.0
img_0729.png,img_0314.png,2,729,314,0.010178269134602678,6.0,0.349005144770942,90.0,76.0,51.66666666666667,35.333333333333336,17.0
img_0613.png,img_0610.png,1,613,610,0.0060691544060936025,12.333333333333334,0.03946454299371025,13.333333333333334,7.666666666666666,4.0,1.6666666666666667,0.6666666666666667
img_0295.png,img_0171.png,2,295,171,0.02571007141884819,12.666666666666666,0.21052261734841432,92.0,71.33333333333334,31.0,18.333333333333332,6.333333333333334
img_0597.png,img_0594.png,1,597,594,0.0002657490248874007,1.6666666666666667,0.010451341492653851,1.6666666666666667,1.0,1.0,0.33333333333333337,0.0
img_0904.png,img_0957.png,2,904,957,0.023444975085281584,10.333333333333334,0.4160567423215315,90.66666666666666,79.33333333333333,56.99999999999999,41.333333333333336,26.666666666666668
img_0949.png,img_0951.png,1,949,951,0.00024317817433555446,3.0,0.0503551953938457,32.666666666666664,14.666666666666666,5.333333333333334,0.6666666666666667,0.0
img_0130.png,img_0346.png,2,130,346,0.025682697897384154,11.333333333333334,0.37929003202590916,88.33333333333333,74.66666666666667,52.33333333333333,38.0,19.333333333333332
img_0570.png,img_0565.png,1,570,565,0.0017294843829938813,6.0,0.0064263615186600336,0.0,0.0,0.0,0.0,0.0
img_0556.png,img_0651.png,2,556,651,0.011340161622267577,13.333333333333334,0.31255036504047673,86.33333333333333,67.66666666666666,45.666666666666664,28.000000000000004,12.666666666666668
img_0440.png,img_0442.png,1,440,442,9.516584986315599e-05,0.0,0.0019857274475958042,0.0,0.0,0.0,0.0,0.0
img_0170.png,img_0694.png,2,170,694,0.006083240095048017,9.0,0.2030553310671087,75.0,53.333333333333336,28.999999999999996,17.0,9.333333333333334
img_0008.png,img_0014.png,2,8,14,0.013503536686557542,8.666666666666666,0.20968995204597263,84.0,62.0,37.333333333333336,21.666666666666668,9.666666666666666
img_0146.png,img_0140.png,1,146,140,0.0005085366776562344,1.6666666666666667,0.007749626337092197,0.33333333333333337,0.0,0.0,0.0,0.0
img_0436.png,img_0438.png,1,436,438,1.3479290614137048e-06,0.0,0.0030618852268033624,0.0,0.0,0.0,0.0,0.0
img_0551.png,img_0120.png,2,551,120,0.008974442636620467,6.666666666666667,0.409500466687573,93.0,77.0,53.333333333333336,34.333333333333336,17.666666666666668
img_0782.png,img_0789.png,1,782,789,0.0017766946272956485,5.333333333333333,0.04355079801775703,31.666666666666664,8.666666666666668,0.33333333333333337,0.0,0.0
img_0389.png,img_0253.png,2,389,253,0.02577758619704795,23.0,0.5380101399450744,91.33333333333333,79.0,62.0,49.666666666666664,35.66666666666667
img_0577.png,img_0579.png,1,577,579,0.0005634362828475502,4.0,0.14576906343318163,63.33333333333333,40.33333333333333,20.666666666666668,12.333333333333334,6.0
img_0247.png,img_0683.png,2,247,683,0.016622280476114346,15.666666666666666,0.3738083000628429,92.66666666666666,78.0,53.333333333333336,38.0,21.0
img_0650.png,img_0647.png,2,650,647,0.004802468970858286,11.666666666666666,0.21849987351143005,87.0,61.66666666666667,39.0,24.666666666666668,11.0
img_0540.png,img_0534.png,1,540,534,0.0005057777638255281,3.0,0.08086292130033,51.66666666666667,25.666666666666664,8.333333333333332,3.3333333333333335,1.0
img_0324.png,img_0323.png,1,324,323,0.0033382380266500818,7.0,0.012796870083767594,2.666666666666667,0.0,0.0,0.0,0.0
img_1150.png,img_0063.png,2,1150,63,0.03331405406030481,16.0,0.2881798295961364,94.0,74.0,40.666666666666664,23.666666666666668,11.0
img_0513.png,img_0516.png,1,513,516,0.0003723188790357676,2.3333333333333335,0.012368457844500276,2.3333333333333335,0.0,0.0,0.0,0.0
img_0119.png,img_1140.png,2,119,1140,0.037726843809360214,18.0,0.2520588854486213,93.33333333333333,78.66666666666666,45.0,26.666666666666668,9.666666666666666
img_0524.png,img_0523.png,1,524,523,5.61534655600998e-06,0.3333333333333333,0.0024820110908228264,0.33333333333333337,0.0,0.0,0.0,0.0
img_0400.png,img_0296.png,2,400,296,0.04478973379438678,12.0,0.22380717007250184,84.33333333333334,64.33333333333333,37.333333333333336,20.0,9.0
img_0276.png,img_0268.png,2,276,268,0.005807820265629117,6.333333333333333,0.15827274151062934,74.66666666666667,50.66666666666667,24.0,12.0,5.666666666666666
img_1154.png,img_1147.png,2,1154,1147,0.03601422853661961,17.666666666666668,0.23577501174847365,93.0,75.0,41.0,23.666666666666668,8.333333333333332
img_0405.png,img_0407.png,1,405,407,0.0005828101026340476,1.6666666666666667,0.004446056203734812,0.0,0.0,0.0,0.0,0.0
img_0120.png,img_0124.png,1,120,124,0.006183360813609287,10.0,0.020621047270198926,6.333333333333334,0.6666666666666667,0.0,0.0,0.0
img_1324.png,img_1320.png,2,1324,1320,0.010540961044651131,5.333333333333333,0.18195665324902427,79.0,60.333333333333336,34.0,19.0,5.333333333333334
img_0548.png,img_0555.png,1,548,555,0.0005265400113386386,2.6666666666666665,0.07637641592517186,41.0,21.333333333333336,7.666666666666666,3.6666666666666665,1.3333333333333335
img_0712.png,img_0707.png,1,712,707,0.0004360440253337756,3.3333333333333335,0.08347702216360756,27.666666666666668,15.0,7.000000000000001,4.0,1.6666666666666667
img_0599.png,img_0839.png,2,599,839,0.04312531495243532,21.0,0.5109145706491803,100.0,97.0,78.33333333333333,57.666666666666664,34.0
img_0427.png,img_0423.png,1,427,423,0.00023910649319847416,1.0,0.009106927876842896,0.6666666666666667,0.0,0.0,0.0,0.0
img_0964.png,img_0030.png,2,964,30,0.017522126217659462,21.0,0.28768797278309793,82.0,68.66666666666667,43.0,28.000000000000004,15.666666666666668
img_1108.png,img_1100.png,2,1108,1100,0.007154865057497926,7.0,0.11765991931165976,72.66666666666667,45.666666666666664,13.333333333333334,6.0,1.6666666666666667
img_0912.png,img_0907.png,1,912,907,0.0007742299327490419,4.0,0.003365695397643973,0.0,0.0,0.0,0.0,0.0
img_0649.png,img_0646.png,2,649,646,0.005237498926690464,11.0,0.22003838453278657,87.0,62.33333333333333,39.33333333333333,23.333333333333332,10.0
img_0995.png,img_0987.png,2,995,987,0.025030565553859126,5.333333333333333,0.25929341387985866,76.66666666666667,57.99999999999999,40.0,27.666666666666668,14.666666666666666
img_0420.png,img_0418.png,2,420,418,0.007062399827947038,8.0,0.28205562409836055,87.33333333333333,65.66666666666666,43.333333333333336,28.999999999999996,14.666666666666666
img_1083.png,img_1077.png,1,1083,1077,0.0012609705352628748,4.333333333333333,0.010591064911532222,0.0,0.0,0.0,0.0,0.0
img_1324.png,img_1321.png,2,1324,1321,0.010207328787658995,5.0,0.18227982054162814,79.0,61.0,32.666666666666664,18.0,6.0
img_1069.png,img_1074.png,1,1069,1074,0.006492987722702465,7.666666666666667,0.054785120683487655,39.33333333333333,17.666666666666668,3.0,0.0,0.0
img_0932.png,img_0924.png,2,932,924,0.010910043431537989,9.333333333333334,0.3607110887562686,92.33333333333333,77.66666666666666,56.666666666666664,44.333333333333336,25.0
img_0696.png,img_0697.png,1,696,697,0.0007514329262939176,2.6666666666666665,0.008396435873341428,1.6666666666666667,0.0,0.0,0.0,0.0
img_1308.png,img_1315.png,1,1308,1315,0.008270448732178397,8.666666666666666,0.07070012982078056,48.333333333333336,23.0,6.0,1.3333333333333335,0.0
img_0230.png,img_0227.png,1,230,227,0.00016777774480125063,1.3333333333333333,0.009797099746828814,2.666666666666667,0.0,0.0,0.0,0.0
img_0227.png,img_0226.png,1,227,226,0.005195559979780863,7.333333333333333,0.014966738340348002,3.3333333333333335,0.0,0.0,0.0,0.0
img_1008.png,img_0156.png,2,1008,156,0.010571747346129026,4.666666666666667,0.24888673023872404,86.0,61.33333333333333,32.33333333333333,22.666666666666664,11.0
img_1032.png,img_1036.png,2,1032,1036,0.027428785444652642,11.666666666666666,0.2924923060265451,88.66666666666667,70.33333333333334,44.666666666666664,32.0,17.0
img_0812.png,img_0804.png,2,812,804,0.0049356870556484245,2.3333333333333335,0.2722806652465921,78.33333333333333,57.99999999999999,36.333333333333336,27.666666666666668,13.333333333333334
img_0174.png,img_0175.png,1,174,175,0.003400564823754534,6.666666666666667,0.09177084555987965,57.99999999999999,30.0,12.666666666666668,4.333333333333334,0.33333333333333337
img_0810.png,img_0804.png,1,810,804,0.009293519725552847,10.0,0.10945240731199758,52.33333333333333,34.333333333333336,17.666666666666668,7.666666666666666,2.666666666666667
img_0487.png,img_0480.png,1,487,480,4.553158869524815e-05,0.6666666666666666,0.015251895231195144,5.666666666666666,0.6666666666666667,0.0,0.0,0.0
img_1300.png,img_0759.png,2,1300,759,0.015573793662257035,7.333333333333333,0.4150134404494156,92.0,73.33333333333333,47.0,35.66666666666667,19.666666666666664
img_1029.png,img_1030.png,1,1029,1030,8.160310596776974e-06,0.6666666666666666,0.0029093454504329082,0.6666666666666667,0.0,0.0,0.0,0.0
img_0583.png,img_1377.png,2,583,1377,0.026486790928771434,10.333333333333334,0.39927685695661025,87.66666666666667,69.33333333333334,49.333333333333336,31.666666666666664,15.666666666666668
img_1069.png,img_1067.png,1,1069,1067,0.004635195593018961,7.0,0.018931454183816268,8.666666666666668,2.3333333333333335,0.0,0.0,0.0
img_1008.png,img_1199.png,2,1008,1199,0.004450961174918683,7.666666666666667,0.19958866979585765,75.0,54.0,30.666666666666664,19.0,8.333333333333332
img_0430.png,img_0425.png,1,430,425,0.0004424593758713885,1.6666666666666667,0.010385199768557538,1.3333333333333335,0.0,0.0,0.0,0.0
img_1195.png,img_0708.png,2,1195,708,0.016584724529558312,14.666666666666666,0.2533633877721512,87.0,67.0,39.666666666666664,26.666666666666668,14.000000000000002
img_0273.png,img_0278.png,2,273,278,0.01130462725023934,11.666666666666666,0.12466843758350678,62.66666666666667,37.333333333333336,15.666666666666668,9.0,3.6666666666666665
img_0506.png,img_0501.png,2,506,501,0.01057110614936583,7.666666666666667,0.3542979302287777,91.33333333333333,75.66666666666667,51.66666666666667,36.666666666666664,18.0
img_1066.png,img_1069.png,1,1066,1069,0.00463668769985678,6.333333333333333,0.019558754640178803,9.333333333333334,1.3333333333333335,0.0,0.0,0.0
img_0088.png,img_0081.png,1,88,81,0.0006857482370661232,2.3333333333333335,0.05344626945654793,32.0,16.0,4.333333333333334,1.0,0.6666666666666667
img_0126.png,img_0128.png,1,126,128,0.0013834431632376123,4.0,0.019727393310408122,8.333333333333332,2.666666666666667,0.0,0.0,0.0
img_0402.png,img_1156.png,2,402,1156,0.03144283276273962,7.666666666666667,0.196082749054941,90.66666666666666,72.33333333333334,40.666666666666664,20.0,2.3333333333333335
img_0053.png,img_0046.png,1,53,46,0.002295290822144087,3.6666666666666665,0.2587382009003369,79.0,59.333333333333336,35.66666666666667,24.333333333333336,13.333333333333334
img_0860.png,img_0624.png,2,860,624,0.02513849465559288,20.0,0.4421671523040166,95.33333333333334,80.66666666666666,57.99999999999999,43.0,23.666666666666668
img_0269.png,img_0261.png,2,269,261,0.022129157020683066,10.333333333333334,0.24012167556354252,84.33333333333334,66.66666666666666,41.66666666666667,22.333333333333332,12.0
img_0587.png,img_0579.png,2,587,579,0.015420109239415536,6.666666666666667,0.38154925847772975,92.66666666666666,76.33333333333333,48.0,33.666666666666664,17.666666666666668
img_0191.png,img_0198.png,1,191,198,0.008487729560674824,15.0,0.09884206028016057,51.66666666666667,27.666666666666668,11.666666666666666,6.666666666666667,2.3333333333333335
img_1289.png,img_1286.png,1,1289,1286,0.0009286991689742861,3.0,0.008378818100941618,0.33333333333333337,0.0,0.0,0.0,0.0
img_0775.png,img_0783.png,2,775,783,0.019447582629357113,9.0,0.7766486567038268,95.0,81.33333333333333,63.33333333333333,54.0,33.666666666666664
img_0648.png,img_0640.png,2,648,640,0.016087404130379342,22.666666666666668,0.27692752301897916,85.66666666666667,70.33333333333334,48.66666666666667,30.666666666666664,15.333333333333332
img_0278.png,img_0281.png,1,278,281,0.0007753203066070043,2.6666666666666665,0.07261943574349042,48.0,23.0,6.0,3.0,0.6666666666666667
img_0796.png,img_0791.png,2,796,791,0.022856429840459602,16.0,0.9878932517783138,96.33333333333334,84.33333333333334,64.0,47.66666666666667,31.333333333333336
img_0312.png,img_0308.png,1,312,308,5.8572709003411144e-05,1.0,0.015732704267921793,5.333333333333334,0.33333333333333337,0.0,0.0,0.0
img_0058.png,img_0059.png,1,58,59,0.01684093896474397,14.0,0.08363281924127806,52.33333333333333,32.33333333333333,10.0,2.3333333333333335,0.33333333333333337
img_0152.png,img_0153.png,1,152,153,0.0017874961098801288,5.0,0.008312754932023532,0.0,0.0,0.0,0.0,0.0
img_0942.png,img_1007.png,2,942,1007,0.010495203081683632,8.333333333333334,0.21357501700982595,86.66666666666667,61.33333333333333,34.66666666666667,21.666666666666668,9.666666666666666
img_0236.png,img_0233.png,1,236,233,0.002322696055071756,6.666666666666667,0.015858188083485304,4.0,0.33333333333333337,0.0,0.0,0.0
img_1229.png,img_0263.png,2,1229,263,0.004553115692909036,5.666666666666667,0.26686278591773915,91.33333333333333,74.66666666666667,48.66666666666667,33.33333333333333,14.333333333333334
img_0633.png,img_0636.png,1,633,636,0.006608494006500701,9.666666666666666,0.02986311424987876,17.0,3.3333333333333335,0.0,0.0,0.0
img_0121.png,img_1071.png,2,121,1071,0.019020376769643313,17.0,0.4296909911828866,93.0,82.66666666666667,61.0,44.333333333333336,28.999999999999996
img_1076.png,img_1081.png,1,1076,1081,0.022195083869105837,17.0,0.41831206301690965,96.33333333333334,84.0,65.33333333333333,46.0,25.333333333333336
img_0130.png,img_0004.png,2,130,4,0.03673730961148922,13.333333333333334,0.23969202658615926,89.33333333333333,67.66666666666666,32.0,18.333333333333332,7.666666666666666
img_1317.png,img_1321.png,1,1317,1321,0.00031456466344049767,2.3333333333333335,0.011747280485044118,2.666666666666667,0.6666666666666667,0.0,0.0,0.0
img_0703.png,img_1291.png,2,703,1291,0.017871092913622388,9.666666666666666,0.256421715894934,90.0,69.33333333333334,43.0,30.333333333333336,12.666666666666668
img_0121.png,img_0123.png,1,121,123,0.003572221339331473,7.0,0.010835600136416108,1.3333333333333335,0.0,0.0,0.0,0.0
img_0484.png,img_1031.png,2,484,1031,0.005249383757846493,8.666666666666666,0.4171211194224976,88.33333333333333,71.33333333333334,56.99999999999999,46.666666666666664,29.333333333333332
img_0605.png,img_0610.png,1,605,610,0.0023548303104281546,7.0,0.07271880678514242,46.0,21.0,8.333333333333332,3.0,0.33333333333333337
img_0639.png,img_0946.png,2,639,946,0.010885354239550107,12.666666666666666,0.45695450015721584,93.33333333333333,80.66666666666666,58.666666666666664,43.333333333333336,22.0
img_0009.png,img_0006.png,2,9,6,0.02159582742549453,12.666666666666666,0.20128377473852993,80.33333333333333,57.333333333333336,32.666666666666664,21.0,10.666666666666668
img_0397.png,img_0405.png,2,397,405,0.02022066009956827,8.666666666666666,0.31677291933146773,87.66666666666667,69.0,45.666666666666664,33.0,17.0
img_1072.png,img_1074.png,1,1072,1074,9.695126862655007e-05,0.0,0.007355323941687395,1.6666666666666667,0.33333333333333337,0.0,0.0,0.0
img_0440.png,img_0435.png,1,440,435,0.0009009056820010632,5.0,0.03224482770117386,22.0,5.0,0.0,0.0,0.0
img_1082.png,img_1080.png,1,1082,1080,0.00010139315724594956,1.6666666666666667,0.004659155112292845,0.0,0.0,0.0,0.0,0.0
img_1062.png,img_0009.png,2,1062,9,0.0066914164185367915,4.666666666666667,0.18878322190657892,79.66666666666666,61.66666666666667,32.33333333333333,17.0,7.333333333333333
img_0296.png,img_0304.png,2,296,304,0.010115512752770393,8.0,0.2721174367669252,91.66666666666666,78.0,48.0,32.0,12.666666666666668
img_0907.png,img_0903.png,1,907,903,5.17941706772026e-06,0.6666666666666666,0.009298043851246659,0.6666666666666667,0.0,0.0,0.0,0.0
img_0658.png,img_0666.png,2,658,666,0.011681115423274269,13.0,0.2911879642877735,90.66666666666666,73.0,47.66666666666667,32.0,17.333333333333336
img_0808.png,img_0812.png,2,808,812,0.0067739230498789415,7.666666666666667,0.31410329808409876,80.66666666666666,63.0,41.0,28.999999999999996,15.333333333333332
img_1298.png,img_1297.png,1,1298,1297,0.00029612798945443216,1.3333333333333333,0.0012236158509197758,0.0,0.0,0.0,0.0,0.0
img_0036.png,img_0044.png,2,36,44,0.07603963881015152,25.666666666666668,0.5302544775055705,96.66666666666667,84.66666666666667,63.33333333333333,50.0,32.0
img_0455.png,img_0462.png,2,455,462,0.010584644259197591,11.0,0.6514967345591581,94.33333333333334,83.0,66.0,52.33333333333333,35.0
img_1319.png,img_1324.png,2,1319,1324,0.010543857307544223,5.0,0.18208617483341746,78.0,60.0,32.666666666666664,18.666666666666668,5.333333333333334
img_0618.png,img_0622.png,1,618,622,0.002355365196683576,7.0,0.268840084996084,79.33333333333333,62.0,37.0,24.333333333333336,9.0
img_0207.png,img_0214.png,2,207,214,0.003986306139576226,3.0,0.14776544030079122,63.33333333333333,40.33333333333333,21.0,13.333333333333334,5.333333333333334
img_0603.png,img_0598.png,2,603,598,0.051382172384081194,9.666666666666666,0.3607292178142304,95.66666666666667,87.33333333333333,63.66666666666667,41.66666666666667,20.666666666666668
img_0095.png,img_0098.png,2,95,98,0.006302869937377854,10.666666666666666,0.21659510280353872,84.0,64.0,40.0,21.666666666666668,7.333333333333333
img_0263.png,img_0269.png,2,263,269,0.02453726191534773,12.333333333333334,0.25040616402490573,84.0,68.0,41.0,23.666666666666668,12.333333333333334
img_0674.png,img_0681.png,1,674,681,2.123552407457852e-05,0.3333333333333333,0.010879754637356406,2.0,0.0,0.0,0.0,0.0
img_0664.png,img_0657.png,2,664,657,0.009892673169611094,8.666666666666666,0.29051491036446997,90.66666666666666,73.0,48.0,34.0,16.333333333333332
img_0644.png,img_0645.png,1,644,645,0.006187824336912079,9.0,0.05223192563453956,37.666666666666664,14.333333333333334,2.0,0.6666666666666667,0.0
img_0588.png,img_0596.png,1,588,596,0.0026690498278616223,5.333333333333333,0.07587617767784946,41.0,23.0,7.666666666666666,4.333333333333334,1.3333333333333335
img_0044.png,img_0043.png,2,44,43,0.06764520862471803,20.666666666666668,0.3476945936090135,93.66666666666667,77.0,49.666666666666664,38.0,20.0
img_1289.png,img_1296.png,2,1289,1296,0.007925904825512921,8.666666666666666,0.2823017786522412,82.66666666666667,60.66666666666667,37.333333333333336,24.666666666666668,12.0
img_1310.png,img_1317.png,2,1310,1317,0.005757594084079522,10.0,0.06495628052040887,45.666666666666664,21.0,2.3333333333333335,0.6666666666666667,0.0
img_0723.png,img_0718.png,2,723,718,0.009783469524968278,2.3333333333333335,0.6383556726321238,90.0,76.33333333333333,55.666666666666664,45.666666666666664,26.0
img_0994.png,img_0997.png,1,994,997,0.0034510893424317805,6.666666666666667,0.01240801770238512,3.3333333333333335,0.6666666666666667,0.0,0.0,0.0
img_1075.png,img_1071.png,1,1075,1071,0.0001342879245713331,1.0,0.0124100815606192,3.3333333333333335,0.0,0.0,0.0,0.0
img_1364.png,img_1372.png,1,1364,1372,0.004184023989653555,9.0,0.023863124577239395,14.333333333333334,2.0,0.0,0.0,0.0
img_0409.png,img_0414.png,1,409,414,0.00841060787287048,8.666666666666666,0.12041692935023886,59.0,39.33333333333333,18.666666666666668,10.0,3.6666666666666665
img_0344.png,img_0346.png,1,344,346,4.189803761949391e-05,1.0,0.01731367259637147,7.666666666666666,0.6666666666666667,0.0,0.0,0.0
img_1196.png,img_1204.png,1,1196,1204,0.0025970369056786094,7.333333333333333,0.031361047126044095,16.333333333333332,4.0,0.6666666666666667,0.0,0.0
img_0380.png,img_0374.png,2,380,374,0.003895673873289427,5.333333333333333,0.2838918989373058,91.0,75.0,47.66666666666667,33.0,18.0
img_0803.png,img_0800.png,1,803,800,5.8212852330384274e-05,1.0,0.014069297934360427,5.666666666666666,0.0,0.0,0.0,0.0
img_0713.png,img_0717.png,1,713,717,0.0023794665046708175,4.333333333333333,0.09892692478508212,53.333333333333336,32.33333333333333,13.666666666666666,8.0,1.0
img_1365.png,img_1360.png,2,1365,1360,0.0072780811611336494,8.666666666666666,0.2834727141930028,86.0,67.33333333333333,38.333333333333336,25.333333333333336,13.333333333333334
img_1306.png,img_1301.png,1,1306,1301,0.00436530594897093,7.333333333333333,0.01611563100657797,3.3333333333333335,0.33333333333333337,0.0,0.0,0.0
img_1270.png,img_1276.png,1,1270,1276,0.0016699915464339866,5.333333333333333,0.027609409975153508,15.0,3.0,0.0,0.0,0.0
img_0667.png,img_0673.png,2,667,673,0.018338488107256842,13.333333333333334,0.3110835294421688,91.66666666666666,76.0,50.33333333333333,34.66666666666667,16.666666666666664
img_1348.png,img_1347.png,1,1348,1347,0.0034430676355411815,7.666666666666667,0.01846128602380499,7.000000000000001,0.33333333333333337,0.0,0.0,0.0
img_1109.png,img_1115.png,1,1109,1115,0.0036013580990175847,9.0,0.031569304728733684,18.0,5.666666666666666,1.6666666666666667,0.33333333333333337,0.0
img_0116.png,img_0118.png,1,116,118,0.0013884212795683597,4.666666666666667,0.006299987736615895,0.0,0.0,0.0,0.0,0.0
img_1310.png,img_1289.png,2,1310,1289,0.042519642270407915,10.0,0.42356228254658557,92.66666666666666,78.0,52.0,37.0,24.666666666666668
img_0432.png,img_0428.png,1,432,428,0.00027462828501682857,1.3333333333333333,0.033746008190272445,19.666666666666664,6.666666666666667,1.3333333333333335,0.6666666666666667,0.33333333333333337
img_0408.png,img_1361.png,2,408,1361,0.012513730865357094,6.0,0.26574640963065915,85.0,66.0,39.666666666666664,28.333333333333332,16.666666666666664
img_0682.png,img_0681.png,1,682,681,6.991429741086233e-06,0.0,0.0012956697571577737,0.0,0.0,0.0,0.0,0.0
img_0257.png,img_0174.png,2,257,174,0.03459869760694765,11.666666666666666,0.8153619629809253,90.0,76.0,54.333333333333336,42.333333333333336,23.333333333333332
img_0840.png,img_0835.png,1,840,835,0.0010783913413571515,4.333333333333333,0.06379477650435669,45.666666666666664,18.333333333333332,4.666666666666667,1.6666666666666667,0.33333333333333337
img_0548.png,img_0740.png,2,548,740,0.004064520512275097,9.333333333333334,0.23997749436750618,88.66666666666667,65.33333333333333,38.333333333333336,23.333333333333332,12.666666666666668
img_0699.png,img_0706.png,1,699,706,0.0008869224615634519,2.6666666666666665,0.01985735441862613,10.0,2.3333333333333335,0.0,0.0,0.0
img_0145.png,img_0246.png,2,145,246,0.01759655783505126,12.666666666666666,0.5750682044078206,89.33333333333333,80.66666666666666,61.0,51.33333333333333,30.666666666666664
img_0925.png,img_0931.png,2,925,931,0.011961910316868126,11.0,0.3750271843754813,92.0,79.0,59.66666666666667,45.666666666666664,27.0
img_0471.png,img_0477.png,2,471,477,0.0333778611480476,7.333333333333333,1.0538470974923009,94.0,87.33333333333333,72.66666666666667,61.33333333333333,48.0
img_0416.png,img_0420.png,2,416,420,0.008778767060990983,9.333333333333334,0.33565927247846855,86.33333333333333,69.0,46.0,27.666666666666668,12.666666666666668
img_1078.png,img_1083.png,1,1078,1083,0.0006225485534092044,2.3333333333333335,0.006656148027808658,0.0,0.0,0.0,0.0,0.0
img_0727.png,img_0722.png,1,727,722,0.016084367988816673,14.666666666666666,0.14664660147592853,65.33333333333333,43.333333333333336,24.0,13.333333333333334,5.333333333333334
img_0104.png,img_0098.png,1,104,98,0.0006470409253515728,2.6666666666666665,0.010222167716451484,0.6666666666666667,0.0,0.0,0.0,0.0
img_1057.png,img_1061.png,1,1057,1061,3.8264324740879917e-05,0.6666666666666666,0.021532351109981827,10.666666666666668,3.0,0.0,0.0,0.0
img_0690.png,img_0939.png,2,690,939,0.006686760629247129,4.666666666666667,0.20022056350145132,80.33333333333333,57.99999999999999,34.0,22.333333333333332,8.333333333333332
img_0034.png,img_0026.png,2,34,26,0.010784887289524625,11.0,0.25513780906742084,83.0,64.33333333333333,38.666666666666664,29.333333333333332,14.000000000000002
img_0573.png,img_0574.png,1,573,574,0.0015542843897132965,4.0,0.11380284459643998,56.00000000000001,37.666666666666664,20.333333333333332,9.666666666666666,0.6666666666666667
img_1355.png,img_1351.png,1,1355,1351,0.0021455596003145667,4.666666666666667,0.010433670335141608,2.3333333333333335,0.0,0.0,0.0,0.0
img_1335.png,img_1167.png,2,1335,1167,0.011709558544071512,5.666666666666667,0.2266659182114821,81.0,57.333333333333336,35.0,24.666666666666668,12.333333333333334
img_1290.png,img_1285.png,1,1290,1285,9.255302232470234e-05,1.0,0.018796408422016853,8.333333333333332,0.6666666666666667,0.0,0.0,0.0
img_1350.png,img_0097.png,2,1350,97,0.007814165878589267,5.666666666666667,0.26192626408197234,89.0,73.66666666666667,44.0,28.666666666666668,14.000000000000002
img_1183.png,img_1191.png,1,1183,1191,0.0003210746514942808,2.0,0.0050779166699385725,1.6666666666666667,0.0,0.0,0.0,0.0
img_0570.png,img_0460.png,2,570,460,0.022422683625958607,8.333333333333334,0.24355074955652148,86.0,66.33333333333333,41.0,27.666666666666668,14.333333333333334
img_0159.png,img_0153.png,1,159,153,0.004972368230873897,9.0,0.018484331600764417,6.333333333333334,0.33333333333333337,0.0,0.0,0.0
img_0804.png,img_0489.png,2,804,489,0.016878621846025104,10.333333333333334,0.4116807264309796,92.33333333333333,75.66666666666667,44.333333333333336,31.666666666666664,15.666666666666668
img_1284.png,img_1281.png,1,1284,1281,0.00045591886318631977,1.3333333333333333,0.02543490963799531,15.0,2.3333333333333335,0.0,0.0,0.0
img_0445.png,img_0169.png,2,445,169,0.06216324552798478,14.333333333333334,0.3678191422694631,97.0,85.66666666666667,57.333333333333336,39.33333333333333,22.333333333333332
img_0303.png,img_0299.png,2,303,299,0.01103156046228433,8.333333333333334,0.3820090646389288,91.66666666666666,75.33333333333333,49.0,36.333333333333336,17.333333333333336
img_0065.png,img_0067.png,1,65,67,0.0010056035626152934,5.0,0.013920258498531141,2.3333333333333335,0.0,0.0,0.0,0.0
img_0571.png,img_0575.png,1,571,575,0.008383150344409881,9.666666666666666,0.13854342802286063,66.0,46.33333333333333,22.333333333333332,13.666666666666666,3.3333333333333335
img_0830.png,img_0128.png,2,830,128,0.011810470890179434,6.333333333333333,0.20481608402539422,81.66666666666667,56.333333333333336,29.333333333333332,18.0,4.666666666666667
img_1064.png,img_1061.png,2,1064,1061,0.024988209518992065,14.666666666666666,0.34129821674410205,96.33333333333334,84.33333333333334,56.333333333333336,34.66666666666667,19.0
img_0828.png,img_0829.png,1,828,829,0.0019140372418309807,5.0,0.018099576710888427,9.0,3.0,2.0,0.33333333333333337,0.0
img_0002.png,img_0006.png,1,2,6,0.0061513095600995655,7.666666666666667,0.014647373926689715,2.0,0.0,0.0,0.0,0.0
img_0734.png,img_1055.png,2,734,1055,0.014110102522343624,11.333333333333334,0.3840111181363422,92.0,80.66666666666666,56.666666666666664,34.333333333333336,22.333333333333332
img_0536.png,img_0541.png,1,536,541,9.369487697070923e-05,1.0,0.03179813329435737,19.0,5.333333333333334,0.6666666666666667,0.0,0.0
img_0432.png,img_0399.png,2,432,399,0.025959183477864165,9.0,0.32136487336599134,91.0,72.33333333333334,49.0,32.666666666666664,12.666666666666668
img_0654.png,img_0661.png,1,654,661,5.187642692869773e-05,0.3333333333333333,0.01689006673503902,5.333333333333334,1.6666666666666667,0.33333333333333337,0.0,0.0
img_0805.png,img_1024.png,2,805,1024,0.03173307681931409,10.0,0.5826152943876116,95.33333333333334,84.66666666666667,55.666666666666664,36.333333333333336,20.0
img_0187.png,img_0194.png,1,187,194,0.0008931122561566734,4.0,0.12409865844237045,32.666666666666664,20.0,12.333333333333334,9.0,5.333333333333334
img_0244.png,img_1228.png,2,244,1228,0.007255994914237052,11.666666666666666,0.2390055048371227,88.66666666666667,65.33333333333333,37.0,19.666666666666664,8.0
img_0935.png,img_0929.png,2,935,929,0.009773121100412346,9.0,0.36069317151423597,92.66666666666666,78.33333333333333,58.666666666666664,44.333333333333336,22.666666666666664
img_1031.png,img_1024.png,1,1031,1024,0.0006759903113801495,3.0,0.04347365675061696,27.0,11.0,3.3333333333333335,1.0,0.0
img_0734.png,img_0738.png,2,734,738,0.012733905585692422,12.0,0.46508783244330765,92.33333333333333,79.33333333333333,54.666666666666664,40.33333333333333,24.666666666666668
img_0654.png,img_0652.png,1,654,652,0.0025891718865108937,6.0,0.013243725462184337,2.666666666666667,0.0,0.0,0.0,0.0
img_0612.png,img_0614.png,1,612,614,0.005461287295295085,11.0,0.031279017538255925,17.666666666666668,2.666666666666667,0.33333333333333337,0.0,0.0
img_1057.png,img_0590.png,2,1057,590,0.028463976519003998,11.666666666666666,0.45468633420841553,93.0,85.33333333333334,63.33333333333333,47.66666666666667,27.0
img_1185.png,img_1184.png,1,1185,1184,5.598185781359406e-06,0.0,0.0018347120064129286,0.0,0.0,0.0,0.0,0.0
img_0912.png,img_0215.png,2,912,215,0.043962593414664304,14.333333333333334,0.2716002044831086,88.66666666666667,73.0,45.33333333333333,27.666666666666668,13.666666666666666
img_0488.png,img_0481.png,1,488,481,0.0006359317691882033,3.0,0.012432491247966604,4.666666666666667,0.0,0.0,0.0,0.0
img_0148.png,img_1273.png,2,148,1273,0.0026324012876172923,3.3333333333333335,0.22700195227430348,86.66666666666667,67.66666666666666,41.0,24.666666666666668,9.666666666666666
img_0590.png,img_0582.png,2,590,582,0.01594295999010907,7.333333333333333,0.3710490184622597,94.0,81.33333333333333,50.66666666666667,37.0,18.0
img_1007.png,img_1010.png,1,1007,1010,0.0002357018536864571,2.0,0.01908043462862493,7.666666666666666,1.3333333333333335,0.0,0.0,0.0
img_0118.png,img_0122.png,1,118,122,0.004850464392008706,8.333333333333334,0.023823675029864124,11.666666666666666,1.0,0.0,0.0,0.0
img_0682.png,img_0333.png,2,682,333,0.01513180080625389,5.333333333333333,0.2966394820869155,88.33333333333333,70.33333333333334,46.33333333333333,31.666666666666664,19.666666666666664
img_1183.png,img_1182.png,1,1183,1182,0.014825605497068836,15.666666666666666,0.03232427139516585,13.666666666666666,3.6666666666666665,0.0,0.0,0.0
img_0161.png,img_0911.png,2,161,911,0.01007075507400461,8.666666666666666,0.4011294845681279,89.0,69.66666666666667,52.0,36.333333333333336,18.666666666666668
img_0015.png,img_0014.png,1,15,14,7.571066266317548e-05,0.6666666666666666,0.008658943473247886,3.6666666666666665,0.33333333333333337,0.0,0.0,0.0
img_1054.png,img_0715.png,2,1054,715,0.022422255561072215,14.0,0.41455031625679645,92.33333333333333,76.33333333333333,52.666666666666664,37.333333333333336,21.333333333333336
img_0516.png,img_0520.png,2,516,520,0.008551620990639093,8.0,0.48158686101411663,94.0,77.0,54.333333333333336,37.0,20.0
img_0764.png,img_0767.png,1,764,767,0.0005905575156275593,2.6666666666666665,0.013401866503102322,7.000000000000001,1.6666666666666667,0.0,0.0,0.0
img_0064.png,img_0058.png,2,64,58,0.02218855094202683,11.0,0.3534686977395492,97.66666666666667,83.66666666666667,52.666666666666664,36.666666666666664,17.666666666666668
img_0161.png,img_0160.png,1,161,160,0.0005449684147635655,3.3333333333333335,0.0030888092764655936,0.0,0.0,0.0,0.0,0.0
img_1326.png,img_1332.png,1,1326,1332,0.0031247348898477668,7.666666666666667,0.054911559627678797,35.0,17.0,2.3333333333333335,0.33333333333333337,0.33333333333333337
img_0173.png,img_0322.png,2,173,322,0.012116013937805736,15.666666666666666,0.3667697891811738,84.66666666666667,70.0,44.666666666666664,32.666666666666664,18.0
img_1053.png,img_1057.png,1,1053,1057,0.00014397778981228976,1.6666666666666667,0.055941364338033185,30.333333333333336,12.666666666666668,5.333333333333334,3.0,1.3333333333333335
img_1170.png,img_0471.png,2,1170,471,0.06924636416669,16.0,0.4422378026343255,93.33333333333333,82.0,65.66666666666666,51.33333333333333,34.0
img_0721.png,img_0713.png,2,721,713,0.007818490412041067,7.666666666666667,0.6996901539735958,93.66666666666667,81.66666666666667,60.0,49.333333333333336,33.0
img_1075.png,img_1074.png,1,1075,1074,0.003823191197818248,7.0,0.018240261641841168,7.000000000000001,0.6666666666666667,0.0,0.0,0.0
img_0136.png,img_0144.png,2,136,144,0.019702093277718265,9.666666666666666,0.24485301345596147,82.66666666666667,58.666666666666664,39.33333333333333,28.333333333333332,10.333333333333334
img_1356.png,img_1357.png,1,1356,1357,0.0008223655672538256,2.6666666666666665,0.029829326477259426,21.333333333333336,4.666666666666667,0.0,0.0,0.0
img_0779.png,img_0782.png,1,779,782,0.0015790513453280341,3.3333333333333335,0.023851775671184915,9.333333333333334,0.33333333333333337,0.0,0.0,0.0
img_0864.png,img_0120.png,2,864,120,0.01682145198882659,9.0,0.44289949503735204,89.33333333333333,78.33333333333333,60.0,46.33333333333333,28.333333333333332
img_0877.png,img_0875.png,1,877,875,0.0011222927582457021,4.0,0.004171678694625301,0.0,0.0,0.0,0.0,0.0
img_0317.png,img_1089.png,2,317,1089,0.019391770087189553,12.666666666666666,0.5447012726896251,94.66666666666667,83.66666666666667,64.0,45.0,24.333333333333336
img_0086.png,img_0079.png,1,86,79,5.996035087316128e-05,0.3333333333333333,0.015249056714805427,5.666666666666666,1.0,0.0,0.0,0.0
img_0072.png,img_1314.png,2,72,1314,0.007418148778054182,6.333333333333333,0.33809300431267447,91.66666666666666,77.33333333333333,54.666666666666664,42.66666666666667,21.666666666666668
img_0783.png,img_0780.png,1,783,780,4.5261978443851445e-05,1.0,0.001157663612906261,0.0,0.0,0.0,0.0,0.0
img_0320.png,img_0831.png,2,320,831,0.005146886530331336,11.666666666666666,0.30434621636816667,82.66666666666667,70.33333333333334,41.66666666666667,27.333333333333332,15.666666666666668
img_1012.png,img_1005.png,2,1012,1005,0.04329959333332483,15.333333333333334,0.19579532950878098,86.0,65.33333333333333,33.666666666666664,21.333333333333336,7.000000000000001
img_1188.png,img_1189.png,1,1188,1189,0.0027806359881870184,6.666666666666667,0.019991260871991177,6.333333333333334,2.3333333333333335,1.6666666666666667,0.33333333333333337,0.0
img_0634.png,img_0628.png,1,634,628,0.0012044671682063524,3.6666666666666665,0.03276432259132735,21.0,6.333333333333334,0.0,0.0,0.0
img_0967.png,img_0715.png,2,967,715,0.02820071497204325,4.0,0.8637347863208457,94.33333333333334,85.0,66.33333333333333,51.66666666666667,33.666666666666664
img_0474.png,img_0475.png,2,474,475,0.03395028167207157,8.0,0.9927268291212079,96.33333333333334,87.33333333333333,72.0,60.333333333333336,48.0
img_0879.png,img_0878.png,1,879,878,0.0022525845009492055,5.666666666666667,0.018024346521626766,4.333333333333334,0.0,0.0,0.0,0.0
img_0623.png,img_0616.png,2,623,616,0.00311250086122703,5.0,0.2888390690148022,85.33333333333334,63.0,40.33333333333333,29.333333333333332,15.666666666666668
img_1027.png,img_1024.png,1,1027,1024,0.001542802393490128,5.333333333333333,0.007098833143811109,0.33333333333333337,0.0,0.0,0.0,0.0
img_0892.png,img_0896.png,2,892,896,0.001281331215921254,2.6666666666666665,0.3583093782304343,64.0,50.33333333333333,32.0,22.666666666666664,16.666666666666664
img_0789.png,img_0788.png,1,789,788,0.003663670522326851,8.333333333333334,0.015514915638747073,2.0,0.0,0.0,0.0,0.0
img_0931.png,img_0928.png,2,931,928,0.009096921545727383,8.666666666666666,0.3679129738001541,93.0,78.66666666666666,58.666666666666664,46.33333333333333,25.0
img_0278.png,img_0284.png,1,278,284,0.0004695052569969643,1.6666666666666667,0.07569557590494817,50.66666666666667,25.666666666666664,6.666666666666667,2.3333333333333335,0.33333333333333337
img_0387.png,img_0394.png,2,387,394,0.031826932436102996,6.0,0.34021070415351284,92.0,77.66666666666666,51.0,33.0,15.333333333333332
img_0835.png,img_0841.png,1,835,841,0.0004036509956103092,2.6666666666666665,0.0491769135050873,38.0,12.666666666666668,1.0,0.6666666666666667,0.0
img_0608.png,img_0609.png,1,608,609,0.0011801984864047788,5.333333333333333,0.009882892187402582,1.6666666666666667,0.33333333333333337,0.0,0.0,0.0
img_0376.png,img_0796.png,2,376,796,0.03664056180800609,28.666666666666668,0.4537672460705213,89.33333333333333,71.0,46.666666666666664,34.0,21.0
img_1190.png,img_1183.png,1,1190,1183,0.0002806943809605561,1.6666666666666667,0.007458035693299945,1.3333333333333335,0.33333333333333337,0.0,0.0,0.0
img_0496.png,img_1159.png,2,496,1159,0.016103677661570052,17.0,0.22690069289035183,88.66666666666667,69.33333333333334,42.66666666666667,24.333333333333336,9.0
img_1207.png,img_1206.png,1,1207,1206,2.965982270943164e-06,0.0,0.0036206991369966118,0.0,0.0,0.0,0.0,0.0
img_0605.png,img_0362.png,2,605,362,0.0166903736251476,12.0,0.24826851575075254,89.66666666666666,67.33333333333333,41.333333333333336,26.333333333333332,12.0
img_0159.png,img_0158.png,1,159,158,2.258725130138799e-05,0.0,0.0009128222892691777,0.0,0.0,0.0,0.0,0.0
img_0426.png,img_0342.png,2,426,342,0.01608022521748323,10.666666666666666,0.4160875388439169,94.33333333333334,79.33333333333333,58.666666666666664,46.0,25.666666666666664
img_0447.png,img_0454.png,1,447,454,0.00043425178676632795,3.3333333333333335,0.005142924395542115,0.0,0.0,0.0,0.0,0.0
img_0201.png,img_1284.png,2,201,1284,0.053462920196750495,18.333333333333332,0.32919121514762895,95.66666666666667,78.0,50.33333333333333,34.66666666666667,17.333333333333336
img_0910.png,img_0912.png,1,910,912,0.0009138569980465299,3.6666666666666665,0.009652300380053413,0.0,0.0,0.0,0.0,0.0
img_0021.png,img_1375.png,2,21,1375,0.01071424456740649,8.666666666666666,0.16253393581257086,86.0,52.666666666666664,23.333333333333332,11.0,4.0
img_0795.png,img_0787.png,2,795,787,0.009660464650352031,8.666666666666666,0.8768245332292288,95.33333333333334,81.66666666666667,62.66666666666667,48.0,33.666666666666664
img_1072.png,img_1068.png,1,1072,1068,0.00013999979172552422,0.0,0.033628577590591666,21.0,8.0,0.6666666666666667,0.0,0.0
img_0170.png,img_0167.png,2,170,167,0.0065500207833665905,2.6666666666666665,0.22561503038593306,75.0,55.333333333333336,31.333333333333336,20.0,10.333333333333334
img_1334.png,img_1332.png,1,1334,1332,4.3718975058112936e-05,0.3333333333333333,0.002917128968632863,0.0,0.0,0.0,0.0,0.0
img_0808.png,img_0800.png,1,808,800,6.545965654535066e-05,0.6666666666666666,0.12937084852994146,60.66666666666667,42.66666666666667,24.666666666666668,12.666666666666668,2.666666666666667
img_1035.png,img_0674.png,2,1035,674,0.025006717536079758,15.333333333333334,0.21603798059793913,88.66666666666667,61.66666666666667,34.333333333333336,22.666666666666664,11.333333333333332
img_0873.png,img_0871.png,1,873,871,1.75052444322325e-05,0.6666666666666666,0.005843027430217693,0.0,0.0,0.0,0.0,0.0
img_0860.png,img_0302.png,2,860,302,0.019927710675960768,16.0,1.0930803586469227,94.66666666666667,88.33333333333333,75.66666666666667,68.0,51.66666666666667
img_0094.png,img_0090.png,1,94,90,0.0036860291598970665,7.0,0.025143553881973695,13.333333333333334,4.333333333333334,0.33333333333333337,0.0,0.0
img_0590.png,img_0215.png,2,590,215,0.025261613673402333,15.0,0.25116014403749554,84.33333333333334,64.66666666666666,40.0,26.0,13.333333333333334
img_0726.png,img_0731.png,1,726,731,0.002791878321988009,6.333333333333333,0.2811192690734501,76.66666666666667,54.0,33.33333333333333,25.333333333333336,12.666666666666668
img_0979.png,img_0309.png,2,979,309,0.027177097726884144,7.666666666666667,0.5451248415854228,98.33333333333333,92.66666666666666,74.0,56.00000000000001,34.333333333333336
img_0367.png,img_0360.png,2,367,360,0.0035586381757839627,5.666666666666667,0.2176487133791724,86.66666666666667,65.66666666666666,36.666666666666664,22.666666666666664,8.666666666666668
img_0684.png,img_0690.png,2,684,690,0.01565655327620309,3.3333333333333335,0.23767289044357137,88.33333333333333,69.0,41.333333333333336,25.333333333333336,12.333333333333334
img_1157.png,img_1149.png,2,1157,1149,0.035087837506354226,18.333333333333332,0.23545086395124343,94.0,75.33333333333333,41.0,21.333333333333336,8.666666666666668
img_1258.png,img_1255.png,1,1258,1255,0.0002452414235233411,1.6666666666666667,0.019193164836434372,8.666666666666668,1.6666666666666667,0.0,0.0,0.0
img_0387.png,img_0388.png,1,387,388,0.0018459710304314977,5.0,0.007857240060939276,0.0,0.0,0.0,0.0,0.0
img_0047.png,img_0048.png,1,47,48,1.122719980453764e-05,0.0,0.006480443778816873,0.0,0.0,0.0,0.0,0.0
img_0236.png,img_0244.png,1,236,244,0.001042593342246994,3.6666666666666665,0.1311161837142119,63.0,40.33333333333333,18.666666666666668,9.0,4.0
img_0978.png,img_0701.png,2,978,701,0.007559687272797123,5.666666666666667,0.3148357016389858,83.0,66.33333333333333,42.66666666666667,30.666666666666664,18.0
img_0823.png,img_0815.png,1,823,815,0.0012411655771556243,4.0,0.028702050382133835,18.0,3.0,0.33333333333333337,0.0,0.0
img_0588.png,img_0696.png,2,588,696,0.016600314113019488,11.666666666666666,0.2210471889719051,87.0,63.33333333333333,39.666666666666664,24.333333333333336,9.333333333333334
img_1178.png,img_1176.png,1,1178,1176,0.00011545442501106173,1.3333333333333333,0.00246347544173708,0.0,0.0,0.0,0.0,0.0
img_0367.png,img_0980.png,2,367,980,0.01246812470499851,6.0,0.35094778340952665,91.66666666666666,79.0,54.0,38.0,19.0
img_0456.png,img_0457.png,1,456,457,6.226590953877908e-07,0.3333333333333333,0.0012327189949971858,0.0,0.0,0.0,0.0,0.0
img_0539.png,img_1367.png,2,539,1367,0.032136499891062466,10.0,0.36691233198460005,90.33333333333333,75.66666666666667,46.0,30.0,14.333333333333334
img_0082.png,img_0079.png,1,82,79,0.00034149618404866536,2.0,0.0018282457821671442,0.0,0.0,0.0,0.0,0.0
img_0411.png,img_0403.png,2,411,403,0.024287474101939266,8.0,0.3180974984406527,91.0,69.33333333333334,47.66666666666667,33.0,15.333333333333332
img_0439.png,img_0435.png,1,439,435,4.882602484665814e-06,0.3333333333333333,0.0013093905277966815,0.0,0.0,0.0,0.0,0.0
img_1023.png,img_0975.png,2,1023,975,0.027004107819262536,17.0,0.32770097297545253,92.0,76.33333333333333,54.0,37.666666666666664,20.666666666666668
img_0369.png,img_0365.png,2,369,365,1.3302827471504256e-05,0.6666666666666666,0.005780952119892643,0.0,0.0,0.0,0.0,0.0
img_0926.png,img_0932.png,2,926,932,0.011036901467703105,9.666666666666666,0.36115712584736126,93.0,76.66666666666667,59.66666666666667,44.333333333333336,24.0
img_0655.png,img_0649.png,1,655,649,0.00046629282953293793,1.6666666666666667,0.031098786042844027,13.0,4.666666666666667,1.0,0.6666666666666667,0.6666666666666667
img_0797.png,img_0798.png,1,797,798,5.067147615326586e-05,0.6666666666666666,0.010918042827914459,1.0,0.0,0.0,0.0,0.0
img_0372.png,img_0377.png,2,372,377,0.0036361609191190598,5.666666666666667,0.2820868648878605,90.33333333333333,75.0,47.66666666666667,34.333333333333336,14.666666666666666
img_1231.png,img_1234.png,1,1231,1234,0.000284533574315615,1.3333333333333333,0.0060653184267161625,0.0,0.0,0.0,0.0,0.0
img_0587.png,img_0590.png,1,587,590,0.00026561276281446907,1.3333333333333333,0.01434398760692626,4.666666666666667,1.0,0.0,0.0,0.0
img_0889.png,img_0518.png,2,889,518,0.015637284663733462,10.666666666666666,0.5276020504392154,93.0,80.33333333333333,56.99999999999999,43.0,26.0
img_0096.png,img_0095.png,1,96,95,0.0022015775863945147,5.0,0.008791169995258962,2.0,0.0,0.0,0.0,0.0
img_0428.png,img_1119.png,2,428,1119,0.01726828748415081,11.333333333333334,0.3689576618953133,96.33333333333334,84.0,59.0,43.666666666666664,21.0
img_0439.png,img_0440.png,1,439,440,0.0010238379040941109,5.333333333333333,0.037800808005053324,28.333333333333332,7.666666666666666,0.33333333333333337,0.0,0.0
img_0047.png,img_0279.png,2,47,279,0.040396704312474066,17.0,0.4259570695629196,96.33333333333334,87.33333333333333,62.0,47.66666666666667,25.0
img_0383.png,img_0387.png,1,383,387,5.635106997478288e-05,0.3333333333333333,0.03713869597116041,23.666666666666668,7.333333333333333,0.6666666666666667,0.33333333333333337,0.0
img_0939.png,img_0491.png,2,939,491,0.006761908982470491,11.333333333333334,0.23934039251503283,83.0,62.0,37.333333333333336,24.0,11.333333333333332
img_1069.png,img_1073.png,1,1069,1073,0.00010972234854323012,0.3333333333333333,0.02971907397825067,18.333333333333332,5.333333333333334,0.6666666666666667,0.0,0.0
img_0339.png,img_0946.png,2,339,946,0.03785297593588189,9.666666666666666,0.3621752047085434,92.33333333333333,79.33333333333333,55.333333333333336,39.33333333333333,20.666666666666668
img_1045.png,img_1047.png,1,1045,1047,0.00037331094882213275,2.3333333333333335,0.006193244426425997,0.0,0.0,0.0,0.0,0.0
img_1269.png,img_1377.png,2,1269,1377,0.009887532022851184,5.0,0.21913815645482174,82.66666666666667,62.33333333333333,37.333333333333336,22.0,9.333333333333334
img_0178.png,img_0181.png,1,178,181,0.00020613753110416025,1.6666666666666667,0.005715921407925359,0.33333333333333337,0.0,0.0,0.0,0.0
img_1350.png,img_0071.png,2,1350,71,0.02544482528588904,13.333333333333334,0.34746694551297036,91.66666666666666,77.33333333333333,52.0,37.0,17.333333333333336
img_1035.png,img_1031.png,2,1035,1031,0.026196705185983177,10.666666666666666,0.2878764380616321,87.0,69.66666666666667,42.66666666666667,30.666666666666664,17.333333333333336
img_0330.png,img_0334.png,2,330,334,0.008911386745442241,6.666666666666667,0.367273217582631,90.33333333333333,75.0,48.66666666666667,34.66666666666667,20.0
img_0150.png,img_0146.png,1,150,146,0.000276871773853618,1.0,0.007537291191023252,0.0,0.0,0.0,0.0,0.0
img_0476.png,img_0473.png,2,476,473,0.0353466318636373,9.0,0.9296359053461091,95.66666666666667,89.0,71.0,60.0,49.666666666666664
img_0498.png,img_0495.png,1,498,495,6.539630537920917e-05,0.0,0.0415758529955021,27.0,10.333333333333334,1.6666666666666667,0.0,0.0
img_0852.png,img_0858.png,1,852,858,0.0005193752498024218,2.0,0.020796135524543333,11.333333333333332,5.0,0.33333333333333337,0.0,0.0
img_0077.png,img_0071.png,2,77,71,0.024902391628820204,12.0,0.4668813007789066,93.0,78.33333333333333,49.666666666666664,34.66666666666667,16.666666666666664
img_0596.png,img_0598.png,1,596,598,8.435054458503667e-06,0.3333333333333333,0.003047880352654014,1.0,0.0,0.0,0.0,0.0
img_0471.png,img_0470.png,1,471,470,0.002320653389285257,5.666666666666667,0.03539061097808599,25.0,4.333333333333334,0.0,0.0,0.0
img_0336.png,img_0184.png,2,336,184,0.03927414641312303,9.666666666666666,0.3814016962134443,95.66666666666667,85.66666666666667,62.33333333333333,45.666666666666664,26.0
img_0226.png,img_0220.png,1,226,220,0.018879917024977322,15.666666666666666,0.13812026032680474,63.66666666666667,42.333333333333336,20.666666666666668,10.666666666666668,5.666666666666666
img_1048.png,img_1253.png,2,1048,1253,0.013247335977073617,12.0,0.23500521768302207,85.0,62.33333333333333,38.666666666666664,25.0,11.0
img_1348.png,img_1356.png,2,1348,1356,0.0055845073075916985,4.666666666666667,0.4659548652153353,81.66666666666667,64.66666666666666,48.0,35.333333333333336,22.0
img_0682.png,img_0689.png,2,682,689,0.015302988026423455,4.666666666666667,0.23508105048464675,88.33333333333333,68.0,39.666666666666664,25.333333333333336,12.333333333333334
img_0736.png,img_0733.png,2,736,733,0.01175655568247637,11.333333333333334,0.4509420248302097,91.66666666666666,75.66666666666667,55.333333333333336,40.666666666666664,26.0
img_0757.png,img_0751.png,2,757,751,0.007030504085353874,10.666666666666666,0.07714364876573593,50.0,26.333333333333332,7.000000000000001,2.666666666666667,0.6666666666666667
img_0974.png,img_0968.png,2,974,968,0.013791811908167148,13.333333333333334,0.2674398331243785,72.0,56.00000000000001,34.333333333333336,24.666666666666668,14.000000000000002
img_1356.png,img_1354.png,1,1356,1354,3.738988212644457e-05,1.0,0.0041094814883295295,0.33333333333333337,0.0,0.0,0.0,0.0
img_0616.png,img_0619.png,1,616,619,0.000675806914819034,4.0,0.0076917322590226034,0.0,0.0,0.0,0.0,0.0
img_1030.png,img_1031.png,1,1030,1031,2.6015656747460452e-05,0.0,0.004269610614585505,2.3333333333333335,0.33333333333333337,0.0,0.0,0.0
img_1184.png,img_1177.png,2,1184,1177,0.007445097326121797,9.666666666666666,0.11146382055992012,64.66666666666666,40.0,13.666666666666666,5.666666666666666,2.3333333333333335
img_0267.png,img_0273.png,2,267,273,0.004043376839311511,6.0,0.15720148601476153,74.66666666666667,53.0,26.666666666666668,13.666666666666666,5.0
img_1054.png,img_1062.png,1,1054,1062,0.00409318394369422,5.666666666666667,0.09280151161809574,44.333333333333336,24.666666666666668,11.333333333333332,5.666666666666666,2.0
img_1107.png,img_1101.png,2,1107,1101,0.00803903794274224,7.666666666666667,0.11601754400187875,70.66666666666667,43.0,16.333333333333332,5.0,1.0
img_0429.png,img_0428.png,1,429,428,0.001578412116008239,4.333333333333333,0.005711706891560127,0.0,0.0,0.0,0.0,0.0
img_1258.png,img_1253.png,1,1258,1253,0.00044486538190518376,2.3333333333333335,0.0059665975681797104,0.6666666666666667,0.0,0.0,0.0,0.0
img_0543.png,img_0548.png,1,543,548,3.478820138030592e-05,0.0,0.021435232440485424,8.0,4.333333333333334,1.3333333333333335,1.0,0.33333333333333337
img_0915.png,img_0910.png,1,915,910,0.0005503706160932743,4.0,0.013567460507584214,3.3333333333333335,0.0,0.0,0.0,0.0
img_0549.png,img_0548.png,1,549,548,0.002228042648810604,6.666666666666667,0.012388206591407405,2.666666666666667,1.3333333333333335,0.33333333333333337,0.33333333333333337,0.33333333333333337
img_0331.png,img_0771.png,2,331,771,0.010685601941994973,14.666666666666666,0.34430135866496386,88.33333333333333,71.0,50.0,35.0,18.666666666666668
img_0423.png,img_0428.png,1,423,428,0.0003851137103102902,1.3333333333333333,0.011090026440081446,1.6666666666666667,0.0,0.0,0.0,0.0
img_0382.png,img_0760.png,2,382,760,0.005385948097158946,10.0,0.32014076925403095,86.0,70.66666666666667,46.666666666666664,33.33333333333333,16.333333333333332
img_0109.png,img_0111.png,1,109,111,0.0015501128926976573,4.333333333333333,0.006700374051393088,0.0,0.0,0.0,0.0,0.0
img_1127.png,img_0690.png,2,1127,690,0.018931670528177638,10.0,0.1598882153067832,80.66666666666666,57.99999999999999,27.333333333333332,12.666666666666668,3.3333333333333335
img_0525.png,img_0518.png,1,525,518,0.0011517374777298937,1.0,0.23529467145946217,82.66666666666667,62.0,35.333333333333336,23.0,11.333333333333332
img_1262.png,img_1314.png,2,1262,1314,0.018043437854540687,3.3333333333333335,0.4173553451081261,90.66666666666666,78.0,60.0,48.66666666666667,30.333333333333336
img_1071.png,img_1079.png,2,1071,1079,0.011490893475921221,13.0,0.3861483187533005,96.66666666666667,87.0,64.66666666666666,46.666666666666664,26.666666666666668
img_0378.png,img_0370.png,2,378,370,0.004212318511334788,6.0,0.27855923541155686,92.33333333333333,75.0,46.33333333333333,31.0,15.333333333333332
img_0746.png,img_0749.png,2,746,749,0.010859007041648883,10.666666666666666,0.275615976039726,89.0,75.0,46.666666666666664,32.0,14.333333333333334
img_1278.png,img_1274.png,1,1278,1274,0.0005774887047423756,3.3333333333333335,0.01110139216099137,2.666666666666667,0.0,0.0,0.0,0.0
img_1193.png,img_1186.png,1,1193,1186,0.00020316014917330012,1.6666666666666667,0.00916219695727148,3.3333333333333335,2.0,0.6666666666666667,0.0,0.0
img_0309.png,img_0305.png,1,309,305,0.007386096806534928,8.333333333333334,0.08667579621254413,49.666666666666664,29.666666666666668,11.0,4.666666666666667,1.0
img_0379.png,img_0377.png,1,379,377,0.00023598362911050996,1.6666666666666667,0.009036712978119048,0.33333333333333337,0.0,0.0,0.0,0.0
img_0587.png,img_0366.png,2,587,366,0.02057606664762911,8.666666666666666,0.31072305996935246,92.66666666666666,75.66666666666667,54.666666666666664,36.333333333333336,18.666666666666668
img_0112.png,img_0106.png,2,112,106,0.02141148673871053,10.333333333333334,0.20662715924690891,86.0,65.33333333333333,35.66666666666667,22.333333333333332,8.333333333333332
img_0613.png,img_0617.png,1,613,617,0.00023249309083709434,2.0,0.009164302821415274,2.0,0.33333333333333337,0.0,0.0,0.0
img_0322.png,img_0315.png,2,322,315,0.009102396911180399,7.666666666666667,0.5708906872056686,94.0,82.33333333333334,61.0,48.333333333333336,28.999999999999996
img_1022.png,img_1018.png,2,1022,1018,0.015939874894689,8.333333333333334,0.28813932517406354,83.0,59.0,34.333333333333336,20.0,9.666666666666666
img_0750.png,img_0748.png,2,750,748,0.00927179847961837,11.0,0.2603706504132549,90.0,72.0,44.666666666666664,28.999999999999996,10.333333333333334
img_1122.png,img_1118.png,2,1122,1118,0.012444680684946793,14.0,0.22243828216537678,80.0,55.666666666666664,30.666666666666664,18.0,8.333333333333332
img_1276.png,img_1281.png,2,1276,1281,0.031027320311583794,15.333333333333334,0.19876728786373993,88.66666666666667,67.0,34.0,19.666666666666664,6.0
img_1312.png,img_1307.png,2,1312,1307,0.041467223584484736,6.666666666666667,0.3095430763752436,87.33333333333333,72.33333333333334,48.0,35.333333333333336,20.333333333333332
img_1070.png,img_1064.png,1,1070,1064,0.0016068090866058619,4.0,0.03627305080020033,25.333333333333336,6.666666666666667,0.33333333333333337,0.0,0.0
img_1336.png,img_1330.png,2,1336,1330,0.0054787255809074335,6.0,0.34165735340767056,88.66666666666667,71.0,46.0,31.333333333333336,16.0
img_0542.png,img_0539.png,1,542,539,0.0009095051384773917,4.333333333333333,0.01466894509265688,3.6666666666666665,0.0,0.0,0.0,0.0
img_0902.png,img_0904.png,1,902,904,1.268022929139837e-05,0.3333333333333333,0.0034333394766936985,0.0,0.0,0.0,0.0,0.0
img_0819.png,img_0813.png,1,819,813,0.0010830058682138944,1.6666666666666667,0.043744664074343895,27.666666666666668,10.0,2.0,1.0,0.33333333333333337
img_1374.png,img_1368.png,1,1374,1368,0.0021212236332100484,6.0,0.011551614501901857,1.6666666666666667,0.0,0.0,0.0,0.0
img_0943.png,img_0951.png,2,943,951,0.017902248445014136,3.3333333333333335,0.2016151428783885,81.33333333333333,59.66666666666667,30.666666666666664,19.0,7.666666666666666
img_0040.png,img_0032.png,2,40,32,0.0012048492461926303,2.3333333333333335,0.18134720151086792,66.66666666666666,47.66666666666667,27.666666666666668,18.0,9.666666666666666
img_0212.png,img_0205.png,2,212,205,0.013107331453545005,9.0,0.1600187022006795,68.0,42.333333333333336,21.333333333333336,13.0,5.333333333333334
img_0786.png,img_0794.png,2,786,794,0.008519876643212963,12.0,0.5488447461316901,94.33333333333334,82.66666666666667,60.66666666666667,46.666666666666664,28.999999999999996
img_0850.png,img_0856.png,1,850,856,0.0012276944712191465,4.666666666666667,0.019499092154253366,8.333333333333332,0.6666666666666667,0.0,0.0,0.0
img_0654.png,img_0659.png,1,654,659,0.001203949290947402,4.333333333333333,0.010737903915933888,2.0,0.6666666666666667,0.0,0.0,0.0
img_0067.png,img_0064.png,1,67,64,0.0006863206922510364,4.333333333333333,0.012781561741882018,2.0,0.0,0.0,0.0,0.0
img_0552.png,img_0556.png,1,552,556,0.00042697372963666904,2.6666666666666665,0.01815781546953629,6.0,1.3333333333333335,0.33333333333333337,0.0,0.0
img_0192.png,img_0199.png,1,192,199,0.0064934673110764824,12.0,0.0710861222711156,42.0,19.666666666666664,8.333333333333332,3.6666666666666665,0.6666666666666667
img_0557.png,img_0561.png,1,557,561,0.0007366636990533715,3.6666666666666665,0.0050495933576548266,0.0,0.0,0.0,0.0,0.0
img_0076.png,img_0083.png,2,76,83,0.018351769525645125,6.0,0.4901893329656082,91.33333333333333,76.66666666666667,51.0,32.33333333333333,14.666666666666666
img_0175.png,img_0179.png,1,175,179,0.001722794616103707,5.0,0.08148010340019818,47.333333333333336,25.333333333333336,10.0,2.666666666666667,1.0
img_0544.png,img_0548.png,1,544,548,3.2546794180205814e-05,0.3333333333333333,0.020847417406176925,8.0,4.666666666666667,1.0,1.0,0.33333333333333337
img_0545.png,img_0940.png,2,545,940,0.004843824817161208,7.333333333333333,0.3100842600848451,90.0,70.66666666666667,48.333333333333336,32.666666666666664,16.666666666666664
img_0868.png,img_0866.png,1,868,866,0.0020516057726743886,4.666666666666667,0.01396978125611987,5.0,1.0,0.0,0.0,0.0
img_1077.png,img_0046.png,2,1077,46,0.008442439262478499,7.333333333333333,0.34933021674058584,91.0,78.0,54.0,37.333333333333336,21.333333333333336
img_1151.png,img_1143.png,1,1151,1143,0.0008403975093261431,3.3333333333333335,0.01519631829199812,5.666666666666666,1.6666666666666667,0.33333333333333337,0.33333333333333337,0.0
img_1230.png,img_0792.png,2,1230,792,0.01733038575551853,14.0,0.3392545327367888,90.66666666666666,72.33333333333334,50.33333333333333,36.666666666666664,16.333333333333332
img_0437.png,img_0445.png,1,437,445,0.0006013956994887237,4.666666666666667,0.04034995221008539,27.666666666666668,9.333333333333334,0.6666666666666667,0.0,0.0
img_0226.png,img_1074.png,2,226,1074,0.04969118002492314,8.0,0.40457116854965314,96.0,82.0,59.66666666666667,45.666666666666664,27.0
img_0717.png,img_0724.png,2,717,724,0.010086271990371496,3.0,0.6770066298939906,92.0,80.66666666666666,59.0,43.333333333333336,31.0
img_0935.png,img_0933.png,1,935,933,0.0009738605775708819,4.0,0.003143495470100299,0.0,0.0,0.0,0.0,0.0
img_0076.png,img_0077.png,2,76,77,0.020751160166353425,7.333333333333333,0.495702024029692,92.33333333333333,78.33333333333333,48.66666666666667,33.33333333333333,14.666666666666666
img_0767.png,img_0771.png,1,767,771,0.00010623067541397123,0.3333333333333333,0.04121265801461504,28.999999999999996,10.333333333333334,2.3333333333333335,0.0,0.0
img_0051.png,img_0056.png,2,51,56,0.01875237669471214,7.333333333333333,0.3575251034958468,96.33333333333334,82.0,56.99999999999999,42.333333333333336,20.0
img_0464.png,img_0471.png,1,464,471,0.0027739677772825877,6.333333333333333,0.03651439701266314,26.0,4.0,0.0,0.0,0.0
img_0657.png,img_0659.png,1,657,659,0.001413220112306507,5.0,0.005684128038934466,0.0,0.0,0.0,0.0,0.0
img_1243.png,img_0581.png,2,1243,581,0.024223600458027322,11.0,0.23716050576780778,89.0,67.33333333333333,39.0,26.666666666666668,11.0
img_0396.png,img_0402.png,1,396,402,0.007527606379520759,6.666666666666667,0.034464671293999855,18.333333333333332,6.666666666666667,2.0,0.6666666666666667,0.0
img_0434.png,img_0656.png,2,434,656,0.029756277963981337,19.0,0.41457317766227914,93.66666666666667,76.66666666666667,51.33333333333333,39.0,21.333333333333336
img_0757.png,img_0753.png,2,757,753,0.005498791163328801,9.333333333333334,0.052717934434634,29.666666666666668,13.0,3.0,2.0,1.3333333333333335
img_1091.png,img_1096.png,1,1091,1096,1.9982885480592996e-05,0.3333333333333333,0.021229522610181392,6.333333333333334,1.6666666666666667,0.0,0.0,0.0
img_0445.png,img_0443.png,1,445,443,1.5889882071766702e-05,0.3333333333333333,0.0005530455622617271,0.0,0.0,0.0,0.0,0.0
img_0341.png,img_1272.png,2,341,1272,0.014532264171478937,10.666666666666666,0.23792560088364742,95.0,77.0,47.0,24.0,7.666666666666666
img_0771.png,img_0779.png,2,771,779,0.01978764534723643,11.0,0.88577378745174,94.33333333333334,82.66666666666667,65.0,52.0,33.0
img_0001.png,img_0006.png,1,1,6,0.003852234271521674,6.0,0.01149450498365163,1.6666666666666667,0.33333333333333337,0.0,0.0,0.0
img_1216.png,img_1221.png,1,1216,1221,0.0003252610523982204,2.3333333333333335,0.05038635793063057,34.333333333333336,13.666666666666666,2.666666666666667,1.0,0.0
img_0371.png,img_0526.png,2,371,526,0.015652213746396366,9.666666666666666,0.36029928714289555,94.33333333333334,83.0,61.0,45.666666666666664,27.666666666666668
img_1306.png,img_1304.png,1,1306,1304,1.760906463835547e-05,0.3333333333333333,0.0027899188546458556,0.0,0.0,0.0,0.0,0.0
img_1225.png,img_1033.png,2,1225,1033,0.00680360274864045,6.666666666666667,0.24695387950321598,83.66666666666667,65.66666666666666,44.0,30.0,12.0
img_0018.png,img_0024.png,1,18,24,0.007299614767778692,9.333333333333334,0.053839337310072066,34.66666666666667,15.0,3.0,1.0,0.33333333333333337
img_0039.png,img_0796.png,2,39,796,0.057479304869775406,19.666666666666668,0.35068499456221175,93.66666666666667,81.0,57.666666666666664,40.0,22.333333333333332
img_1190.png,img_1194.png,1,1190,1194,9.52336182171429e-06,0.3333333333333333,0.007801484635824435,3.0,0.33333333333333337,0.0,0.0,0.0
img_0258.png,img_0149.png,2,258,149,0.018411572000830923,11.666666666666666,0.5241540099652565,91.33333333333333,80.33333333333333,59.66666666666667,50.33333333333333,31.333333333333336
img_0345.png,img_0343.png,1,345,343,0.0013523809114505177,3.6666666666666665,0.0073899150038047616,0.0,0.0,0.0,0.0,0.0
img_0279.png,img_1109.png,2,279,1109,0.006597920046833922,5.666666666666667,0.23649162508631122,88.0,68.66666666666667,41.0,23.666666666666668,12.333333333333334
img_0926.png,img_0931.png,2,926,931,0.009138292588139113,8.666666666666666,0.3659821240108913,93.66666666666667,78.33333333333333,57.99999999999999,44.666666666666664,24.666666666666668
img_0364.png,img_0368.png,1,364,368,3.051902117879343e-05,1.0,0.016960671958168378,6.0,1.0,0.0,0.0,0.0
img_1359.png,img_1353.png,1,1359,1353,0.0021970732853477527,4.0,0.025676621584952056,13.333333333333334,3.0,0.0,0.0,0.0
img_0544.png,img_0336.png,2,544,336,0.01114638865519659,6.333333333333333,0.31384329135592065,88.66666666666667,72.66666666666667,48.66666666666667,31.0,14.000000000000002
img_0880.png,img_0873.png,2,880,873,0.023410616585247762,18.333333333333332,0.4570369800046876,96.0,87.0,65.0,47.66666666666667,29.666666666666668
img_1104.png,img_1099.png,1,1104,1099,0.00010547131787441309,1.0,0.013485036898207193,3.3333333333333335,0.6666666666666667,0.0,0.0,0.0
img_0297.png,img_0305.png,2,297,305,0.012547337181525646,8.666666666666666,0.28495868894273685,91.33333333333333,75.0,47.66666666666667,35.0,14.333333333333334
img_0253.png,img_0257.png,1,253,257,1.237854129231288e-05,0.3333333333333333,0.014207464489802006,4.0,0.0,0.0,0.0,0.0
img_0686.png,img_0681.png,2,686,681,0.01689866125761913,4.0,0.24647232932655355,89.33333333333333,69.0,41.66666666666667,27.333333333333332,14.000000000000002
img_0245.png,img_0247.png,1,245,247,3.771873842913496e-06,0.0,0.0020828023934184657,0.0,0.0,0.0,0.0,0.0
img_0404.png,img_0412.png,2,404,412,0.03366986089404339,8.0,0.3276254657958893,84.0,62.66666666666667,45.0,32.0,16.333333333333332
img_1209.png,img_1213.png,2,1209,1213,0.0024445372300948443,2.6666666666666665,0.13336910861401086,68.33333333333333,44.666666666666664,18.333333333333332,10.0,2.666666666666667
img_0158.png,img_0157.png,1,158,157,6.0979469013498605e-05,1.0,0.0025540663677464165,0.0,0.0,0.0,0.0,0.0
img_0202.png,img_0195.png,1,202,195,0.001051550777694321,4.0,0.0867847623406881,23.0,10.666666666666668,5.666666666666666,4.0,2.3333333333333335
img_0965.png,img_0973.png,1,965,973,0.0018717417918336452,4.0,0.15622735941812568,61.33333333333333,41.0,21.666666666666668,13.666666666666666,7.333333333333333
img_1068.png,img_0188.png,2,1068,188,0.029440430314968288,20.333333333333332,0.5137957212758818,97.33333333333334,87.33333333333333,65.0,50.0,31.333333333333336
img_1349.png,img_1346.png,1,1349,1346,0.0018222128474168228,5.0,0.011295432030009258,1.6666666666666667,0.33333333333333337,0.0,0.0,0.0
img_1171.png,img_0274.png,2,1171,274,0.023793800464619295,13.333333333333334,0.18901349091952152,89.0,65.66666666666666,32.666666666666664,18.0,6.666666666666667
img_0769.png,img_0777.png,2,769,777,0.02288501069532205,11.666666666666666,0.826521689223967,93.0,83.0,64.66666666666666,52.33333333333333,33.33333333333333
img_0315.png,img_0320.png,2,315,320,0.010098242867852015,7.0,0.5953811942274208,92.33333333333333,81.0,61.66666666666667,48.0,28.999999999999996
img_0947.png,img_0945.png,1,947,945,4.10202175850978e-05,0.0,0.016223611500129687,8.666666666666668,0.0,0.0,0.0,0.0
img_1300.png,img_1307.png,1,1300,1307,6.261186442255407e-05,1.0,0.014350076268108693,4.333333333333334,1.0,0.0,0.0,0.0
img_0036.png,img_0028.png,2,36,28,0.03876956139619181,15.666666666666666,0.3007438594662954,85.0,65.33333333333333,43.0,33.0,21.666666666666668
img_0900.png,img_0897.png,2,900,897,0.002078423181894357,2.0,0.10158901129872601,34.0,22.666666666666664,15.333333333333332,10.0,6.0
img_1270.png,img_1265.png,2,1270,1265,0.004990441509162135,8.333333333333334,0.18731930315632606,82.33333333333334,61.0,31.0,18.666666666666668,7.000000000000001
img_0738.png,img_0741.png,1,738,741,0.00022067684011249338,1.3333333333333333,0.009713548862524497,1.6666666666666667,1.0,0.33333333333333337,0.0,0.0
img_1316.png,img_1321.png,1,1316,1321,6.095869860140787e-05,0.3333333333333333,0.010103191140887965,1.0,0.0,0.0,0.0,0.0
img_1323.png,img_1331.png,1,1323,1331,0.0007236645084232893,3.0,0.058402497847569956,40.0,17.666666666666668,5.0,1.0,0.0
img_1186.png,img_1189.png,1,1186,1189,5.6497516116310705e-05,1.0,0.015630308054799733,4.666666666666667,2.0,0.33333333333333337,0.0,0.0
img_0904.png,img_0887.png,2,904,887,0.016243605772305558,9.666666666666666,0.3540840068879703,93.66666666666667,76.66666666666667,46.666666666666664,34.333333333333336,20.0
img_1200.png,img_1196.png,1,1200,1196,0.0008760001764763057,4.333333333333333,0.01032685690938895,1.3333333333333335,0.0,0.0,0.0,0.0
img_0653.png,img_0013.png,2,653,13,0.026690915940678423,9.666666666666666,0.23067323768301834,85.66666666666667,67.33333333333333,43.333333333333336,28.666666666666668,11.0
img_0980.png,img_0972.png,2,980,972,0.03586941931172105,9.0,0.4661949475838344,95.66666666666667,86.33333333333333,69.66666666666667,53.333333333333336,30.333333333333336
img_1165.png,img_1161.png,2,1165,1161,0.00310674474888681,5.333333333333333,0.10326245607733227,59.0,33.0,15.0,7.666666666666666,1.3333333333333335
img_0864.png,img_0865.png,1,864,865,1.7082091181414744e-05,1.0,0.0019642818117314833,0.0,0.0,0.0,0.0,0.0
img_1113.png,img_1118.png,1,1113,1118,0.010722125726683256,14.666666666666666,0.04343199150665149,30.666666666666664,9.333333333333334,0.33333333333333337,0.0,0.0
img_0151.png,img_0153.png,1,151,153,4.7419514831182535e-05,0.0,0.005044462541040416,0.0,0.0,0.0,0.0,0.0
img_1321.png,img_0248.png,2,1321,248,0.013819825930499907,6.333333333333333,0.5865558589307717,96.0,81.33333333333333,61.0,47.66666666666667,30.333333333333336
img_1345.png,img_1353.png,2,1345,1353,0.006794038255888549,3.6666666666666665,0.39557150936513613,85.0,65.33333333333333,49.0,36.666666666666664,23.666666666666668
img_0118.png,img_0124.png,1,118,124,0.0012350342922623119,4.333333333333333,0.012234660306698604,1.6666666666666667,0.0,0.0,0.0,0.0
img_0108.png,img_0116.png,2,108,116,0.009297380317057355,3.6666666666666665,0.1892147379447998,84.0,60.66666666666667,32.0,17.666666666666668,8.0
img_0813.png,img_0817.png,1,813,817,0.0022584924748293993,4.333333333333333,0.03341231372295486,17.666666666666668,7.666666666666666,1.6666666666666667,1.3333333333333335,0.0
img_0416.png,img_0421.png,2,416,421,0.009485247603427296,9.666666666666666,0.3364504870281476,88.33333333333333,70.0,47.333333333333336,28.999999999999996,14.000000000000002
img_0377.png,img_0374.png,2,377,374,0.0034474392910854826,5.666666666666667,0.3058111997956249,90.66666666666666,74.66666666666667,47.333333333333336,33.0,14.666666666666666
img_1272.png,img_1267.png,1,1272,1267,0.0006900335253512856,3.6666666666666665,0.010831579753126272,1.0,0.0,0.0,0.0,0.0
img_0229.png,img_0221.png,2,229,221,0.005090205979281,7.666666666666667,0.11383283978908403,52.0,33.666666666666664,17.0,9.333333333333334,3.6666666666666665
img_0521.png,img_0514.png,2,521,514,0.010860180833842334,5.666666666666667,0.3896520733124914,93.33333333333333,77.66666666666666,51.33333333333333,34.333333333333336,18.333333333333332
img_0392.png,img_0386.png,2,392,386,0.0221786814806804,5.0,0.30883392965021256,88.33333333333333,72.0,48.66666666666667,30.0,16.666666666666664
img_1186.png,img_1181.png,2,1186,1181,0.009006864046730222,11.333333333333334,0.1123829344034655,65.33333333333333,37.666666666666664,13.666666666666666,5.666666666666666,2.3333333333333335
img_1051.png,img_1044.png,2,1051,1044,0.018823034113856992,7.666666666666667,0.20273669294762328,82.66666666666667,63.66666666666667,36.0,21.0,7.666666666666666
img_0144.png,img_0147.png,1,144,147,0.012566326770633546,14.333333333333334,0.04326349832493989,33.33333333333333,7.000000000000001,0.33333333333333337,0.0,0.0
img_1292.png,img_1300.png,2,1292,1300,0.009342869315051381,9.333333333333334,0.26035437149393675,83.33333333333334,64.33333333333333,37.0,25.666666666666664,11.0
img_0284.png,img_0285.png,1,284,285,2.8096677837075342e-05,0.6666666666666666,0.0021583863084578057,0.0,0.0,0.0,0.0,0.0
img_0011.png,img_0009.png,1,11,9,0.0016366713681017202,4.666666666666667,0.018037832915884948,6.0,3.3333333333333335,0.6666666666666667,0.0,0.0
img_0079.png,img_0073.png,2,79,73,0.020409223844307843,7.666666666666667,0.4485930085835747,93.0,77.33333333333333,51.0,34.0,14.666666666666666
img_0635.png,img_0637.png,1,635,637,0.018828184120358887,16.0,0.05564542665384823,36.666666666666664,12.0,3.0,1.3333333333333335,0.0
img_1320.png,img_1316.png,1,1320,1316,8.504670800962612e-05,0.6666666666666666,0.004080845062330385,0.0,0.0,0.0,0.0,0.0
img_0847.png,img_0840.png,2,847,840,0.011640623824766572,8.333333333333334,0.5120571160329697,91.66666666666666,75.66666666666667,59.333333333333336,44.666666666666664,29.666666666666668
img_1200.png,img_1205.png,1,1200,1205,0.00023124076426909142,2.0,0.007966098666031266,0.33333333333333337,0.0,0.0,0.0,0.0
img_0247.png,img_0249.png,1,247,249,1.7360635532360672e-05,0.6666666666666666,0.007359843013143063,0.0,0.0,0.0,0.0,0.0
img_1006.png,img_1009.png,2,1006,1009,0.04105902972438512,19.333333333333332,0.20657938414615543,77.0,56.00000000000001,30.0,19.0,10.666666666666668
img_1065.png,img_1071.png,1,1065,1071,0.0034569370328675214,5.333333333333333,0.049733873445799534,34.0,15.0,1.3333333333333335,0.0,0.0
img_0787.png,img_0786.png,1,787,786,0.0037756069398166836,8.0,0.020136628927098686,5.0,0.33333333333333337,0.0,0.0,0.0
img_0132.png,img_0135.png,1,132,135,0.0008423433910677043,3.0,0.04264274714286707,25.0,9.666666666666666,2.0,1.0,0.0
img_0411.png,img_0406.png,1,411,406,0.0012053033306878046,2.6666666666666665,0.006463803253342649,0.0,0.0,0.0,0.0,0.0
img_0795.png,img_0547.png,2,795,547,0.007671135138432306,5.0,0.42206317421381845,88.0,74.33333333333333,51.0,37.0,24.333333333333336
img_1256.png,img_1264.png,1,1256,1264,0.0006858134598503183,2.3333333333333335,0.05403749982675256,34.333333333333336,16.666666666666664,4.0,1.0,0.33333333333333337
img_0547.png,img_0218.png,2,547,218,0.02301607444113907,9.0,0.2610030512131414,86.66666666666667,69.66666666666667,43.666666666666664,28.333333333333332,13.333333333333334
img_0596.png,img_0602.png,2,596,602,0.053202576540159675,10.333333333333334,0.3622411107928066,96.33333333333334,86.33333333333333,63.0,41.0,19.333333333333332
img_0411.png,img_0416.png,1,411,416,0.0015178446894272438,5.0,0.10395028325767239,56.00000000000001,33.666666666666664,14.000000000000002,7.666666666666666,2.0
img_1111.png,img_1116.png,1,1111,1116,0.0007043217492729258,3.6666666666666665,0.019822143406427534,8.0,2.3333333333333335,0.6666666666666667,0.33333333333333337,0.0
img_0806.png,img_0332.png,2,806,332,0.011667688204000465,13.666666666666666,0.39558311179150263,87.33333333333333,70.0,45.33333333333333,29.666666666666668,18.0
img_0762.png,img_0767.png,2,762,767,0.001267224416526051,5.0,0.6157951638687066,85.33333333333334,73.33333333333333,52.666666666666664,43.333333333333336,30.666666666666664
img_0557.png,img_0558.png,1,557,558,4.0734681401285365e-06,0.3333333333333333,0.001280419044521566,0.0,0.0,0.0,0.0,0.0
img_0957.png,img_0956.png,1,957,956,2.2109360530970243e-05,0.6666666666666666,0.017993455591654505,8.666666666666668,0.33333333333333337,0.0,0.0,0.0
img_0678.png,img_0752.png,2,678,752,0.006837914690409035,9.0,0.20177276165141073,81.66666666666667,64.66666666666666,37.0,19.333333333333332,7.333333333333333
img_1296.png,img_1291.png,2,1296,1291,0.008895011282659094,9.0,0.2612599219848311,84.0,64.66666666666666,37.666666666666664,24.333333333333336,12.0
img_0155.png,img_0153.png,1,155,153,0.002684908559810601,7.333333333333333,0.013432234496894123,1.6666666666666667,0.0,0.0,0.0,0.0
img_0530.png,img_0536.png,1,530,536,0.0003049543496573769,2.3333333333333335,0.04819194295755419,32.33333333333333,13.666666666666666,1.0,0.33333333333333337,0.0
img_0813.png,img_0925.png,2,813,925,0.0207603043293757,9.333333333333334,0.3003183835296869,90.66666666666666,74.0,51.66666666666667,36.666666666666664,18.0
img_0708.png,img_0709.png,1,708,709,0.0006664948746792632,2.6666666666666665,0.03199401662010418,16.0,9.0,3.6666666666666665,1.6666666666666667,0.0
img_1090.png,img_0590.png,2,1090,590,0.03855019959998515,10.666666666666666,0.3761170345914472,94.33333333333334,84.66666666666667,62.33333333333333,46.33333333333333,23.666666666666668
img_0407.png,img_0414.png,1,407,414,0.006102697614452701,6.0,0.11421772847521526,58.333333333333336,37.0,16.666666666666664,8.666666666666668,2.3333333333333335
img_0640.png,img_0154.png,2,640,154,0.009004641300777891,14.0,0.30381185123188276,85.66666666666667,70.66666666666667,50.66666666666667,36.666666666666664,21.333333333333336
img_0916.png,img_0910.png,2,916,910,0.006113288153780171,5.0,0.2802701264472475,89.0,70.66666666666667,46.0,32.666666666666664,14.666666666666666
img_1366.png,img_1371.png,1,1366,1371,0.0007850597069199764,4.333333333333333,0.012719598413238779,3.0,0.6666666666666667,0.0,0.0,0.0
img_0857.png,img_0859.png,1,857,859,1.9821256029799343e-05,0.3333333333333333,0.005202381255078986,0.0,0.0,0.0,0.0,0.0
img_1087.png,img_0601.png,2,1087,601,0.03159561069043158,20.666666666666668,0.5071915127939123,96.66666666666667,80.66666666666666,59.66666666666667,44.333333333333336,22.333333333333332
img_0195.png,img_0190.png,1,195,190,0.0006430581260458002,5.333333333333333,0.06732946400956667,31.666666666666664,19.0,8.0,4.666666666666667,2.0
img_0790.png,img_0825.png,2,790,825,0.056408403409618,20.333333333333332,0.5665748419084536,91.0,80.66666666666666,59.0,45.33333333333333,31.0
img_1354.png,img_1360.png,1,1354,1360,0.001430002603634975,2.6666666666666665,0.037543106935111085,24.333333333333336,8.333333333333332,1.6666666666666667,0.0,0.0
img_0910.png,img_0302.png,2,910,302,0.022075349784711183,7.666666666666667,0.793490093856962,97.0,88.0,70.66666666666667,54.666666666666664,35.0
img_0626.png,img_0629.png,2,626,629,0.03008240039022621,16.333333333333332,0.4329523339495045,93.66666666666667,79.0,51.0,37.666666666666664,23.333333333333332
img_0180.png,img_0173.png,1,180,173,0.0008711255943575062,2.6666666666666665,0.09619297989981279,47.333333333333336,28.000000000000004,12.666666666666668,6.0,2.666666666666667
img_0786.png,img_0784.png,1,786,784,0.0003290068476909762,3.0,0.04045929730648088,28.999999999999996,8.666666666666668,0.0,0.0,0.0
img_0661.png,img_0779.png,2,661,779,0.01968623981399376,6.0,0.3665087096901905,89.66666666666666,73.33333333333333,55.00000000000001,42.0,25.333333333333336
img_1256.png,img_1258.png,1,1256,1258,9.176635485208432e-05,0.6666666666666666,0.012165054293692603,3.6666666666666665,0.6666666666666667,0.0,0.0,0.0
img_0132.png,img_0485.png,2,132,485,0.0219448888144842,13.0,0.25548210554594797,88.0,65.66666666666666,42.66666666666667,29.333333333333332,12.0
img_0867.png,img_0865.png,1,867,865,0.002975382813720659,7.0,0.01556648871513391,5.333333333333334,2.3333333333333335,0.0,0.0,0.0
img_0897.png,img_0209.png,2,897,209,0.03160730567539707,13.666666666666666,0.3937545039474719,95.33333333333334,81.66666666666667,53.666666666666664,36.0,21.333333333333336
img_0651.png,img_0659.png,1,651,659,0.0005324685890703952,2.0,0.020972773009950096,8.333333333333332,1.6666666666666667,0.6666666666666667,0.33333333333333337,0.0
img_0429.png,img_0946.png,2,429,946,0.025437975189072957,8.0,0.3855718757181603,94.66666666666667,81.66666666666667,59.66666666666667,47.0,26.0
img_0652.png,img_0653.png,1,652,653,7.736500266455075e-05,1.0,0.004398352743612734,0.33333333333333337,0.0,0.0,0.0,0.0
img_0861.png,img_0611.png,2,861,611,0.018401140123287144,17.666666666666668,0.4192693642312425,97.66666666666667,85.33333333333334,59.333333333333336,45.33333333333333,25.333333333333336
img_0873.png,img_0877.png,2,873,877,0.027168276236754194,19.666666666666668,0.44460479432884614,97.33333333333334,88.33333333333333,66.33333333333333,50.66666666666667,29.333333333333332
img_0610.png,img_0617.png,1,610,617,0.008594700983486305,14.333333333333334,0.05285527489104172,33.33333333333333,9.666666666666666,3.6666666666666665,1.3333333333333335,0.33333333333333337
img_0976.png,img_0984.png,2,976,984,0.05047414287548757,10.0,0.4102428916591136,94.33333333333334,83.66666666666667,64.0,54.0,32.666666666666664
img_0085.png,img_0089.png,1,85,89,0.008207776316253723,9.333333333333334,0.05082734779709315,31.666666666666664,15.333333333333332,4.333333333333334,1.0,0.0
img_0161.png,img_0154.png,1,161,154,0.00014777991528216986,0.0,0.0037605613946668013,0.0,0.0,0.0,0.0,0.0
img_0227.png,img_0506.png,2,227,506,0.043031405546041145,14.333333333333334,0.5148948420973667,91.33333333333333,77.0,49.333333333333336,32.33333333333333,16.0
img_0448.png,img_0443.png,2,448,443,0.007505317677934863,10.0,0.31194790804174083,92.66666666666666,77.66666666666666,51.66666666666667,37.0,16.666666666666664
img_0255.png,img_0262.png,2,255,262,0.018428310010290428,11.0,0.40348647248891695,94.0,78.33333333333333,56.333333333333336,41.66666666666667,28.666666666666668
img_0493.png,img_0497.png,1,493,497,0.00026142412303921327,2.0,0.026551138283174385,16.0,3.0,0.0,0.0,0.0
img_1018.png,img_1024.png,2,1018,1024,0.01786283194213967,8.333333333333334,0.28575895581884186,82.0,56.99999999999999,36.0,23.333333333333332,9.333333333333334
img_1185.png,img_1187.png,1,1185,1187,9.797890898146562e-06,0.3333333333333333,0.003401199681954924,0.6666666666666667,0.0,0.0,0.0,0.0
img_0890.png,img_0883.png,2,890,883,0.04123979071953985,21.666666666666668,1.016449263294785,98.33333333333333,94.0,76.33333333333333,60.333333333333336,43.0
img_0977.png,img_0976.png,1,977,976,0.0005635512079823759,2.0,0.04138674963916308,23.0,11.666666666666666,3.3333333333333335,1.0,0.33333333333333337
img_0299.png,img_0304.png,2,299,304,0.010962218309888805,5.666666666666667,0.35501249065212176,92.0,76.33333333333333,50.0,35.0,18.333333333333332
img_0303.png,img_0301.png,1,303,301,0.0005635194036057936,2.3333333333333335,0.009077391011997726,0.33333333333333337,0.0,0.0,0.0,0.0
img_0839.png,img_0833.png,1,839,833,0.0008326267399578458,4.333333333333333,0.029073888382315248,19.0,4.0,0.0,0.0,0.0
img_0048.png,img_0049.png,1,48,49,0.0011885650726406224,5.0,0.18893549555914177,74.0,51.0,29.333333333333332,18.0,7.666666666666666
img_0893.png,img_0833.png,2,893,833,0.007311141175769815,7.0,0.945490437088154,93.0,81.66666666666667,64.0,51.33333333333333,34.0
img_0881.png,img_0885.png,1,881,885,0.0010217864290460027,3.0,0.02038961938125615,9.666666666666666,1.3333333333333335,0.33333333333333337,0.33333333333333337,0.0
img_0274.png,img_1025.png,2,274,1025,0.026018492312170155,14.0,0.27356227899401714,86.33333333333333,66.66666666666666,42.66666666666667,26.333333333333332,11.666666666666666
img_0906.png,img_0907.png,1,906,907,8.7179266005128e-06,0.3333333333333333,0.006296561505042273,0.6666666666666667,0.0,0.0,0.0,0.0
img_0984.png,img_1032.png,2,984,1032,0.014290210740292636,6.0,0.2610930212691434,88.33333333333333,71.33333333333334,45.0,27.0,13.666666666666666
img_0676.png,img_0684.png,1,676,684,1.5899214257890524e-05,0.3333333333333333,0.0172624782723024,6.666666666666667,0.6666666666666667,0.0,0.0,0.0
img_0001.png,img_0723.png,2,1,723,0.05106369142717048,20.666666666666668,0.46229579880647315,92.66666666666666,79.66666666666666,53.333333333333336,36.666666666666664,21.0
img_0521.png,img_0520.png,1,521,520,0.0006842129946034618,3.6666666666666665,0.008150972790254226,2.3333333333333335,1.0,0.0,0.0,0.0
img_0017.png,img_1051.png,2,17,1051,0.023316268166957185,16.0,0.27330405141939595,92.66666666666666,76.0,47.333333333333336,31.666666666666664,14.000000000000002
img_0800.png,img_0793.png,2,800,793,0.1378488323387221,28.666666666666668,1.0002594339616133,95.0,84.0,63.66666666666667,52.33333333333333,33.666666666666664
img_0259.png,img_0255.png,2,259,255,0.01721832184406165,12.0,0.38237829032191434,93.33333333333333,77.0,53.666666666666664,41.66666666666667,25.333333333333336
img_0653.png,img_0647.png,2,653,647,0.005933061684786435,12.666666666666666,0.22033038338048588,86.0,61.0,39.666666666666664,24.666666666666668,10.333333333333334
img_0064.png,img_0070.png,1,64,70,0.0007163887266229196,2.3333333333333335,0.12478945918285736,57.99999999999999,35.0,20.333333333333332,9.666666666666666,5.0
img_0958.png,img_0950.png,2,958,950,0.01524131954362203,14.0,0.2419440452784113,84.33333333333334,66.66666666666666,41.66666666666667,27.0,12.333333333333334
img_0812.png,img_0807.png,2,812,807,0.012084046670797067,12.333333333333334,0.32689469083780776,80.33333333333333,62.0,40.0,27.666666666666668,17.333333333333336
img_1208.png,img_1212.png,2,1208,1212,0.0019206105840292257,1.6666666666666667,0.13208578291566797,69.0,44.0,18.0,9.0,2.3333333333333335
img_0564.png,img_0559.png,1,564,559,0.0010549436436143333,4.666666666666667,0.016039263430997444,2.666666666666667,0.0,0.0,0.0,0.0
img_0248.png,img_0244.png,2,248,244,0.007476032595861497,11.0,0.472600477973433,94.66666666666667,80.66666666666666,57.99999999999999,45.33333333333333,25.333333333333336
img_0048.png,img_0043.png,2,48,43,0.039527808854262304,11.666666666666666,0.2660464513651125,90.33333333333333,71.33333333333334,42.333333333333336,28.999999999999996,14.333333333333334
img_0367.png,img_0364.png,1,367,364,1.829576872627293e-05,1.0,0.014323466400120693,3.3333333333333335,0.0,0.0,0.0,0.0
img_0991.png,img_0987.png,1,991,987,2.7803253308457317e-05,0.6666666666666666,0.0051544483529424295,0.6666666666666667,0.0,0.0,0.0,0.0
img_1041.png,img_1042.png,1,1041,1042,0.007520580406888726,11.333333333333334,0.037314812134414295,25.666666666666664,6.666666666666667,0.0,0.0,0.0
img_1051.png,img_1057.png,1,1051,1057,0.0034546946871088394,9.333333333333334,0.06344660727113269,32.33333333333333,16.0,5.333333333333334,2.666666666666667,1.3333333333333335
img_0769.png,img_0768.png,1,769,768,6.303813253780993e-06,0.0,0.0024754427247497108,0.0,0.0,0.0,0.0,0.0
img_0111.png,img_0113.png,2,111,113,0.010152451383217654,4.0,0.19024597295927084,85.66666666666667,60.66666666666667,30.333333333333336,18.0,6.666666666666667
img_0839.png,img_0837.png,1,839,837,0.00034031616239495855,2.3333333333333335,0.044335890679722316,31.0,9.0,1.0,0.33333333333333337,0.0
img_0713.png,img_0715.png,1,713,715,0.0040840399604094154,8.0,0.11708230587923618,61.33333333333333,37.0,16.666666666666664,8.666666666666668,3.0
img_0232.png,img_0237.png,1,232,237,0.0030570499005011832,7.666666666666667,0.02416790528286057,12.333333333333334,1.6666666666666667,0.0,0.0,0.0
img_1322.png,img_0117.png,2,1322,117,0.008921844096137941,4.0,0.31410527734538307,88.66666666666667,74.33333333333333,48.0,33.666666666666664,19.333333333333332
img_0659.png,img_0662.png,2,659,662,0.010947670707894576,12.666666666666666,0.29117514018560486,91.66666666666666,76.33333333333333,50.0,32.666666666666664,19.333333333333332
img_0031.png,img_0027.png,2,31,27,0.012610752793806962,10.0,0.2712738403875588,83.33333333333334,66.0,44.333333333333336,30.666666666666664,17.0
img_0497.png,img_0502.png,1,497,502,0.0006590295411172191,3.0,0.05116873508550514,36.0,16.0,2.3333333333333335,0.0,0.0
img_0313.png,img_0315.png,1,313,315,1.0244405786686627e-05,0.3333333333333333,0.0014336505618907037,0.0,0.0,0.0,0.0,0.0
img_0972.png,img_0967.png,1,972,967,0.0026273569077012553,4.333333333333333,0.24033565612024707,65.0,54.333333333333336,37.333333333333336,24.333333333333336,13.333333333333334
img_1113.png,img_0773.png,2,1113,773,0.015489796363229752,13.333333333333334,0.2751698593051193,93.0,73.33333333333333,47.66666666666667,30.666666666666664,14.333333333333334
img_1204.png,img_1207.png,1,1204,1207,0.00011108387430279931,1.0,0.006939822319852515,0.0,0.0,0.0,0.0,0.0
img_1217.png,img_1115.png,2,1217,1115,0.004721807711675287,7.666666666666667,0.20420749927659096,80.66666666666666,59.0,32.0,20.333333333333332,7.333333333333333
img_1173.png,img_1170.png,1,1173,1170,0.0005318847363229881,2.6666666666666665,0.0027536930973728474,0.0,0.0,0.0,0.0,0.0
img_0196.png,img_0142.png,2,196,142,0.035365866116150245,10.333333333333334,0.5183747058892614,95.0,84.0,60.333333333333336,45.666666666666664,25.666666666666664
img_1078.png,img_1080.png,1,1078,1080,0.0014208475907276305,4.333333333333333,0.015947128600676916,3.6666666666666665,0.0,0.0,0.0,0.0
img_0421.png,img_0886.png,2,421,886,0.010774133480716016,10.0,0.35548648871393224,90.33333333333333,78.0,56.99999999999999,38.333333333333336,22.0
img_0929.png,img_0930.png,2,929,930,0.019547463773192168,15.333333333333334,0.40646666097047146,94.0,81.0,59.0,50.0,31.333333333333336
img_0538.png,img_0530.png,1,538,530,0.00028908740524673536,2.3333333333333335,0.04952226506933626,34.66666666666667,12.333333333333334,2.3333333333333335,0.0,0.0
img_1369.png,img_1370.png,2,1369,1370,0.0006213925321312488,3.0,0.004305491430196735,0.0,0.0,0.0,0.0,0.0
img_0146.png,img_0145.png,2,146,145,0.002359674357224084,6.0,0.009463112238742594,0.6666666666666667,0.0,0.0,0.0,0.0
img_0112.png,img_0108.png,2,112,108,0.019806708967324865,9.666666666666666,0.20389698489350333,87.0,64.33333333333333,35.66666666666667,21.333333333333336,7.666666666666666
img_0973.png,img_0980.png,2,973,980,0.03466100596187223,8.666666666666666,0.4503916866677976,95.33333333333334,85.0,67.33333333333333,51.66666666666667,30.333333333333336
img_0688.png,img_0681.png,2,688,681,0.016216806671509248,3.3333333333333335,0.23911798591040584,88.33333333333333,69.66666666666667,40.666666666666664,25.666666666666664,12.0
img_0773.png,img_0770.png,1,773,770,0.00021471179892772844,1.0,0.01927779685859707,12.0,1.6666666666666667,0.0,0.0,0.0
img_0387.png,img_0392.png,2,387,392,0.02360067850838016,5.666666666666667,0.30534153057035696,88.66666666666667,73.33333333333333,47.0,30.0,16.333333333333332
img_0780.png,img_0779.png,1,780,779,0.000320443337509994,4.0,0.004777208921071027,0.33333333333333337,0.0,0.0,0.0,0.0
img_1361.png,img_1367.png,2,1361,1367,0.008742143165650385,8.0,0.27779511442280863,87.33333333333333,67.33333333333333,45.33333333333333,27.0,14.000000000000002
img_0701.png,img_0709.png,2,701,709,0.040589882244420145,25.0,0.5293200018498112,91.33333333333333,79.0,57.99999999999999,43.333333333333336,23.666666666666668
img_1309.png,img_1315.png,1,1309,1315,0.008150942650609243,8.666666666666666,0.06368125418045079,44.333333333333336,19.666666666666664,4.666666666666667,0.6666666666666667,0.0
img_0433.png,img_0438.png,1,433,438,0.000383917462509619,3.3333333333333335,0.002782028911614962,0.0,0.0,0.0,0.0,0.0
img_0944.png,img_0948.png,1,944,948,0.00014731095804771378,1.0,0.07018953733909296,36.0,23.0,10.0,4.0,0.33333333333333337
img_0425.png,img_0427.png,1,425,427,0.00018178202203350177,1.0,0.006329701519361038,0.33333333333333337,0.0,0.0,0.0,0.0
img_1226.png,img_1223.png,1,1226,1223,0.00029415592941403726,1.6666666666666667,0.006463354181269332,0.6666666666666667,0.0,0.0,0.0,0.0
img_0504.png,img_0499.png,2,504,499,0.01001301081802831,6.666666666666667,0.3935750939480418,91.0,77.33333333333333,51.0,34.0,15.333333333333332
img_1024.png,img_1022.png,1,1024,1022,8.712834894677952e-05,0.0,0.013946470860107732,5.333333333333334,3.3333333333333335,2.3333333333333335,1.3333333333333335,0.33333333333333337
img_0745.png,img_0747.png,1,745,747,0.001786774827201858,4.333333333333333,0.022212766001686923,11.0,0.6666666666666667,0.0,0.0,0.0
img_0750.png,img_0743.png,2,750,743,0.010345357965471789,9.666666666666666,0.26609481011950514,88.66666666666667,73.66666666666667,43.333333333333336,31.333333333333336,15.0
img_0703.png,img_0699.png,1,703,699,1.6776229809093687e-05,0.0,0.01268355469862835,5.666666666666666,1.3333333333333335,0.0,0.0,0.0
img_0921.png,img_0923.png,1,921,923,2.7142322066580564e-05,1.0,0.009370552403022269,0.33333333333333337,0.0,0.0,0.0,0.0
img_0435.png,img_0098.png,2,435,98,0.06115729857257277,9.666666666666666,0.2986765564470419,92.0,77.33333333333333,45.0,30.333333333333336,13.666666666666666
img_0236.png,img_0231.png,1,236,231,0.003830216483499309,8.666666666666666,0.018300968152179218,4.333333333333334,0.6666666666666667,0.0,0.0,0.0
img_0291.png,img_0114.png,2,291,114,0.010575991606476964,9.0,0.22099790777159978,84.33333333333334,60.66666666666667,33.666666666666664,21.666666666666668,8.0
img_0170.png,img_0172.png,1,170,172,0.00025374719516332785,2.0,0.004838797355058536,0.0,0.0,0.0,0.0,0.0
img_0071.png,img_0926.png,2,71,926,0.005124032215555209,10.0,0.3103493217256913,90.66666666666666,74.33333333333333,47.66666666666667,34.0,17.666666666666668
img_0381.png,img_0387.png,1,381,387,6.835319913184376e-05,0.3333333333333333,0.04708275186602666,32.33333333333333,12.333333333333334,1.6666666666666667,0.6666666666666667,0.0
img_0286.png,img_1376.png,2,286,1376,0.02905612753766487,12.0,0.3476720227439131,96.33333333333334,83.33333333333334,54.333333333333336,33.666666666666664,16.333333333333332
img_0102.png,img_0104.png,1,102,104,0.007185305513362429,9.666666666666666,0.014932768166318524,0.33333333333333337,0.0,0.0,0.0,0.0
img_0883.png,img_0781.png,2,883,781,0.03393012623789723,10.333333333333334,0.43532409425437746,94.33333333333334,83.0,59.0,44.0,24.333333333333336
img_0751.png,img_0746.png,2,751,746,0.012587154309012872,11.0,0.285280266298892,91.0,76.33333333333333,46.0,35.66666666666667,14.666666666666666
img_1115.png,img_1107.png,1,1115,1107,0.003801211353035834,8.333333333333334,0.03934089277873681,24.0,8.0,2.3333333333333335,0.6666666666666667,0.0
img_0233.png,img_0234.png,1,233,234,0.001521684459139426,5.333333333333333,0.006185848403116986,0.33333333333333337,0.0,0.0,0.0,0.0
img_0481.png,img_0373.png,2,481,373,0.005711795718887437,8.0,0.226876634216673,87.0,66.66666666666666,39.33333333333333,25.333333333333336,10.666666666666668
img_1369.png,img_1374.png,1,1369,1374,0.0013239893814999068,4.666666666666667,0.014303464846783503,6.333333333333334,0.6666666666666667,0.0,0.0,0.0
img_0584.png,img_0816.png,2,584,816,0.015067602539709882,8.666666666666666,0.25944603143913497,87.66666666666667,67.66666666666666,41.333333333333336,29.333333333333332,13.0
img_0071.png,img_0073.png,1,71,73,0.0006728686829760583,4.0,0.009726744084101308,0.33333333333333337,0.0,0.0,0.0,0.0
img_0598.png,img_0256.png,2,598,256,0.039838812693261,2.3333333333333335,0.9487970141465231,93.66666666666667,87.33333333333333,68.33333333333333,55.00000000000001,37.0
img_0701.png,img_0698.png,1,701,698,0.0006256004796682355,2.3333333333333335,0.007982206468331707,1.6666666666666667,0.0,0.0,0.0,0.0
img_1340.png,img_0699.png,2,1340,699,0.007857382614784863,3.0,0.270912863392098,81.0,68.0,43.0,27.666666666666668,15.0
img_0226.png,img_0233.png,2,226,233,0.07909386143494157,12.333333333333334,0.3355286078176184,98.0,87.0,60.66666666666667,39.666666666666664,21.0
img_0556.png,img_0564.png,2,556,564,0.006100653083279529,6.333333333333333,0.25343467167662775,84.66666666666667,66.0,40.33333333333333,20.666666666666668,11.666666666666666
img_0030.png,img_0033.png,2,30,33,0.003007491218480554,8.0,0.242143811000527,57.333333333333336,44.333333333333336,30.333333333333336,21.666666666666668,14.333333333333334
img_0083.png,img_0080.png,1,83,80,0.000886334528948204,3.6666666666666665,0.004631747481177264,0.0,0.0,0.0,0.0,0.0
img_0761.png,img_0754.png,1,761,754,0.00039398431475561713,2.6666666666666665,0.08245343726650677,45.0,26.333333333333332,8.333333333333332,3.3333333333333335,1.6666666666666667
img_1085.png,img_1089.png,1,1085,1089,0.00825142919599491,11.0,0.06222677154095191,39.666666666666664,18.666666666666668,5.0,1.3333333333333335,0.0
img_0096.png,img_0097.png,1,96,97,0.0035207390345679446,6.0,0.012323426914680713,3.0,0.33333333333333337,0.0,0.0,0.0
img_0641.png,img_1311.png,2,641,1311,0.015750220130033517,8.0,0.4954758462815005,91.33333333333333,75.33333333333333,54.333333333333336,44.0,28.666666666666668
img_0996.png,img_1004.png,1,996,1004,0.0003749557576853413,1.0,0.010239240147264406,1.0,0.0,0.0,0.0,0.0
img_0093.png,img_1266.png,2,93,1266,0.01101272778002689,7.0,0.22315946475181714,86.33333333333333,68.33333333333333,40.666666666666664,22.666666666666664,8.333333333333332
img_0156.png,img_0158.png,1,156,158,0.00014895050896123504,1.3333333333333333,0.002199264984713958,0.0,0.0,0.0,0.0,0.0
img_1111.png,img_0652.png,2,1111,652,0.02015688192936799,16.333333333333332,0.16620792146865968,83.33333333333334,55.666666666666664,25.333333333333336,12.666666666666668,4.666666666666667
img_1078.png,img_1071.png,2,1078,1071,0.009829155598002657,12.666666666666666,0.38011614944897104,97.66666666666667,84.33333333333334,60.66666666666667,46.0,27.333333333333332
img_0102.png,img_0105.png,1,102,105,0.0009737594909371899,3.6666666666666665,0.003329531981238421,0.0,0.0,0.0,0.0,0.0
img_0656.png,img_0651.png,1,656,651,0.00042468043111089734,1.0,0.025916714651126486,11.0,3.6666666666666665,1.3333333333333335,0.6666666666666667,0.6666666666666667
img_0623.png,img_0667.png,2,623,667,0.017924060521039568,12.0,0.3218084931559654,91.66666666666666,79.0,57.99999999999999,38.666666666666664,18.666666666666668
img_0690.png,img_0686.png,1,690,686,8.776955438862655e-05,2.0,0.011483035243783071,4.0,1.3333333333333335,0.0,0.0,0.0
img_1293.png,img_0339.png,2,1293,339,0.02151182121503274,12.0,0.28148027096115236,94.0,75.66666666666667,45.33333333333333,29.333333333333332,10.666666666666668
img_0123.png,img_0128.png,2,123,128,0.018684723830239603,15.0,0.25044239074095853,83.0,63.0,38.666666666666664,24.666666666666668,11.666666666666666
img_0372.png,img_0376.png,1,372,376,5.0388876249089156e-05,0.3333333333333333,0.006432720830414949,2.3333333333333335,0.6666666666666667,0.0,0.0,0.0
img_0989.png,img_0990.png,1,989,990,0.0013264587364142956,5.333333333333333,0.009674954833521238,1.0,0.0,0.0,0.0,0.0
img_0214.png,img_0668.png,2,214,668,0.03671165998443069,14.333333333333334,0.3969959099884417,87.0,71.66666666666667,50.33333333333333,36.666666666666664,23.0
img_0924.png,img_0916.png,1,924,916,0.0005768692257073153,3.0,0.013476822450828315,1.6666666666666667,0.33333333333333337,0.0,0.0,0.0
img_0057.png,img_0319.png,2,57,319,0.024846471783078857,12.666666666666666,0.4303745515150962,93.66666666666667,82.33333333333334,60.66666666666667,44.666666666666664,26.666666666666668
img_1333.png,img_1341.png,2,1333,1341,0.004063996480333025,4.333333333333333,0.26361159171996046,85.66666666666667,71.66666666666667,42.66666666666667,29.666666666666668,12.0
img_1070.png,img_1074.png,1,1070,1074,0.0026773362977416406,4.666666666666667,0.02484828113675601,13.0,3.0,0.0,0.0,0.0
img_1270.png,img_1268.png,1,1270,1268,0.00011263415352188582,1.3333333333333333,0.01190006236096252,1.3333333333333335,0.0,0.0,0.0,0.0
img_1111.png,img_0424.png,2,1111,424,0.029549842781107897,14.333333333333334,0.36875305836555194,96.66666666666667,86.33333333333333,65.33333333333333,51.66666666666667,23.0
img_0062.png,img_0058.png,2,62,58,0.02041272980786829,15.666666666666666,0.12631301758790142,64.33333333333333,40.0,20.333333333333332,8.666666666666668,3.3333333333333335
img_0235.png,img_0228.png,2,235,228,0.08250569106996142,14.666666666666666,0.34366658472831363,97.66666666666667,86.0,62.33333333333333,43.666666666666664,17.666666666666668
img_0718.png,img_0710.png,1,718,710,8.859429152899707e-05,1.3333333333333333,0.10282123605683875,53.666666666666664,34.333333333333336,16.0,5.666666666666666,2.0
img_1165.png,img_1162.png,2,1165,1162,0.003631247503026433,4.0,0.11138710978972753,66.0,36.666666666666664,14.333333333333334,7.666666666666666,1.3333333333333335
img_0559.png,img_0557.png,1,559,557,0.000756732034861626,3.6666666666666665,0.0041431308043401345,0.0,0.0,0.0,0.0,0.0
img_0313.png,img_0312.png,1,313,312,8.358802277450604e-05,1.0,0.011585215066640177,1.0,0.0,0.0,0.0,0.0
img_0658.png,img_0665.png,2,658,665,0.015519215397355604,18.0,0.30420964100501513,90.66666666666666,73.33333333333333,49.333333333333336,36.333333333333336,18.0
img_0612.png,img_0616.png,1,612,616,0.006678709528538814,12.0,0.03572775951312899,24.333333333333336,4.0,0.6666666666666667,0.0,0.0
img_1327.png,img_1323.png,1,1327,1323,0.0012448607020817883,5.0,0.008429885039528854,0.0,0.0,0.0,0.0,0.0
img_0926.png,img_1031.png,2,926,1031,0.007004861476151367,5.333333333333333,0.25564672340706873,88.66666666666667,71.33333333333334,50.33333333333333,32.0,12.0
img_1283.png,img_1278.png,2,1283,1278,0.0233763871380617,12.0,0.18680276952457184,85.66666666666667,65.66666666666666,30.666666666666664,17.666666666666668,5.666666666666666
img_0668.png,img_0660.png,2,668,660,0.012539812091130823,15.333333333333334,0.28825538397876227,89.0,72.33333333333334,48.0,33.666666666666664,18.0
img_0049.png,img_0047.png,1,49,47,0.0013740870438645593,5.0,0.20610887611053194,77.33333333333333,54.666666666666664,32.666666666666664,19.666666666666664,9.333333333333334
img_1170.png,img_1167.png,1,1170,1167,0.0029147142979601987,4.0,0.10521819797182128,64.66666666666666,34.66666666666667,12.333333333333334,5.666666666666666,2.0
img_0178.png,img_0183.png,2,178,183,0.0334966855282193,12.0,0.29142306540227214,89.33333333333333,74.66666666666667,49.666666666666664,34.0,15.666666666666668
img_0359.png,img_0361.png,1,359,361,0.005014012870660959,8.0,0.013013039116560876,0.33333333333333337,0.0,0.0,0.0,0.0
img_0199.png,img_0191.png,1,199,191,0.009835584287956457,15.333333333333334,0.10246259137680531,54.666666666666664,32.33333333333333,11.666666666666666,6.666666666666667,2.3333333333333335
img_0188.png,img_1193.png,2,188,1193,0.025827685901975716,6.0,0.23360406314012702,85.66666666666667,64.66666666666666,37.0,24.333333333333336,11.333333333333332
img_0879.png,img_0877.png,1,879,877,8.913050074492281e-06,0.6666666666666666,0.006213630494256495,0.0,0.0,0.0,0.0,0.0
img_1202.png,img_0082.png,2,1202,82,0.0181068090982565,13.333333333333334,0.2079101718084322,88.33333333333333,63.0,34.66666666666667,21.0,10.0
img_1029.png,img_1033.png,1,1029,1033,0.00027783139711753225,2.0,0.00905445679407167,2.3333333333333335,0.33333333333333337,0.0,0.0,0.0
img_0941.png,img_1132.png,2,941,1132,0.008492976540017912,9.333333333333334,0.26547683473942474,87.0,68.0,42.66666666666667,27.333333333333332,11.333333333333332
img_1086.png,img_1087.png,1,1086,1087,0.0013249379686625098,5.0,0.03646698725664519,27.333333333333332,8.333333333333332,0.33333333333333337,0.0,0.0
img_0090.png,img_0931.png,2,90,931,0.004661428091653278,4.666666666666667,0.19039548142058035,84.66666666666667,61.0,36.0,18.0,5.666666666666666
img_0199.png,img_0198.png,1,199,198,9.420236520628827e-05,0.3333333333333333,0.008097250995147732,4.666666666666667,1.6666666666666667,0.0,0.0,0.0
img_0640.png,img_1259.png,2,640,1259,0.011756608423435039,14.333333333333334,0.26234439701286677,84.66666666666667,60.333333333333336,37.0,24.666666666666668,12.333333333333334
img_1254.png,img_1250.png,1,1254,1250,0.0009566435825293707,4.0,0.032623129353270566,22.0,6.0,0.33333333333333337,0.0,0.0
img_1269.png,img_0066.png,2,1269,66,0.012472219443293254,10.0,0.21556634350051695,91.66666666666666,66.66666666666666,36.666666666666664,21.333333333333336,9.333333333333334
img_1040.png,img_1045.png,1,1040,1045,0.0006139896451463809,1.0,0.037813450692802966,26.333333333333332,6.333333333333334,0.33333333333333337,0.0,0.0
img_0136.png,img_0037.png,2,136,37,0.015862483224112836,11.0,0.2834936202662999,85.66666666666667,64.0,41.333333333333336,29.333333333333332,18.0
img_1183.png,img_1175.png,2,1183,1175,0.008923970129865554,7.333333333333333,0.12272255742096465,67.66666666666666,41.0,16.0,6.666666666666667,2.0
img_1169.png,img_1167.png,2,1169,1167,0.002539526751167615,3.0,0.10516357391612205,64.0,34.66666666666667,13.666666666666666,6.0,1.6666666666666667
img_0910.png,img_0905.png,1,910,905,2.6476259442122864e-05,0.6666666666666666,0.007198451387372834,0.33333333333333337,0.0,0.0,0.0,0.0
img_1051.png,img_1047.png,2,1051,1047,0.018857134838167866,10.666666666666666,0.19988194814946975,82.33333333333334,67.0,36.666666666666664,20.333333333333332,7.333333333333333
img_0528.png,img_0527.png,1,528,527,4.933082607936843e-05,1.0,0.0024503439869086687,0.0,0.0,0.0,0.0,0.0
img_1296.png,img_1297.png,2,1296,1297,0.002139220566995795,4.666666666666667,0.006229228990017524,0.0,0.0,0.0,0.0,0.0
img_1010.png,img_1013.png,1,1010,1013,0.013296819152461073,16.666666666666668,0.03544154675389056,19.666666666666664,3.0,0.33333333333333337,0.0,0.0
img_1235.png,img_1239.png,1,1235,1239,7.328279399631638e-05,0.6666666666666666,0.011533257288873576,2.666666666666667,0.33333333333333337,0.0,0.0,0.0
img_1182.png,img_1174.png,2,1182,1174,0.017874576455993,10.666666666666666,0.14004162127735698,74.66666666666667,49.0,21.333333333333336,10.666666666666668,2.0
img_1102.png,img_1099.png,1,1102,1099,0.0012977751997296468,4.0,0.00691840066771548,0.6666666666666667,0.0,0.0,0.0,0.0
img_0080.png,img_0082.png,1,80,82,0.001475095579124307,4.0,0.006009315924690864,0.33333333333333337,0.0,0.0,0.0,0.0
img_0201.png,img_0841.png,2,201,841,0.018214740464730327,9.333333333333334,0.48934106906143787,97.0,84.0,65.0,48.66666666666667,28.999999999999996
img_0664.png,img_0667.png,1,664,667,0.0004959501000170639,2.6666666666666665,0.021428215005118243,10.0,2.0,0.0,0.0,0.0
img_1330.png,img_0163.png,2,1330,163,0.019764688599078848,12.333333333333334,0.5760578107322863,93.33333333333333,81.66666666666667,63.0,49.666666666666664,35.333333333333336
img_1046.png,img_1040.png,1,1046,1040,0.0006247059561962462,1.0,0.042941810696598914,30.333333333333336,9.0,1.3333333333333335,0.0,0.0
img_1174.png,img_0015.png,2,1174,15,0.004161034729903568,2.0,0.1406895402555601,76.33333333333333,48.0,23.0,12.333333333333334,2.3333333333333335
img_1044.png,img_1047.png,1,1044,1047,0.0005247630546696135,3.0,0.004904201767468342,0.0,0.0,0.0,0.0,0.0
img_1062.png,img_1046.png,2,1062,1046,0.02174783038095698,12.666666666666666,0.1892403898204286,85.66666666666667,63.66666666666667,34.333333333333336,20.333333333333332,5.333333333333334
img_0328.png,img_0326.png,1,328,326,0.0002887113297716979,1.6666666666666667,0.014631389036720116,3.0,0.33333333333333337,0.0,0.0,0.0
img_0601.png,img_1194.png,2,601,1194,0.030160155815709536,16.0,0.2601301310379082,96.0,74.66666666666667,45.33333333333333,26.333333333333332,12.666666666666668
img_1100.png,img_1104.png,1,1100,1104,0.00014152603292860236,1.0,0.007763155759528943,0.6666666666666667,0.0,0.0,0.0,0.0
img_0024.png,img_0112.png,2,24,112,0.01813892923648099,16.333333333333332,0.22432855675799904,88.0,71.0,37.0,21.666666666666668,11.666666666666666
img_0978.png,img_0976.png,1,978,976,0.0014636080539623371,1.0,0.14575832856984747,61.66666666666667,41.0,20.0,13.333333333333334,5.666666666666666
img_1252.png,img_0057.png,2,1252,57,0.013707677290503621,10.333333333333334,0.25127927174082165,91.33333333333333,68.0,41.0,27.666666666666668,12.333333333333334
img_1369.png,img_1365.png,1,1369,1365,0.0006885072776201532,3.3333333333333335,0.01654214431791984,7.000000000000001,2.3333333333333335,0.0,0.0,0.0
img_1011.png,img_0582.png,2,1011,582,0.018264819440619782,5.333333333333333,0.30846389194504187,90.66666666666666,72.0,44.666666666666664,33.33333333333333,19.333333333333332
img_1145.png,img_1149.png,1,1145,1149,0.0026566632855132277,6.0,0.03338155459651623,18.333333333333332,5.0,0.33333333333333337,0.0,0.0
img_1103.png,img_1334.png,2,1103,1334,0.0025341283052111416,3.3333333333333335,0.17210996575339219,75.33333333333333,54.333333333333336,30.666666666666664,14.666666666666666,6.333333333333334
img_0256.png,img_0264.png,2,256,264,0.016083775571525377,13.0,0.3921863520574387,94.0,79.66666666666666,59.0,41.66666666666667,25.333333333333336
img_0899.png,img_0903.png,2,899,903,0.008776832923969599,6.333333333333333,0.3590372107838175,93.0,74.66666666666667,51.66666666666667,34.0,11.0
img_0994.png,img_1001.png,1,994,1001,0.004460965065326041,8.0,0.012227991593467692,2.3333333333333335,0.0,0.0,0.0,0.0
img_0204.png,img_0212.png,2,204,212,0.01388886382993157,9.0,0.18636768098603104,67.66666666666666,38.0,21.666666666666668,13.0,5.666666666666666
img_0215.png,img_0212.png,1,215,212,0.0007150928398352948,0.3333333333333333,0.0621548073904899,33.33333333333333,15.0,7.000000000000001,3.0,0.6666666666666667
img_0908.png,img_0914.png,1,908,914,0.0005621532335548658,2.0,0.006440112335772969,0.0,0.0,0.0,0.0,0.0
img_0695.png,img_0701.png,1,695,701,0.00012207444472196475,1.0,0.021077721645033135,11.0,3.6666666666666665,0.33333333333333337,0.33333333333333337,0.0
img_0661.png,img_0949.png,2,661,949,0.010319831892367732,7.333333333333333,0.19925724647024307,71.66666666666667,50.66666666666667,28.000000000000004,16.666666666666664,6.666666666666667
img_0725.png,img_0719.png,2,725,719,0.008305563838146075,1.6666666666666667,0.6345811765702949,91.0,79.66666666666666,59.0,43.666666666666664,30.666666666666664
img_1198.png,img_1205.png,1,1198,1205,0.00015614645245007062,1.6666666666666667,0.01561567569066801,4.333333333333334,0.6666666666666667,0.0,0.0,0.0
img_1126.png,img_1125.png,1,1126,1125,0.000818930816503867,4.0,0.07343409672916612,40.33333333333333,21.666666666666668,8.333333333333332,3.0,1.0
img_0691.png,img_1360.png,2,691,1360,0.006253635597067853,5.666666666666667,0.26247155162457525,87.0,60.66666666666667,38.0,25.0,12.0
img_0261.png,img_0253.png,2,261,253,0.019817163489963718,11.0,0.40290720478089315,91.66666666666666,76.66666666666667,55.00000000000001,42.0,28.999999999999996
img_0576.png,img_0571.png,1,576,571,0.002392886112799355,4.333333333333333,0.09322435501875556,52.33333333333333,28.333333333333332,13.666666666666666,6.0,2.0
img_0109.png,img_0117.png,2,109,117,0.0073584806980703564,3.3333333333333335,0.18539843283997656,84.33333333333334,59.333333333333336,28.666666666666668,16.333333333333332,7.000000000000001
img_0136.png,img_0142.png,2,136,142,0.01784811745742038,9.0,0.2373770643328378,82.66666666666667,58.666666666666664,39.33333333333333,23.0,12.666666666666668
img_1123.png,img_1130.png,1,1123,1130,0.00019877102351958668,1.3333333333333333,0.02265271200272475,12.0,2.0,0.6666666666666667,0.33333333333333337,0.0
img_1093.png,img_1086.png,2,1093,1086,0.01695348346732806,7.0,0.17715730449839204,77.66666666666666,57.666666666666664,29.666666666666668,16.666666666666664,7.333333333333333
img_0612.png,img_0617.png,1,612,617,0.007626872104029747,13.0,0.04455037248143037,33.666666666666664,9.333333333333334,1.0,0.33333333333333337,0.0
img_0164.png,img_0170.png,2,164,170,0.005110539643203473,1.6666666666666667,0.2289801491437471,74.33333333333333,56.333333333333336,33.33333333333333,20.666666666666668,10.666666666666668
img_0164.png,img_0158.png,1,164,158,1.8980787280607088e-05,0.6666666666666666,0.006421871830393603,0.0,0.0,0.0,0.0,0.0
img_0792.png,img_0785.png,2,792,785,0.006480539595718347,4.0,0.7390502292678762,88.66666666666667,80.0,61.0,50.66666666666667,35.0
img_0011.png,img_0008.png,2,11,8,0.00977584959203714,5.666666666666667,0.19890133095398133,77.33333333333333,58.666666666666664,39.33333333333333,23.333333333333332,8.333333333333332
img_0893.png,img_0894.png,2,893,894,0.0012208233390914563,5.0,0.28556919835665184,32.666666666666664,21.0,13.666666666666666,9.0,5.333333333333334
img_1085.png,img_1078.png,1,1085,1078,0.005203774688152669,7.0,0.024415130523260577,10.0,3.0,0.0,0.0,0.0
img_0861.png,img_0863.png,1,861,863,0.0016757940042058728,3.6666666666666665,0.012377799259577087,3.0,1.3333333333333335,0.0,0.0,0.0
img_0436.png,img_0431.png,2,436,431,0.059298466824778566,12.333333333333334,0.7766821348807126,99.33333333333333,94.33333333333334,78.33333333333333,59.333333333333336,37.333333333333336
img_0432.png,img_0437.png,2,432,437,0.06613647524392739,15.666666666666666,0.9020883007390965,99.33333333333333,92.0,78.33333333333333,62.66666666666667,40.666666666666664
img_0311.png,img_0313.png,1,311,313,0.0004704538255684914,2.6666666666666665,0.014248048325008018,3.3333333333333335,0.0,0.0,0.0,0.0
img_0454.png,img_0450.png,1,454,450,0.00045514395248484027,3.3333333333333335,0.003308739491776873,0.0,0.0,0.0,0.0,0.0
img_1203.png,img_1204.png,1,1203,1204,8.82842321380751e-06,0.0,0.0023916754607116782,0.0,0.0,0.0,0.0,0.0
img_1075.png,img_1072.png,1,1075,1072,0.00351086321367146,7.0,0.027244574749181433,17.666666666666668,3.0,0.0,0.0,0.0
img_0699.png,img_0705.png,1,699,705,0.00020093489050437046,1.0,0.01275047121098313,4.333333333333334,1.3333333333333335,0.0,0.0,0.0
img_1013.png,img_1094.png,2,1013,1094,0.018353608790286562,5.0,0.1542555015361846,77.66666666666666,49.333333333333336,22.666666666666664,12.666666666666668,4.333333333333334
img_0545.png,img_0538.png,2,545,538,0.009183941641386268,6.333333333333333,0.2667246666914439,87.66666666666667,71.66666666666667,44.333333333333336,30.0,15.666666666666668
img_0531.png,img_0537.png,1,531,537,0.00017937881937024145,2.0,0.0470152085425008,32.0,13.333333333333334,1.0,0.0,0.0
img_0146.png,img_0151.png,1,146,151,0.003362981455716007,6.0,0.019002579998934593,5.0,1.6666666666666667,0.0,0.0,0.0
img_1110.png,img_0163.png,2,1110,163,0.020355187800667092,12.666666666666666,0.23000914020559246,92.33333333333333,74.66666666666667,44.0,23.333333333333332,9.666666666666666
img_1336.png,img_1342.png,1,1336,1342,0.0022737020019410084,5.666666666666667,0.043309181114805945,26.333333333333332,12.0,2.666666666666667,1.0,0.0
img_0692.png,img_0208.png,2,692,208,0.008334176574780488,9.666666666666666,0.14131317475298455,73.0,46.33333333333333,20.0,11.0,3.3333333333333335
img_0505.png,img_0510.png,1,505,510,0.0003180472301621146,2.6666666666666665,0.023951000871852823,10.666666666666668,4.0,0.0,0.0,0.0
img_0001.png,img_0334.png,2,1,334,0.029621174091895214,15.333333333333334,0.2966412134348545,91.33333333333333,70.0,38.0,21.666666666666668,11.0
img_1271.png,img_1278.png,1,1271,1278,2.3202062327422258e-05,0.3333333333333333,0.014928844959254194,4.333333333333334,0.33333333333333337,0.0,0.0,0.0
img_1265.png,img_0590.png,2,1265,590,0.01998274711876789,3.3333333333333335,0.24736010268000957,89.66666666666666,78.0,48.0,30.666666666666664,10.333333333333334
img_1084.png,img_1086.png,1,1084,1086,0.001472668634817973,5.333333333333333,0.012800700125410463,3.3333333333333335,0.0,0.0,0.0,0.0
img_0792.png,img_0920.png,2,792,920,0.01984961103992378,12.333333333333334,0.5700393342921467,94.66666666666667,84.66666666666667,60.66666666666667,47.333333333333336,28.666666666666668
img_0681.png,img_0680.png,1,681,680,2.2281255556151534e-06,0.3333333333333333,0.0007195892838654562,0.0,0.0,0.0,0.0,0.0
img_0764.png,img_0134.png,2,764,134,0.013253199777362818,8.0,0.313645573184262,92.0,74.33333333333333,49.0,31.666666666666664,17.0
img_0023.png,img_0029.png,1,23,29,0.0005628592001812909,2.6666666666666665,0.012175835751446326,2.3333333333333335,0.6666666666666667,0.0,0.0,0.0
img_1364.png,img_0061.png,2,1364,61,0.00316131738561352,3.6666666666666665,0.2039865631682879,79.33333333333333,60.66666666666667,35.0,19.0,7.666666666666666
img_0435.png,img_0428.png,2,435,428,0.06625896201505706,16.333333333333332,0.9761665347302392,98.33333333333333,93.0,76.0,62.33333333333333,39.0
img_0002.png,img_0003.png,1,2,3,0.00021190497929480276,1.3333333333333333,0.002130292289925287,0.0,0.0,0.0,0.0,0.0
img_0709.png,img_0706.png,2,709,706,0.043376599599183274,24.0,0.55320905048885,91.33333333333333,77.66666666666666,58.333333333333336,44.0,23.333333333333332
img_1108.png,img_1105.png,2,1108,1105,0.000764631585482345,3.0,0.09202217550233018,49.666666666666664,26.666666666666668,12.0,4.666666666666667,2.3333333333333335
img_0049.png,img_0041.png,2,49,41,0.055524453561908826,17.0,0.276494142916122,93.0,76.0,45.0,28.666666666666668,14.000000000000002
img_1114.png,img_1110.png,1,1114,1110,0.0016425963696867028,2.6666666666666665,0.023657283887991317,9.0,6.0,2.666666666666667,0.6666666666666667,0.33333333333333337
img_0328.png,img_0329.png,1,328,329,0.0023590245959913994,6.0,0.010523806080354721,0.6666666666666667,0.0,0.0,0.0,0.0
img_0957.png,img_0952.png,1,957,952,0.0019212248626285892,6.333333333333333,0.07540510995344878,45.0,20.0,8.666666666666668,3.0,1.0
img_0422.png,img_0417.png,2,422,417,0.008229813038246506,8.333333333333334,0.3062927458602039,87.33333333333333,70.0,43.666666666666664,28.999999999999996,12.666666666666668
img_1351.png,img_1353.png,1,1351,1353,0.0021808229670415022,4.666666666666667,0.008476112872681598,0.6666666666666667,0.0,0.0,0.0,0.0
img_1024.png,img_1023.png,1,1024,1023,4.9560390749630474e-05,0.3333333333333333,0.005763983078845816,2.0,2.0,0.33333333333333337,0.0,0.0
img_0910.png,img_0444.png,2,910,444,0.034673155314173386,9.333333333333334,0.4488946668648168,93.33333333333333,78.33333333333333,52.0,38.333333333333336,23.0
img_1195.png,img_1203.png,2,1195,1203,0.004190495295368231,4.666666666666667,0.13388415657833358,69.0,46.0,20.666666666666668,10.666666666666668,2.666666666666667
img_0131.png,img_0127.png,1,131,127,0.005359210089761329,7.333333333333333,0.03819707613365561,27.666666666666668,6.0,0.0,0.0,0.0
img_0092.png,img_0093.png,1,92,93,1.3392827676932337e-05,0.0,0.0004045824431675567,0.0,0.0,0.0,0.0,0.0
img_1102.png,img_0432.png,2,1102,432,0.015801037204551043,9.0,0.2055130528514771,94.66666666666667,75.66666666666667,38.666666666666664,18.666666666666668,4.666666666666667
img_0558.png,img_0561.png,1,558,561,0.0008217651315673997,4.0,0.0035530858895904387,0.0,0.0,0.0,0.0,0.0
img_0507.png,img_0371.png,2,507,371,0.010767402632571447,11.0,0.3893109561002541,91.66666666666666,77.66666666666666,52.0,33.0,17.666666666666668
img_0051.png,img_0053.png,1,51,53,0.002130701017580733,5.666666666666667,0.02622706832546512,16.666666666666664,2.3333333333333335,0.0,0.0,0.0
img_0809.png,img_1167.png,2,809,1167,0.011707949494881598,9.666666666666666,0.2477274887550511,89.66666666666666,67.33333333333333,39.0,27.666666666666668,15.0
img_1231.png,img_1227.png,2,1231,1227,0.01908832066949741,9.333333333333334,0.16073789132839014,76.0,54.666666666666664,28.333333333333332,15.0,3.6666666666666665
img_0487.png,img_0491.png,2,487,491,0.014125401081966195,15.666666666666666,0.2999427729359607,91.0,76.33333333333333,51.66666666666667,33.0,15.666666666666668
img_0674.png,img_0671.png,2,674,671,0.032840037899343165,21.0,0.40447433284809525,94.33333333333334,82.33333333333334,58.666666666666664,42.333333333333336,23.0
img_0915.png,img_0919.png,2,915,919,0.010738171883912176,9.0,0.297282065938057,90.0,70.66666666666667,43.333333333333336,31.333333333333336,14.000000000000002
img_0072.png,img_0075.png,1,72,75,0.0014076663217548072,5.333333333333333,0.007939535601663167,0.0,0.0,0.0,0.0,0.0
img_0217.png,img_0210.png,2,217,210,0.015451542191872331,14.0,0.19437443859905285,72.33333333333334,50.66666666666667,28.333333333333332,17.666666666666668,10.0
img_0717.png,img_0718.png,1,717,718,0.0017414111517583162,5.0,0.035035270682967155,18.333333333333332,6.666666666666667,1.3333333333333335,1.0,0.33333333333333337
img_0323.png,img_0318.png,2,323,318,0.009007012391932122,8.0,0.5884134534739678,93.0,81.0,63.0,49.0,30.333333333333336
img_0742.png,img_0741.png,1,742,741,0.002244515531885345,5.333333333333333,0.04434199521811612,27.0,9.333333333333334,2.666666666666667,1.3333333333333335,0.33333333333333337
img_1321.png,img_1315.png,1,1321,1315,0.0016541399680343363,5.333333333333333,0.018796651070609443,7.333333333333333,0.6666666666666667,0.0,0.0,0.0
img_1039.png,img_1035.png,1,1039,1035,0.0006081301827835893,3.6666666666666665,0.033726168586441334,19.333333333333332,6.333333333333334,1.6666666666666667,0.0,0.0
img_0043.png,img_0046.png,2,43,46,0.049317296758466966,14.0,0.31098841214771566,91.0,74.0,47.333333333333336,32.0,16.666666666666664
img_1205.png,img_1211.png,2,1205,1211,0.001960445539873578,4.0,0.13241541994550554,66.0,44.666666666666664,17.0,9.333333333333334,3.0
img_1362.png,img_1359.png,1,1362,1359,0.0002695661295220843,1.3333333333333333,0.010908846966936855,2.3333333333333335,0.0,0.0,0.0,0.0
img_0575.png,img_0580.png,1,575,580,0.004654468074722668,8.333333333333334,0.2956906067383849,80.0,58.666666666666664,37.666666666666664,24.333333333333336,14.666666666666666
img_0806.png,img_0805.png,1,806,805,0.00029470469833081273,1.6666666666666667,0.002325067779323183,0.0,0.0,0.0,0.0,0.0
img_0195.png,img_0193.png,1,195,193,0.0016277300200744698,2.0,0.055905386788106526,19.333333333333332,13.666666666666666,6.0,3.0,2.0
img_0123.png,img_0828.png,2,123,828,0.01270664495476938,7.333333333333333,0.2579608396895036,90.33333333333333,71.66666666666667,45.33333333333333,28.000000000000004,11.0
img_0339.png,img_0342.png,1,339,342,0.00018592638212404876,1.3333333333333333,0.01816371421009779,9.0,0.0,0.0,0.0,0.0
img_1090.png,img_0090.png,2,1090,90,0.025311498323680303,10.666666666666666,0.4108052256770799,89.66666666666666,72.66666666666667,51.0,34.0,18.666666666666668
img_0076.png,img_0069.png,1,76,69,0.0035472513247457216,7.0,0.11592829287779277,59.66666666666667,33.666666666666664,17.333333333333336,8.333333333333332,3.3333333333333335
img_1346.png,img_0584.png,2,1346,584,0.027147421111321682,13.333333333333334,0.5411284107116002,90.0,77.0,59.66666666666667,46.666666666666664,29.666666666666668
img_1107.png,img_1113.png,1,1107,1113,0.003063532235113618,7.0,0.0338008687808557,18.0,6.333333333333334,0.6666666666666667,0.33333333333333337,0.0
img_0744.png,img_0113.png,2,744,113,0.009452425600850465,3.6666666666666665,0.28551734081359836,90.0,70.0,43.666666666666664,27.333333333333332,14.000000000000002
img_1363.png,img_1358.png,1,1363,1358,0.0009579431212429594,2.6666666666666665,0.015734493875905347,4.0,0.33333333333333337,0.0,0.0,0.0
img_0583.png,img_1072.png,2,583,1072,0.02655660187248612,21.666666666666668,0.374033130353061,96.0,85.33333333333334,59.333333333333336,40.0,19.666666666666664
img_0725.png,img_0726.png,1,725,726,0.0022375150617638105,5.333333333333333,0.035407723596459086,18.333333333333332,7.333333333333333,2.0,1.0,0.33333333333333337
img_0443.png,img_0607.png,2,443,607,0.03232866766681933,17.333333333333332,0.44083028116301953,97.33333333333334,87.66666666666667,59.66666666666667,40.0,21.333333333333336
img_0968.png,img_0965.png,1,968,965,0.001030616668090549,3.0,0.2298836794784889,69.0,49.333333333333336,33.33333333333333,21.333333333333336,11.333333333333332
img_0368.png,img_0854.png,2,368,854,0.007218684633757578,8.333333333333334,0.29899999302886815,89.0,74.66666666666667,50.0,34.66666666666667,17.0
img_0567.png,img_0560.png,1,567,560,4.394745429222945e-05,1.0,0.009201880857351675,0.33333333333333337,0.0,0.0,0.0,0.0
img_1240.png,img_0641.png,2,1240,641,0.03288215334106507,13.0,0.26345805840181863,90.33333333333333,75.0,44.333333333333336,30.666666666666664,16.0
img_1012.png,img_1018.png,1,1012,1018,0.002800802540751329,7.666666666666667,0.017420451070534092,6.333333333333334,2.0,0.0,0.0,0.0
img_0094.png,img_1024.png,2,94,1024,0.014772407853218815,16.0,0.31648952443573647,93.33333333333333,82.0,55.333333333333336,39.666666666666664,15.0
img_0530.png,img_0523.png,2,530,523,0.0056762264023315105,3.0,0.37099998503781484,88.66666666666667,73.33333333333333,46.666666666666664,35.66666666666667,21.0
img_0866.png,img_0870.png,1,866,870,5.847636572168118e-05,1.3333333333333333,0.008018903050759588,0.6666666666666667,0.33333333333333337,0.0,0.0,0.0
img_0460.png,img_0452.png,1,460,452,3.06255714467889e-06,0.0,0.0042609696785006574,0.0,0.0,0.0,0.0,0.0
img_0558.png,img_0716.png,2,558,716,0.00905461052108958,11.333333333333334,0.30131803821238246,87.66666666666667,71.0,46.666666666666664,33.666666666666664,16.666666666666664
img_0131.png,img_0139.png,1,131,139,0.0009274109724105307,2.6666666666666665,0.07164317555993906,46.33333333333333,19.0,6.666666666666667,3.0,1.0
img_0680.png,img_0612.png,2,680,612,0.007076831090547973,10.333333333333334,0.2546948223445934,90.0,69.33333333333334,42.66666666666667,27.333333333333332,12.0
img_1101.png,img_1104.png,1,1101,1104,9.924235057873383e-05,1.0,0.004913091220239867,0.0,0.0,0.0,0.0,0.0
img_0255.png,img_0390.png,2,255,390,0.019081323008341918,18.0,0.5213741297654965,92.66666666666666,77.66666666666666,61.33333333333333,50.33333333333333,35.0
img_1259.png,img_1257.png,1,1259,1257,0.0002268614655925265,1.6666666666666667,0.06685514968039298,41.66666666666667,18.0,7.000000000000001,2.666666666666667,0.6666666666666667
img_0568.png,img_0326.png,2,568,326,0.010593787326184925,5.666666666666667,0.23366569386003003,87.0,64.33333333333333,36.333333333333336,24.666666666666668,10.666666666666668
img_0197.png,img_0198.png,1,197,198,4.173670385773288e-05,0.3333333333333333,0.02255375727408671,11.0,6.0,2.666666666666667,1.0,0.0
img_0855.png,img_0622.png,2,855,622,0.028742558922120867,16.0,0.4639803928902978,98.66666666666667,90.66666666666666,66.66666666666666,50.33333333333333,26.666666666666668
img_0525.png,img_0529.png,2,525,529,0.00547182889338694,2.0,0.31074996415093886,89.0,73.66666666666667,48.333333333333336,33.33333333333333,21.0
img_0414.png,img_0416.png,1,414,416,0.003059680398874392,6.0,0.011408434751946006,2.0,0.6666666666666667,0.0,0.0,0.0
img_0368.png,img_0367.png,1,368,367,3.847267636849392e-06,0.0,0.001025580241807463,0.0,0.0,0.0,0.0,0.0
img_0141.png,img_0900.png,2,141,900,0.01966465592993216,13.0,0.414666126012527,95.66666666666667,81.33333333333333,55.333333333333336,36.666666666666664,20.333333333333332
img_1086.png,img_1082.png,1,1086,1082,0.0024488953454615305,6.0,0.022171383735746786,10.0,0.6666666666666667,0.0,0.0,0.0
img_0504.png,img_1157.png,2,504,1157,0.012484103159821902,10.666666666666666,0.32714042982653474,87.33333333333333,71.66666666666667,48.333333333333336,32.666666666666664,17.0
img_1066.png,img_1072.png,1,1066,1072,0.00015004473538695449,1.3333333333333333,0.02884987404128573,18.0,4.666666666666667,0.0,0.0,0.0
img_0491.png,img_1248.png,2,491,1248,0.006769271309671393,7.333333333333333,0.2368196402122489,86.33333333333333,67.33333333333333,40.0,24.333333333333336,9.666666666666666
img_1164.png,img_1169.png,2,1164,1169,0.013059298781330537,7.333333333333333,0.13393463236545528,80.0,50.33333333333333,20.333333333333332,9.666666666666666,1.6666666666666667
img_0635.png,img_0632.png,1,635,632,0.0204621122017207,17.0,0.06516835150907377,47.0,16.333333333333332,5.0,2.0,0.0
img_0285.png,img_0278.png,2,285,278,0.00030855952095474557,1.0,0.07250375608967516,50.33333333333333,24.0,6.666666666666667,2.666666666666667,0.33333333333333337
img_0328.png,img_0320.png,1,328,320,0.0012439807952918031,4.333333333333333,0.029167264504304635,18.0,3.3333333333333335,0.33333333333333337,0.0,0.0
img_0074.png,img_0077.png,2,74,77,0.020556713524437973,7.666666666666667,0.45607169259427166,91.33333333333333,77.66666666666666,49.333333333333336,33.33333333333333,14.666666666666666
img_0911.png,img_0918.png,2,911,918,0.006635089398298175,6.333333333333333,0.2856976317187852,88.0,72.0,46.0,33.0,16.0
img_0397.png,img_0395.png,1,397,395,9.725902361406414e-05,0.6666666666666666,0.0025420515200190274,0.0,0.0,0.0,0.0,0.0
img_0661.png,img_0667.png,2,661,667,0.009906204906058128,8.333333333333334,0.2964053235258786,89.33333333333333,71.33333333333334,48.66666666666667,34.333333333333336,18.666666666666668
img_0994.png,img_0991.png,2,994,991,0.023023481164545195,1.6666666666666667,0.26803011540142996,77.33333333333333,57.666666666666664,40.33333333333333,27.0,13.333333333333334
img_0070.png,img_0074.png,1,70,74,0.004044227072755453,9.0,0.013530715527506981,0.6666666666666667,0.0,0.0,0.0,0.0
img_0060.png,img_0065.png,2,60,65,0.03231943320747668,14.0,0.3289417351205206,96.0,80.66666666666666,53.333333333333336,33.666666666666664,17.333333333333336
img_0972.png,img_0976.png,1,972,976,0.0022217710373430735,2.3333333333333335,0.30208076945891627,69.0,54.0,37.666666666666664,29.333333333333332,15.0
img_1025.png,img_1024.png,1,1025,1024,2.5541747915619914e-05,0.6666666666666666,0.008998904821968553,4.666666666666667,2.666666666666667,0.0,0.0,0.0
img_0663.png,img_0667.png,1,663,667,0.00038069969463502704,2.6666666666666665,0.035362915984255006,23.0,7.333333333333333,0.6666666666666667,0.0,0.0
img_0406.png,img_0414.png,1,406,414,0.007591757656165114,7.0,0.11474040879845719,60.0,37.0,16.333333333333332,9.333333333333334,2.666666666666667
img_0982.png,img_1340.png,2,982,1340,0.02126646866578863,13.333333333333334,0.3305390956154936,90.33333333333333,77.0,50.66666666666667,35.333333333333336,21.333333333333336
img_1044.png,img_1046.png,1,1044,1046,0.00020365807068907003,2.0,0.002304508731224944,0.0,0.0,0.0,0.0,0.0
img_1169.png,img_0954.png,2,1169,954,0.031022282533518974,6.333333333333333,0.2661438926099553,83.0,66.66666666666666,41.333333333333336,28.000000000000004,13.333333333333334
img_0815.png,img_0807.png,2,815,807,0.017365918833996612,15.666666666666666,0.32001407640066853,79.33333333333333,65.0,44.666666666666664,29.333333333333332,18.333333333333332
img_0419.png,img_0415.png,2,419,415,0.00808349762958513,8.666666666666666,0.352765489130893,87.33333333333333,69.0,44.0,30.0,13.0
img_0339.png,img_0336.png,1,339,336,0.00022651081614706443,1.6666666666666667,0.004373749852218345,0.0,0.0,0.0,0.0,0.0
img_1115.png,img_1119.png,2,1115,1119,0.007717751257707898,9.666666666666666,0.18547252237980102,85.66666666666667,61.66666666666667,32.0,17.333333333333336,6.0
img_0771.png,img_0769.png,1,771,769,0.00020597880496303145,1.3333333333333333,0.01701577838040933,6.333333333333334,0.0,0.0,0.0,0.0
img_0900.png,img_0895.png,2,900,895,0.01148551335450751,14.666666666666666,0.32346059646498776,52.666666666666664,41.66666666666667,29.333333333333332,23.666666666666668,14.666666666666666
img_0675.png,img_0673.png,1,675,673,8.79309641311005e-06,0.0,0.001964005748108345,0.0,0.0,0.0,0.0,0.0
img_0384.png,img_0376.png,2,384,376,0.0052809777906960296,7.0,0.29632340279909775,90.0,72.0,52.0,34.66666666666667,18.0
img_0518.png,img_0517.png,1,518,517,3.890659030302945e-05,1.0,0.0030399767391127886,0.33333333333333337,0.0,0.0,0.0,0.0
img_0655.png,img_0653.png,1,655,653,0.0006012991438919653,2.6666666666666665,0.017710718397585024,5.666666666666666,1.6666666666666667,0.6666666666666667,0.33333333333333337,0.0
img_1147.png,img_1142.png,1,1147,1142,0.0010721209674412516,3.3333333333333335,0.020214406925369143,6.666666666666667,1.0,0.0,0.0,0.0
img_1033.png,img_0828.png,2,1033,828,0.02031779880752457,14.333333333333334,0.3886901554895207,90.0,72.0,48.0,37.666666666666664,21.0
img_1185.png,img_1186.png,2,1185,1186,8.675606845437652e-06,0.3333333333333333,0.0013560646101563043,0.0,0.0,0.0,0.0,0.0
img_0634.png,img_0630.png,1,634,630,0.0023061116361221285,5.666666666666667,0.025967934283129983,15.0,2.666666666666667,0.0,0.0,0.0
img_0492.png,img_0490.png,1,492,490,0.0013218026796425787,5.0,0.02129015262974888,9.0,0.33333333333333337,0.0,0.0,0.0
img_1179.png,img_0263.png,2,1179,263,0.01754455464286907,11.0,0.1699799627517402,85.33333333333334,57.333333333333336,23.666666666666668,13.333333333333334,5.333333333333334
img_1249.png,img_1248.png,1,1249,1248,0.0014644233330419582,5.0,0.009571215945161065,0.6666666666666667,0.0,0.0,0.0,0.0
img_0746.png,img_0996.png,2,746,996,0.0023690507099864383,6.0,0.18114243560635426,81.33333333333333,56.00000000000001,30.333333333333336,19.666666666666664,7.000000000000001
img_1351.png,img_1343.png,2,1351,1343,0.00565244969226891,6.333333333333333,0.4110921217766666,85.33333333333334,65.66666666666666,47.0,37.0,22.0
img_0107.png,img_0108.png,1,107,108,0.002393534432412253,5.333333333333333,0.0046355546852959355,0.0,0.0,0.0,0.0,0.0
img_0356.png,img_0355.png,1,356,355,0.015781072790817488,15.0,0.03831387926985436,27.0,1.6666666666666667,0.0,0.0,0.0
img_1228.png,img_1037.png,2,1228,1037,0.0118869859418005,5.0,0.24010366226534255,79.33333333333333,58.666666666666664,33.666666666666664,24.0,13.0
img_1083.png,img_1084.png,1,1083,1084,0.0006514094057249324,3.0,0.007308071646049787,0.0,0.0,0.0,0.0,0.0
img_0668.png,img_0385.png,2,668,385,0.015026083309993303,17.0,0.45916247811084343,88.66666666666667,71.66666666666667,47.0,35.66666666666667,21.333333333333336
img_0564.png,img_0562.png,1,564,562,0.00020514692296477453,1.3333333333333333,0.0066693359836926085,0.0,0.0,0.0,0.0,0.0
img_0142.png,img_1327.png,2,142,1327,0.021235264082082057,12.0,0.5369818383344506,90.0,79.33333333333333,63.33333333333333,53.0,32.0
img_0405.png,img_0399.png,2,405,399,0.030199413097584536,9.333333333333334,0.3430544445159796,90.33333333333333,73.66666666666667,46.0,33.0,15.666666666666668
img_0268.png,img_0267.png,1,268,267,0.015285458286930868,11.666666666666666,0.18530272874333437,72.66666666666667,50.66666666666667,30.333333333333336,21.0,9.0
img_0676.png,img_0677.png,1,676,677,1.475331425699927e-06,0.3333333333333333,0.00036246272029022474,0.0,0.0,0.0,0.0,0.0
img_0165.png,img_0098.png,2,165,98,0.02002601767374285,11.666666666666666,0.22624732814039192,82.0,59.0,38.0,26.333333333333332,11.0
img_0333.png,img_0332.png,1,333,332,0.00013124148280580582,1.3333333333333333,0.0025216416144422616,0.0,0.0,0.0,0.0,0.0
img_0074.png,img_0162.png,2,74,162,0.020236240747406428,14.333333333333334,0.2941743495246892,96.0,80.33333333333333,52.666666666666664,34.0,13.666666666666666
img_1348.png,img_1355.png,2,1348,1355,0.01193933994005425,8.666666666666666,0.5030515486914489,82.33333333333334,68.0,49.333333333333336,37.0,25.0
img_0939.png,img_0942.png,1,939,942,9.874597015769159e-06,0.3333333333333333,0.0013251111360129313,0.0,0.0,0.0,0.0,0.0
img_1230.png,img_1229.png,1,1230,1229,3.082182343871049e-05,1.0,0.004997982488498437,0.0,0.0,0.0,0.0,0.0
img_0687.png,img_0438.png,2,687,438,0.059364739794014944,15.333333333333334,0.4149944473560085,96.33333333333334,83.66666666666667,60.333333333333336,39.0,19.333333333333332
img_1230.png,img_1224.png,1,1230,1224,0.0009973759304780943,4.0,0.0044404905921856174,0.0,0.0,0.0,0.0,0.0
img_0119.png,img_0933.png,2,119,933,0.013963635195786757,8.666666666666666,0.23688919849046414,87.33333333333333,65.66666666666666,40.0,22.666666666666664,10.0
img_0882.png,img_0886.png,1,882,886,0.002236073355278147,4.0,0.020156646241144653,5.666666666666666,0.6666666666666667,0.33333333333333337,0.33333333333333337,0.33333333333333337
img_0852.png,img_0580.png,2,852,580,0.011190759371323978,12.333333333333334,0.4945781940395386,94.0,81.0,57.99999999999999,43.0,26.666666666666668
img_0901.png,img_0905.png,2,901,905,0.00952992498152866,8.333333333333334,0.3589741505306904,90.66666666666666,73.66666666666667,47.66666666666667,31.333333333333336,12.333333333333334
img_1065.png,img_1067.png,1,1065,1067,1.6667613966651352e-05,0.6666666666666666,0.005026414603816943,1.3333333333333335,0.33333333333333337,0.0,0.0,0.0
img_0915.png,img_0920.png,2,915,920,0.006257020321673153,7.0,0.2730394971378711,88.33333333333333,71.66666666666667,43.333333333333336,32.0,14.333333333333334
img_0878.png,img_0876.png,1,878,876,1.660423546321309e-05,0.0,0.009967770343740336,0.6666666666666667,0.0,0.0,0.0,0.0
img_0206.png,img_0209.png,1,206,209,0.00013512715530714935,1.0,0.003345733234822299,0.0,0.0,0.0,0.0,0.0
img_1079.png,img_0662.png,2,1079,662,0.018861602970488053,14.333333333333334,0.4164168796060745,91.0,80.0,57.666666666666664,43.333333333333336,22.333333333333332
img_1139.png,img_1146.png,2,1139,1146,0.04444974117630379,26.0,0.24189924481925157,96.33333333333334,75.66666666666667,46.666666666666664,28.333333333333332,9.333333333333334
img_0178.png,img_0176.png,1,178,176,0.00894178307189062,11.333333333333334,0.050408923336972826,37.0,15.0,1.3333333333333335,0.33333333333333337,0.0
img_1226.png,img_1232.png,2,1226,1232,0.017457423990865004,8.0,0.15826681086398964,75.33333333333333,54.0,26.666666666666668,15.0,3.6666666666666665
img_0604.png,img_0598.png,2,604,598,0.05203648860313207,9.666666666666666,0.3576230062148031,96.33333333333334,85.0,60.333333333333336,42.0,18.0
img_0355.png,img_0352.png,1,355,352,0.000464384870476588,2.3333333333333335,0.0032107982723167104,0.0,0.0,0.0,0.0,0.0
img_0155.png,img_0157.png,1,155,157,6.941382382389397e-05,0.6666666666666666,0.0020782611946136434,0.0,0.0,0.0,0.0,0.0
img_0310.png,img_0302.png,1,310,302,0.00499318983449579,6.0,0.09551924314085526,52.0,33.0,12.333333333333334,6.333333333333334,1.0
img_0983.png,img_1064.png,2,983,1064,0.015171556804393532,22.333333333333332,0.19605691221569085,82.0,65.0,37.666666666666664,20.0,5.666666666666666
img_1275.png,img_1270.png,1,1275,1270,0.0012482283183094741,4.333333333333333,0.023272873655019285,10.666666666666668,1.3333333333333335,0.0,0.0,0.0
img_0007.png,img_0116.png,2,7,116,0.0524585621682252,11.666666666666666,0.30789812476825706,90.0,72.33333333333334,44.666666666666664,27.333333333333332,19.0
img_0946.png,img_0951.png,1,946,951,0.00034748939290694063,3.0,0.08384734066875071,38.666666666666664,23.333333333333332,10.333333333333334,6.0,2.3333333333333335
img_1290.png,img_0894.png,2,1290,894,0.04351772192867296,20.333333333333332,0.5567290102518605,98.66666666666667,91.66666666666666,64.66666666666666,42.0,24.0
img_1083.png,img_1087.png,1,1083,1087,0.0010135136614625954,2.6666666666666665,0.07871577484331851,49.0,25.0,9.333333333333334,3.0,0.33333333333333337
img_1142.png,img_0649.png,2,1142,649,0.024358020077819464,17.0,0.15055260139017487,84.0,52.33333333333333,24.666666666666668,11.666666666666666,3.0
img_1326.png,img_1318.png,2,1326,1318,0.01039266420855906,4.0,0.17429455083337592,80.33333333333333,56.333333333333336,29.333333333333332,18.333333333333332,6.0
img_0736.png,img_0740.png,1,736,740,0.0003731723155014196,2.0,0.023875385105016064,13.333333333333334,3.3333333333333335,1.0,0.33333333333333337,0.33333333333333337
img_0938.png,img_0941.png,1,938,941,0.0003443685820532956,2.3333333333333335,0.002769438165490003,0.0,0.0,0.0,0.0,0.0
img_0017.png,img_1200.png,2,17,1200,0.036495022598282766,22.666666666666668,0.15572392569777974,89.33333333333333,63.0,22.666666666666664,7.666666666666666,2.3333333333333335
img_1040.png,img_1034.png,2,1040,1034,0.026323410648814993,12.0,0.3090614298436276,90.66666666666666,72.0,43.333333333333336,30.333333333333336,13.666666666666666
img_0646.png,img_0644.png,1,646,644,0.006618354630883473,9.666666666666666,0.05697029062287039,38.666666666666664,15.0,3.3333333333333335,1.3333333333333335,0.6666666666666667
img_0861.png,img_0854.png,2,861,854,0.007722511298690953,4.666666666666667,0.6859983878921241,96.66666666666667,89.0,71.66666666666667,56.333333333333336,41.0
img_0458.png,img_0462.png,2,458,462,0.009992957563142607,12.333333333333334,0.6373259027537602,94.66666666666667,82.66666666666667,65.0,52.33333333333333,34.66666666666667
img_0938.png,img_0944.png,2,938,944,0.015586800803425829,7.0,0.1850585277804331,75.33333333333333,52.33333333333333,28.666666666666668,18.666666666666668,8.666666666666668
img_0736.png,img_0742.png,1,736,742,0.0008710948895223995,3.0,0.017321509124777895,4.666666666666667,1.3333333333333335,0.0,0.0,0.0
img_1263.png,img_1259.png,1,1263,1259,0.0004928849377563932,2.3333333333333335,0.008763005139236835,0.6666666666666667,0.0,0.0,0.0,0.0
img_1314.png,img_1307.png,2,1314,1307,0.043693297017780575,9.333333333333334,0.323733848177837,88.33333333333333,72.33333333333334,47.333333333333336,34.333333333333336,21.333333333333336
img_0427.png,img_0433.png,2,427,433,0.06322774346037682,15.333333333333334,0.8940124569369573,98.66666666666667,94.0,78.0,64.0,38.666666666666664
img_0506.png,img_0511.png,1,506,511,0.00018720772045943668,1.3333333333333333,0.016593981002505812,7.000000000000001,0.33333333333333337,0.0,0.0,0.0
img_0729.png,img_0737.png,2,729,737,0.013203479785074414,12.333333333333334,0.5085531302420438,91.0,78.33333333333333,55.333333333333336,37.0,24.0
img_0700.png,img_0693.png,1,700,693,8.037755106557098e-05,1.0,0.017638566851559172,8.666666666666668,2.3333333333333335,0.0,0.0,0.0
img_0917.png,img_0910.png,2,917,910,0.0064711314102653345,5.333333333333333,0.30240025641296836,88.0,71.0,46.666666666666664,33.33333333333333,13.333333333333334
img_0832.png,img_0829.png,2,832,829,0.029937571555412937,15.0,0.300849613244982,94.0,74.33333333333333,47.66666666666667,30.0,14.666666666666666
img_1373.png,img_1377.png,1,1373,1377,5.702112485398033e-05,1.3333333333333333,0.08279697852155898,42.333333333333336,22.666666666666664,9.0,5.666666666666666,2.666666666666667
img_0878.png,img_0877.png,1,878,877,0.0023836871431988475,6.333333333333333,0.009226979639690203,0.0,0.0,0.0,0.0,0.0
img_0582.png,img_0583.png,1,582,583,4.2716491040306875e-05,0.0,0.0275296095191772,15.333333333333332,5.0,0.6666666666666667,0.0,0.0
img_0645.png,img_0638.png,1,645,638,0.008451549194143183,10.0,0.13386719525769503,63.33333333333333,39.33333333333333,16.333333333333332,9.0,4.0
img_0501.png,img_0502.png,1,501,502,1.7201491862847652e-05,1.0,0.004599983756636619,0.0,0.0,0.0,0.0,0.0
img_0162.png,img_0345.png,2,162,345,0.023370709618231015,14.0,0.3803590646055363,94.66666666666667,78.66666666666666,55.666666666666664,35.333333333333336,18.0
img_0203.png,img_0211.png,2,203,211,0.009590360426932709,6.0,0.17185459231077355,62.66666666666667,38.666666666666664,19.333333333333332,11.333333333333332,4.666666666666667
img_0896.png,img_0898.png,1,896,898,0.0037743475188612863,6.333333333333333,0.18462335794959814,32.666666666666664,23.333333333333332,12.666666666666668,9.0,7.333333333333333
img_0398.png,img_0402.png,1,398,402,0.002088657076661417,4.333333333333333,0.010010042573431832,0.0,0.0,0.0,0.0,0.0
img_0801.png,img_0566.png,2,801,566,0.02726419430024349,8.0,0.24461614268996973,93.0,78.0,48.0,28.000000000000004,8.666666666666668
img_0837.png,img_0843.png,1,837,843,0.0026657242370629907,7.666666666666667,0.05971597691563055,44.0,18.333333333333332,3.6666666666666665,0.6666666666666667,0.0
img_0637.png,img_1180.png,2,637,1180,0.015586461352838641,11.333333333333334,0.19276766647889934,84.66666666666667,61.66666666666667,36.0,19.333333333333332,7.000000000000001
img_1105.png,img_1098.png,2,1105,1098,0.007773351976434646,9.0,0.11402483399683148,73.66666666666667,43.0,14.333333333333334,3.6666666666666665,1.0
img_0409.png,img_0412.png,1,409,412,0.016349439959962186,14.0,0.1358796684396491,62.66666666666667,40.0,23.0,11.666666666666666,5.0
img_0752.png,img_0750.png,1,752,750,0.0011784353322777418,4.666666666666667,0.03463954183927966,13.666666666666666,5.333333333333334,2.0,1.3333333333333335,0.6666666666666667
img_0611.png,img_0241.png,2,611,241,0.02446289899889915,9.0,0.28288898180830907,90.66666666666666,75.0,48.0,30.666666666666664,15.0
img_0170.png,img_0163.png,2,170,163,0.005029244144072847,1.6666666666666667,0.22565665901273435,74.0,54.666666666666664,33.0,21.0,11.666666666666666
img_0961.png,img_0968.png,2,961,968,0.012407081175036078,11.333333333333334,0.2878029143003826,88.0,77.33333333333333,53.0,35.66666666666667,14.666666666666666
img_1223.png,img_1216.png,1,1223,1216,0.00045846777540262037,1.3333333333333333,0.03588514597957177,23.333333333333332,7.000000000000001,0.33333333333333337,0.0,0.0
img_1260.png,img_1258.png,1,1260,1258,0.00023622176223547193,2.0,0.07131018571193908,41.0,22.333333333333332,7.000000000000001,3.0,0.33333333333333337
img_0321.png,img_0318.png,2,321,318,0.010137686201956294,9.0,0.6430549202774007,94.33333333333334,80.66666666666666,61.66666666666667,49.0,28.999999999999996
img_0171.png,img_0175.png,1,171,175,0.0014450353896968433,4.666666666666667,0.048236954128899195,33.666666666666664,15.0,1.6666666666666667,0.33333333333333337,0.0
img_0817.png,img_0819.png,1,817,819,0.0006995615695796167,2.6666666666666665,0.07707740091800011,39.0,20.0,9.0,5.0,2.0
img_0116.png,img_0031.png,2,116,31,0.013330785877403523,4.666666666666667,0.37922961167368746,85.66666666666667,69.66666666666667,52.0,37.333333333333336,20.666666666666668
img_0314.png,img_0316.png,1,314,316,1.692277689910643e-06,0.3333333333333333,0.0008630609339218331,0.0,0.0,0.0,0.0,0.0
img_0150.png,img_1311.png,2,150,1311,0.0255830189315376,8.0,0.5495414987497615,92.0,79.66666666666666,61.66666666666667,44.333333333333336,33.33333333333333
img_1268.png,img_1262.png,2,1268,1262,0.0033573636404141747,6.666666666666667,0.18297926115246008,81.33333333333333,61.0,25.666666666666664,15.0,6.666666666666667
img_0182.png,img_0174.png,2,182,174,0.04058605677295097,14.333333333333334,0.3223811688309717,95.66666666666667,81.66666666666667,55.666666666666664,38.0,19.0
img_0383.png,img_0382.png,1,383,382,0.0019395493137971283,4.666666666666667,0.00790362115611687,0.0,0.0,0.0,0.0,0.0
img_0038.png,img_0032.png,2,38,32,0.0015297915881222395,3.3333333333333335,0.17848805068599471,64.0,44.666666666666664,28.666666666666668,18.0,10.666666666666668
img_0210.png,img_0212.png,1,210,212,0.05313391971737259,24.666666666666668,0.25685798615877575,79.66666666666666,56.00000000000001,34.0,22.333333333333332,11.333333333333332
img_0861.png,img_0860.png,1,861,860,0.0067506246474819225,8.666666666666666,0.031346742265125654,16.0,5.666666666666666,0.6666666666666667,0.33333333333333337,0.0
img_1286.png,img_1287.png,1,1286,1287,0.0008920416543985064,2.6666666666666665,0.015870669264225055,5.666666666666666,0.6666666666666667,0.0,0.0,0.0
img_1192.png,img_1330.png,2,1192,1330,0.007140916137683511,5.333333333333333,0.2548011607981876,84.0,63.0,42.0,28.999999999999996,13.666666666666666
img_1361.png,img_1363.png,1,1361,1363,9.650655647639986e-05,1.0,0.003584557539365466,0.0,0.0,0.0,0.0,0.0
img_0458.png,img_1187.png,2,458,1187,0.029470248850989044,10.333333333333334,0.2112289185361699,82.66666666666667,62.33333333333333,35.66666666666667,21.666666666666668,8.666666666666668
img_0020.png,img_0021.png,1,20,21,0.0019316952411152456,5.0,0.005999576816464466,0.33333333333333337,0.0,0.0,0.0,0.0
img_0458.png,img_0389.png,2,458,389,0.028342157090235142,16.333333333333332,0.2850781181322468,90.66666666666666,74.66666666666667,48.0,33.666666666666664,14.333333333333334
img_0289.png,img_0293.png,1,289,293,0.002526121376648168,7.333333333333333,0.03076758039282962,14.000000000000002,7.000000000000001,2.0,1.0,0.33333333333333337
img_1296.png,img_0412.png,2,1296,412,0.019919053107441607,9.333333333333334,0.31105197433412085,87.0,69.0,49.0,35.66666666666667,19.0
img_0799.png,img_0802.png,1,799,802,9.035281309973497e-06,0.3333333333333333,0.006038510955861141,0.33333333333333337,0.0,0.0,0.0,0.0
img_1012.png,img_0424.png,2,1012,424,0.037548529195639946,20.333333333333332,0.4023923372875286,95.66666666666667,84.0,61.0,44.333333333333336,32.0
img_0812.png,img_0817.png,1,812,817,0.0014154199733341505,3.0,0.03423496064705931,18.666666666666668,7.666666666666666,2.3333333333333335,0.33333333333333337,0.33333333333333337
img_0749.png,img_0278.png,2,749,278,0.02386551456579636,16.666666666666668,0.28367509212259967,95.0,80.0,56.00000000000001,37.666666666666664,13.333333333333334
img_0548.png,img_0551.png,1,548,551,0.001195512959758249,4.333333333333333,0.04498772693032475,31.666666666666664,11.333333333333332,1.0,0.6666666666666667,0.0
img_0168.png,img_0164.png,2,168,164,0.005649965150547573,2.0,0.2514238089183016,76.0,55.666666666666664,32.0,21.333333333333336,11.0
img_0941.png,img_0944.png,2,941,944,0.014937702760439186,4.666666666666667,0.18621620207266754,75.33333333333333,51.33333333333333,28.333333333333332,17.666666666666668,9.0
img_0990.png,img_0996.png,2,990,996,0.0245043041340281,5.0,0.25089490494354466,77.66666666666666,58.333333333333336,38.666666666666664,28.000000000000004,13.333333333333334
img_0325.png,img_0329.png,1,325,329,0.00156061944023681,5.333333333333333,0.024301701837455027,11.666666666666666,3.0,0.33333333333333337,0.0,0.0
img_0297.png,img_0291.png,1,297,291,0.005356759955489399,9.333333333333334,0.06401306761882575,36.666666666666664,16.0,6.0,3.3333333333333335,1.0
img_0690.png,img_0691.png,1,690,691,0.00022175726183278914,1.6666666666666667,0.006499825413412472,1.0,0.6666666666666667,0.33333333333333337,0.0,0.0
img_0049.png,img_1213.png,2,49,1213,0.018958810112801497,15.0,0.24966945178504252,89.66666666666666,72.33333333333334,45.33333333333333,27.0,10.0
img_0018.png,img_0021.png,1,18,21,0.0023183101414178398,5.333333333333333,0.009468572685308397,0.33333333333333337,0.0,0.0,0.0,0.0
img_1228.png,img_0839.png,2,1228,839,0.013000799225100133,6.0,0.25506903737704817,86.66666666666667,71.0,44.666666666666664,28.999999999999996,12.0
img_0863.png,img_0870.png,1,863,870,0.00014514587414843526,1.3333333333333333,0.00942495743220467,1.3333333333333335,0.33333333333333337,0.0,0.0,0.0
img_1232.png,img_1351.png,2,1232,1351,0.013138172107294748,11.0,0.2087601093512836,85.33333333333334,65.0,35.0,20.0,8.0
img_1299.png,img_1305.png,1,1299,1305,7.192066719042216e-05,1.0,0.023641283922257575,9.666666666666666,3.3333333333333335,0.0,0.0,0.0
img_0357.png,img_0323.png,2,357,323,0.0235261979886264,15.333333333333334,0.26571667511051933,90.66666666666666,75.33333333333333,48.0,28.666666666666668,12.333333333333334
img_0008.png,img_0007.png,1,8,7,0.003987680448716727,6.333333333333333,0.06559254023058922,39.666666666666664,20.666666666666668,4.666666666666667,2.666666666666667,1.0
img_0009.png,img_0745.png,2,9,745,0.010998577849627489,5.333333333333333,0.21774629951589428,86.66666666666667,65.33333333333333,35.333333333333336,22.0,9.333333333333334
img_0828.png,img_0830.png,1,828,830,0.0009999590699462807,3.3333333333333335,0.016198822640948397,9.333333333333334,2.0,1.0,0.33333333333333337,0.0
img_0883.png,img_0672.png,2,883,672,0.024922445091052074,12.333333333333334,0.23348941792346864,95.0,77.33333333333333,41.333333333333336,24.666666666666668,8.666666666666668
img_0290.png,img_0297.png,1,290,297,0.004872061330868681,8.666666666666666,0.05955006463677766,32.666666666666664,15.0,6.0,2.666666666666667,1.0
img_0495.png,img_0450.png,2,495,450,0.04092457418443124,18.333333333333332,0.39509046788221963,93.66666666666667,81.66666666666667,58.333333333333336,43.333333333333336,22.0
img_0447.png,img_0453.png,1,447,453,1.3193283120908712e-06,0.0,0.0014130045518601158,0.0,0.0,0.0,0.0,0.0
img_1196.png,img_0653.png,2,1196,653,0.024157908147031493,19.0,0.13295144134779027,78.66666666666666,49.333333333333336,19.0,7.333333333333333,1.6666666666666667
img_0379.png,img_0384.png,1,379,384,0.00019876376000097344,1.3333333333333333,0.03908677891271597,27.0,7.000000000000001,1.3333333333333335,0.33333333333333337,0.0
img_0611.png,img_0911.png,2,611,911,0.033168563141803074,12.666666666666666,0.3334010899982109,96.0,76.66666666666667,48.0,28.999999999999996,15.333333333333332
img_0557.png,img_0565.png,1,557,565,0.00042685540515915115,3.3333333333333335,0.02022574198931568,7.333333333333333,0.33333333333333337,0.0,0.0,0.0
img_0992.png,img_1126.png,2,992,1126,0.012117305618868812,4.333333333333333,0.19927050147593076,87.0,65.33333333333333,36.0,18.333333333333332,7.000000000000001
img_0678.png,img_0685.png,1,678,685,2.6036090954096606e-05,0.6666666666666666,0.018661153875655277,9.0,0.6666666666666667,0.0,0.0,0.0
img_1002.png,img_0632.png,2,1002,632,0.026523096329644735,18.0,0.26715761581626113,84.66666666666667,71.66666666666667,46.33333333333333,33.0,14.000000000000002
img_1287.png,img_1293.png,1,1287,1293,1.8947832097320402e-05,0.3333333333333333,0.0075206519963005244,0.0,0.0,0.0,0.0,0.0
img_0994.png,img_0773.png,2,994,773,0.018048473508466802,16.333333333333332,0.3295833052647691,91.33333333333333,74.33333333333333,48.0,34.66666666666667,19.666666666666664
img_0115.png,img_0120.png,1,115,120,0.015589121802953096,15.666666666666666,0.048276806203766474,35.0,8.0,1.0,0.0,0.0
img_0565.png,img_0600.png,2,565,600,0.02038202234792783,15.0,0.26225376235374026,91.33333333333333,72.0,44.0,27.666666666666668,13.333333333333334
img_1098.png,img_1097.png,1,1098,1097,0.0010299981415513933,4.0,0.009028900361030425,0.0,0.0,0.0,0.0,0.0
img_1190.png,img_1003.png,2,1190,1003,0.011794537405674517,6.666666666666667,0.1500530577391072,77.0,51.66666666666667,26.0,12.333333333333334,2.666666666666667
img_0204.png,img_0203.png,1,204,203,0.002061886405081014,5.333333333333333,0.00632835152645194,0.0,0.0,0.0,0.0,0.0
img_0959.png,img_0773.png,2,959,773,0.017179803326057088,20.0,0.6108522895846972,95.66666666666667,84.66666666666667,61.33333333333333,46.33333333333333,29.333333333333332
img_0200.png,img_0201.png,1,200,201,0.00010200679206187576,1.0,0.010077594169753278,4.666666666666667,1.6666666666666667,0.0,0.0,0.0
img_1318.png,img_0315.png,2,1318,315,0.021825474063220534,7.333333333333333,0.9621258304795761,94.0,88.33333333333333,66.33333333333333,49.0,29.666666666666668
img_0524.png,img_0529.png,2,524,529,0.006425735656178718,2.0,0.3701952428065466,88.33333333333333,72.33333333333334,49.0,32.666666666666664,21.666666666666668
img_1133.png,img_1125.png,2,1133,1125,0.014416018999091444,11.0,0.2223597796522914,88.66666666666667,65.33333333333333,35.66666666666667,19.333333333333332,10.666666666666668
img_0891.png,img_0893.png,1,891,893,0.003979949449387107,8.333333333333334,0.12167607865825329,44.0,28.333333333333332,15.666666666666668,9.333333333333334,6.0
img_0656.png,img_0663.png,2,656,663,0.0139208862231272,16.666666666666668,0.29768910924974334,90.66666666666666,75.66666666666667,49.0,34.0,19.0
img_0648.png,img_0656.png,2,648,656,0.0005509326915986751,1.6666666666666667,0.032828671320146934,15.333333333333332,4.333333333333334,1.3333333333333335,0.6666666666666667,0.33333333333333337
img_0461.png,img_0459.png,2,461,459,0.01024136454591195,12.333333333333334,0.5410702638230949,94.66666666666667,85.33333333333334,63.66666666666667,50.66666666666667,32.666666666666664
img_0701.png,img_0706.png,1,701,706,8.72001834882435e-05,1.0,0.010544751245823537,3.6666666666666665,0.6666666666666667,0.0,0.0,0.0
img_1224.png,img_1216.png,1,1224,1216,0.0010206548763630242,3.0,0.042104101461850285,28.666666666666668,7.666666666666666,1.6666666666666667,0.33333333333333337,0.0
img_0492.png,img_0486.png,2,492,486,0.0183992119867187,12.333333333333334,0.3380230771589918,91.66666666666666,79.0,53.333333333333336,36.333333333333336,15.333333333333332
img_1338.png,img_1345.png,1,1338,1345,0.0004307445783776899,2.0,0.015407473685280617,6.0,0.0,0.0,0.0,0.0
img_0091.png,img_0087.png,1,91,87,0.0007601375671727084,1.3333333333333333,0.0692059779462002,34.0,17.333333333333336,8.333333333333332,6.0,2.3333333333333335
img_1329.png,img_1334.png,1,1329,1334,0.0001645314702278585,0.6666666666666666,0.011617414115254698,0.6666666666666667,0.0,0.0,0.0,0.0
img_1038.png,img_1039.png,1,1038,1039,0.0009519643335571772,4.333333333333333,0.004390793141337164,0.33333333333333337,0.0,0.0,0.0,0.0
img_0068.png,img_0688.png,2,68,688,0.025331879876079044,7.0,0.2553887555483747,87.0,69.66666666666667,41.66666666666667,25.666666666666664,12.0
img_0568.png,img_0572.png,2,568,572,0.021752307111226738,6.0,0.2317613849179663,86.66666666666667,68.33333333333333,39.33333333333333,20.666666666666668,10.666666666666668
img_1194.png,img_1188.png,1,1194,1188,0.005233754231359152,9.333333333333334,0.02508491158617181,11.0,3.0,0.33333333333333337,0.0,0.0
img_0357.png,img_0349.png,1,357,349,0.010113703457095459,11.333333333333334,0.03625577729336355,24.666666666666668,3.0,0.0,0.0,0.0
img_0952.png,img_1236.png,2,952,1236,0.04311349792964628,4.666666666666667,0.23088606412890902,80.33333333333333,63.33333333333333,38.0,24.333333333333336,11.666666666666666
img_0616.png,img_0614.png,1,616,614,6.91360429623767e-05,1.0,0.001969223168620415,0.0,0.0,0.0,0.0,0.0
img_1238.png,img_1222.png,2,1238,1222,0.01822164752530915,8.333333333333334,0.16081466300584646,78.33333333333333,54.0,29.333333333333332,14.333333333333334,3.0
img_1148.png,img_1140.png,1,1148,1140,0.009007736831448147,11.0,0.04483639675925501,32.666666666666664,8.333333333333332,0.33333333333333337,0.0,0.0
img_0483.png,img_0604.png,2,483,604,0.031929817641730925,21.0,0.5141227332872956,97.66666666666667,88.66666666666667,64.0,49.666666666666664,28.000000000000004
img_0352.png,img_0360.png,1,352,360,0.0019031879832541872,4.666666666666667,0.025838025797249704,11.0,0.33333333333333337,0.0,0.0,0.0
img_0056.png,img_0936.png,2,56,936,0.010132024154771586,12.666666666666666,0.3010096053097974,88.33333333333333,69.0,41.333333333333336,27.0,14.666666666666666
img_0742.png,img_0747.png,1,742,747,0.003482574328957581,6.333333333333333,0.02335340143150057,9.333333333333334,3.3333333333333335,1.0,0.0,0.0
img_0287.png,img_0243.png,2,287,243,0.010474839842007734,12.0,0.22253325759992057,83.33333333333334,61.0,37.333333333333336,22.666666666666664,11.333333333333332
img_1105.png,img_1099.png,2,1105,1099,0.008121282002959395,9.333333333333334,0.11199260734060353,73.0,39.33333333333333,13.333333333333334,4.666666666666667,1.3333333333333335
img_0357.png,img_0360.png,1,357,360,0.006842054060390189,9.666666666666666,0.02433118158509877,8.333333333333332,0.0,0.0,0.0,0.0
img_1113.png,img_1110.png,1,1113,1110,0.0011538098124097662,2.0,0.018534542077234945,7.000000000000001,4.333333333333334,1.6666666666666667,0.33333333333333337,0.0
img_1349.png,img_0242.png,2,1349,242,0.03256846414154429,9.333333333333334,0.4075572540143477,93.66666666666667,80.33333333333333,64.66666666666666,41.333333333333336,19.666666666666664
img_1345.png,img_1343.png,1,1345,1343,0.00013196432863683336,0.0,0.00750660067576566,0.0,0.0,0.0,0.0,0.0
img_0970.png,img_0699.png,2,970,699,0.01195761884334264,7.666666666666667,0.38361529050973203,91.33333333333333,77.33333333333333,54.666666666666664,41.333333333333336,22.0
img_1045.png,img_1050.png,2,1045,1050,0.020293859483734498,3.3333333333333335,0.2063071514974267,85.33333333333334,65.66666666666666,34.333333333333336,22.333333333333332,9.666666666666666
img_0532.png,img_0527.png,2,532,527,0.004722704065889239,4.333333333333333,0.2980444907086167,87.66666666666667,73.33333333333333,47.333333333333336,29.666666666666668,18.333333333333332
img_0904.png,img_0912.png,1,904,912,0.0007676924950775988,3.6666666666666665,0.012600518522677927,2.666666666666667,0.33333333333333337,0.0,0.0,0.0
img_0111.png,img_0119.png,2,111,119,0.017451255893519656,8.666666666666666,0.1976799730356188,88.0,65.0,33.0,18.333333333333332,7.666666666666666
img_1164.png,img_1165.png,2,1164,1165,0.005101026345824665,6.333333333333333,0.09340069507558517,64.0,31.0,10.666666666666668,4.333333333333334,0.33333333333333337
img_1126.png,img_1118.png,2,1126,1118,0.007465168364894629,10.333333333333334,0.19249131442131032,78.33333333333333,55.666666666666664,30.0,16.666666666666664,9.0
img_1176.png,img_1179.png,1,1176,1179,0.00035267568357501153,2.3333333333333335,0.002332449465680706,0.0,0.0,0.0,0.0,0.0
img_0656.png,img_0661.png,1,656,661,0.0033388065015747368,7.0,0.009803715663845022,0.6666666666666667,0.0,0.0,0.0,0.0
img_0391.png,img_0393.png,1,391,393,0.03030444752908308,13.333333333333334,0.08224018635391926,52.0,23.0,6.333333333333334,4.0,1.3333333333333335
img_0680.png,img_0675.png,1,680,675,1.117168998616382e-05,0.6666666666666666,0.008666443518681394,0.33333333333333337,0.0,0.0,0.0,0.0
img_0367.png,img_0362.png,2,367,362,0.0011358937477075391,3.0,0.21013760905415452,86.66666666666667,67.0,35.333333333333336,22.0,9.0
img_1208.png,img_1201.png,1,1208,1201,0.00033889846239803053,2.6666666666666665,0.024457627435438393,9.0,2.3333333333333335,0.6666666666666667,0.0,0.0
img_1227.png,img_1234.png,2,1227,1234,0.017312089523148836,8.0,0.16055644020372578,78.66666666666666,54.333333333333336,27.0,14.333333333333334,3.0
img_0722.png,img_0715.png,2,722,715,0.017921518497997935,14.666666666666666,0.7317763307351678,94.66666666666667,80.0,56.99999999999999,46.33333333333333,30.0
img_0564.png,img_0572.png,2,564,572,0.018682354408752943,9.666666666666666,0.22564260551630222,82.66666666666667,65.66666666666666,37.0,22.333333333333332,9.666666666666666
img_0485.png,img_0491.png,2,485,491,0.014438463474640189,15.666666666666666,0.2951981229805206,90.66666666666666,76.66666666666667,51.33333333333333,33.0,15.0
img_0317.png,img_0319.png,1,317,319,0.0012349282181741879,3.3333333333333335,0.00739912964168773,0.33333333333333337,0.0,0.0,0.0,0.0
img_0506.png,img_0510.png,1,506,510,0.0002806532619077791,1.0,0.016465314147623363,6.666666666666667,0.6666666666666667,0.0,0.0,0.0
img_1160.png,img_1155.png,1,1160,1155,0.0010108862417434004,4.333333333333333,0.023847560513846157,11.666666666666666,4.0,0.33333333333333337,0.0,0.0
img_1161.png,img_1158.png,2,1161,1158,0.005410183870431216,7.0,0.10809539645400883,61.33333333333333,31.666666666666664,15.666666666666668,8.666666666666668,1.3333333333333335
img_0488.png,img_0491.png,2,488,491,0.013820219236088038,15.0,0.29197113298432187,89.33333333333333,74.33333333333333,51.33333333333333,31.666666666666664,14.666666666666666
img_0177.png,img_0181.png,1,177,181,0.0010704946644144158,4.0,0.009798738747910733,2.3333333333333335,0.0,0.0,0.0,0.0
img_0389.png,img_0396.png,2,389,396,0.04108092134720043,11.333333333333334,0.301032168989423,90.66666666666666,77.0,57.333333333333336,37.666666666666664,15.333333333333332
img_1307.png,img_1301.png,1,1307,1301,0.003630534456573325,6.666666666666667,0.011827116240144618,1.0,0.0,0.0,0.0,0.0
img_0794.png,img_0790.png,2,794,790,0.007915419080153217,12.0,0.69111021960551,91.66666666666666,77.66666666666666,57.99999999999999,44.333333333333336,30.0
img_0527.png,img_0534.png,2,527,534,0.004335911183993798,5.0,0.32006050295754523,89.0,73.0,49.666666666666664,31.0,18.333333333333332
img_1162.png,img_1170.png,2,1162,1170,0.025670088859895093,15.333333333333334,0.17940619664302193,81.0,53.333333333333336,30.0,18.0,7.666666666666666
img_0928.png,img_0926.png,1,928,926,5.284787104022637e-06,0.0,0.002132048893143641,0.0,0.0,0.0,0.0,0.0
img_0555.png,img_0559.png,2,555,559,0.006558969319103489,5.0,0.2556804993943384,84.66666666666667,63.33333333333333,36.333333333333336,23.0,10.333333333333334
img_0188.png,img_0194.png,1,188,194,0.0021148313438463535,7.0,0.15583974787592403,36.666666666666664,20.0,11.0,7.666666666666666,5.666666666666666
img_0904.png,img_0911.png,1,904,911,7.721068125127276e-05,0.6666666666666666,0.00904144170115859,2.0,0.33333333333333337,0.0,0.0,0.0
img_1108.png,img_1113.png,1,1108,1113,0.0031973331992180714,7.666666666666667,0.03457380496718935,17.666666666666668,7.333333333333333,1.3333333333333335,0.33333333333333337,0.0
img_1004.png,img_1012.png,2,1004,1012,0.0241903907069507,12.0,0.13664337470522916,72.66666666666667,48.0,24.333333333333336,8.666666666666668,2.3333333333333335
img_0630.png,img_0627.png,1,630,627,0.0006898450762972301,3.0,0.005781208699528933,0.0,0.0,0.0,0.0,0.0
img_0265.png,img_0267.png,2,265,267,0.032473254644978404,18.0,0.21963936600850692,85.33333333333334,71.33333333333334,40.666666666666664,25.333333333333336,7.333333333333333
img_1229.png,img_1225.png,1,1229,1225,0.0005775118249585376,2.6666666666666665,0.008764845055196212,1.6666666666666667,0.0,0.0,0.0,0.0
img_1129.png,img_1135.png,2,1129,1135,0.014637017162869853,12.0,0.22877494082112268,90.33333333333333,65.66666666666666,36.333333333333336,21.333333333333336,9.0
img_0195.png,img_0196.png,1,195,196,0.00947796076169941,15.0,0.07777275381108381,47.0,25.333333333333336,7.000000000000001,3.6666666666666665,1.0
img_0353.png,img_0351.png,1,353,351,0.0004659764366886572,2.6666666666666665,0.0074832397979923086,0.6666666666666667,0.0,0.0,0.0,0.0
img_0097.png,img_0105.png,2,97,105,0.008059468501906072,8.333333333333334,0.21369664993622606,84.66666666666667,65.0,37.0,22.333333333333332,9.333333333333334
img_0187.png,img_0181.png,2,187,181,0.029054043465100154,13.0,0.29252977520164347,91.0,73.33333333333333,49.666666666666664,36.0,16.333333333333332
img_0651.png,img_0648.png,1,651,648,2.5238273690019234e-05,0.6666666666666666,0.002631190032052177,0.0,0.0,0.0,0.0,0.0
img_0413.png,img_0419.png,2,413,419,0.009085664152082003,7.666666666666667,0.292937323905295,86.33333333333333,63.66666666666667,39.33333333333333,28.333333333333332,16.666666666666664
img_0927.png,img_0925.png,1,927,925,2.6432370002071016e-06,0.0,0.0014029800491933827,0.0,0.0,0.0,0.0,0.0
img_0135.png,img_0128.png,1,135,128,6.399152738630927e-05,0.0,0.03240589918570979,19.0,6.0,0.33333333333333337,0.0,0.0
img_0375.png,img_0379.png,2,375,379,0.009569975680244959,10.666666666666666,0.2941346484412551,93.33333333333333,75.66666666666667,48.333333333333336,34.333333333333336,16.0
img_0989.png,img_0987.png,1,989,987,9.533273014059937e-06,0.0,0.0012383608088705996,0.0,0.0,0.0,0.0,0.0
img_0473.png,img_0477.png,2,473,477,0.03376223940719896,7.666666666666667,0.935476503121206,95.0,88.66666666666667,70.33333333333334,59.66666666666667,48.333333333333336
img_1056.png,img_1054.png,1,1056,1054,0.0038242871518004103,6.333333333333333,0.054110262216757715,30.666666666666664,12.666666666666668,3.6666666666666665,2.0,1.3333333333333335
img_1341.png,img_1349.png,1,1341,1349,4.425915526910036e-05,0.3333333333333333,0.011222030181744625,2.666666666666667,0.0,0.0,0.0,0.0
img_0922.png,img_0926.png,1,922,926,0.0004517909600076548,2.6666666666666665,0.01461690498599935,6.0,0.0,0.0,0.0,0.0
img_0275.png,img_0864.png,2,275,864,0.020355724505701746,9.666666666666666,0.34249318399325734,92.33333333333333,76.66666666666667,54.333333333333336,39.666666666666664,18.333333333333332
img_0557.png,img_0554.png,2,557,554,0.005359645035726681,5.666666666666667,0.2523877649963986,87.66666666666667,65.33333333333333,36.0,23.666666666666668,11.0
img_0886.png,img_0883.png,1,886,883,0.0021656397192486364,4.0,0.024727972268181395,11.666666666666666,1.3333333333333335,0.6666666666666667,0.33333333333333337,0.0
img_0706.png,img_0698.png,1,706,698,0.0008363396072115703,3.3333333333333335,0.018236588539824274,7.666666666666666,2.666666666666667,0.33333333333333337,0.0,0.0
img_0515.png,img_0729.png,2,515,729,0.004616981228996102,3.6666666666666665,0.4831448139732513,94.33333333333334,84.33333333333334,66.66666666666666,46.666666666666664,30.333333333333336
img_0977.png,img_0985.png,2,977,985,0.057559997916504395,9.0,0.36852441532828023,94.33333333333334,85.0,64.33333333333333,47.66666666666667,30.0
img_0325.png,img_0333.png,1,325,333,0.0019606339034807336,6.0,0.07026966612717776,44.333333333333336,19.333333333333332,6.666666666666667,3.0,1.3333333333333335
img_0067.png,img_0059.png,2,67,59,0.036370158115146066,14.0,0.32308029050204956,96.33333333333334,80.66666666666666,53.0,31.333333333333336,15.0
img_1281.png,img_1286.png,1,1281,1286,0.0005243514474993013,1.3333333333333333,0.025298456970745283,14.000000000000002,3.0,0.0,0.0,0.0
img_0371.png,img_0369.png,1,371,369,6.976813108310943e-05,0.6666666666666666,0.03190835716502154,17.666666666666668,6.333333333333334,0.6666666666666667,0.0,0.0
img_1239.png,img_0651.png,2,1239,651,0.022623487039171122,11.0,0.1374022567208282,77.0,47.0,20.333333333333332,10.666666666666668,2.666666666666667
img_0070.png,img_0078.png,2,70,78,0.04285125640843294,21.666666666666668,0.5137904286471241,92.33333333333333,79.33333333333333,57.666666666666664,41.0,20.666666666666668
img_0868.png,img_0876.png,2,868,876,0.027263812989623437,20.0,0.49745529281325246,96.33333333333334,88.0,66.33333333333333,50.0,28.333333333333332
img_1150.png,img_1147.png,1,1150,1147,0.003896104325310753,7.0,0.010443743808727928,0.33333333333333337,0.0,0.0,0.0,0.0
img_0760.png,img_0754.png,1,760,754,0.00017246740931136964,0.0,0.10055321574236809,52.33333333333333,29.333333333333332,12.333333333333334,4.333333333333334,2.3333333333333335
img_0797.png,img_0795.png,2,797,795,0.03228373952488258,5.0,0.637844275713651,89.66666666666666,75.0,50.33333333333333,37.666666666666664,22.0
img_0408.png,img_0402.png,2,408,402,0.02793311012650077,8.333333333333334,0.3004125040491388,92.33333333333333,72.66666666666667,48.66666666666667,32.0,14.333333333333334
img_1281.png,img_1289.png,1,1281,1289,0.00022923454186187867,1.6666666666666667,0.026713608323439265,16.666666666666664,3.3333333333333335,0.0,0.0,0.0
img_0252.png,img_0250.png,1,252,250,0.0005187802185446124,3.6666666666666665,0.010862167141393672,2.666666666666667,0.0,0.0,0.0,0.0
img_0830.png,img_0831.png,1,830,831,0.0012888103630376857,4.0,0.019072252344181907,10.0,4.666666666666667,0.33333333333333337,0.33333333333333337,0.33333333333333337
img_0755.png,img_0468.png,2,755,468,0.04430098883887312,8.333333333333334,0.8542749907126245,93.0,83.33333333333334,67.33333333333333,52.666666666666664,39.33333333333333
img_1118.png,img_1119.png,2,1118,1119,0.004232040144604003,6.333333333333333,0.1994026439727919,77.33333333333333,52.33333333333333,29.666666666666668,16.0,6.666666666666667
img_0251.png,img_0244.png,2,251,244,0.0073790434196768515,10.666666666666666,0.47816237491464525,93.66666666666667,81.33333333333333,58.666666666666664,46.33333333333333,26.0
img_1191.png,img_1194.png,1,1191,1194,2.087201718746528e-06,0.0,0.010113666052035801,2.0,0.6666666666666667,0.0,0.0,0.0
img_0544.png,img_0540.png,1,544,540,0.009210013721822478,6.0,0.27048293541436935,88.0,71.33333333333334,45.0,28.666666666666668,15.0
img_0091.png,img_0085.png,1,91,85,0.018809334405268423,13.333333333333334,0.11455508626818639,55.333333333333336,34.66666666666667,16.666666666666664,9.0,2.666666666666667
img_0863.png,img_1291.png,2,863,1291,0.03888882184188235,15.333333333333334,0.2932993256135087,93.0,77.0,50.66666666666667,31.333333333333336,16.666666666666664
img_0402.png,img_0410.png,2,402,410,0.024161964037815575,8.333333333333334,0.2963571046696122,91.0,69.33333333333334,45.33333333333333,31.333333333333336,15.666666666666668
img_0620.png,img_0627.png,2,620,627,0.03497948300576761,16.666666666666668,0.4003148496974271,95.66666666666667,79.0,57.333333333333336,42.0,25.0
img_1143.png,img_1140.png,1,1143,1140,0.0001554166601121386,1.3333333333333333,0.008671973680090168,0.6666666666666667,0.33333333333333337,0.0,0.0,0.0
img_0840.png,img_0848.png,2,840,848,0.010535865069826617,6.666666666666667,0.5083576741597077,90.0,77.0,58.333333333333336,46.33333333333333,27.666666666666668
img_0151.png,img_0143.png,1,151,143,2.1412637411070615e-05,0.6666666666666666,0.014406264356407265,5.0,0.6666666666666667,0.0,0.0,0.0
img_0731.png,img_0734.png,1,731,734,0.002664653864959047,5.333333333333333,0.13765243351352022,62.0,38.666666666666664,19.0,10.333333333333334,4.666666666666667
img_0015.png,img_0011.png,1,15,11,0.001042569908880882,3.6666666666666665,0.032567465079143404,19.333333333333332,6.333333333333334,2.0,0.6666666666666667,0.0
img_1303.png,img_0783.png,2,1303,783,0.04855099547879349,8.0,0.40215332435843315,94.66666666666667,81.33333333333333,56.666666666666664,39.666666666666664,21.0
img_0983.png,img_0985.png,1,983,985,1.0721994990064928e-05,0.6666666666666666,0.0007176185219315501,0.0,0.0,0.0,0.0,0.0
img_0027.png,img_0090.png,2,27,90,0.007995680772235031,7.0,0.15904736276912845,81.0,50.66666666666667,23.333333333333332,13.0,4.333333333333334
img_0537.png,img_0538.png,1,537,538,1.128539714189942e-05,0.3333333333333333,0.005347448916411748,0.0,0.0,0.0,0.0,0.0
img_0025.png,img_1114.png,2,25,1114,0.031543761866386036,20.333333333333332,0.18667818646309012,92.33333333333333,70.33333333333334,33.0,15.0,3.0
img_1134.png,img_1139.png,1,1134,1139,0.004015415128087827,6.666666666666667,0.048656213629388295,38.666666666666664,9.666666666666666,1.0,0.33333333333333337,0.0
img_0357.png,img_0673.png,2,357,673,0.01706284595924285,12.333333333333334,0.19804092233379844,85.66666666666667,62.66666666666667,32.33333333333333,21.0,7.666666666666666
img_0098.png,img_0100.png,1,98,100,1.916315867799469e-05,1.0,0.000992236230167819,0.0,0.0,0.0,0.0,0.0
img_0216.png,img_0432.png,2,216,432,0.012467307229141461,4.666666666666667,0.266189137936849,84.0,67.0,45.666666666666664,28.999999999999996,15.666666666666668
img_0209.png,img_0215.png,2,209,215,0.011148221060692867,10.333333333333334,0.16089358427742517,73.0,46.666666666666664,22.333333333333332,14.333333333333334,7.000000000000001
img_0893.png,img_0892.png,1,893,892,0.00041017341104759153,1.6666666666666667,0.0587983659060531,27.333333333333332,15.0,4.666666666666667,2.666666666666667,1.6666666666666667
img_0333.png,img_0337.png,2,333,337,0.010804691353648213,7.333333333333333,0.32135379891034205,90.0,72.33333333333334,50.66666666666667,35.0,21.0
img_0479.png,img_0477.png,1,479,477,2.196621059464945e-05,0.0,0.0012979104993718587,0.0,0.0,0.0,0.0,0.0
img_1170.png,img_1168.png,1,1170,1168,0.00033316613971805107,2.6666666666666665,0.0035316546442290984,0.0,0.0,0.0,0.0,0.0
img_1067.png,img_1328.png,2,1067,1328,0.017939884591041084,16.666666666666668,0.5253378830089717,94.33333333333334,83.33333333333334,63.0,51.33333333333333,32.666666666666664
img_1018.png,img_1014.png,1,1018,1014,0.0009242120799994406,4.666666666666667,0.011938331344096303,1.6666666666666667,0.0,0.0,0.0,0.0
img_0858.png,img_0184.png,2,858,184,0.025067558034303192,12.333333333333334,0.536588261602178,94.66666666666667,82.66666666666667,63.0,50.33333333333333,33.666666666666664
img_0558.png,img_0550.png,2,558,550,0.004370087828579241,4.0,0.24710091384897026,87.33333333333333,66.66666666666666,36.666666666666664,22.666666666666664,10.666666666666668
img_0522.png,img_0528.png,1,522,528,0.000450465928509337,0.3333333333333333,0.03944422724150948,24.333333333333336,8.666666666666668,1.0,0.33333333333333337,0.0
img_0097.png,img_0093.png,1,97,93,9.411743519253023e-05,1.0,0.001033615689988884,0.0,0.0,0.0,0.0,0.0
img_0443.png,img_1206.png,2,443,1206,0.01568083225385497,7.0,0.2852924933915819,89.0,66.0,39.0,28.000000000000004,17.333333333333336
img_0681.png,img_0675.png,1,681,675,6.15789370814437e-06,0.3333333333333333,0.006726655251153918,0.0,0.0,0.0,0.0,0.0
img_1237.png,img_0006.png,2,1237,6,0.028975684646008137,10.333333333333334,0.17122195220345346,84.0,59.0,26.333333333333332,16.0,4.666666666666667
img_0848.png,img_0856.png,1,848,856,0.0020273633943650392,3.0,0.03851521672158943,24.666666666666668,9.333333333333334,1.0,0.0,0.0
img_0095.png,img_1137.png,2,95,1137,0.027229882363226043,4.666666666666667,0.27469299926541435,90.0,73.33333333333333,48.66666666666667,32.666666666666664,13.333333333333334
img_1238.png,img_1233.png,1,1238,1233,0.00010337184057225893,0.6666666666666666,0.014237825260686232,4.333333333333334,0.0,0.0,0.0,0.0
img_1255.png,img_0720.png,2,1255,720,0.008952130609350111,6.0,0.23837151350367605,81.66666666666667,62.0,36.666666666666664,23.0,11.333333333333332
img_0122.png,img_0123.png,1,122,123,6.068574954069538e-05,1.0,0.004383400309165787,0.0,0.0,0.0,0.0,0.0
img_1061.png,img_0100.png,2,1061,100,0.006568146245711899,4.666666666666667,0.16637610803166994,88.0,60.333333333333336,28.000000000000004,15.0,2.666666666666667
img_0819.png,img_0823.png,1,819,823,0.0003058772554333976,0.3333333333333333,0.017632768259083987,10.0,2.666666666666667,0.6666666666666667,0.33333333333333337,0.0
img_1072.png,img_0218.png,2,1072,218,0.04922426872183733,12.666666666666666,0.3438169883775823,91.33333333333333,80.0,56.00000000000001,37.0,19.333333333333332
img_0224.png,img_0226.png,1,224,226,0.051029922666407296,22.666666666666668,0.13775621308571578,87.0,45.33333333333333,21.0,10.333333333333334,1.6666666666666667
img_0452.png,img_1089.png,2,452,1089,0.015569302510477901,14.333333333333334,0.3180289748619915,91.33333333333333,75.33333333333333,53.666666666666664,35.333333333333336,17.666666666666668
img_1105.png,img_1111.png,2,1105,1111,0.0007381708426249523,3.3333333333333335,0.09125618452463251,51.66666666666667,25.666666666666664,10.666666666666668,6.0,2.0
img_1153.png,img_1150.png,1,1153,1150,0.0009240579584884902,3.3333333333333335,0.0040114594308324845,0.0,0.0,0.0,0.0,0.0
img_0188.png,img_0189.png,1,188,189,0.007958617945456322,15.0,0.22564619144996964,48.333333333333336,31.666666666666664,17.0,11.666666666666666,6.666666666666667
img_0753.png,img_0487.png,2,753,487,0.007382467231767556,10.333333333333334,0.25179637345149086,86.0,64.66666666666666,40.33333333333333,28.000000000000004,14.000000000000002
img_0581.png,img_0575.png,1,581,575,0.005386133594790923,9.0,0.2704028722874278,78.0,59.0,34.0,22.666666666666664,14.000000000000002
img_0143.png,img_0262.png,2,143,262,0.02470214485933615,18.0,0.4471016139246514,99.33333333333333,87.66666666666667,62.66666666666667,46.666666666666664,29.333333333333332
img_0299.png,img_0307.png,2,299,307,0.01061220953124703,4.333333333333333,0.3144334195820564,91.0,78.33333333333333,49.0,30.333333333333336,13.666666666666666
img_0822.png,img_0814.png,1,822,814,0.0035213788863531956,5.333333333333333,0.04977864730233255,31.0,12.0,3.0,1.3333333333333335,0.0
img_1215.png,img_1208.png,2,1215,1208,0.001623704199814561,2.3333333333333335,0.13164392401927733,70.33333333333334,45.33333333333333,19.333333333333332,8.333333333333332,2.666666666666667
img_0648.png,img_0650.png,1,648,650,2.5228141032430024e-05,0.3333333333333333,0.0014426356229304824,0.0,0.0,0.0,0.0,0.0
img_0638.png,img_0641.png,1,638,641,0.0008817677530930011,3.3333333333333335,0.059756452804478936,34.66666666666667,13.666666666666666,5.0,2.0,1.0
img_0658.png,img_0581.png,2,658,581,0.017914583296302022,13.0,0.2331795426758375,90.66666666666666,68.66666666666667,38.0,23.666666666666668,12.0
img_1339.png,img_1341.png,1,1339,1341,8.625829383522656e-05,0.6666666666666666,0.007078839087638247,0.6666666666666667,0.0,0.0,0.0,0.0
img_0764.png,img_0471.png,2,764,471,0.058930538978934244,18.0,1.6278891793432588,97.66666666666667,90.66666666666666,80.33333333333333,72.33333333333334,55.666666666666664
img_1241.png,img_1247.png,2,1241,1247,0.022923627707319927,12.0,0.17561892269180188,87.33333333333333,63.0,30.666666666666664,15.333333333333332,3.6666666666666665
img_0352.png,img_0358.png,1,352,358,0.0026212274497597107,4.666666666666667,0.014290309835923741,1.0,0.0,0.0,0.0,0.0
img_0382.png,img_0377.png,1,382,377,0.0009716768608095825,3.0,0.03390838609023941,22.333333333333332,3.6666666666666665,0.0,0.0,0.0
img_1342.png,img_0048.png,2,1342,48,0.009765942574481401,7.666666666666667,0.43959066984096606,92.66666666666666,78.33333333333333,56.666666666666664,42.333333333333336,25.666666666666664
img_1283.png,img_1280.png,1,1283,1280,0.0028639808049467485,5.0,0.01442958359431844,2.3333333333333335,0.0,0.0,0.0,0.0
img_1093.png,img_1078.png,2,1093,1078,0.014556170203535399,8.333333333333334,0.1769919083402543,81.0,51.66666666666667,27.666666666666668,16.666666666666664,8.0
img_1047.png,img_1049.png,2,1047,1049,0.018728320559438127,4.333333333333333,0.20163701663289213,86.66666666666667,64.66666666666666,34.66666666666667,18.0,8.666666666666668
img_1374.png,img_1377.png,1,1374,1377,0.00010116385309829594,1.3333333333333333,0.07580550343061915,40.0,21.333333333333336,9.0,5.666666666666666,1.0
img_1163.png,img_1159.png,2,1163,1159,0.011167666407733617,11.0,0.18619084984283002,74.33333333333333,52.666666666666664,28.333333333333332,15.333333333333332,7.333333333333333
img_0761.png,img_0765.png,2,761,765,0.0034882860306279834,4.333333333333333,0.7100420963296832,87.0,72.33333333333334,53.666666666666664,42.333333333333336,30.666666666666664
img_1075.png,img_1067.png,1,1075,1067,0.002658821647435358,6.333333333333333,0.07074864568896369,41.66666666666667,23.333333333333332,7.000000000000001,3.3333333333333335,0.33333333333333337
img_0124.png,img_0117.png,1,124,117,9.401405101398074e-05,0.6666666666666666,0.012021224070300441,2.3333333333333335,0.0,0.0,0.0,0.0
img_0465.png,img_0457.png,2,465,457,0.009655897401884455,20.333333333333332,0.6222642792281867,93.33333333333333,84.66666666666667,65.33333333333333,50.33333333333333,33.666666666666664
img_0615.png,img_0608.png,1,615,608,0.007054662253519106,13.0,0.06716560791229957,43.0,15.666666666666668,5.666666666666666,2.666666666666667,2.0
img_1110.png,img_1106.png,1,1110,1106,0.0007987366147549747,3.6666666666666665,0.06217120079363846,38.333333333333336,19.666666666666664,5.666666666666666,1.3333333333333335,0.33333333333333337
img_1307.png,img_0531.png,2,1307,531,0.0397145485418716,8.0,0.339065911759936,94.33333333333334,79.33333333333333,56.00000000000001,35.0,19.666666666666664
img_1225.png,img_1233.png,2,1225,1233,0.016323279433474284,7.0,0.15920381171202366,74.33333333333333,55.666666666666664,27.333333333333332,15.333333333333332,3.6666666666666665
img_0425.png,img_0419.png,1,425,419,0.0006484027432623016,2.6666666666666665,0.008311258376094439,0.6666666666666667,0.33333333333333337,0.0,0.0,0.0
img_1267.png,img_1261.png,2,1267,1261,0.0033373841775043117,6.666666666666667,0.18511162579610313,83.0,57.666666666666664,25.0,14.666666666666666,7.333333333333333
img_0208.png,img_0205.png,1,208,205,0.00016342041137493794,1.6666666666666667,0.006909311140069921,1.3333333333333335,0.0,0.0,0.0,0.0
img_0835.png,img_0836.png,1,835,836,0.00047671935387455007,3.3333333333333335,0.003696899194888621,0.0,0.0,0.0,0.0,0.0
img_1320.png,img_0009.png,2,1320,9,0.038410290754383306,7.333333333333333,0.2712582782563261,93.33333333333333,76.33333333333333,44.666666666666664,26.666666666666668,13.333333333333334
img_0206.png,img_0207.png,1,206,207,1.9632765473571154e-05,0.3333333333333333,0.003276883867650824,0.33333333333333337,0.0,0.0,0.0,0.0
img_0171.png,img_0134.png,2,171,134,0.011232851077306032,9.0,0.30831059338524835,83.33333333333334,60.66666666666667,35.0,23.333333333333332,11.666666666666666
img_0594.png,img_0586.png,1,594,586,0.001317685675389045,3.0,0.0693492585999175,38.666666666666664,21.333333333333336,7.333333333333333,3.6666666666666665,1.3333333333333335
img_0215.png,img_0407.png,2,215,407,0.022712830806837985,9.0,0.2473626800577743,82.33333333333334,67.0,43.0,30.0,12.666666666666668
img_0158.png,img_0151.png,1,158,151,0.005269462056529101,9.0,0.019034831402218448,5.666666666666666,0.6666666666666667,0.0,0.0,0.0
img_1235.png,img_0997.png,2,1235,997,0.004070166122989464,4.666666666666667,0.08195341109702284,53.666666666666664,28.333333333333332,9.0,1.0,0.6666666666666667
img_0950.png,img_0955.png,1,950,955,0.00379865238292389,6.666666666666667,0.1273807298261373,61.33333333333333,38.0,17.666666666666668,11.0,4.0
img_1200.png,img_0564.png,2,1200,564,0.0088489629896771,11.0,0.16796090107814693,80.33333333333333,57.99999999999999,26.333333333333332,15.666666666666668,5.0
img_0752.png,img_0757.png,2,752,757,0.004706516274676176,8.666666666666666,0.06210986792171425,41.66666666666667,17.333333333333336,5.0,1.6666666666666667,0.33333333333333337
img_1310.png,img_1307.png,2,1310,1307,0.03861685025502628,5.666666666666667,0.30016121246524274,85.66666666666667,70.0,48.0,35.66666666666667,19.666666666666664
img_0505.png,img_0497.png,2,505,497,0.010874486635274799,8.0,0.33648319590478387,92.66666666666666,76.66666666666667,50.66666666666667,35.0,17.666666666666668
img_0294.png,img_0292.png,1,294,292,0.007205239070059333,11.333333333333334,0.07197777555344345,42.0,19.666666666666664,8.666666666666668,3.0,0.6666666666666667
img_1337.png,img_1335.png,2,1337,1335,0.004783999300320881,7.0,0.3600329148033554,86.33333333333333,72.0,45.666666666666664,31.333333333333336,15.0
img_1016.png,img_1010.png,1,1016,1010,0.0006757469753317149,3.6666666666666665,0.01491875942245645,3.0,0.33333333333333337,0.0,0.0,0.0
img_1302.png,img_1298.png,1,1302,1298,0.0004464372815939029,2.0,0.015692028525077745,5.666666666666666,0.6666666666666667,0.0,0.0,0.0
img_0060.png,img_0055.png,2,60,55,0.019707227263740287,12.333333333333334,0.29174022516703463,93.33333333333333,76.66666666666667,51.66666666666667,31.666666666666664,14.000000000000002
img_0707.png,img_0702.png,2,707,702,0.03906377474584327,24.0,0.7191759889104558,90.66666666666666,79.66666666666666,61.66666666666667,43.666666666666664,24.666666666666668
img_0122.png,img_0121.png,1,122,121,0.002711843945550473,6.0,0.011442081350698463,0.6666666666666667,0.0,0.0,0.0,0.0
img_0804.png,img_0796.png,2,804,796,0.07818405499937699,22.666666666666668,0.5988892402125285,95.66666666666667,85.33333333333334,63.0,47.0,28.666666666666668
img_0775.png,img_0778.png,2,775,778,0.018913139981313543,10.0,0.7896513488000327,95.66666666666667,81.66666666666667,64.33333333333333,53.333333333333336,32.666666666666664
img_0005.png,img_0001.png,1,5,1,0.00011716200358156618,0.6666666666666666,0.005933534717304397,2.3333333333333335,0.33333333333333337,0.0,0.0,0.0
img_0920.png,img_0924.png,1,920,924,0.0012678676013153749,5.0,0.009779942960655718,1.0,0.33333333333333337,0.0,0.0,0.0
img_0616.png,img_0624.png,2,616,624,0.004220136751676499,9.666666666666666,0.25262719339456247,85.0,65.33333333333333,39.666666666666664,28.999999999999996,13.0
img_0476.png,img_0480.png,1,476,480,0.0005650065828092288,3.0,0.005469705185079957,1.0,0.0,0.0,0.0,0.0
img_0525.png,img_0530.png,2,525,530,0.004893587944281275,3.3333333333333335,0.3080235735544752,87.0,75.33333333333333,47.0,34.66666666666667,18.666666666666668
img_1284.png,img_1276.png,2,1284,1276,0.03240627274735491,16.0,0.19782008453927238,85.33333333333334,62.33333333333333,31.333333333333336,19.0,8.333333333333332
img_0902.png,img_0896.png,2,902,896,0.011053428281980334,7.0,0.42918554062184483,92.33333333333333,79.0,56.666666666666664,39.666666666666664,18.333333333333332
img_0103.png,img_0109.png,1,103,109,0.0008502634171244466,3.3333333333333335,0.0038441251086014255,0.0,0.0,0.0,0.0,0.0
img_0083.png,img_0081.png,1,83,81,0.0013381201873138035,4.666666666666667,0.005199121291279426,0.0,0.0,0.0,0.0,0.0
img_1159.png,img_1166.png,2,1159,1166,0.012929327382097065,7.333333333333333,0.13305953794003328,70.66666666666667,46.0,23.333333333333332,11.0,1.3333333333333335
img_0296.png,img_0299.png,1,296,299,0.0032035394746209728,7.0,0.06985545981878227,32.666666666666664,19.0,8.333333333333332,5.0,1.0
img_1144.png,img_1141.png,1,1144,1141,0.00036340887932796733,2.3333333333333335,0.010671352591280962,1.0,0.0,0.0,0.0,0.0
img_0187.png,img_0190.png,1,187,190,0.0010898052710829876,5.0,0.12060736626882816,47.333333333333336,29.333333333333332,17.333333333333336,10.0,5.666666666666666
img_1174.png,img_1173.png,1,1174,1173,6.926479287953956e-05,0.6666666666666666,0.0013580170782057936,0.0,0.0,0.0,0.0,0.0
img_0861.png,img_0857.png,2,861,857,0.007614593632596255,5.0,0.7100001214751659,96.0,87.66666666666667,72.66666666666667,58.666666666666664,43.333333333333336
img_0153.png,img_0146.png,1,153,146,0.002638446754520192,6.0,0.010357441900539133,1.6666666666666667,0.0,0.0,0.0,0.0
img_1348.png,img_1340.png,2,1348,1340,0.0030926603839333843,7.0,0.0237582613519426,11.666666666666666,0.6666666666666667,0.0,0.0,0.0
img_1155.png,img_1150.png,2,1155,1150,0.044923528241300574,18.333333333333332,0.24837599559622855,94.33333333333334,76.0,42.333333333333336,24.0,10.0
img_0586.png,img_0584.png,2,586,584,0.018348706110754353,7.0,0.33159847746114113,90.33333333333333,79.33333333333333,51.0,34.333333333333336,20.0
img_0941.png,img_0940.png,1,941,940,5.352255159347494e-06,0.3333333333333333,0.0009166644576957691,0.0,0.0,0.0,0.0,0.0
img_0559.png,img_0563.png,1,559,563,4.712294034537404e-06,0.0,0.0031962839782052202,0.0,0.0,0.0,0.0,0.0
img_0420.png,img_0424.png,1,420,424,0.001443928403818998,2.6666666666666665,0.014924921100801155,3.6666666666666665,0.33333333333333337,0.0,0.0,0.0
img_0046.png,img_0039.png,2,46,39,0.03541988597104206,8.666666666666666,0.275930576091603,89.33333333333333,70.66666666666667,43.666666666666664,25.0,13.0
img_0388.png,img_0383.png,1,388,383,0.0020077850495543274,5.333333333333333,0.03899735367089028,28.000000000000004,5.666666666666666,0.6666666666666667,0.33333333333333337,0.0
img_0628.png,img_0633.png,1,628,633,0.0009876407825672826,4.0,0.014490083674008796,4.333333333333334,0.0,0.0,0.0,0.0
img_1345.png,img_0160.png,2,1345,160,0.018720237113528642,12.666666666666666,0.4627954746072178,86.66666666666667,70.33333333333334,55.333333333333336,38.666666666666664,25.333333333333336
img_0205.png,img_0197.png,2,205,197,0.022392971518870663,6.666666666666667,0.2835281177229452,90.0,70.33333333333334,43.666666666666664,29.666666666666668,12.0
img_0528.png,img_0534.png,2,528,534,0.003788230742633248,4.666666666666667,0.2930590100843997,90.0,72.33333333333334,47.333333333333336,30.666666666666664,17.333333333333336
img_0564.png,img_0567.png,1,564,567,0.0003401672563621458,2.3333333333333335,0.007316382038418645,0.0,0.0,0.0,0.0,0.0
img_1316.png,img_1310.png,1,1316,1310,0.005526304167241665,10.666666666666666,0.0640442250376734,45.33333333333333,21.0,3.3333333333333335,0.6666666666666667,0.0
img_0922.png,img_0930.png,2,922,930,0.014273158998181842,11.333333333333334,0.3898429534681712,92.0,77.33333333333333,60.333333333333336,48.0,27.666666666666668
img_0091.png,img_0093.png,1,91,93,0.0020941463524464733,5.0,0.006941312295700535,0.33333333333333337,0.0,0.0,0.0,0.0
img_1037.png,img_1035.png,1,1037,1035,0.0009477765731792728,4.333333333333333,0.018634439192132833,7.666666666666666,1.0,0.0,0.0,0.0
img_1091.png,img_0562.png,1,1091,562,0.0018272831559921772,1.0,0.09322999699045141,62.0,33.33333333333333,11.666666666666666,2.666666666666667,0.33333333333333337
img_0931.png,img_0493.png,2,931,493,0.006937777510807905,12.333333333333334,0.24258345285560007,85.33333333333334,68.33333333333333,38.666666666666664,24.0,10.0
img_1270.png,img_0785.png,2,1270,785,0.01383034565543378,5.333333333333333,0.26643068582726004,88.33333333333333,73.66666666666667,44.666666666666664,29.666666666666668,15.666666666666668
img_0364.png,img_0363.png,1,364,363,1.5030645656777732e-05,1.0,0.0016106382063296736,0.0,0.0,0.0,0.0,0.0
img_0285.png,img_0730.png,2,285,730,0.02817268902648228,19.333333333333332,0.36236205274268163,95.66666666666667,83.33333333333334,57.666666666666664,41.333333333333336,21.0
img_0635.png,img_0641.png,1,635,641,0.014461576560703881,14.333333333333334,0.12146233613370977,59.333333333333336,39.666666666666664,17.666666666666668,7.666666666666666,3.6666666666666665
img_0750.png,img_0300.png,2,750,300,0.005802485209815625,7.666666666666667,0.16144360354597165,79.33333333333333,55.333333333333336,27.333333333333332,12.333333333333334,5.666666666666666
img_1154.png,img_1162.png,2,1154,1162,0.015602662243074836,11.0,0.17082506208239814,77.66666666666666,48.0,24.333333333333336,14.333333333333334,6.666666666666667
img_0733.png,img_0738.png,2,733,738,0.011908832048475747,12.333333333333334,0.5200105320082591,92.66666666666666,76.33333333333333,55.333333333333336,42.333333333333336,25.0
img_1171.png,img_1174.png,1,1171,1174,0.0005307318793197621,2.6666666666666665,0.0020872769745162566,0.0,0.0,0.0,0.0,0.0
img_0542.png,img_0550.png,2,542,550,0.007247893519598579,5.666666666666667,0.272734026859882,89.0,72.33333333333334,45.33333333333333,28.000000000000004,13.333333333333334
img_0340.png,img_0347.png,1,340,347,0.00042977635994553316,1.3333333333333333,0.006231280055982046,0.0,0.0,0.0,0.0,0.0
img_0784.png,img_0777.png,1,784,777,0.0016710239544864274,3.6666666666666665,0.012921887992628058,2.666666666666667,0.0,0.0,0.0,0.0
img_0206.png,img_0212.png,2,206,212,0.014113880255499813,9.666666666666666,0.16337319605060305,67.66666666666666,43.0,21.0,13.0,6.333333333333334
img_0032.png,img_0029.png,2,32,29,0.013029222116600956,12.0,0.2367328229351109,81.0,58.333333333333336,38.0,26.333333333333332,12.666666666666668
img_0659.png,img_0660.png,1,659,660,1.4082737646584968e-05,0.3333333333333333,0.0012158890054191698,0.0,0.0,0.0,0.0,0.0
img_1352.png,img_1353.png,1,1352,1353,0.004610097240264872,6.666666666666667,0.014966784546933551,5.666666666666666,0.33333333333333337,0.0,0.0,0.0
img_1304.png,img_1309.png,2,1304,1309,0.04333028568018988,9.0,0.3136432209445694,88.33333333333333,71.66666666666667,49.666666666666664,37.333333333333336,20.0
img_0202.png,img_0204.png,2,202,204,0.020986450071269952,7.666666666666667,0.27442625132457854,90.33333333333333,70.0,46.33333333333333,34.333333333333336,13.666666666666666
img_0441.png,img_0434.png,1,441,434,0.00029588566881830317,2.3333333333333335,0.03318491693348222,23.666666666666668,8.0,0.0,0.0,0.0
img_0801.png,img_0809.png,1,801,809,0.0006238883856360603,1.6666666666666667,0.12362011420923151,61.0,41.66666666666667,19.333333333333332,9.333333333333334,3.0
img_0551.png,img_0554.png,1,551,554,0.0034861690117816545,8.0,0.01760458645035485,4.333333333333334,1.3333333333333335,0.0,0.0,0.0
img_0833.png,img_0328.png,2,833,328,0.019720698623397013,10.0,0.6355266794123959,93.66666666666667,83.0,59.0,45.0,24.333333333333336
img_0627.png,img_0628.png,1,627,628,0.0016130795795366614,5.0,0.005214066017976123,0.33333333333333337,0.0,0.0,0.0,0.0
img_0588.png,img_0833.png,2,588,833,0.04011340217372269,12.333333333333334,0.5911314054225191,92.66666666666666,81.66666666666667,58.333333333333336,45.666666666666664,26.0
img_0304.png,img_0303.png,1,304,303,0.003952448111114327,7.333333333333333,0.018554177737575065,5.0,0.33333333333333337,0.0,0.0,0.0
img_0157.png,img_0604.png,2,157,604,0.037392760212498904,18.0,0.34734955083374675,97.66666666666667,87.33333333333333,56.00000000000001,39.33333333333333,21.333333333333336
img_0816.png,img_0819.png,1,816,819,0.0002827705975991852,0.3333333333333333,0.05728846556564015,32.666666666666664,15.0,4.666666666666667,2.3333333333333335,0.6666666666666667
img_0986.png,img_1034.png,2,986,1034,0.014454542479056995,6.666666666666667,0.2562299870807614,88.66666666666667,69.66666666666667,43.0,28.999999999999996,12.666666666666668
img_0528.png,img_0521.png,1,528,521,0.001232373708795271,3.0,0.23843359817782991,84.0,63.33333333333333,38.0,22.333333333333332,11.666666666666666
img_0306.png,img_1114.png,2,306,1114,0.0125525885871152,9.333333333333334,0.44365332722865847,90.66666666666666,82.66666666666667,61.33333333333333,42.0,24.0
img_1078.png,img_1076.png,2,1078,1076,0.01861379432004561,14.333333333333334,0.4002074166103027,95.66666666666667,81.66666666666667,61.0,44.0,24.0
img_0681.png,img_0673.png,1,681,673,2.6761951398936165e-05,0.3333333333333333,0.005025033980120539,0.0,0.0,0.0,0.0,0.0
img_0743.png,img_0742.png,1,743,742,0.00035232319720655494,1.3333333333333333,0.004520680322804031,2.0,0.33333333333333337,0.0,0.0,0.0
img_0943.png,img_0613.png,2,943,613,0.0339825946451561,17.333333333333332,0.3356181494964766,94.0,82.66666666666667,54.666666666666664,39.33333333333333,20.0
img_1022.png,img_1028.png,1,1022,1028,0.000583469874186884,3.0,0.04611334449287004,23.333333333333332,10.666666666666668,4.0,2.666666666666667,0.6666666666666667
img_0371.png,img_0354.png,2,371,354,0.002746651464857451,5.0,0.2261526180759506,88.0,69.33333333333334,40.0,24.0,9.0
img_1042.png,img_1034.png,2,1042,1034,0.029158972143353334,16.666666666666668,0.27096306534728626,85.66666666666667,65.33333333333333,38.666666666666664,26.333333333333332,16.0
img_0780.png,img_0773.png,2,780,773,0.0198262859086685,10.0,0.8348257644286705,93.66666666666667,82.0,64.66666666666666,52.666666666666664,34.0
img_0267.png,img_0259.png,2,267,259,0.03835842888532633,20.0,0.2347833549508682,89.66666666666666,72.33333333333334,43.666666666666664,24.333333333333336,11.666666666666666
img_1217.png,img_1225.png,1,1217,1225,0.005360377732266286,8.666666666666666,0.01777808815896407,4.0,0.0,0.0,0.0,0.0
img_1262.png,img_1267.png,2,1262,1267,0.003518908794099003,7.0,0.18415223222690397,81.66666666666667,57.99999999999999,24.333333333333336,14.666666666666666,7.000000000000001
img_0342.png,img_0337.png,1,342,337,0.0005371502801576501,1.6666666666666667,0.0226030457476034,11.0,2.0,0.0,0.0,0.0
img_0781.png,img_0785.png,1,781,785,0.0018572374808894334,6.333333333333333,0.03935241923637437,28.999999999999996,7.666666666666666,0.33333333333333337,0.0,0.0
img_1068.png,img_1074.png,1,1068,1074,0.0003706816729547255,0.0,0.05190533853449008,30.666666666666664,15.333333333333332,5.666666666666666,1.0,0.0
img_0380.png,img_0373.png,2,380,373,0.0052805029707926965,7.333333333333333,0.2851508405171389,93.66666666666667,73.33333333333333,46.666666666666664,35.0,18.0
img_0494.png,img_0500.png,1,494,500,0.002656539071814784,6.333333333333333,0.06129540292737393,37.666666666666664,19.333333333333332,6.0,1.0,0.0
img_0894.png,img_0892.png,2,894,892,0.0004185954066304098,3.3333333333333335,0.3916607392667965,32.33333333333333,23.0,14.666666666666666,11.333333333333332,8.666666666666668
img_0227.png,img_0219.png,2,227,219,0.004812642270802729,7.666666666666667,0.11976108903579134,53.666666666666664,36.333333333333336,19.333333333333332,11.0,4.333333333333334
img_0170.png,img_0177.png,1,170,177,0.0007271248768900281,2.6666666666666665,0.0795706363425117,40.666666666666664,23.333333333333332,10.333333333333334,4.333333333333334,1.0
img_0705.png,img_0701.png,1,705,701,0.0015845965335702546,4.666666666666667,0.009928614360598165,2.3333333333333335,1.0,0.0,0.0,0.0
img_0506.png,img_0505.png,1,506,505,0.0004509337869253013,3.0,0.008754370618256613,1.0,0.0,0.0,0.0,0.0
img_0993.png,img_0170.png,2,993,170,0.014435224533506768,10.666666666666666,0.17414587247408142,82.66666666666667,57.333333333333336,31.0,15.333333333333332,5.666666666666666
img_0492.png,img_0497.png,1,492,497,0.001356495413380323,4.333333333333333,0.0480890615491453,33.33333333333333,12.666666666666668,2.666666666666667,1.0,0.0
img_0028.png,img_0698.png,2,28,698,0.012166960220706862,12.333333333333334,0.12951628605809842,73.33333333333333,45.33333333333333,16.666666666666664,7.666666666666666,2.666666666666667
img_0143.png,img_0140.png,1,143,140,0.005934373387741571,8.333333333333334,0.021712923582977772,7.000000000000001,1.6666666666666667,0.0,0.0,0.0
img_1111.png,img_0326.png,2,1111,326,0.01035248086675612,9.0,0.2658172318363807,86.33333333333333,66.66666666666666,42.0,27.0,11.0
img_0836.png,img_0841.png,1,836,841,9.876117342129386e-05,1.3333333333333333,0.04318821521570255,30.333333333333336,10.666666666666668,0.6666666666666667,0.6666666666666667,0.0
img_0379.png,img_0410.png,2,379,410,0.011581799528976198,9.0,0.35697573343465583,87.33333333333333,69.0,47.333333333333336,37.333333333333336,20.666666666666668
img_1182.png,img_1185.png,1,1182,1185,0.014462258284585576,15.666666666666666,0.03216818187675196,11.666666666666666,2.3333333333333335,0.0,0.0,0.0
img_1313.png,img_0998.png,2,1313,998,0.02712196728522781,9.0,0.36330439342823967,81.0,65.33333333333333,47.0,34.0,24.0
img_0303.png,img_0302.png,1,303,302,0.0023097851997313907,5.0,0.011842950045158281,1.0,0.0,0.0,0.0,0.0
img_0305.png,img_0043.png,2,305,43,0.03432788130421029,16.666666666666668,0.5484901442744842,97.33333333333334,83.0,63.66666666666667,52.666666666666664,34.0
img_1224.png,img_1232.png,2,1224,1232,0.016147280056928247,6.666666666666667,0.15661664583622553,75.0,54.333333333333336,27.666666666666668,15.0,3.6666666666666665
img_0392.png,img_0389.png,2,392,389,0.022985594009554248,5.333333333333333,0.2780698614279434,86.33333333333333,72.66666666666667,48.66666666666667,31.333333333333336,16.333333333333332
img_0970.png,img_0974.png,1,970,974,0.011882405793122218,11.666666666666666,0.3248271067673932,76.66666666666667,60.0,40.666666666666664,30.0,18.666666666666668
img_1240.png,img_1244.png,1,1240,1244,0.0006212135329914819,3.0,0.0034256437502650874,0.0,0.0,0.0,0.0,0.0
img_0249.png,img_0257.png,1,249,257,0.001176112543977389,5.0,0.02933360598684065,18.666666666666668,4.666666666666667,0.33333333333333337,0.0,0.0
img_0844.png,img_0761.png,2,844,761,0.01929795147629286,13.0,0.31821546520443567,93.33333333333333,82.0,55.333333333333336,37.666666666666664,16.666666666666664
img_0901.png,img_0902.png,2,901,902,0.009825120433628232,8.0,0.3553828656655736,90.66666666666666,74.33333333333333,46.0,31.333333333333336,11.666666666666666
img_0624.png,img_0622.png,1,624,622,0.0009735090130150642,2.3333333333333335,0.18537729115844231,72.66666666666667,50.66666666666667,28.666666666666668,18.333333333333332,10.0
img_0691.png,img_0697.png,1,691,697,6.204475687038064e-05,1.0,0.02701082384482436,15.666666666666668,4.333333333333334,0.33333333333333337,0.0,0.0
img_0783.png,img_0094.png,2,783,94,0.04097213338946374,10.333333333333334,0.6519904971776873,96.33333333333334,88.66666666666667,71.0,57.333333333333336,34.0
img_1052.png,img_1055.png,1,1052,1055,0.0014355895771794242,4.666666666666667,0.02865572636442252,17.333333333333336,4.666666666666667,1.0,0.33333333333333337,0.0
img_0982.png,img_0916.png,2,982,916,0.005089807663361105,5.666666666666667,0.20578732236478686,82.0,63.66666666666667,38.333333333333336,20.333333333333332,9.666666666666666
img_0663.png,img_0665.png,1,663,665,0.0003619942623942065,2.3333333333333335,0.012335132679259009,2.666666666666667,0.6666666666666667,0.0,0.0,0.0
img_1062.png,img_0772.png,2,1062,772,0.019003286751018,13.666666666666666,0.5977897169259493,94.66666666666667,85.33333333333334,64.33333333333333,47.0,28.999999999999996
img_0855.png,img_0857.png,1,855,857,0.0003251937585624165,2.6666666666666665,0.007486472746125239,1.0,0.0,0.0,0.0,0.0
img_0020.png,img_1359.png,2,20,1359,0.013844514643406051,8.333333333333334,0.22037039250906376,86.33333333333333,64.33333333333333,36.666666666666664,21.666666666666668,9.333333333333334
img_0545.png,img_0546.png,1,545,546,0.000261016774605222,2.0,0.00489529823348129,0.33333333333333337,0.0,0.0,0.0,0.0
img_0600.png,img_0494.png,2,600,494,0.02249788968397301,8.666666666666666,0.3864816101005195,92.0,76.66666666666667,51.33333333333333,33.33333333333333,12.666666666666668
img_0880.png,img_0876.png,1,880,876,0.00194394952704789,5.0,0.006925168075758157,0.0,0.0,0.0,0.0,0.0
img_0789.png,img_1095.png,2,789,1095,0.03676324645516079,11.666666666666666,0.23998748512967263,88.66666666666667,65.0,40.666666666666664,28.000000000000004,13.333333333333334
img_0359.png,img_0362.png,1,359,362,6.9999368869322934e-06,0.0,0.0015852695944690053,0.0,0.0,0.0,0.0,0.0
img_0168.png,img_0844.png,2,168,844,0.0310317616913503,13.666666666666666,0.3707957677397391,96.33333333333334,82.0,53.0,36.333333333333336,18.0
img_0632.png,img_0625.png,2,632,625,0.03141810059345455,16.333333333333332,0.4143465657321856,93.66666666666667,79.0,53.0,38.333333333333336,23.0
img_1359.png,img_1358.png,1,1359,1358,0.000371593180117321,1.6666666666666667,0.0036744932797490664,0.0,0.0,0.0,0.0,0.0
img_0471.png,img_0469.png,1,471,469,5.392424279890334e-05,0.3333333333333333,0.03484733894821394,23.666666666666668,9.0,0.33333333333333337,0.0,0.0
img_0260.png,img_1197.png,2,260,1197,0.007861238173610778,4.0,0.23894140604884317,82.66666666666667,63.66666666666667,43.0,29.666666666666668,11.666666666666666
img_1005.png,img_1009.png,2,1005,1009,0.0391968753363712,13.0,0.1863226869581448,85.66666666666667,63.33333333333333,32.0,18.666666666666668,6.666666666666667
img_0643.png,img_0646.png,1,643,646,0.0005301835342997424,0.6666666666666666,0.07978560791202763,44.0,21.666666666666668,9.0,4.333333333333334,1.3333333333333335
img_0202.png,img_0205.png,2,202,205,0.021960341918852225,7.666666666666667,0.28925791317307303,88.0,68.66666666666667,45.666666666666664,34.66666666666667,13.0
img_1256.png,img_1250.png,1,1256,1250,0.0015550537558912932,5.333333333333333,0.027797189817728427,17.666666666666668,3.3333333333333335,0.0,0.0,0.0
img_0049.png,img_0052.png,1,49,52,0.0008155090092125064,3.3333333333333335,0.007600068433818801,0.6666666666666667,0.0,0.0,0.0,0.0
img_0337.png,img_0091.png,2,337,91,0.008391621059104832,10.666666666666666,0.30624232139776353,88.66666666666667,72.66666666666667,51.33333333333333,34.0,19.333333333333332
img_1104.png,img_1102.png,1,1104,1102,0.0019805397214613233,5.0,0.007409926323020124,0.0,0.0,0.0,0.0,0.0
img_0453.png,img_0368.png,2,453,368,0.026012610585531254,11.0,0.2996674100335495,91.33333333333333,76.33333333333333,50.0,32.33333333333333,17.0
img_0657.png,img_0662.png,2,657,662,0.00991371164477651,8.333333333333334,0.2929245534204083,91.0,75.66666666666667,48.333333333333336,34.66666666666667,16.666666666666664
img_0556.png,img_0548.png,1,556,548,0.0007978256790128553,3.3333333333333335,0.09240123483526216,46.33333333333333,26.333333333333332,13.0,7.000000000000001,1.6666666666666667
img_0441.png,img_0446.png,1,441,446,0.0009227371307166924,5.0,0.012285786997187041,0.33333333333333337,0.0,0.0,0.0,0.0
img_1058.png,img_0020.png,2,1058,20,0.028519610183423777,15.333333333333334,0.28397466169260693,94.33333333333334,78.33333333333333,50.33333333333333,31.333333333333336,13.333333333333334
img_0110.png,img_0118.png,2,110,118,0.009572939160874374,9.0,0.19302605116277555,82.33333333333334,59.66666666666667,29.333333333333332,16.333333333333332,8.333333333333332
img_1051.png,img_1054.png,1,1051,1054,0.005034535322262183,8.666666666666666,0.01813755860005312,3.3333333333333335,0.0,0.0,0.0,0.0
img_1234.png,img_1236.png,1,1234,1236,0.00033723913281420015,2.3333333333333335,0.002747486772363808,0.0,0.0,0.0,0.0,0.0
img_0564.png,img_0794.png,2,564,794,0.009073511623610066,7.666666666666667,0.3270070580154028,88.33333333333333,72.66666666666667,44.333333333333336,30.333333333333336,16.333333333333332
img_0774.png,img_0776.png,1,774,776,0.003789315053183589,7.333333333333333,0.02941878209092657,16.333333333333332,5.0,1.0,0.0,0.0
img_1324.png,img_0649.png,2,1324,649,0.01449044931725522,8.666666666666666,0.35123729112705926,87.33333333333333,71.0,55.00000000000001,43.333333333333336,24.666666666666668
img_1313.png,img_1315.png,1,1313,1315,0.004270230557645941,7.0,0.03743167624643457,23.0,6.666666666666667,0.33333333333333337,0.0,0.0
img_1032.png,img_0209.png,2,1032,209,0.030160878624508225,15.0,0.267655489847379,93.0,76.66666666666667,50.0,31.333333333333336,11.333333333333332
img_1167.png,img_1160.png,2,1167,1160,0.006597811888981689,5.0,0.1120502868853626,66.66666666666666,37.666666666666664,13.333333333333334,6.666666666666667,2.3333333333333335
img_0662.png,img_0656.png,2,662,656,0.013435365394734161,15.666666666666666,0.30066851193715016,91.33333333333333,78.33333333333333,49.333333333333336,35.0,18.333333333333332
img_0033.png,img_0038.png,1,33,38,0.0016117822601758088,2.3333333333333335,0.23330930358012392,68.0,52.33333333333333,33.666666666666664,24.0,13.666666666666666
img_0320.png,img_0313.png,2,320,313,0.010470524187620267,6.666666666666667,0.5754280806011549,92.0,80.33333333333333,60.66666666666667,47.0,28.666666666666668
img_0419.png,img_0420.png,1,419,420,4.1756437877455125e-05,0.0,0.001364830244325751,0.0,0.0,0.0,0.0,0.0
img_0220.png,img_0223.png,1,220,223,0.001125057729983278,4.0,0.019413505964110716,9.0,1.0,0.0,0.0,0.0
img_0271.png,img_0274.png,2,271,274,0.004171652156133361,7.333333333333333,0.23786361392907324,85.33333333333334,64.0,35.0,24.0,12.0
img_0111.png,img_0105.png,1,111,105,0.0004526310993371967,2.3333333333333335,0.005854555881485015,0.0,0.0,0.0,0.0,0.0
img_0635.png,img_0628.png,1,635,628,0.013883066597132654,13.333333333333334,0.06520454905207834,45.33333333333333,19.333333333333332,5.333333333333334,1.3333333333333335,0.0
img_0479.png,img_0070.png,2,479,70,0.01645972443247734,17.0,0.4043252250387129,92.0,80.66666666666666,57.666666666666664,43.333333333333336,27.333333333333332
img_0958.png,img_0959.png,1,958,959,3.436007257287921e-05,1.0,0.0009248293323880578,0.0,0.0,0.0,0.0,0.0
img_0840.png,img_0927.png,2,840,927,0.00947070167769171,8.0,0.5341952452922707,93.33333333333333,81.0,64.0,51.33333333333333,35.66666666666667
img_0700.png,img_0695.png,1,700,695,8.191187455265998e-05,0.6666666666666666,0.014114890700793126,7.000000000000001,0.6666666666666667,0.0,0.0,0.0
img_0760.png,img_1198.png,2,760,1198,0.008423098772942318,11.0,0.1982072347859472,81.66666666666667,59.66666666666667,34.0,20.666666666666668,6.666666666666667
img_0335.png,img_0341.png,1,335,341,9.19665089756223e-05,0.6666666666666666,0.023572657932930393,13.666666666666666,2.3333333333333335,0.0,0.0,0.0
img_0403.png,img_0711.png,2,403,711,0.05289436204760949,11.0,0.5380837615114817,91.66666666666666,81.33333333333333,53.666666666666664,37.333333333333336,24.333333333333336
img_0209.png,img_0208.png,1,209,208,1.5202032380167708e-05,0.0,0.0024897783858208785,0.33333333333333337,0.0,0.0,0.0,0.0
img_1083.png,img_1368.png,2,1083,1368,0.020046703696995974,5.0,0.2362427234592663,82.66666666666667,66.0,41.0,25.666666666666664,11.333333333333332
img_1261.png,img_1259.png,1,1261,1259,7.23421245587688e-05,0.6666666666666666,0.0081355509489677,0.6666666666666667,0.0,0.0,0.0,0.0
img_0349.png,img_0394.png,2,349,394,0.029588634624795312,3.0,0.21099838254250106,90.66666666666666,71.33333333333334,40.666666666666664,20.0,7.000000000000001
img_1298.png,img_1290.png,2,1298,1290,0.009196935705028096,9.333333333333334,0.24209939912480583,83.33333333333334,64.0,37.0,24.333333333333336,12.0
img_0732.png,img_0734.png,1,732,734,0.0005606114592473337,2.6666666666666665,0.08706065741541551,46.666666666666664,23.666666666666668,10.333333333333334,6.0,1.6666666666666667
img_1376.png,img_1377.png,1,1376,1377,0.0010425985754506037,3.6666666666666665,0.049822452022560124,31.666666666666664,13.333333333333334,3.6666666666666665,1.6666666666666667,0.0
img_0574.png,img_0158.png,2,574,158,0.018528558603040018,9.0,0.44396815676927703,92.66666666666666,77.33333333333333,52.33333333333333,38.666666666666664,20.666666666666668
img_0410.png,img_0405.png,1,410,405,0.0018139137103155682,3.6666666666666665,0.007443650700549663,0.0,0.0,0.0,0.0,0.0
img_1221.png,img_1176.png,2,1221,1176,0.012010236662764557,9.333333333333334,0.1770403769013823,84.33333333333334,61.66666666666667,31.333333333333336,17.0,4.666666666666667
img_0873.png,img_0881.png,2,873,881,0.023863044957387915,18.333333333333332,0.49328289503947415,96.0,86.66666666666667,65.0,47.66666666666667,29.333333333333332
img_0284.png,img_0283.png,1,284,283,1.8733615237614606e-05,0.3333333333333333,0.0031969847622821423,0.0,0.0,0.0,0.0,0.0
img_1292.png,img_1284.png,1,1292,1284,0.001035842977404303,3.0,0.007677340639013653,0.0,0.0,0.0,0.0,0.0
img_1366.png,img_0775.png,2,1366,775,0.02221703309046884,16.666666666666668,0.5477407425629356,93.0,76.66666666666667,53.666666666666664,37.333333333333336,24.666666666666668
img_1116.png,img_1115.png,1,1116,1115,0.000434413053696232,1.0,0.004334268372577686,1.6666666666666667,1.3333333333333335,0.0,0.0,0.0
img_0932.png,img_0084.png,2,932,84,0.005204536661972427,4.666666666666667,0.18896110603254945,81.0,57.333333333333336,31.0,18.666666666666668,7.000000000000001
img_1199.png,img_1198.png,1,1199,1198,1.892471692700484e-06,0.0,0.0020385322689187154,0.0,0.0,0.0,0.0,0.0
img_1362.png,img_0382.png,2,1362,382,0.008262679982312152,6.333333333333333,0.19420077244012826,81.33333333333333,60.66666666666667,32.33333333333333,19.666666666666664,7.666666666666666
img_1350.png,img_1344.png,2,1350,1344,0.005484982869382691,5.666666666666667,0.41740634666193305,84.33333333333334,68.66666666666667,48.0,38.333333333333336,22.666666666666664
img_0663.png,img_0670.png,2,663,670,0.00944682404297618,10.666666666666666,0.4923745564057826,80.66666666666666,65.0,40.33333333333333,31.333333333333336,18.333333333333332
img_0347.png,img_0346.png,1,347,346,0.00036643630443220914,2.0,0.006449268603369227,0.0,0.0,0.0,0.0,0.0
img_0658.png,img_0651.png,1,658,651,0.00023095624696269467,0.6666666666666666,0.021532981733368185,7.000000000000001,2.0,1.0,0.6666666666666667,0.0
img_0600.png,img_0602.png,1,600,602,4.8271682226924414e-05,1.0,0.001968221448382155,0.33333333333333337,0.0,0.0,0.0,0.0
img_0144.png,img_0571.png,2,144,571,0.01172897228839048,15.333333333333334,0.38295180651375466,91.0,77.33333333333333,51.33333333333333,37.666666666666664,21.666666666666668
img_0161.png,img_0167.png,1,161,167,0.0009776051863868397,3.6666666666666665,0.009024740710023108,0.33333333333333337,0.0,0.0,0.0,0.0
img_0253.png,img_1157.png,2,253,1157,0.023337369831582133,12.333333333333334,0.4113947861706509,89.66666666666666,74.33333333333333,55.333333333333336,45.0,28.333333333333332
img_0468.png,img_0469.png,1,468,469,0.00018605796344212515,2.6666666666666665,0.004894491251639921,0.0,0.0,0.0,0.0,0.0
img_1181.png,img_0867.png,2,1181,867,0.016686473794240802,12.666666666666666,0.20876304903298154,85.33333333333334,60.66666666666667,38.333333333333336,22.666666666666664,7.666666666666666
img_0990.png,img_0987.png,1,990,987,0.0015147244613922355,5.333333333333333,0.009696547275914975,1.6666666666666667,0.0,0.0,0.0,0.0
img_0960.png,img_1035.png,2,960,1035,0.020028692989839957,20.666666666666668,0.217900932546311,87.0,65.66666666666666,36.333333333333336,19.666666666666664,8.666666666666668
img_0444.png,img_0449.png,2,444,449,0.00750956966034694,9.666666666666666,0.3136176686116629,92.0,77.33333333333333,52.33333333333333,36.333333333333336,16.333333333333332
img_1292.png,img_1289.png,1,1292,1289,1.2640345432949606e-05,0.0,0.0012210620114301023,0.0,0.0,0.0,0.0,0.0
img_0934.png,img_0936.png,1,934,936,1.448468072372916e-05,0.0,0.00045903126070747144,0.0,0.0,0.0,0.0,0.0
img_1188.png,img_1326.png,2,1188,1326,0.017995731589152436,8.333333333333334,0.28468629999831974,80.33333333333333,60.333333333333336,39.33333333333333,28.666666666666668,15.333333333333332
img_0026.png,img_0030.png,2,26,30,0.014383226362595638,13.333333333333334,0.24249840034029888,79.0,59.333333333333336,38.0,30.333333333333336,13.666666666666666
img_0442.png,img_0434.png,1,442,434,0.00036858005897086793,3.0,0.03784205186430573,26.666666666666668,8.0,0.33333333333333337,0.0,0.0
img_1300.png,img_1308.png,2,1300,1308,0.04316222073332019,9.666666666666666,0.31731265642297235,87.66666666666667,73.33333333333333,48.66666666666667,37.666666666666664,19.666666666666664
img_0616.png,img_0615.png,1,616,615,2.3580498609857305e-05,0.3333333333333333,0.0018288425305170504,0.0,0.0,0.0,0.0,0.0
img_0115.png,img_0117.png,1,115,117,0.0013535834379791688,5.0,0.0055297073000640275,0.0,0.0,0.0,0.0,0.0
img_0125.png,img_1287.png,2,125,1287,0.03957540719184646,18.0,0.3041523163778965,94.33333333333334,78.0,48.333333333333336,30.0,16.666666666666664
img_1149.png,img_1155.png,2,1149,1155,0.03618154447174018,18.333333333333332,0.2363915615686821,93.66666666666667,75.0,41.0,22.666666666666664,8.0
img_0951.png,img_0956.png,1,951,956,0.005869891476548171,10.666666666666666,0.08684169979876223,48.0,23.0,9.666666666666666,4.666666666666667,2.3333333333333335
img_0382.png,img_0387.png,1,382,387,0.001867697382469029,4.333333333333333,0.04274181382010901,27.666666666666668,11.0,1.6666666666666667,0.6666666666666667,0.0
img_1320.png,img_0258.png,2,1320,258,0.014830951885249367,9.333333333333334,0.5245773102084174,92.33333333333333,80.33333333333333,57.666666666666664,45.0,30.0
img_0281.png,img_0288.png,2,281,288,0.02070393047925542,9.333333333333334,0.2992338298206332,91.0,74.33333333333333,48.66666666666667,34.0,17.0
img_0512.png,img_0508.png,1,512,508,0.00010587993362175486,0.6666666666666666,0.015883161634104068,6.0,1.0,0.33333333333333337,0.0,0.0
img_1211.png,img_1204.png,2,1211,1204,0.002281408353245518,5.0,0.13203891329907624,67.0,44.0,18.333333333333332,9.333333333333334,3.0
img_0564.png,img_0560.png,1,564,560,0.00016499355495388138,1.3333333333333333,0.015595483186462053,1.3333333333333335,0.0,0.0,0.0,0.0
img_0332.png,img_0336.png,2,332,336,0.010753437776372483,7.333333333333333,0.34252274282850664,90.33333333333333,73.33333333333333,51.0,35.0,19.0
img_0551.png,img_0547.png,1,551,547,0.004516126506851512,8.0,0.04319654033179494,31.333333333333336,7.666666666666666,1.0,0.0,0.0
img_1237.png,img_1231.png,1,1237,1231,0.0017466267596221677,4.333333333333333,0.011000387438605073,1.0,0.0,0.0,0.0,0.0
img_1173.png,img_0190.png,2,1173,190,0.026356970267940427,13.0,0.25658018682378003,91.0,69.66666666666667,42.333333333333336,28.999999999999996,12.666666666666668
img_0378.png,img_0379.png,1,378,379,0.0001641239930395411,1.6666666666666667,0.0027327105806996582,0.0,0.0,0.0,0.0,0.0
img_1293.png,img_0071.png,2,1293,71,0.045715113291768895,18.666666666666668,0.31760815574994805,94.33333333333334,79.33333333333333,55.333333333333336,34.333333333333336,16.333333333333332
img_0986.png,img_0985.png,1,986,985,1.8044463882890798e-05,0.3333333333333333,0.0012909971657042733,0.0,0.0,0.0,0.0,0.0
img_1326.png,img_0837.png,2,1326,837,0.011204959954244642,12.0,0.8671661587837627,95.33333333333334,86.66666666666667,73.33333333333333,58.666666666666664,40.666666666666664
img_1181.png,img_1176.png,1,1181,1176,0.001695467306566098,5.333333333333333,0.01575123114288412,5.666666666666666,1.0,0.0,0.0,0.0
img_0838.png,img_0675.png,2,838,675,0.015949783185599246,14.0,0.4023410567041691,97.0,84.33333333333334,60.0,39.666666666666664,22.333333333333332
img_0968.png,img_0969.png,1,968,969,0.0017700924624534122,3.6666666666666665,0.20046625310692537,53.333333333333336,39.666666666666664,25.0,15.0,6.0
img_1356.png,img_0815.png,2,1356,815,0.007771159556101384,7.0,0.2661426396406993,84.0,63.0,37.333333333333336,26.0,15.333333333333332
img_0342.png,img_0341.png,1,342,341,0.0006535971142736016,3.0,0.0036512599297323835,0.0,0.0,0.0,0.0,0.0
img_0758.png,img_0662.png,2,758,662,0.009570381172923048,10.0,0.4020092160500392,88.66666666666667,71.33333333333334,52.666666666666664,39.666666666666664,24.666666666666668
img_0555.png,img_0554.png,1,555,554,0.0020899176469316625,6.333333333333333,0.013458301201100345,0.6666666666666667,0.0,0.0,0.0,0.0
img_0357.png,img_0568.png,2,357,568,0.022921144709469002,18.0,0.20158122152026461,79.66666666666666,59.0,33.33333333333333,20.333333333333332,8.0
img_0519.png,img_0523.png,1,519,523,0.0019101394453903808,7.0,0.22543425887763774,80.0,58.666666666666664,35.333333333333336,22.0,12.0
img_0110.png,img_0904.png,2,110,904,0.00719243843429335,4.333333333333333,0.16321445191509681,73.0,49.666666666666664,27.333333333333332,15.0,5.0
img_1353.png,img_1350.png,1,1353,1350,0.0007843425017009712,2.6666666666666665,0.004419424138300909,0.0,0.0,0.0,0.0,0.0
img_0538.png,img_0977.png,2,538,977,0.04138581431941977,9.666666666666666,0.31441401639104344,90.33333333333333,77.0,55.666666666666664,36.333333333333336,19.0
img_1280.png,img_1273.png,2,1280,1273,0.027248910195885545,14.666666666666666,0.19540715544121853,88.66666666666667,63.33333333333333,31.333333333333336,17.333333333333336,7.666666666666666
img_0196.png,img_0203.png,2,196,203,0.021530960525182764,6.666666666666667,0.26727411651686295,92.33333333333333,73.0,46.33333333333333,29.333333333333332,14.666666666666666
img_1094.png,img_1092.png,1,1094,1092,1.9865189896259796e-05,0.3333333333333333,0.015597506885158105,4.0,0.6666666666666667,0.0,0.0,0.0
img_0969.png,img_0974.png,1,969,974,0.009961834025510832,9.666666666666666,0.28222691779486025,74.33333333333333,55.333333333333336,36.0,23.0,14.666666666666666
img_1179.png,img_1183.png,2,1179,1183,0.0077713048464494,10.0,0.1185399007826715,64.66666666666666,37.666666666666664,14.666666666666666,6.0,3.3333333333333335
img_0492.png,img_0491.png,1,492,491,0.0029599520003017418,7.0,0.01610375546229737,6.333333333333334,0.6666666666666667,0.0,0.0,0.0
img_0898.png,img_0903.png,2,898,903,0.014554747187253058,9.333333333333334,0.37775836767553994,92.0,75.66666666666667,51.66666666666667,36.333333333333336,14.666666666666666
img_0986.png,img_0983.png,1,986,983,2.352682362998132e-05,0.3333333333333333,0.001315529025945972,0.0,0.0,0.0,0.0,0.0
img_0983.png,img_0981.png,1,983,981,0.0005058688366182721,3.0,0.003523037701906329,0.0,0.0,0.0,0.0,0.0
img_1339.png,img_0565.png,2,1339,565,0.00964054077757564,8.0,0.24521901772899382,88.0,68.66666666666667,41.0,29.666666666666668,11.666666666666666
img_0686.png,img_0684.png,2,686,684,0.016496023010699645,4.0,0.24225062730046687,91.0,70.33333333333334,40.666666666666664,26.333333333333332,13.333333333333334
img_0339.png,img_0347.png,1,339,347,0.0006459832378861516,2.0,0.012437296078535567,2.666666666666667,0.0,0.0,0.0,0.0
img_0354.png,img_0357.png,1,354,357,0.01886995070022206,16.333333333333332,0.047644110833498995,37.333333333333336,6.666666666666667,0.0,0.0,0.0
img_1320.png,img_0598.png,2,1320,598,0.044888396966119765,7.666666666666667,0.6761857908279433,92.66666666666666,83.0,65.0,51.0,35.0
img_0339.png,img_0338.png,1,339,338,3.049172009136126e-05,0.6666666666666666,0.006217180969035539,0.0,0.0,0.0,0.0,0.0
img_0692.png,img_0667.png,2,692,667,0.02732260383792871,16.333333333333332,0.28824838033378375,89.33333333333333,74.33333333333333,45.33333333333333,31.333333333333336,15.333333333333332
img_0709.png,img_0707.png,1,709,707,0.0008933179834461767,3.3333333333333335,0.05028938962029109,20.666666666666668,12.666666666666668,8.0,4.666666666666667,1.0
img_0336.png,img_1059.png,2,336,1059,0.009374041391340474,9.0,0.32382528289363455,89.33333333333333,77.33333333333333,55.00000000000001,38.333333333333336,18.333333333333332
img_1165.png,img_1159.png,2,1165,1159,0.016098734379590952,13.333333333333334,0.14393260548517514,67.0,40.666666666666664,24.333333333333336,13.333333333333334,4.666666666666667
img_0700.png,img_0697.png,1,700,697,0.0009403034900421648,3.6666666666666665,0.010472500217626877,3.0,0.33333333333333337,0.0,0.0,0.0
img_1092.png,img_1087.png,2,1092,1087,0.017780883242671294,7.666666666666667,0.18490868661418366,82.66666666666667,56.00000000000001,32.0,16.0,7.666666666666666
img_0693.png,img_0690.png,1,693,690,0.0006576155953446471,2.0,0.03133881468654498,16.0,7.000000000000001,0.6666666666666667,0.33333333333333337,0.0
img_0279.png,img_0275.png,2,279,275,0.0007725959138049758,2.3333333333333335,0.06674594320923044,41.0,19.333333333333332,6.666666666666667,2.3333333333333335,0.6666666666666667
img_0637.png,img_0639.png,1,637,639,0.00016811047783556993,1.6666666666666667,0.003508544990704568,0.0,0.0,0.0,0.0,0.0
img_0603.png,img_0595.png,2,603,595,0.05037738104943227,8.666666666666666,0.3590715734059549,95.33333333333334,86.66666666666667,63.66666666666667,41.333333333333336,20.0
img_0827.png,img_0828.png,1,827,828,0.002958736298428312,7.0,0.020158086405912462,9.0,3.3333333333333335,1.0,0.33333333333333337,0.33333333333333337
img_1339.png,img_1345.png,1,1339,1345,0.002415690752510863,6.0,0.019465202620515692,9.333333333333334,0.6666666666666667,0.0,0.0,0.0
img_1325.png,img_0183.png,2,1325,183,0.013404591696055767,6.666666666666667,0.36355632234631796,86.66666666666667,71.66666666666667,54.0,39.0,22.0
img_1025.png,img_1019.png,2,1025,1019,0.01935816003459673,9.333333333333334,0.2308974143025995,83.33333333333334,60.333333333333336,35.333333333333336,22.0,9.333333333333334
img_0189.png,img_0184.png,2,189,184,0.007087920466289542,14.333333333333334,0.2519229310964495,47.333333333333336,33.33333333333333,19.0,14.666666666666666,10.666666666666668
img_0234.png,img_0227.png,2,234,227,0.07986371027944078,11.0,0.3362221947383752,97.33333333333334,88.0,60.333333333333336,38.666666666666664,18.333333333333332
img_1199.png,img_1192.png,2,1199,1192,0.0066339099824436025,7.333333333333333,0.13227438345100984,71.0,42.333333333333336,21.0,10.666666666666668,2.666666666666667
img_0404.png,img_0402.png,1,404,402,2.9595686600199364e-05,0.3333333333333333,0.0033363799330408737,0.0,0.0,0.0,0.0,0.0
img_0974.png,img_0971.png,1,974,971,0.004558390456067719,8.666666666666666,0.20184517008360914,60.333333333333336,41.0,22.333333333333332,16.333333333333332,9.333333333333334
img_0251.png,img_0243.png,2,251,243,0.007337501758883515,11.0,0.4809550899964582,93.33333333333333,80.66666666666666,59.0,44.666666666666664,26.333333333333332
img_0901.png,img_0893.png,2,901,893,0.0029244498011317434,2.6666666666666665,0.3116273695097072,68.0,52.0,30.666666666666664,22.0,11.0
img_1302.png,img_1304.png,1,1302,1304,0.00022192403153221182,1.3333333333333333,0.0017331629685645585,0.0,0.0,0.0,0.0,0.0
img_0579.png,img_0583.png,1,579,583,0.000158032680575265,0.0,0.0796477973120894,42.66666666666667,24.333333333333336,10.333333333333334,4.666666666666667,1.3333333333333335
img_1079.png,img_1084.png,1,1079,1084,0.0006596734152274214,2.3333333333333335,0.006060873825337998,0.0,0.0,0.0,0.0,0.0
img_1348.png,img_1354.png,2,1348,1354,0.005334114219003327,5.0,0.4280705049147509,82.33333333333334,65.66666666666666,47.0,36.333333333333336,22.0
img_0313.png,img_0307.png,1,313,307,0.005302745381589954,8.333333333333334,0.0700874031635504,52.33333333333333,25.0,6.0,0.33333333333333337,0.0
img_0013.png,img_0015.png,1,13,15,0.00035629859530842924,1.6666666666666667,0.014155974931517106,6.333333333333334,1.3333333333333335,0.0,0.0,0.0
img_0099.png,img_0097.png,2,99,97,0.019954406345259097,9.0,0.23053744043832647,85.0,69.0,38.333333333333336,25.0,10.666666666666668
img_0931.png,img_0923.png,2,931,923,0.009610300885968414,9.666666666666666,0.36600212279241406,92.66666666666666,78.0,59.66666666666667,45.0,27.666666666666668
img_0059.png,img_0057.png,1,59,57,0.009591441294053553,9.666666666666666,0.10708293912304763,56.666666666666664,34.66666666666667,15.666666666666668,6.333333333333334,2.0
img_0164.png,img_0163.png,1,164,163,1.1304489973663914e-05,0.0,0.0008463828173218524,0.0,0.0,0.0,0.0,0.0
img_0105.png,img_0106.png,1,105,106,0.0018899781295918553,4.666666666666667,0.004453159724072836,0.0,0.0,0.0,0.0,0.0
img_1159.png,img_0909.png,2,1159,909,0.0025520762801312853,5.0,0.207187700749865,85.0,65.33333333333333,39.33333333333333,24.666666666666668,7.333333333333333
img_0450.png,img_0452.png,1,450,452,1.7923225286781693e-06,0.0,0.0013121737986776785,0.0,0.0,0.0,0.0,0.0
img_0481.png,img_0150.png,2,481,150,0.014669897781276378,9.333333333333334,0.3139083477697643,88.66666666666667,71.33333333333334,52.0,34.66666666666667,18.0
img_0846.png,img_0853.png,1,846,853,0.0032482062083748734,4.333333333333333,0.042404456878806514,28.000000000000004,10.0,1.6666666666666667,0.0,0.0
img_1038.png,img_0885.png,2,1038,885,0.024898845602987014,17.0,0.24789412885321394,90.66666666666666,75.66666666666667,43.666666666666664,27.666666666666668,10.666666666666668
img_0084.png,img_0076.png,2,84,76,0.0215839157092677,8.333333333333334,0.49212942905854484,93.0,77.33333333333333,51.0,34.66666666666667,14.666666666666666
img_0946.png,img_0939.png,2,946,939,0.01645807824491263,4.666666666666667,0.1902432751853267,75.0,53.666666666666664,26.666666666666668,18.333333333333332,7.333333333333333
img_0044.png,img_0042.png,2,44,42,0.05780633179357706,16.333333333333332,0.3212403044270431,92.66666666666666,74.66666666666667,46.666666666666664,33.33333333333333,16.0
img_0493.png,img_0492.png,1,493,492,0.0025433134729594877,6.333333333333333,0.014686513576918336,3.0,1.0,0.0,0.0,0.0
img_1168.png,img_1161.png,2,1168,1161,0.00524911591412868,5.333333333333333,0.13163441981725613,67.33333333333333,37.333333333333336,20.666666666666668,10.0,3.6666666666666665
img_1126.png,img_1119.png,1,1126,1119,0.0010843874618359642,4.0,0.020062028505696314,7.666666666666666,1.0,0.33333333333333337,0.0,0.0
img_1369.png,img_1373.png,1,1369,1373,0.0011043295702677853,4.666666666666667,0.022454185829012308,13.333333333333334,2.3333333333333335,0.33333333333333337,0.0,0.0
img_0971.png,img_0969.png,1,971,969,0.004484871302516326,1.0,0.36916863568415353,64.0,49.666666666666664,33.666666666666664,24.666666666666668,15.0
img_1087.png,img_1088.png,1,1087,1088,6.377059254510893e-05,0.6666666666666666,0.008929860095506725,0.0,0.0,0.0,0.0,0.0
img_0752.png,img_0351.png,2,752,351,0.006601326222463032,10.333333333333334,0.22210862445962376,84.33333333333334,62.66666666666667,38.666666666666664,21.666666666666668,10.0
img_0063.png,img_0070.png,1,63,70,0.0010311149099519685,3.3333333333333335,0.14782285827769737,61.0,42.333333333333336,23.666666666666668,12.333333333333334,5.666666666666666
img_0144.png,img_1223.png,2,144,1223,0.02629616094559308,16.666666666666668,0.20013599261360995,92.66666666666666,64.0,32.33333333333333,18.333333333333332,5.666666666666666
img_0111.png,img_0103.png,1,111,103,0.00010818734757346522,1.0,0.0039260466713422065,0.0,0.0,0.0,0.0,0.0
img_1087.png,img_1012.png,2,1087,1012,0.010608562092848823,16.333333333333332,0.324509832534922,89.66666666666666,66.66666666666666,43.0,31.666666666666664,18.333333333333332
img_1305.png,img_1303.png,1,1305,1303,5.401792719336876e-06,0.0,0.001473809807905357,0.0,0.0,0.0,0.0,0.0
img_0333.png,img_0762.png,2,333,762,0.007086455828591124,11.0,0.3899471743652725,90.0,75.66666666666667,54.0,42.333333333333336,26.0
img_1196.png,img_1198.png,1,1196,1198,0.0010671148100452582,4.666666666666667,0.004931214094134661,0.0,0.0,0.0,0.0,0.0
img_0771.png,img_0871.png,2,771,871,0.01267607369356597,15.666666666666666,0.4170527052416325,93.0,81.33333333333333,56.99999999999999,42.66666666666667,24.0
img_0696.png,img_0695.png,1,696,695,0.00014054081693835296,1.6666666666666667,0.005540649240230091,0.6666666666666667,0.0,0.0,0.0,0.0
img_0925.png,img_0619.png,2,925,619,0.028824281211826636,18.0,0.37338807540381674,95.33333333333334,83.0,54.0,38.666666666666664,20.0
img_0735.png,img_0728.png,2,735,728,0.014144564349605454,13.0,0.42319739559594716,92.66666666666666,78.33333333333333,51.66666666666667,38.333333333333336,24.333333333333336
img_0191.png,img_0188.png,2,191,188,0.010187830651677962,17.0,0.27974338076907257,48.0,32.33333333333333,20.666666666666668,14.666666666666666,9.333333333333334
img_0948.png,img_0946.png,1,948,946,2.71492969297577e-05,0.6666666666666666,0.023115508130903198,10.0,3.6666666666666665,1.6666666666666667,1.0,0.33333333333333337
img_0332.png,img_0328.png,1,332,328,0.0017316719247567182,5.333333333333333,0.02334929317538752,13.333333333333334,1.0,0.0,0.0,0.0
img_0535.png,img_0540.png,1,535,540,0.00026438063222734425,2.6666666666666665,0.07480500451016896,48.66666666666667,22.333333333333332,8.666666666666668,2.666666666666667,0.6666666666666667
img_0127.png,img_0567.png,2,127,567,0.01735268979640205,10.0,0.18415345416583787,87.33333333333333,63.0,30.333333333333336,16.333333333333332,6.666666666666667
img_0003.png,img_0003.png,0,3,3,3.219646771412959e-15,0.0,9.7655266589322e-13,0.0,0.0,0.0,0.0,0.0
img_0006.png,img_0006.png,0,6,6,3.182639337258787e-15,0.0,9.765535294000168e-13,0.0,0.0,0.0,0.0,0.0
img_0008.png,img_0008.png,0,8,8,3.2566542055671312e-15,0.0,9.765521724607647e-13,0.0,0.0,0.0,0.0,0.0
img_0009.png,img_0009.png,0,9,9,3.219646771412959e-15,0.0,9.765541461905862e-13,0.0,0.0,0.0,0.0,0.0
img_0010.png,img_0010.png,0,10,10,3.182639337258787e-15,0.0,9.765529126094475e-13,0.0,0.0,0.0,0.0,0.0
img_0011.png,img_0011.png,0,11,11,3.1826393372587873e-15,0.0,9.765555031298384e-13,0.0,0.0,0.0,0.0,0.0
img_0012.png,img_0012.png,0,12,12,3.219646771412959e-15,0.0,9.765531593256753e-13,0.0,0.0,0.0,0.0,0.0
img_0013.png,img_0013.png,0,13,13,3.293661639721303e-15,0.0,9.765529126094475e-13,0.0,0.0,0.0,0.0,0.0
img_0014.png,img_0014.png,0,14,14,3.219646771412959e-15,0.0,9.765535294000168e-13,0.0,0.0,0.0,0.0,0.0
img_0015.png,img_0015.png,0,15,15,3.182639337258787e-15,0.0,9.765541461905862e-13,0.0,0.0,0.0,0.0,0.0
img_0016.png,img_0016.png,0,16,16,3.2566542055671312e-15,0.0,9.765515556701953e-13,0.0,0.0,0.0,0.0,0.0
img_0017.png,img_0017.png,0,17,17,3.1826393372587873e-15,0.0,9.765540228324724e-13,0.0,0.0,0.0,0.0,0.0
img_0019.png,img_0019.png,0,19,19,3.2566542055671312e-15,0.0,9.765520491026507e-13,0.0,0.0,0.0,0.0,0.0
img_0021.png,img_0021.png,0,21,21,3.293661639721303e-15,0.0,9.765541461905862e-13,0.0,0.0,0.0,0.0,0.0
img_0023.png,img_0023.png,0,23,23,3.1826393372587873e-15,0.0,9.76553406041903e-13,0.0,0.0,0.0,0.0,0.0
img_0025.png,img_0025.png,0,25,25,3.219646771412959e-15,0.0,9.76553282683789e-13,0.0,0.0,0.0,0.0,0.0
img_0027.png,img_0027.png,0,27,27,3.219646771412959e-15,0.0,9.765521724607647e-13,0.0,0.0,0.0,0.0,0.0
img_0029.png,img_0029.png,0,29,29,3.2566542055671312e-15,0.0,9.765525425351061e-13,0.0,0.0,0.0,0.0,0.0
img_0031.png,img_0031.png,0,31,31,3.219646771412959e-15,0.0,9.765521724607643e-13,0.0,0.0,0.0,0.0,0.0
img_0033.png,img_0033.png,0,33,33,3.2566542055671312e-15,0.0,9.765561199204077e-13,0.0,0.0,0.0,0.0,0.0
img_0035.png,img_0035.png,0,35,35,3.1456319031046148e-15,0.0,9.765571067853183e-13,0.0,0.0,0.0,0.0,0.0
img_0038.png,img_0038.png,0,38,38,3.182639337258787e-15,0.0,9.765585870826846e-13,0.0,0.0,0.0,0.0,0.0
img_0040.png,img_0040.png,0,40,40,3.2566542055671312e-15,0.0,9.765538994743584e-13,0.0,0.0,0.0,0.0,0.0
img_0042.png,img_0042.png,0,42,42,3.182639337258787e-15,0.0,9.76557600217774e-13,0.0,0.0,0.0,0.0,0.0
img_0044.png,img_0044.png,0,44,44,3.2566542055671312e-15,0.0,9.765561199204077e-13,0.0,0.0,0.0,0.0,0.0
img_0046.png,img_0046.png,0,46,46,3.293661639721303e-15,0.0,9.765521724607643e-13,0.0,0.0,0.0,0.0,0.0
img_0048.png,img_0048.png,0,48,48,3.219646771412959e-15,0.0,9.76554022832472e-13,0.0,0.0,0.0,0.0,0.0
img_0050.png,img_0050.png,0,50,50,3.219646771412959e-15,0.0,9.765541461905862e-13,0.0,0.0,0.0,0.0,0.0
img_0052.png,img_0052.png,0,52,52,3.182639337258787e-15,0.0,9.765524191769921e-13,0.0,0.0,0.0,0.0,0.0
img_0054.png,img_0054.png,0,54,54,3.219646771412959e-15,0.0,9.765524191769921e-13,0.0,0.0,0.0,0.0,0.0
img_0064.png,img_0064.png,0,64,64,3.293661639721303e-15,0.0,9.765503220890568e-13,0.0,0.0,0.0,0.0,0.0
img_0066.png,img_0066.png,0,66,66,3.219646771412959e-15,0.0,9.765522958188785e-13,0.0,0.0,0.0,0.0,0.0
img_0067.png,img_0067.png,0,67,67,3.219646771412959e-15,0.0,9.765545162649276e-13,0.0,0.0,0.0,0.0,0.0
img_0068.png,img_0068.png,0,68,68,3.2566542055671312e-15,0.0,9.765561199204077e-13,0.0,0.0,0.0,0.0,0.0
img_0069.png,img_0069.png,0,69,69,3.219646771412959e-15,0.0,9.765545162649276e-13,0.0,0.0,0.0,0.0,0.0
img_0070.png,img_0070.png,0,70,70,3.2566542055671312e-15,0.0,9.765520491026507e-13,0.0,0.0,0.0,0.0,0.0
img_0071.png,img_0071.png,0,71,71,3.219646771412959e-15,0.0,9.765520491026507e-13,0.0,0.0,0.0,0.0,0.0
img_0072.png,img_0072.png,0,72,72,3.219646771412959e-15,0.0,9.76556489994749e-13,0.0,0.0,0.0,0.0,0.0
img_0073.png,img_0073.png,0,73,73,3.219646771412959e-15,0.0,9.765505688052844e-13,0.0,0.0,0.0,0.0,0.0
img_0074.png,img_0074.png,0,74,74,3.1826393372587873e-15,0.0,9.765532826837891e-13,0.0,0.0,0.0,0.0,0.0
img_0075.png,img_0075.png,0,75,75,3.2566542055671312e-15,0.0,9.765546396230414e-13,0.0,0.0,0.0,0.0,0.0
img_0076.png,img_0076.png,0,76,76,3.3306690738754747e-15,0.0,9.765541461905862e-13,0.0,0.0,0.0,0.0,0.0
img_0077.png,img_0077.png,0,77,77,3.219646771412959e-15,0.0,9.765519257445369e-13,0.0,0.0,0.0,0.0,0.0
img_0078.png,img_0078.png,0,78,78,3.219646771412959e-15,0.0,9.765531593256753e-13,0.0,0.0,0.0,0.0,0.0
img_0079.png,img_0079.png,0,79,79,3.2566542055671312e-15,0.0,9.765545162649276e-13,0.0,0.0,0.0,0.0,0.0
img_0080.png,img_0080.png,0,80,80,3.219646771412959e-15,0.0,9.765530359675613e-13,0.0,0.0,0.0,0.0,0.0
img_0081.png,img_0081.png,0,81,81,3.182639337258787e-15,0.0,9.765532826837893e-13,0.0,0.0,0.0,0.0,0.0
img_0082.png,img_0082.png,0,82,82,3.219646771412959e-15,0.0,9.765522958188785e-13,0.0,0.0,0.0,0.0,0.0
img_0083.png,img_0083.png,0,83,83,3.219646771412959e-15,0.0,9.765534060419031e-13,0.0,0.0,0.0,0.0,0.0
img_0084.png,img_0084.png,0,84,84,3.2566542055671312e-15,0.0,9.765545162649276e-13,0.0,0.0,0.0,0.0,0.0
img_0085.png,img_0085.png,0,85,85,3.2566542055671312e-15,0.0,9.765552564136108e-13,0.0,0.0,0.0,0.0,0.0
img_0086.png,img_0086.png,0,86,86,3.219646771412959e-15,0.0,9.765531593256753e-13,0.0,0.0,0.0,0.0,0.0
img_0087.png,img_0087.png,0,87,87,3.219646771412959e-15,0.0,9.765543929068136e-13,0.0,0.0,0.0,0.0,0.0
img_0088.png,img_0088.png,0,88,88,3.2566542055671312e-15,0.0,9.765538994743584e-13,0.0,0.0,0.0,0.0,0.0
img_0089.png,img_0089.png,0,89,89,3.2566542055671312e-15,0.0,9.765562432785213e-13,0.0,0.0,0.0,0.0,0.0
img_0090.png,img_0090.png,0,90,90,3.219646771412959e-15,0.0,9.765543929068136e-13,0.0,0.0,0.0,0.0,0.0
img_0091.png,img_0091.png,0,91,91,3.182639337258787e-15,0.0,9.765532826837891e-13,0.0,0.0,0.0,0.0,0.0
img_0092.png,img_0092.png,0,92,92,3.293661639721303e-15,0.0,9.76555009697383e-13,0.0,0.0,0.0,0.0,0.0
img_0093.png,img_0093.png,0,93,93,3.219646771412959e-15,0.0,9.765555031298384e-13,0.0,0.0,0.0,0.0,0.0
img_0094.png,img_0094.png,0,94,94,3.2566542055671312e-15,0.0,9.765537761162446e-13,0.0,0.0,0.0,0.0,0.0
img_0095.png,img_0095.png,0,95,95,3.1826393372587873e-15,0.0,9.765542695486998e-13,0.0,0.0,0.0,0.0,0.0
img_0096.png,img_0096.png,0,96,96,3.1826393372587873e-15,0.0,9.76552542535106e-13,0.0,0.0,0.0,0.0,0.0
img_0097.png,img_0097.png,0,97,97,3.2566542055671312e-15,0.0,9.765562432785213e-13,0.0,0.0,0.0,0.0,0.0
img_0098.png,img_0098.png,0,98,98,3.2566542055671312e-15,0.0,9.765506921633982e-13,0.0,0.0,0.0,0.0,0.0
img_0099.png,img_0099.png,0,99,99,3.1826393372587873e-15,0.0,9.765526658932197e-13,0.0,0.0,0.0,0.0,0.0
img_0100.png,img_0100.png,0,100,100,3.219646771412959e-15,0.0,9.765506921633986e-13,0.0,0.0,0.0,0.0,0.0
img_0101.png,img_0101.png,0,101,101,3.219646771412959e-15,0.0,9.765520491026507e-13,0.0,0.0,0.0,0.0,0.0
img_0102.png,img_0102.png,0,102,102,3.182639337258787e-15,0.0,9.765531593256753e-13,0.0,0.0,0.0,0.0,0.0
img_0113.png,img_0113.png,0,113,113,3.219646771412959e-15,0.0,9.765529126094475e-13,0.0,0.0,0.0,0.0,0.0
img_0114.png,img_0114.png,0,114,114,3.2566542055671312e-15,0.0,9.765531593256753e-13,0.0,0.0,0.0,0.0,0.0
img_0115.png,img_0115.png,0,115,115,3.219646771412959e-15,0.0,9.765547629811554e-13,0.0,0.0,0.0,0.0,0.0
img_0116.png,img_0116.png,0,116,116,3.2566542055671312e-15,0.0,9.765506921633984e-13,0.0,0.0,0.0,0.0,0.0
img_0117.png,img_0117.png,0,117,117,3.2566542055671312e-15,0.0,9.765505688052844e-13,0.0,0.0,0.0,0.0,0.0
img_0118.png,img_0118.png,0,118,118,3.219646771412959e-15,0.0,9.765556264879522e-13,0.0,0.0,0.0,0.0,0.0
img_0119.png,img_0119.png,0,119,119,3.2566542055671312e-15,0.0,9.76554022832472e-13,0.0,0.0,0.0,0.0,0.0
img_0120.png,img_0120.png,0,120,120,3.182639337258787e-15,0.0,9.765542695486998e-13,0.0,0.0,0.0,0.0,0.0
img_0121.png,img_0121.png,0,121,121,3.2566542055671312e-15,0.0,9.765543929068138e-13,0.0,0.0,0.0,0.0,0.0
img_0122.png,img_0122.png,0,122,122,3.219646771412959e-15,0.0,9.765529126094475e-13,0.0,0.0,0.0,0.0,0.0
img_0123.png,img_0123.png,0,123,123,3.182639337258787e-15,0.0,9.765500753728292e-13,0.0,0.0,0.0,0.0,0.0
img_0124.png,img_0124.png,0,124,124,3.182639337258787e-15,0.0,9.765521724607643e-13,0.0,0.0,0.0,0.0,0.0
img_0125.png,img_0125.png,0,125,125,3.219646771412959e-15,0.0,9.765529126094475e-13,0.0,0.0,0.0,0.0,0.0
img_0126.png,img_0126.png,0,126,126,3.219646771412959e-15,0.0,9.765531593256753e-13,0.0,0.0,0.0,0.0,0.0
img_0127.png,img_0127.png,0,127,127,3.219646771412959e-15,0.0,9.76555009697383e-13,0.0,0.0,0.0,0.0,0.0
img_0128.png,img_0128.png,0,128,128,3.219646771412959e-15,0.0,9.765561199204077e-13,0.0,0.0,0.0,0.0,0.0
img_0129.png,img_0129.png,0,129,129,3.2566542055671312e-15,0.0,9.765540228324722e-13,0.0,0.0,0.0,0.0,0.0
img_0130.png,img_0130.png,0,130,130,3.219646771412959e-15,0.0,9.765526658932197e-13,0.0,0.0,0.0,0.0,0.0
img_0131.png,img_0131.png,0,131,131,3.1826393372587873e-15,0.0,9.765543929068138e-13,0.0,0.0,0.0,0.0,0.0
img_0132.png,img_0132.png,0,132,132,3.219646771412959e-15,0.0,9.765553797717244e-13,0.0,0.0,0.0,0.0,0.0
img_0133.png,img_0133.png,0,133,133,3.293661639721303e-15,0.0,9.765527892513337e-13,0.0,0.0,0.0,0.0,0.0
img_0134.png,img_0134.png,0,134,134,3.2566542055671312e-15,0.0,9.765513089539675e-13,0.0,0.0,0.0,0.0,0.0
img_0135.png,img_0135.png,0,135,135,3.219646771412959e-15,0.0,9.765555031298384e-13,0.0,0.0,0.0,0.0,0.0
img_0136.png,img_0136.png,0,136,136,3.219646771412959e-15,0.0,9.765521724607645e-13,0.0,0.0,0.0,0.0,0.0
img_0137.png,img_0137.png,0,137,137,3.219646771412959e-15,0.0,9.765563666366353e-13,0.0,0.0,0.0,0.0,0.0
img_0138.png,img_0138.png,0,138,138,3.108624468950443e-15,0.0,9.765551330554968e-13,0.0,0.0,0.0,0.0,0.0
img_0139.png,img_0139.png,0,139,139,3.293661639721303e-15,0.0,9.765529126094475e-13,0.0,0.0,0.0,0.0,0.0
img_0140.png,img_0140.png,0,140,140,3.1826393372587873e-15,0.0,9.765531593256753e-13,0.0,0.0,0.0,0.0,0.0
img_0141.png,img_0141.png,0,141,141,3.2566542055671312e-15,0.0,9.76551802386423e-13,0.0,0.0,0.0,0.0,0.0
img_0142.png,img_0142.png,0,142,142,3.293661639721303e-15,0.0,9.765555031298386e-13,0.0,0.0,0.0,0.0,0.0
img_0143.png,img_0143.png,0,143,143,3.219646771412959e-15,0.0,9.765538994743584e-13,0.0,0.0,0.0,0.0,0.0
img_0144.png,img_0144.png,0,144,144,3.1456319031046148e-15,0.0,9.765545162649276e-13,0.0,0.0,0.0,0.0,0.0
img_0146.png,img_0146.png,0,146,146,3.2566542055671312e-15,0.0,9.765529126094477e-13,0.0,0.0,0.0,0.0,0.0
img_0147.png,img_0147.png,0,147,147,3.2566542055671312e-15,0.0,9.765555031298382e-13,0.0,0.0,0.0,0.0,0.0
img_0148.png,img_0148.png,0,148,148,3.293661639721303e-15,0.0,9.7655266589322e-13,0.0,0.0,0.0,0.0,0.0
img_0149.png,img_0149.png,0,149,149,3.219646771412959e-15,0.0,9.7655266589322e-13,0.0,0.0,0.0,0.0,0.0
img_0150.png,img_0150.png,0,150,150,3.2566542055671312e-15,0.0,9.765558732041799e-13,0.0,0.0,0.0,0.0,0.0
img_0151.png,img_0151.png,0,151,151,3.219646771412959e-15,0.0,9.765521724607643e-13,0.0,0.0,0.0,0.0,0.0
img_0153.png,img_0153.png,0,153,153,3.2566542055671312e-15,0.0,9.765538994743584e-13,0.0,0.0,0.0,0.0,0.0
img_0154.png,img_0154.png,0,154,154,3.219646771412959e-15,0.0,9.765552564136108e-13,0.0,0.0,0.0,0.0,0.0
img_0156.png,img_0156.png,0,156,156,3.2566542055671312e-15,0.0,9.765527892513337e-13,0.0,0.0,0.0,0.0,0.0
img_0157.png,img_0157.png,0,157,157,3.182639337258787e-15,0.0,9.765532826837891e-13,0.0,0.0,0.0,0.0,0.0
img_0158.png,img_0158.png,0,158,158,3.3306690738754747e-15,0.0,9.765556264879522e-13,0.0,0.0,0.0,0.0,0.0
img_0159.png,img_0159.png,0,159,159,3.1826393372587873e-15,0.0,9.765531593256753e-13,0.0,0.0,0.0,0.0,0.0
img_0161.png,img_0161.png,0,161,161,3.219646771412959e-15,0.0,9.76553282683789e-13,0.0,0.0,0.0,0.0,0.0
img_0162.png,img_0162.png,0,162,162,3.182639337258787e-15,0.0,9.765543929068138e-13,0.0,0.0,0.0,0.0,0.0
img_0163.png,img_0163.png,0,163,163,3.219646771412959e-15,0.0,9.765531593256753e-13,0.0,0.0,0.0,0.0,0.0
img_0164.png,img_0164.png,0,164,164,3.219646771412959e-15,0.0,9.765551330554968e-13,0.0,0.0,0.0,0.0,0.0
img_0166.png,img_0166.png,0,166,166,3.2566542055671312e-15,0.0,9.765535294000168e-13,0.0,0.0,0.0,0.0,0.0
img_0167.png,img_0167.png,0,167,167,3.182639337258787e-15,0.0,9.765536527581308e-13,0.0,0.0,0.0,0.0,0.0
img_0168.png,img_0168.png,0,168,168,3.219646771412959e-15,0.0,9.76554392906814e-13,0.0,0.0,0.0,0.0,0.0
img_0169.png,img_0169.png,0,169,169,3.219646771412959e-15,0.0,9.765578469340015e-13,0.0,0.0,0.0,0.0,0.0
img_0170.png,img_0170.png,0,170,170,3.2566542055671312e-15,0.0,9.765531593256753e-13,0.0,0.0,0.0,0.0,0.0
img_0171.png,img_0171.png,0,171,171,3.2566542055671312e-15,0.0,9.76554392906814e-13,0.0,0.0,0.0,0.0,0.0
img_0172.png,img_0172.png,0,172,172,3.219646771412959e-15,0.0,9.765543929068138e-13,0.0,0.0,0.0,0.0,0.0
img_0173.png,img_0173.png,0,173,173,3.2566542055671312e-15,0.0,9.765559965622939e-13,0.0,0.0,0.0,0.0,0.0
img_0175.png,img_0175.png,0,175,175,3.219646771412959e-15,0.0,9.765555031298384e-13,0.0,0.0,0.0,0.0,0.0
img_0176.png,img_0176.png,0,176,176,3.182639337258787e-15,0.0,9.765537761162444e-13,0.0,0.0,0.0,0.0,0.0
img_0177.png,img_0177.png,0,177,177,3.219646771412959e-15,0.0,9.765552564136108e-13,0.0,0.0,0.0,0.0,0.0
img_0178.png,img_0178.png,0,178,178,3.182639337258787e-15,0.0,9.765561199204077e-13,0.0,0.0,0.0,0.0,0.0
img_0179.png,img_0179.png,0,179,179,3.2566542055671312e-15,0.0,9.765569834272043e-13,0.0,0.0,0.0,0.0,0.0
img_0180.png,img_0180.png,0,180,180,3.2566542055671312e-15,0.0,9.765561199204077e-13,0.0,0.0,0.0,0.0,0.0
img_0181.png,img_0181.png,0,181,181,3.219646771412959e-15,0.0,9.765536527581306e-13,0.0,0.0,0.0,0.0,0.0
img_0182.png,img_0182.png,0,182,182,3.219646771412959e-15,0.0,9.765547629811552e-13,0.0,0.0,0.0,0.0,0.0
img_0183.png,img_0183.png,0,183,183,3.182639337258787e-15,0.0,9.765546396230416e-13,0.0,0.0,0.0,0.0,0.0
img_0184.png,img_0184.png,0,184,184,3.219646771412959e-15,0.0,9.765518023864229e-13,0.0,0.0,0.0,0.0,0.0
img_0185.png,img_0185.png,0,185,185,3.2566542055671312e-15,0.0,9.765529126094475e-13,0.0,0.0,0.0,0.0,0.0
img_0186.png,img_0186.png,0,186,186,3.1826393372587873e-15,0.0,9.765520491026507e-13,0.0,0.0,0.0,0.0,0.0
img_0187.png,img_0187.png,0,187,187,3.182639337258787e-15,0.0,9.765522958188785e-13,0.0,0.0,0.0,0.0,0.0
img_0188.png,img_0188.png,0,188,188,3.219646771412959e-15,0.0,9.765520491026507e-13,0.0,0.0,0.0,0.0,0.0
img_0189.png,img_0189.png,0,189,189,3.219646771412959e-15,0.0,9.765546396230414e-13,0.0,0.0,0.0,0.0,0.0
img_0190.png,img_0190.png,0,190,190,3.219646771412959e-15,0.0,9.765535294000168e-13,0.0,0.0,0.0,0.0,0.0
img_0195.png,img_0195.png,0,195,195,3.1826393372587873e-15,0.0,9.765543929068138e-13,0.0,0.0,0.0,0.0,0.0
img_0196.png,img_0196.png,0,196,196,3.1826393372587873e-15,0.0,9.765532826837891e-13,0.0,0.0,0.0,0.0,0.0
img_0197.png,img_0197.png,0,197,197,3.293661639721303e-15,0.0,9.765556264879522e-13,0.0,0.0,0.0,0.0,0.0
img_0198.png,img_0198.png,0,198,198,3.219646771412959e-15,0.0,9.765545162649276e-13,0.0,0.0,0.0,0.0,0.0
img_0199.png,img_0199.png,0,199,199,3.182639337258787e-15,0.0,9.765566133528629e-13,0.0,0.0,0.0,0.0,0.0
img_0200.png,img_0200.png,0,200,200,3.219646771412959e-15,0.0,9.76555009697383e-13,0.0,0.0,0.0,0.0,0.0
img_0201.png,img_0201.png,0,201,201,3.182639337258787e-15,0.0,9.765562432785213e-13,0.0,0.0,0.0,0.0,0.0
img_0202.png,img_0202.png,0,202,202,3.1456319031046148e-15,0.0,9.765561199204077e-13,0.0,0.0,0.0,0.0,0.0
img_0203.png,img_0203.png,0,203,203,3.2566542055671312e-15,0.0,9.76555009697383e-13,0.0,0.0,0.0,0.0,0.0
img_0204.png,img_0204.png,0,204,204,3.293661639721303e-15,0.0,9.765522958188785e-13,0.0,0.0,0.0,0.0,0.0
img_0205.png,img_0205.png,0,205,205,3.219646771412959e-15,0.0,9.765542695486998e-13,0.0,0.0,0.0,0.0,0.0
img_0206.png,img_0206.png,0,206,206,3.2566542055671312e-15,0.0,9.76555009697383e-13,0.0,0.0,0.0,0.0,0.0
img_0207.png,img_0207.png,0,207,207,3.2566542055671312e-15,0.0,9.765546396230414e-13,0.0,0.0,0.0,0.0,0.0
img_0208.png,img_0208.png,0,208,208,3.219646771412959e-15,0.0,9.765551330554968e-13,0.0,0.0,0.0,0.0,0.0
img_0209.png,img_0209.png,0,209,209,3.219646771412959e-15,0.0,9.765545162649276e-13,0.0,0.0,0.0,0.0,0.0
img_0210.png,img_0210.png,0,210,210,3.219646771412959e-15,0.0,9.76556613352863e-13,0.0,0.0,0.0,0.0,0.0
img_0211.png,img_0211.png,0,211,211,3.182639337258787e-15,0.0,9.76555749846066e-13,0.0,0.0,0.0,0.0,0.0
img_0212.png,img_0212.png,0,212,212,3.219646771412959e-15,0.0,9.765551330554966e-13,0.0,0.0,0.0,0.0,0.0
img_0213.png,img_0213.png,0,213,213,3.219646771412959e-15,0.0,9.765552564136108e-13,0.0,0.0,0.0,0.0,0.0
img_0214.png,img_0214.png,0,214,214,3.219646771412959e-15,0.0,9.765538994743584e-13,0.0,0.0,0.0,0.0,0.0
img_0215.png,img_0215.png,0,215,215,3.219646771412959e-15,0.0,9.765535294000168e-13,0.0,0.0,0.0,0.0,0.0
img_0216.png,img_0216.png,0,216,216,3.219646771412959e-15,0.0,9.765566133528629e-13,0.0,0.0,0.0,0.0,0.0
img_0217.png,img_0217.png,0,217,217,3.2566542055671312e-15,0.0,9.765547629811554e-13,0.0,0.0,0.0,0.0,0.0
img_0218.png,img_0218.png,0,218,218,3.219646771412959e-15,0.0,9.765578469340015e-13,0.0,0.0,0.0,0.0,0.0
img_0219.png,img_0219.png,0,219,219,3.219646771412959e-15,0.0,9.765545162649276e-13,0.0,0.0,0.0,0.0,0.0
img_0225.png,img_0225.png,0,225,225,3.2566542055671312e-15,0.0,9.76556489994749e-13,0.0,0.0,0.0,0.0,0.0
img_0226.png,img_0226.png,0,226,226,3.219646771412959e-15,0.0,9.76554146190586e-13,0.0,0.0,0.0,0.0,0.0
img_0227.png,img_0227.png,0,227,227,3.2566542055671312e-15,0.0,9.765552564136108e-13,0.0,0.0,0.0,0.0,0.0
img_0228.png,img_0228.png,0,228,228,3.219646771412959e-15,0.0,9.765563666366355e-13,0.0,0.0,0.0,0.0,0.0
img_0229.png,img_0229.png,0,229,229,3.182639337258787e-15,0.0,9.765569834272043e-13,0.0,0.0,0.0,0.0,0.0
img_0230.png,img_0230.png,0,230,230,3.219646771412959e-15,0.0,9.76558093650229e-13,0.0,0.0,0.0,0.0,0.0
img_0231.png,img_0231.png,0,231,231,3.2566542055671312e-15,0.0,9.765513089539675e-13,0.0,0.0,0.0,0.0,0.0
img_0232.png,img_0232.png,0,232,232,3.182639337258787e-15,0.0,9.765537761162446e-13,0.0,0.0,0.0,0.0,0.0
img_0233.png,img_0233.png,0,233,233,3.182639337258787e-15,0.0,9.76553652758131e-13,0.0,0.0,0.0,0.0,0.0
img_0234.png,img_0234.png,0,234,234,3.1456319031046148e-15,0.0,9.765497052984876e-13,0.0,0.0,0.0,0.0,0.0
img_0235.png,img_0235.png,0,235,235,3.293661639721303e-15,0.0,9.765556264879522e-13,0.0,0.0,0.0,0.0,0.0
img_0236.png,img_0236.png,0,236,236,3.2566542055671312e-15,0.0,9.765503220890568e-13,0.0,0.0,0.0,0.0,0.0
img_0237.png,img_0237.png,0,237,237,3.1826393372587873e-15,0.0,9.765532826837891e-13,0.0,0.0,0.0,0.0,0.0
img_0238.png,img_0238.png,0,238,238,3.293661639721303e-15,0.0,9.765546396230414e-13,0.0,0.0,0.0,0.0,0.0
img_0239.png,img_0239.png,0,239,239,3.2566542055671312e-15,0.0,9.765548863392692e-13,0.0,0.0,0.0,0.0,0.0
img_0240.png,img_0240.png,0,240,240,3.1826393372587873e-15,0.0,9.765556264879522e-13,0.0,0.0,0.0,0.0,0.0
img_0241.png,img_0241.png,0,241,241,3.2566542055671312e-15,0.0,9.765537761162446e-13,0.0,0.0,0.0,0.0,0.0
img_0242.png,img_0242.png,0,242,242,3.1456319031046148e-15,0.0,9.76551679028309e-13,0.0,0.0,0.0,0.0,0.0
img_0243.png,img_0243.png,0,243,243,3.2566542055671312e-15,0.0,9.765541461905862e-13,0.0,0.0,0.0,0.0,0.0
img_0244.png,img_0244.png,0,244,244,3.219646771412959e-15,0.0,9.765543929068138e-13,0.0,0.0,0.0,0.0,0.0
img_0252.png,img_0252.png,0,252,252,3.219646771412959e-15,0.0,9.765547629811554e-13,0.0,0.0,0.0,0.0,0.0
img_0253.png,img_0253.png,0,253,253,3.219646771412959e-15,0.0,9.76553406041903e-13,0.0,0.0,0.0,0.0,0.0
img_0255.png,img_0255.png,0,255,255,3.1456319031046148e-15,0.0,9.765531593256753e-13,0.0,0.0,0.0,0.0,0.0
img_0256.png,img_0256.png,0,256,256,3.2566542055671312e-15,0.0,9.765534060419031e-13,0.0,0.0,0.0,0.0,0.0
img_0275.png,img_0275.png,0,275,275,3.2566542055671312e-15,0.0,9.7655747685966e-13,0.0,0.0,0.0,0.0,0.0
img_0276.png,img_0276.png,0,276,276,3.293661639721303e-15,0.0,9.765553797717244e-13,0.0,0.0,0.0,0.0,0.0
img_0277.png,img_0277.png,0,277,277,3.219646771412959e-15,0.0,9.765535294000168e-13,0.0,0.0,0.0,0.0,0.0
img_0278.png,img_0278.png,0,278,278,3.182639337258787e-15,0.0,9.765569834272045e-13,0.0,0.0,0.0,0.0,0.0
img_0279.png,img_0279.png,0,279,279,3.219646771412959e-15,0.0,9.765538994743584e-13,0.0,0.0,0.0,0.0,0.0
img_0281.png,img_0281.png,0,281,281,3.219646771412959e-15,0.0,9.765537761162446e-13,0.0,0.0,0.0,0.0,0.0
img_0282.png,img_0282.png,0,282,282,3.219646771412959e-15,0.0,9.7655747685966e-13,0.0,0.0,0.0,0.0,0.0
img_0284.png,img_0284.png,0,284,284,3.219646771412959e-15,0.0,9.765541461905862e-13,0.0,0.0,0.0,0.0,0.0
img_0285.png,img_0285.png,0,285,285,3.182639337258787e-15,0.0,9.765543929068136e-13,0.0,0.0,0.0,0.0,0.0
img_0286.png,img_0286.png,0,286,286,3.219646771412959e-15,0.0,9.765504454471708e-13,0.0,0.0,0.0,0.0,0.0
img_0287.png,img_0287.png,0,287,287,3.2566542055671312e-15,0.0,9.765532826837891e-13,0.0,0.0,0.0,0.0,0.0
img_0288.png,img_0288.png,0,288,288,3.219646771412959e-15,0.0,9.765526658932197e-13,0.0,0.0,0.0,0.0,0.0
img_0289.png,img_0289.png,0,289,289,3.219646771412959e-15,0.0,9.76551802386423e-13,0.0,0.0,0.0,0.0,0.0
img_0290.png,img_0290.png,0,290,290,3.1826393372587873e-15,0.0,9.765525425351061e-13,0.0,0.0,0.0,0.0,0.0
img_0291.png,img_0291.png,0,291,291,3.182639337258787e-15,0.0,9.76555009697383e-13,0.0,0.0,0.0,0.0,0.0
img_0292.png,img_0292.png,0,292,292,3.1456319031046148e-15,0.0,9.765537761162446e-13,0.0,0.0,0.0,0.0,0.0
img_0293.png,img_0293.png,0,293,293,3.219646771412959e-15,0.0,9.76551679028309e-13,0.0,0.0,0.0,0.0,0.0
img_0294.png,img_0294.png,0,294,294,3.2566542055671312e-15,0.0,9.76554146190586e-13,0.0,0.0,0.0,0.0,0.0
img_0295.png,img_0295.png,0,295,295,3.293661639721303e-15,0.0,9.765538994743584e-13,0.0,0.0,0.0,0.0,0.0
img_0296.png,img_0296.png,0,296,296,3.2566542055671312e-15,0.0,9.765531593256753e-13,0.0,0.0,0.0,0.0,0.0
img_0297.png,img_0297.png,0,297,297,3.219646771412959e-15,0.0,9.765535294000168e-13,0.0,0.0,0.0,0.0,0.0
img_0298.png,img_0298.png,0,298,298,3.182639337258787e-15,0.0,9.765537761162446e-13,0.0,0.0,0.0,0.0,0.0
img_0299.png,img_0299.png,0,299,299,3.182639337258787e-15,0.0,9.765511855958539e-13,0.0,0.0,0.0,0.0,0.0
img_0300.png,img_0300.png,0,300,300,3.182639337258787e-15,0.0,9.765534060419031e-13,0.0,0.0,0.0,0.0,0.0
img_0301.png,img_0301.png,0,301,301,3.219646771412959e-15,0.0,9.765535294000168e-13,0.0,0.0,0.0,0.0,0.0
img_0302.png,img_0302.png,0,302,302,3.219646771412959e-15,0.0,9.765519257445369e-13,0.0,0.0,0.0,0.0,0.0
img_0303.png,img_0303.png,0,303,303,3.1456319031046148e-15,0.0,9.765542695486998e-13,0.0,0.0,0.0,0.0,0.0
img_0304.png,img_0304.png,0,304,304,3.2566542055671312e-15,0.0,9.765531593256753e-13,0.0,0.0,0.0,0.0,0.0
img_0305.png,img_0305.png,0,305,305,3.219646771412959e-15,0.0,9.765521724607645e-13,0.0,0.0,0.0,0.0,0.0
img_0306.png,img_0306.png,0,306,306,3.1456319031046148e-15,0.0,9.765531593256753e-13,0.0,0.0,0.0,0.0,0.0
img_0307.png,img_0307.png,0,307,307,3.182639337258787e-15,0.0,9.765543929068136e-13,0.0,0.0,0.0,0.0,0.0
img_0308.png,img_0308.png,0,308,308,3.219646771412959e-15,0.0,9.765545162649276e-13,0.0,0.0,0.0,0.0,0.0
img_0309.png,img_0309.png,0,309,309,3.2566542055671312e-15,0.0,9.765534060419031e-13,0.0,0.0,0.0,0.0,0.0
img_0310.png,img_0310.png,0,310,310,3.1456319031046148e-15,0.0,9.765540228324722e-13,0.0,0.0,0.0,0.0,0.0
img_0311.png,img_0311.png,0,311,311,3.2566542055671312e-15,0.0,9.765548863392692e-13,0.0,0.0,0.0,0.0,0.0
img_0312.png,img_0312.png,0,312,312,3.2566542055671312e-15,0.0,9.765543929068136e-13,0.0,0.0,0.0,0.0,0.0
img_0313.png,img_0313.png,0,313,313,3.2566542055671312e-15,0.0,9.76554886339269e-13,0.0,0.0,0.0,0.0,0.0
img_0314.png,img_0314.png,0,314,314,3.293661639721303e-15,0.0,9.765536527581306e-13,0.0,0.0,0.0,0.0,0.0
img_0315.png,img_0315.png,0,315,315,3.219646771412959e-15,0.0,9.765531593256753e-13,0.0,0.0,0.0,0.0,0.0
img_0316.png,img_0316.png,0,316,316,3.219646771412959e-15,0.0,9.765536527581308e-13,0.0,0.0,0.0,0.0,0.0
img_0317.png,img_0317.png,0,317,317,3.293661639721303e-15,0.0,9.765567367109769e-13,0.0,0.0,0.0,0.0,0.0
img_0318.png,img_0318.png,0,318,318,3.2566542055671312e-15,0.0,9.765545162649276e-13,0.0,0.0,0.0,0.0,0.0
img_0319.png,img_0319.png,0,319,319,3.219646771412959e-15,0.0,9.765536527581306e-13,0.0,0.0,0.0,0.0,0.0
img_0320.png,img_0320.png,0,320,320,3.2566542055671312e-15,0.0,9.765536527581308e-13,0.0,0.0,0.0,0.0,0.0
img_0321.png,img_0321.png,0,321,321,3.219646771412959e-15,0.0,9.765543929068138e-13,0.0,0.0,0.0,0.0,0.0
img_0334.png,img_0334.png,0,334,334,3.1826393372587873e-15,0.0,9.765541461905862e-13,0.0,0.0,0.0,0.0,0.0
img_0349.png,img_0349.png,0,349,349,3.182639337258787e-15,0.0,9.765518023864229e-13,0.0,0.0,0.0,0.0,0.0
img_0350.png,img_0350.png,0,350,350,3.293661639721303e-15,0.0,9.765537761162446e-13,0.0,0.0,0.0,0.0,0.0
img_0351.png,img_0351.png,0,351,351,3.1456319031046148e-15,0.0,9.765540228324722e-13,0.0,0.0,0.0,0.0,0.0
img_0352.png,img_0352.png,0,352,352,3.3306690738754747e-15,0.0,9.765555031298384e-13,0.0,0.0,0.0,0.0,0.0
img_0353.png,img_0353.png,0,353,353,3.2566542055671312e-15,0.0,9.765538994743584e-13,0.0,0.0,0.0,0.0,0.0
img_0354.png,img_0354.png,0,354,354,3.2566542055671312e-15,0.0,9.765532826837893e-13,0.0,0.0,0.0,0.0,0.0
img_0355.png,img_0355.png,0,355,355,3.2566542055671312e-15,0.0,9.7655266589322e-13,0.0,0.0,0.0,0.0,0.0
img_0356.png,img_0356.png,0,356,356,3.2566542055671312e-15,0.0,9.765532826837891e-13,0.0,0.0,0.0,0.0,0.0
img_0357.png,img_0357.png,0,357,357,3.293661639721303e-15,0.0,9.765520491026507e-13,0.0,0.0,0.0,0.0,0.0
img_0358.png,img_0358.png,0,358,358,3.182639337258787e-15,0.0,9.765527892513337e-13,0.0,0.0,0.0,0.0,0.0
img_0359.png,img_0359.png,0,359,359,3.2566542055671312e-15,0.0,9.765589571570262e-13,0.0,0.0,0.0,0.0,0.0
img_0360.png,img_0360.png,0,360,360,3.182639337258787e-15,0.0,9.765563666366355e-13,0.0,0.0,0.0,0.0,0.0
img_0361.png,img_0361.png,0,361,361,3.182639337258787e-15,0.0,9.765513089539675e-13,0.0,0.0,0.0,0.0,0.0
img_0362.png,img_0362.png,0,362,362,3.219646771412959e-15,0.0,9.76555133055497e-13,0.0,0.0,0.0,0.0,0.0
img_0363.png,img_0363.png,0,363,363,3.219646771412959e-15,0.0,9.765508155215122e-13,0.0,0.0,0.0,0.0,0.0
img_0364.png,img_0364.png,0,364,364,3.219646771412959e-15,0.0,9.765532826837891e-13,0.0,0.0,0.0,0.0,0.0
img_0365.png,img_0365.png,0,365,365,3.2566542055671312e-15,0.0,9.765567367109769e-13,0.0,0.0,0.0,0.0,0.0
img_0366.png,img_0366.png,0,366,366,3.2566542055671312e-15,0.0,9.76550938879626e-13,0.0,0.0,0.0,0.0,0.0
img_0367.png,img_0367.png,0,367,367,3.182639337258787e-15,0.0,9.765573535015461e-13,0.0,0.0,0.0,0.0,0.0
img_0368.png,img_0368.png,0,368,368,3.219646771412959e-15,0.0,9.765568600690907e-13,0.0,0.0,0.0,0.0,0.0
img_0369.png,img_0369.png,0,369,369,3.182639337258787e-15,0.0,9.765538994743584e-13,0.0,0.0,0.0,0.0,0.0
img_0370.png,img_0370.png,0,370,370,3.182639337258787e-15,0.0,9.76554022832472e-13,0.0,0.0,0.0,0.0,0.0
img_0371.png,img_0371.png,0,371,371,3.1826393372587873e-15,0.0,9.765532826837891e-13,0.0,0.0,0.0,0.0,0.0
img_0372.png,img_0372.png,0,372,372,3.2566542055671312e-15,0.0,9.765546396230414e-13,0.0,0.0,0.0,0.0,0.0
img_0373.png,img_0373.png,0,373,373,3.1826393372587873e-15,0.0,9.765534060419031e-13,0.0,0.0,0.0,0.0,0.0
img_0374.png,img_0374.png,0,374,374,3.219646771412959e-15,0.0,9.765563666366355e-13,0.0,0.0,0.0,0.0,0.0
img_0375.png,img_0375.png,0,375,375,3.1826393372587873e-15,0.0,9.76555749846066e-13,0.0,0.0,0.0,0.0,0.0
img_0376.png,img_0376.png,0,376,376,3.1456319031046148e-15,0.0,9.765566133528629e-13,0.0,0.0,0.0,0.0,0.0
img_0377.png,img_0377.png,0,377,377,3.1826393372587873e-15,0.0,9.76554886339269e-13,0.0,0.0,0.0,0.0,0.0
img_0378.png,img_0378.png,0,378,378,3.1456319031046148e-15,0.0,9.76553282683789e-13,0.0,0.0,0.0,0.0,0.0
img_0379.png,img_0379.png,0,379,379,3.219646771412959e-15,0.0,9.765521724607647e-13,0.0,0.0,0.0,0.0,0.0
img_0380.png,img_0380.png,0,380,380,3.293661639721303e-15,0.0,9.765521724607645e-13,0.0,0.0,0.0,0.0,0.0
img_0381.png,img_0381.png,0,381,381,3.293661639721303e-15,0.0,9.765566133528633e-13,0.0,0.0,0.0,0.0,0.0
img_0382.png,img_0382.png,0,382,382,3.219646771412959e-15,0.0,9.765540228324722e-13,0.0,0.0,0.0,0.0,0.0
img_0383.png,img_0383.png,0,383,383,3.2566542055671312e-15,0.0,9.765530359675613e-13,0.0,0.0,0.0,0.0,0.0
img_0384.png,img_0384.png,0,384,384,3.2566542055671312e-15,0.0,9.765529126094475e-13,0.0,0.0,0.0,0.0,0.0
img_0385.png,img_0385.png,0,385,385,3.219646771412959e-15,0.0,9.765524191769921e-13,0.0,0.0,0.0,0.0,0.0
img_0386.png,img_0386.png,0,386,386,3.1826393372587873e-15,0.0,9.765532826837891e-13,0.0,0.0,0.0,0.0,0.0
img_0387.png,img_0387.png,0,387,387,3.219646771412959e-15,0.0,9.765529126094475e-13,0.0,0.0,0.0,0.0,0.0
img_0388.png,img_0388.png,0,388,388,3.182639337258787e-15,0.0,9.765547629811554e-13,0.0,0.0,0.0,0.0,0.0
img_0389.png,img_0389.png,0,389,389,3.1826393372587873e-15,0.0,9.765541461905862e-13,0.0,0.0,0.0,0.0,0.0
img_0390.png,img_0390.png,0,390,390,3.219646771412959e-15,0.0,9.765532826837891e-13,0.0,0.0,0.0,0.0,0.0
img_0391.png,img_0391.png,0,391,391,3.219646771412959e-15,0.0,9.76553282683789e-13,0.0,0.0,0.0,0.0,0.0
img_0392.png,img_0392.png,0,392,392,3.1456319031046148e-15,0.0,9.765553797717244e-13,0.0,0.0,0.0,0.0,0.0
img_0393.png,img_0393.png,0,393,393,3.182639337258787e-15,0.0,9.765568600690907e-13,0.0,0.0,0.0,0.0,0.0
img_0394.png,img_0394.png,0,394,394,3.2566542055671312e-15,0.0,9.76553282683789e-13,0.0,0.0,0.0,0.0,0.0
img_0395.png,img_0395.png,0,395,395,3.219646771412959e-15,0.0,9.76554886339269e-13,0.0,0.0,0.0,0.0,0.0
img_0396.png,img_0396.png,0,396,396,3.219646771412959e-15,0.0,9.765538994743584e-13,0.0,0.0,0.0,0.0,0.0
img_0397.png,img_0397.png,0,397,397,3.2566542055671312e-15,0.0,9.76550938879626e-13,0.0,0.0,0.0,0.0,0.0
img_0398.png,img_0398.png,0,398,398,3.219646771412959e-15,0.0,9.765530359675613e-13,0.0,0.0,0.0,0.0,0.0
img_0399.png,img_0399.png,0,399,399,3.1826393372587873e-15,0.0,9.765522958188783e-13,0.0,0.0,0.0,0.0,0.0
img_0400.png,img_0400.png,0,400,400,3.219646771412959e-15,0.0,9.765524191769921e-13,0.0,0.0,0.0,0.0,0.0
img_0401.png,img_0401.png,0,401,401,3.2566542055671312e-15,0.0,9.765563666366353e-13,0.0,0.0,0.0,0.0,0.0
img_0402.png,img_0402.png,0,402,402,3.219646771412959e-15,0.0,9.765583403664568e-13,0.0,0.0,0.0,0.0,0.0
img_0403.png,img_0403.png,0,403,403,3.1826393372587873e-15,0.0,9.765548863392692e-13,0.0,0.0,0.0,0.0,0.0
img_0404.png,img_0404.png,0,404,404,3.2566542055671312e-15,0.0,9.765541461905862e-13,0.0,0.0,0.0,0.0,0.0
img_0405.png,img_0405.png,0,405,405,3.219646771412959e-15,0.0,9.76556489994749e-13,0.0,0.0,0.0,0.0,0.0
img_0406.png,img_0406.png,0,406,406,3.2566542055671312e-15,0.0,9.765571067853183e-13,0.0,0.0,0.0,0.0,0.0
img_0407.png,img_0407.png,0,407,407,3.219646771412959e-15,0.0,9.765541461905862e-13,0.0,0.0,0.0,0.0,0.0
img_0408.png,img_0408.png,0,408,408,3.2566542055671312e-15,0.0,9.765542695486998e-13,0.0,0.0,0.0,0.0,0.0
img_0409.png,img_0409.png,0,409,409,3.2566542055671312e-15,0.0,9.765556264879522e-13,0.0,0.0,0.0,0.0,0.0
img_0410.png,img_0410.png,0,410,410,3.2566542055671312e-15,0.0,9.765561199204077e-13,0.0,0.0,0.0,0.0,0.0
img_0411.png,img_0411.png,0,411,411,3.182639337258787e-15,0.0,9.76553406041903e-13,0.0,0.0,0.0,0.0,0.0
img_0412.png,img_0412.png,0,412,412,3.219646771412959e-15,0.0,9.765543929068138e-13,0.0,0.0,0.0,0.0,0.0
img_0423.png,img_0423.png,0,423,423,3.2566542055671312e-15,0.0,9.76556489994749e-13,0.0,0.0,0.0,0.0,0.0
img_0424.png,img_0424.png,0,424,424,3.2566542055671312e-15,0.0,9.765545162649276e-13,0.0,0.0,0.0,0.0,0.0
img_0425.png,img_0425.png,0,425,425,3.182639337258787e-15,0.0,9.765538994743584e-13,0.0,0.0,0.0,0.0,0.0
img_0426.png,img_0426.png,0,426,426,3.293661639721303e-15,0.0,9.76556613352863e-13,0.0,0.0,0.0,0.0,0.0
img_0427.png,img_0427.png,0,427,427,3.219646771412959e-15,0.0,9.765542695486998e-13,0.0,0.0,0.0,0.0,0.0
img_0428.png,img_0428.png,0,428,428,3.3306690738754747e-15,0.0,9.765540228324722e-13,0.0,0.0,0.0,0.0,0.0
img_0429.png,img_0429.png,0,429,429,3.219646771412959e-15,0.0,9.765531593256753e-13,0.0,0.0,0.0,0.0,0.0
img_0430.png,img_0430.png,0,430,430,3.219646771412959e-15,0.0,9.765527892513337e-13,0.0,0.0,0.0,0.0,0.0
img_0431.png,img_0431.png,0,431,431,3.293661639721303e-15,0.0,9.765526658932197e-13,0.0,0.0,0.0,0.0,0.0
img_0432.png,img_0432.png,0,432,432,3.2566542055671312e-15,0.0,9.76556489994749e-13,0.0,0.0,0.0,0.0,0.0
img_0433.png,img_0433.png,0,433,433,3.2566542055671312e-15,0.0,9.765526658932197e-13,0.0,0.0,0.0,0.0,0.0
img_0434.png,img_0434.png,0,434,434,3.1456319031046148e-15,0.0,9.76554886339269e-13,0.0,0.0,0.0,0.0,0.0
img_0435.png,img_0435.png,0,435,435,3.1826393372587873e-15,0.0,9.765552564136106e-13,0.0,0.0,0.0,0.0,0.0
img_0436.png,img_0436.png,0,436,436,3.2566542055671312e-15,0.0,9.765541461905862e-13,0.0,0.0,0.0,0.0,0.0
img_0437.png,img_0437.png,0,437,437,3.2566542055671312e-15,0.0,9.76554886339269e-13,0.0,0.0,0.0,0.0,0.0
img_0438.png,img_0438.png,0,438,438,3.108624468950443e-15,0.0,9.765503220890568e-13,0.0,0.0,0.0,0.0,0.0
img_0439.png,img_0439.png,0,439,439,3.219646771412959e-15,0.0,9.765545162649276e-13,0.0,0.0,0.0,0.0,0.0
img_0440.png,img_0440.png,0,440,440,3.219646771412959e-15,0.0,9.765521724607645e-13,0.0,0.0,0.0,0.0,0.0
img_0441.png,img_0441.png,0,441,441,3.2566542055671312e-15,0.0,9.765520491026507e-13,0.0,0.0,0.0,0.0,0.0
img_0442.png,img_0442.png,0,442,442,3.1826393372587873e-15,0.0,9.765537761162444e-13,0.0,0.0,0.0,0.0,0.0
img_0443.png,img_0443.png,0,443,443,3.219646771412959e-15,0.0,9.765508155215122e-13,0.0,0.0,0.0,0.0,0.0
img_0444.png,img_0444.png,0,444,444,3.219646771412959e-15,0.0,9.76555009697383e-13,0.0,0.0,0.0,0.0,0.0
img_0445.png,img_0445.png,0,445,445,3.219646771412959e-15,0.0,9.765506921633984e-13,0.0,0.0,0.0,0.0,0.0
img_0446.png,img_0446.png,0,446,446,3.182639337258787e-15,0.0,9.765525425351061e-13,0.0,0.0,0.0,0.0,0.0
img_0447.png,img_0447.png,0,447,447,3.293661639721303e-15,0.0,9.765511855958539e-13,0.0,0.0,0.0,0.0,0.0
img_0448.png,img_0448.png,0,448,448,3.219646771412959e-15,0.0,9.76553282683789e-13,0.0,0.0,0.0,0.0,0.0
img_0449.png,img_0449.png,0,449,449,3.293661639721303e-15,0.0,9.765567367109769e-13,0.0,0.0,0.0,0.0,0.0
img_0450.png,img_0450.png,0,450,450,3.2566542055671312e-15,0.0,9.765537761162446e-13,0.0,0.0,0.0,0.0,0.0
img_0451.png,img_0451.png,0,451,451,3.182639337258787e-15,0.0,9.765494585822598e-13,0.0,0.0,0.0,0.0,0.0
img_0452.png,img_0452.png,0,452,452,3.219646771412959e-15,0.0,9.765551330554966e-13,0.0,0.0,0.0,0.0,0.0
img_0462.png,img_0462.png,0,462,462,3.182639337258787e-15,0.0,9.765546396230414e-13,0.0,0.0,0.0,0.0,0.0
img_0463.png,img_0463.png,0,463,463,3.1456319031046148e-15,0.0,9.765553797717244e-13,0.0,0.0,0.0,0.0,0.0
img_0464.png,img_0464.png,0,464,464,3.1826393372587873e-15,0.0,9.76555009697383e-13,0.0,0.0,0.0,0.0,0.0
img_0465.png,img_0465.png,0,465,465,3.2566542055671312e-15,0.0,9.765530359675613e-13,0.0,0.0,0.0,0.0,0.0
img_0466.png,img_0466.png,0,466,466,3.2566542055671312e-15,0.0,9.76555009697383e-13,0.0,0.0,0.0,0.0,0.0
img_0467.png,img_0467.png,0,467,467,3.2566542055671312e-15,0.0,9.765537761162444e-13,0.0,0.0,0.0,0.0,0.0
img_0468.png,img_0468.png,0,468,468,3.2566542055671312e-15,0.0,9.765546396230416e-13,0.0,0.0,0.0,0.0,0.0
img_0469.png,img_0469.png,0,469,469,3.182639337258787e-15,0.0,9.76555009697383e-13,0.0,0.0,0.0,0.0,0.0
img_0470.png,img_0470.png,0,470,470,3.219646771412959e-15,0.0,9.765521724607643e-13,0.0,0.0,0.0,0.0,0.0
img_0471.png,img_0471.png,0,471,471,3.182639337258787e-15,0.0,9.765540228324722e-13,0.0,0.0,0.0,0.0,0.0
img_0472.png,img_0472.png,0,472,472,3.219646771412959e-15,0.0,9.76551679028309e-13,0.0,0.0,0.0,0.0,0.0
img_0473.png,img_0473.png,0,473,473,3.182639337258787e-15,0.0,9.765543929068138e-13,0.0,0.0,0.0,0.0,0.0
img_0474.png,img_0474.png,0,474,474,3.182639337258787e-15,0.0,9.765520491026507e-13,0.0,0.0,0.0,0.0,0.0
img_0475.png,img_0475.png,0,475,475,3.219646771412959e-15,0.0,9.765521724607645e-13,0.0,0.0,0.0,0.0,0.0
img_0476.png,img_0476.png,0,476,476,3.1456319031046148e-15,0.0,9.765543929068136e-13,0.0,0.0,0.0,0.0,0.0
img_0477.png,img_0477.png,0,477,477,3.182639337258787e-15,0.0,9.765540228324724e-13,0.0,0.0,0.0,0.0,0.0
img_0478.png,img_0478.png,0,478,478,3.293661639721303e-15,0.0,9.765541461905862e-13,0.0,0.0,0.0,0.0,0.0
img_0479.png,img_0479.png,0,479,479,3.219646771412959e-15,0.0,9.765545162649276e-13,0.0,0.0,0.0,0.0,0.0
img_0480.png,img_0480.png,0,480,480,3.2566542055671312e-15,0.0,9.765538994743584e-13,0.0,0.0,0.0,0.0,0.0
img_0481.png,img_0481.png,0,481,481,3.182639337258787e-15,0.0,9.7655747685966e-13,0.0,0.0,0.0,0.0,0.0
img_0482.png,img_0482.png,0,482,482,3.2566542055671312e-15,0.0,9.765551330554966e-13,0.0,0.0,0.0,0.0,0.0
img_0483.png,img_0483.png,0,483,483,3.293661639721303e-15,0.0,9.7655266589322e-13,0.0,0.0,0.0,0.0,0.0
img_0484.png,img_0484.png,0,484,484,3.219646771412959e-15,0.0,9.765535294000168e-13,0.0,0.0,0.0,0.0,0.0
img_0485.png,img_0485.png,0,485,485,3.182639337258787e-15,0.0,9.765552564136108e-13,0.0,0.0,0.0,0.0,0.0
img_0486.png,img_0486.png,0,486,486,3.1456319031046148e-15,0.0,9.765530359675613e-13,0.0,0.0,0.0,0.0,0.0
img_0487.png,img_0487.png,0,487,487,3.293661639721303e-15,0.0,9.765536527581306e-13,0.0,0.0,0.0,0.0,0.0
img_0488.png,img_0488.png,0,488,488,3.219646771412959e-15,0.0,9.765535294000168e-13,0.0,0.0,0.0,0.0,0.0
img_0489.png,img_0489.png,0,489,489,3.219646771412959e-15,0.0,9.76551802386423e-13,0.0,0.0,0.0,0.0,0.0
img_0490.png,img_0490.png,0,490,490,3.219646771412959e-15,0.0,9.765527892513337e-13,0.0,0.0,0.0,0.0,0.0
img_0491.png,img_0491.png,0,491,491,3.2566542055671312e-15,0.0,9.765524191769921e-13,0.0,0.0,0.0,0.0,0.0
img_0492.png,img_0492.png,0,492,492,3.219646771412959e-15,0.0,9.76550938879626e-13,0.0,0.0,0.0,0.0,0.0
img_0493.png,img_0493.png,0,493,493,3.219646771412959e-15,0.0,9.765532826837891e-13,0.0,0.0,0.0,0.0,0.0
img_0494.png,img_0494.png,0,494,494,3.219646771412959e-15,0.0,9.76551802386423e-13,0.0,0.0,0.0,0.0,0.0
img_0495.png,img_0495.png,0,495,495,3.219646771412959e-15,0.0,9.76555749846066e-13,0.0,0.0,0.0,0.0,0.0
img_0496.png,img_0496.png,0,496,496,3.219646771412959e-15,0.0,9.765546396230414e-13,0.0,0.0,0.0,0.0,0.0
img_0497.png,img_0497.png,0,497,497,3.182639337258787e-15,0.0,9.765555031298384e-13,0.0,0.0,0.0,0.0,0.0
img_0498.png,img_0498.png,0,498,498,3.1826393372587873e-15,0.0,9.765547629811554e-13,0.0,0.0,0.0,0.0,0.0
img_0499.png,img_0499.png,0,499,499,3.2566542055671312e-15,0.0,9.765527892513337e-13,0.0,0.0,0.0,0.0,0.0
img_0500.png,img_0500.png,0,500,500,3.219646771412959e-15,0.0,9.765525425351061e-13,0.0,0.0,0.0,0.0,0.0
img_0501.png,img_0501.png,0,501,501,3.219646771412959e-15,0.0,9.76555133055497e-13,0.0,0.0,0.0,0.0,0.0
img_0502.png,img_0502.png,0,502,502,3.2566542055671312e-15,0.0,9.76555009697383e-13,0.0,0.0,0.0,0.0,0.0
img_0503.png,img_0503.png,0,503,503,3.2566542055671312e-15,0.0,9.765527892513337e-13,0.0,0.0,0.0,0.0,0.0
img_0504.png,img_0504.png,0,504,504,3.1826393372587873e-15,0.0,9.765518023864229e-13,0.0,0.0,0.0,0.0,0.0
img_0505.png,img_0505.png,0,505,505,3.219646771412959e-15,0.0,9.765555031298384e-13,0.0,0.0,0.0,0.0,0.0
img_0506.png,img_0506.png,0,506,506,3.219646771412959e-15,0.0,9.765521724607643e-13,0.0,0.0,0.0,0.0,0.0
img_0507.png,img_0507.png,0,507,507,3.219646771412959e-15,0.0,9.765558732041799e-13,0.0,0.0,0.0,0.0,0.0
img_0508.png,img_0508.png,0,508,508,3.182639337258787e-15,0.0,9.765566133528629e-13,0.0,0.0,0.0,0.0,0.0
img_0509.png,img_0509.png,0,509,509,3.182639337258787e-15,0.0,9.765506921633984e-13,0.0,0.0,0.0,0.0,0.0
img_0510.png,img_0510.png,0,510,510,3.182639337258787e-15,0.0,9.765536527581306e-13,0.0,0.0,0.0,0.0,0.0
img_0511.png,img_0511.png,0,511,511,3.182639337258787e-15,0.0,9.765529126094475e-13,0.0,0.0,0.0,0.0,0.0
img_0512.png,img_0512.png,0,512,512,3.2566542055671312e-15,0.0,9.765524191769921e-13,0.0,0.0,0.0,0.0,0.0
img_0513.png,img_0513.png,0,513,513,3.2566542055671312e-15,0.0,9.765555031298384e-13,0.0,0.0,0.0,0.0,0.0
img_0514.png,img_0514.png,0,514,514,3.2566542055671312e-15,0.0,9.765540228324722e-13,0.0,0.0,0.0,0.0,0.0
img_0515.png,img_0515.png,0,515,515,3.219646771412959e-15,0.0,9.76555009697383e-13,0.0,0.0,0.0,0.0,0.0
img_0516.png,img_0516.png,0,516,516,3.2566542055671312e-15,0.0,9.765569834272047e-13,0.0,0.0,0.0,0.0,0.0
img_0517.png,img_0517.png,0,517,517,3.219646771412959e-15,0.0,9.765505688052844e-13,0.0,0.0,0.0,0.0,0.0
img_0518.png,img_0518.png,0,518,518,3.1826393372587873e-15,0.0,9.765541461905862e-13,0.0,0.0,0.0,0.0,0.0
img_0519.png,img_0519.png,0,519,519,3.219646771412959e-15,0.0,9.765530359675615e-13,0.0,0.0,0.0,0.0,0.0
img_0520.png,img_0520.png,0,520,520,3.219646771412959e-15,0.0,9.765508155215122e-13,0.0,0.0,0.0,0.0,0.0
img_0521.png,img_0521.png,0,521,521,3.1456319031046148e-15,0.0,9.765535294000168e-13,0.0,0.0,0.0,0.0,0.0
img_0522.png,img_0522.png,0,522,522,3.293661639721303e-15,0.0,9.765552564136108e-13,0.0,0.0,0.0,0.0,0.0
img_0523.png,img_0523.png,0,523,523,3.3306690738754747e-15,0.0,9.765531593256753e-13,0.0,0.0,0.0,0.0,0.0
img_0524.png,img_0524.png,0,524,524,3.1826393372587873e-15,0.0,9.765546396230414e-13,0.0,0.0,0.0,0.0,0.0
img_0525.png,img_0525.png,0,525,525,3.1456319031046148e-15,0.0,9.765518023864229e-13,0.0,0.0,0.0,0.0,0.0
img_0526.png,img_0526.png,0,526,526,3.1826393372587873e-15,0.0,9.76554886339269e-13,0.0,0.0,0.0,0.0,0.0
img_0527.png,img_0527.png,0,527,527,3.2566542055671312e-15,0.0,9.76554886339269e-13,0.0,0.0,0.0,0.0,0.0
img_0528.png,img_0528.png,0,528,528,3.1456319031046148e-15,0.0,9.765524191769921e-13,0.0,0.0,0.0,0.0,0.0
img_0529.png,img_0529.png,0,529,529,3.293661639721303e-15,0.0,9.765530359675613e-13,0.0,0.0,0.0,0.0,0.0
img_0530.png,img_0530.png,0,530,530,3.219646771412959e-15,0.0,9.76555009697383e-13,0.0,0.0,0.0,0.0,0.0
img_0531.png,img_0531.png,0,531,531,3.1826393372587873e-15,0.0,9.76550815521512e-13,0.0,0.0,0.0,0.0,0.0
img_0532.png,img_0532.png,0,532,532,3.219646771412959e-15,0.0,9.765532826837891e-13,0.0,0.0,0.0,0.0,0.0
img_0533.png,img_0533.png,0,533,533,3.219646771412959e-15,0.0,9.765505688052844e-13,0.0,0.0,0.0,0.0,0.0
img_0534.png,img_0534.png,0,534,534,3.2566542055671312e-15,0.0,9.76555626487952e-13,0.0,0.0,0.0,0.0,0.0
img_0535.png,img_0535.png,0,535,535,3.293661639721303e-15,0.0,9.765561199204077e-13,0.0,0.0,0.0,0.0,0.0
img_0536.png,img_0536.png,0,536,536,3.219646771412959e-15,0.0,9.765527892513337e-13,0.0,0.0,0.0,0.0,0.0
img_0537.png,img_0537.png,0,537,537,3.219646771412959e-15,0.0,9.76556613352863e-13,0.0,0.0,0.0,0.0,0.0
img_0538.png,img_0538.png,0,538,538,3.2566542055671312e-15,0.0,9.765521724607645e-13,0.0,0.0,0.0,0.0,0.0
img_0539.png,img_0539.png,0,539,539,3.182639337258787e-15,0.0,9.76551802386423e-13,0.0,0.0,0.0,0.0,0.0
img_0540.png,img_0540.png,0,540,540,3.182639337258787e-15,0.0,9.765540228324722e-13,0.0,0.0,0.0,0.0,0.0
img_0541.png,img_0541.png,0,541,541,3.219646771412959e-15,0.0,9.765546396230414e-13,0.0,0.0,0.0,0.0,0.0
img_0542.png,img_0542.png,0,542,542,3.219646771412959e-15,0.0,9.765511855958536e-13,0.0,0.0,0.0,0.0,0.0
img_0543.png,img_0543.png,0,543,543,3.182639337258787e-15,0.0,9.765514323120813e-13,0.0,0.0,0.0,0.0,0.0
img_0544.png,img_0544.png,0,544,544,3.1456319031046148e-15,0.0,9.765577235758875e-13,0.0,0.0,0.0,0.0,0.0
img_0545.png,img_0545.png,0,545,545,3.2566542055671312e-15,0.0,9.765543929068138e-13,0.0,0.0,0.0,0.0,0.0
img_0546.png,img_0546.png,0,546,546,3.182639337258787e-15,0.0,9.765535294000168e-13,0.0,0.0,0.0,0.0,0.0
img_0547.png,img_0547.png,0,547,547,3.2566542055671312e-15,0.0,9.765568600690907e-13,0.0,0.0,0.0,0.0,0.0
img_0548.png,img_0548.png,0,548,548,3.1826393372587873e-15,0.0,9.765556264879522e-13,0.0,0.0,0.0,0.0,0.0
img_0549.png,img_0549.png,0,549,549,3.182639337258787e-15,0.0,9.76556613352863e-13,0.0,0.0,0.0,0.0,0.0
img_0550.png,img_0550.png,0,550,550,3.182639337258787e-15,0.0,9.765542695486998e-13,0.0,0.0,0.0,0.0,0.0
img_0551.png,img_0551.png,0,551,551,3.219646771412959e-15,0.0,9.765541461905862e-13,0.0,0.0,0.0,0.0,0.0
img_0552.png,img_0552.png,0,552,552,3.2566542055671312e-15,0.0,9.765555031298386e-13,0.0,0.0,0.0,0.0,0.0
img_0553.png,img_0553.png,0,553,553,3.219646771412959e-15,0.0,9.765537761162446e-13,0.0,0.0,0.0,0.0,0.0
img_0554.png,img_0554.png,0,554,554,3.1456319031046148e-15,0.0,9.76555009697383e-13,0.0,0.0,0.0,0.0,0.0
img_0555.png,img_0555.png,0,555,555,3.2566542055671312e-15,0.0,9.765545162649276e-13,0.0,0.0,0.0,0.0,0.0
img_0556.png,img_0556.png,0,556,556,3.2566542055671312e-15,0.0,9.765536527581308e-13,0.0,0.0,0.0,0.0,0.0
img_0557.png,img_0557.png,0,557,557,3.293661639721303e-15,0.0,9.765510622377398e-13,0.0,0.0,0.0,0.0,0.0
img_0558.png,img_0558.png,0,558,558,3.182639337258787e-15,0.0,9.76553529400017e-13,0.0,0.0,0.0,0.0,0.0
img_0559.png,img_0559.png,0,559,559,3.293661639721303e-15,0.0,9.765545162649276e-13,0.0,0.0,0.0,0.0,0.0
img_0560.png,img_0560.png,0,560,560,3.1456319031046148e-15,0.0,9.765525425351061e-13,0.0,0.0,0.0,0.0,0.0
img_0561.png,img_0561.png,0,561,561,3.2566542055671312e-15,0.0,9.76554022832472e-13,0.0,0.0,0.0,0.0,0.0
img_0562.png,img_0562.png,0,562,562,3.182639337258787e-15,0.0,9.765515556701953e-13,0.0,0.0,0.0,0.0,0.0
img_0563.png,img_0563.png,0,563,563,3.182639337258787e-15,0.0,9.765513089539675e-13,0.0,0.0,0.0,0.0,0.0
img_0564.png,img_0564.png,0,564,564,3.182639337258787e-15,0.0,9.765514323120815e-13,0.0,0.0,0.0,0.0,0.0
img_0565.png,img_0565.png,0,565,565,3.2566542055671312e-15,0.0,9.765532826837891e-13,0.0,0.0,0.0,0.0,0.0
img_0566.png,img_0566.png,0,566,566,3.182639337258787e-15,0.0,9.765556264879522e-13,0.0,0.0,0.0,0.0,0.0
img_0567.png,img_0567.png,0,567,567,3.219646771412959e-15,0.0,9.765521724607645e-13,0.0,0.0,0.0,0.0,0.0
img_0568.png,img_0568.png,0,568,568,3.182639337258787e-15,0.0,9.765534060419031e-13,0.0,0.0,0.0,0.0,0.0
img_0569.png,img_0569.png,0,569,569,3.1826393372587873e-15,0.0,9.765525425351061e-13,0.0,0.0,0.0,0.0,0.0
img_0570.png,img_0570.png,0,570,570,3.2566542055671312e-15,0.0,9.765495819403738e-13,0.0,0.0,0.0,0.0,0.0
img_0571.png,img_0571.png,0,571,571,3.219646771412959e-15,0.0,9.765552564136108e-13,0.0,0.0,0.0,0.0,0.0
img_0572.png,img_0572.png,0,572,572,3.219646771412959e-15,0.0,9.765563666366353e-13,0.0,0.0,0.0,0.0,0.0
img_0573.png,img_0573.png,0,573,573,3.219646771412959e-15,0.0,9.765542695486998e-13,0.0,0.0,0.0,0.0,0.0
img_0574.png,img_0574.png,0,574,574,3.219646771412959e-15,0.0,9.765540228324722e-13,0.0,0.0,0.0,0.0,0.0
img_0575.png,img_0575.png,0,575,575,3.1826393372587873e-15,0.0,9.765515556701953e-13,0.0,0.0,0.0,0.0,0.0
img_0585.png,img_0585.png,0,585,585,3.182639337258787e-15,0.0,9.765527892513337e-13,0.0,0.0,0.0,0.0,0.0
img_0586.png,img_0586.png,0,586,586,3.2566542055671312e-15,0.0,9.765542695486998e-13,0.0,0.0,0.0,0.0,0.0
img_0587.png,img_0587.png,0,587,587,3.219646771412959e-15,0.0,9.765545162649276e-13,0.0,0.0,0.0,0.0,0.0
img_0588.png,img_0588.png,0,588,588,3.219646771412959e-15,0.0,9.765526658932197e-13,0.0,0.0,0.0,0.0,0.0
img_0589.png,img_0589.png,0,589,589,3.1826393372587873e-15,0.0,9.765538994743584e-13,0.0,0.0,0.0,0.0,0.0
img_0590.png,img_0590.png,0,590,590,3.1456319031046148e-15,0.0,9.765531593256753e-13,0.0,0.0,0.0,0.0,0.0
img_0591.png,img_0591.png,0,591,591,3.2566542055671312e-15,0.0,9.765521724607645e-13,0.0,0.0,0.0,0.0,0.0
img_0592.png,img_0592.png,0,592,592,3.293661639721303e-15,0.0,9.765515556701953e-13,0.0,0.0,0.0,0.0,0.0
img_0593.png,img_0593.png,0,593,593,3.2566542055671312e-15,0.0,9.765522958188785e-13,0.0,0.0,0.0,0.0,0.0
img_0594.png,img_0594.png,0,594,594,3.219646771412959e-15,0.0,9.765569834272045e-13,0.0,0.0,0.0,0.0,0.0
img_0595.png,img_0595.png,0,595,595,3.219646771412959e-15,0.0,9.765527892513337e-13,0.0,0.0,0.0,0.0,0.0
img_0596.png,img_0596.png,0,596,596,3.219646771412959e-15,0.0,9.765530359675615e-13,0.0,0.0,0.0,0.0,0.0
img_0597.png,img_0597.png,0,597,597,3.1826393372587873e-15,0.0,9.765538994743584e-13,0.0,0.0,0.0,0.0,0.0
img_0598.png,img_0598.png,0,598,598,3.182639337258787e-15,0.0,9.765545162649276e-13,0.0,0.0,0.0,0.0,0.0
img_0617.png,img_0617.png,0,617,617,3.219646771412959e-15,0.0,9.765569834272043e-13,0.0,0.0,0.0,0.0,0.0
img_0618.png,img_0618.png,0,618,618,3.293661639721303e-15,0.0,9.765531593256753e-13,0.0,0.0,0.0,0.0,0.0
img_0619.png,img_0619.png,0,619,619,3.219646771412959e-15,0.0,9.765577235758875e-13,0.0,0.0,0.0,0.0,0.0
img_0624.png,img_0624.png,0,624,624,3.1826393372587873e-15,0.0,9.765524191769921e-13,0.0,0.0,0.0,0.0,0.0
img_0625.png,img_0625.png,0,625,625,3.219646771412959e-15,0.0,9.765535294000168e-13,0.0,0.0,0.0,0.0,0.0
img_0626.png,img_0626.png,0,626,626,3.1826393372587873e-15,0.0,9.765527892513337e-13,0.0,0.0,0.0,0.0,0.0
img_0668.png,img_0668.png,0,668,668,3.219646771412959e-15,0.0,9.765542695486998e-13,0.0,0.0,0.0,0.0,0.0
img_0669.png,img_0669.png,0,669,669,3.2566542055671312e-15,0.0,9.765543929068138e-13,0.0,0.0,0.0,0.0,0.0
img_0672.png,img_0672.png,0,672,672,3.2566542055671312e-15,0.0,9.765548863392692e-13,0.0,0.0,0.0,0.0,0.0
img_0673.png,img_0673.png,0,673,673,3.2566542055671312e-15,0.0,9.765538994743584e-13,0.0,0.0,0.0,0.0,0.0
img_0677.png,img_0677.png,0,677,677,3.2566542055671312e-15,0.0,9.765530359675615e-13,0.0,0.0,0.0,0.0,0.0
img_0678.png,img_0678.png,0,678,678,3.293661639721303e-15,0.0,9.765542695486998e-13,0.0,0.0,0.0,0.0,0.0
img_0679.png,img_0679.png,0,679,679,3.219646771412959e-15,0.0,9.76551679028309e-13,0.0,0.0,0.0,0.0,0.0
img_0681.png,img_0681.png,0,681,681,3.219646771412959e-15,0.0,9.765562432785215e-13,0.0,0.0,0.0,0.0,0.0
img_0682.png,img_0682.png,0,682,682,3.182639337258787e-15,0.0,9.765537761162446e-13,0.0,0.0,0.0,0.0,0.0
img_0684.png,img_0684.png,0,684,684,3.219646771412959e-15,0.0,9.765545162649276e-13,0.0,0.0,0.0,0.0,0.0
img_0686.png,img_0686.png,0,686,686,3.1826393372587873e-15,0.0,9.765588337989122e-13,0.0,0.0,0.0,0.0,0.0
img_0687.png,img_0687.png,0,687,687,3.2566542055671312e-15,0.0,9.765537761162446e-13,0.0,0.0,0.0,0.0,0.0
img_0689.png,img_0689.png,0,689,689,3.219646771412959e-15,0.0,9.765543929068136e-13,0.0,0.0,0.0,0.0,0.0
img_0691.png,img_0691.png,0,691,691,3.219646771412959e-15,0.0,9.765530359675615e-13,0.0,0.0,0.0,0.0,0.0
img_0693.png,img_0693.png,0,693,693,3.293661639721303e-15,0.0,9.765572301434321e-13,0.0,0.0,0.0,0.0,0.0
img_0695.png,img_0695.png,0,695,695,3.182639337258787e-15,0.0,9.76554146190586e-13,0.0,0.0,0.0,0.0,0.0
img_0697.png,img_0697.png,0,697,697,3.219646771412959e-15,0.0,9.765543929068136e-13,0.0,0.0,0.0,0.0,0.0
img_0699.png,img_0699.png,0,699,699,3.182639337258787e-15,0.0,9.765524191769921e-13,0.0,0.0,0.0,0.0,0.0
img_0701.png,img_0701.png,0,701,701,3.182639337258787e-15,0.0,9.76555009697383e-13,0.0,0.0,0.0,0.0,0.0
img_0703.png,img_0703.png,0,703,703,3.219646771412959e-15,0.0,9.7655747685966e-13,0.0,0.0,0.0,0.0,0.0
img_0705.png,img_0705.png,0,705,705,3.219646771412959e-15,0.0,9.765559965622937e-13,0.0,0.0,0.0,0.0,0.0
img_0707.png,img_0707.png,0,707,707,3.219646771412959e-15,0.0,9.76555009697383e-13,0.0,0.0,0.0,0.0,0.0
img_0709.png,img_0709.png,0,709,709,3.182639337258787e-15,0.0,9.765546396230414e-13,0.0,0.0,0.0,0.0,0.0
img_0711.png,img_0711.png,0,711,711,3.219646771412959e-15,0.0,9.765541461905862e-13,0.0,0.0,0.0,0.0,0.0
img_0713.png,img_0713.png,0,713,713,3.219646771412959e-15,0.0,9.765535294000168e-13,0.0,0.0,0.0,0.0,0.0
img_0715.png,img_0715.png,0,715,715,3.1826393372587873e-15,0.0,9.765511855958536e-13,0.0,0.0,0.0,0.0,0.0
img_0717.png,img_0717.png,0,717,717,3.219646771412959e-15,0.0,9.765537761162446e-13,0.0,0.0,0.0,0.0,0.0
img_0719.png,img_0719.png,0,719,719,3.219646771412959e-15,0.0,9.765566133528629e-13,0.0,0.0,0.0,0.0,0.0
img_0721.png,img_0721.png,0,721,721,3.1456319031046148e-15,0.0,9.765556264879522e-13,0.0,0.0,0.0,0.0,0.0
img_0723.png,img_0723.png,0,723,723,3.2566542055671312e-15,0.0,9.765555031298382e-13,0.0,0.0,0.0,0.0,0.0
img_0725.png,img_0725.png,0,725,725,3.182639337258787e-15,0.0,9.765531593256753e-13,0.0,0.0,0.0,0.0,0.0
img_0727.png,img_0727.png,0,727,727,3.2566542055671312e-15,0.0,9.765567367109769e-13,0.0,0.0,0.0,0.0,0.0
img_0729.png,img_0729.png,0,729,729,3.2566542055671312e-15,0.0,9.765527892513337e-13,0.0,0.0,0.0,0.0,0.0
img_0731.png,img_0731.png,0,731,731,3.219646771412959e-15,0.0,9.765535294000168e-13,0.0,0.0,0.0,0.0,0.0
img_0733.png,img_0733.png,0,733,733,3.2566542055671312e-15,0.0,9.765542695486998e-13,0.0,0.0,0.0,0.0,0.0
img_0735.png,img_0735.png,0,735,735,3.1826393372587873e-15,0.0,9.765529126094475e-13,0.0,0.0,0.0,0.0,0.0
img_0740.png,img_0740.png,0,740,740,3.1456319031046148e-15,0.0,9.765530359675615e-13,0.0,0.0,0.0,0.0,0.0
img_0741.png,img_0741.png,0,741,741,3.3306690738754747e-15,0.0,9.765532826837891e-13,0.0,0.0,0.0,0.0,0.0
img_0742.png,img_0742.png,0,742,742,3.293661639721303e-15,0.0,9.765561199204077e-13,0.0,0.0,0.0,0.0,0.0
img_0743.png,img_0743.png,0,743,743,3.182639337258787e-15,0.0,9.76553282683789e-13,0.0,0.0,0.0,0.0,0.0
img_0744.png,img_0744.png,0,744,744,3.293661639721303e-15,0.0,9.765534060419031e-13,0.0,0.0,0.0,0.0,0.0
img_0748.png,img_0748.png,0,748,748,3.182639337258787e-15,0.0,9.765556264879522e-13,0.0,0.0,0.0,0.0,0.0
img_0749.png,img_0749.png,0,749,749,3.2566542055671312e-15,0.0,9.765525425351061e-13,0.0,0.0,0.0,0.0,0.0
img_0751.png,img_0751.png,0,751,751,3.182639337258787e-15,0.0,9.765538994743584e-13,0.0,0.0,0.0,0.0,0.0
img_0753.png,img_0753.png,0,753,753,3.2566542055671312e-15,0.0,9.765541461905862e-13,0.0,0.0,0.0,0.0,0.0
img_0755.png,img_0755.png,0,755,755,3.219646771412959e-15,0.0,9.765535294000168e-13,0.0,0.0,0.0,0.0,0.0
img_0757.png,img_0757.png,0,757,757,3.293661639721303e-15,0.0,9.765531593256753e-13,0.0,0.0,0.0,0.0,0.0
img_0759.png,img_0759.png,0,759,759,3.2566542055671312e-15,0.0,9.765553797717246e-13,0.0,0.0,0.0,0.0,0.0
img_0761.png,img_0761.png,0,761,761,3.293661639721303e-15,0.0,9.765538994743584e-13,0.0,0.0,0.0,0.0,0.0
img_0763.png,img_0763.png,0,763,763,3.219646771412959e-15,0.0,9.765547629811554e-13,0.0,0.0,0.0,0.0,0.0
img_0764.png,img_0764.png,0,764,764,3.1826393372587873e-15,0.0,9.765548863392692e-13,0.0,0.0,0.0,0.0,0.0
img_0766.png,img_0766.png,0,766,766,3.219646771412959e-15,0.0,9.7655266589322e-13,0.0,0.0,0.0,0.0,0.0
img_0768.png,img_0768.png,0,768,768,3.2566542055671312e-15,0.0,9.765540228324724e-13,0.0,0.0,0.0,0.0,0.0
img_0770.png,img_0770.png,0,770,770,3.219646771412959e-15,0.0,9.765538994743584e-13,0.0,0.0,0.0,0.0,0.0
img_0772.png,img_0772.png,0,772,772,3.182639337258787e-15,0.0,9.765538994743584e-13,0.0,0.0,0.0,0.0,0.0
img_0774.png,img_0774.png,0,774,774,3.219646771412959e-15,0.0,9.76553282683789e-13,0.0,0.0,0.0,0.0,0.0
img_0776.png,img_0776.png,0,776,776,3.182639337258787e-15,0.0,9.76555749846066e-13,0.0,0.0,0.0,0.0,0.0
img_0778.png,img_0778.png,0,778,778,3.219646771412959e-15,0.0,9.765530359675613e-13,0.0,0.0,0.0,0.0,0.0
img_0780.png,img_0780.png,0,780,780,3.219646771412959e-15,0.0,9.765531593256753e-13,0.0,0.0,0.0,0.0,0.0
img_0782.png,img_0782.png,0,782,782,3.2566542055671312e-15,0.0,9.765519257445367e-13,0.0,0.0,0.0,0.0,0.0
img_0784.png,img_0784.png,0,784,784,3.2566542055671312e-15,0.0,9.765545162649276e-13,0.0,0.0,0.0,0.0,0.0
img_0786.png,img_0786.png,0,786,786,3.219646771412959e-15,0.0,9.765515556701953e-13,0.0,0.0,0.0,0.0,0.0
img_0788.png,img_0788.png,0,788,788,3.293661639721303e-15,0.0,9.7655266589322e-13,0.0,0.0,0.0,0.0,0.0
img_0790.png,img_0790.png,0,790,790,3.182639337258787e-15,0.0,9.765555031298384e-13,0.0,0.0,0.0,0.0,0.0
img_0797.png,img_0797.png,0,797,797,3.2566542055671312e-15,0.0,9.76554146190586e-13,0.0,0.0,0.0,0.0,0.0
img_0799.png,img_0799.png,0,799,799,3.219646771412959e-15,0.0,9.765543929068136e-13,0.0,0.0,0.0,0.0,0.0
img_0800.png,img_0800.png,0,800,800,3.293661639721303e-15,0.0,9.765555031298382e-13,0.0,0.0,0.0,0.0,0.0
img_0801.png,img_0801.png,0,801,801,3.2566542055671312e-15,0.0,9.765532826837891e-13,0.0,0.0,0.0,0.0,0.0
img_0802.png,img_0802.png,0,802,802,3.293661639721303e-15,0.0,9.765536527581306e-13,0.0,0.0,0.0,0.0,0.0
img_0803.png,img_0803.png,0,803,803,3.293661639721303e-15,0.0,9.765530359675613e-13,0.0,0.0,0.0,0.0,0.0
img_0804.png,img_0804.png,0,804,804,3.293661639721303e-15,0.0,9.76551679028309e-13,0.0,0.0,0.0,0.0,0.0
img_0805.png,img_0805.png,0,805,805,3.219646771412959e-15,0.0,9.7655266589322e-13,0.0,0.0,0.0,0.0,0.0
img_0806.png,img_0806.png,0,806,806,3.182639337258787e-15,0.0,9.765538994743584e-13,0.0,0.0,0.0,0.0,0.0
img_0807.png,img_0807.png,0,807,807,3.219646771412959e-15,0.0,9.765537761162444e-13,0.0,0.0,0.0,0.0,0.0
img_0808.png,img_0808.png,0,808,808,3.182639337258787e-15,0.0,9.765553797717244e-13,0.0,0.0,0.0,0.0,0.0
img_0809.png,img_0809.png,0,809,809,3.219646771412959e-15,0.0,9.765534060419031e-13,0.0,0.0,0.0,0.0,0.0
img_0810.png,img_0810.png,0,810,810,3.293661639721303e-15,0.0,9.765530359675613e-13,0.0,0.0,0.0,0.0,0.0
img_0811.png,img_0811.png,0,811,811,3.1826393372587873e-15,0.0,9.76556489994749e-13,0.0,0.0,0.0,0.0,0.0
img_0812.png,img_0812.png,0,812,812,3.1826393372587873e-15,0.0,9.765547629811554e-13,0.0,0.0,0.0,0.0,0.0
img_0813.png,img_0813.png,0,813,813,3.2566542055671312e-15,0.0,9.765545162649276e-13,0.0,0.0,0.0,0.0,0.0
img_0814.png,img_0814.png,0,814,814,3.219646771412959e-15,0.0,9.765552564136108e-13,0.0,0.0,0.0,0.0,0.0
img_0815.png,img_0815.png,0,815,815,3.182639337258787e-15,0.0,9.765563666366353e-13,0.0,0.0,0.0,0.0,0.0
img_0816.png,img_0816.png,0,816,816,3.219646771412959e-15,0.0,9.765546396230414e-13,0.0,0.0,0.0,0.0,0.0
img_0817.png,img_0817.png,0,817,817,3.219646771412959e-15,0.0,9.765551330554968e-13,0.0,0.0,0.0,0.0,0.0
img_0818.png,img_0818.png,0,818,818,3.219646771412959e-15,0.0,9.765559965622939e-13,0.0,0.0,0.0,0.0,0.0
img_0823.png,img_0823.png,0,823,823,3.219646771412959e-15,0.0,9.765534060419031e-13,0.0,0.0,0.0,0.0,0.0
img_0824.png,img_0824.png,0,824,824,3.2566542055671312e-15,0.0,9.76554886339269e-13,0.0,0.0,0.0,0.0,0.0
img_0825.png,img_0825.png,0,825,825,3.219646771412959e-15,0.0,9.76555009697383e-13,0.0,0.0,0.0,0.0,0.0
img_0827.png,img_0827.png,0,827,827,3.219646771412959e-15,0.0,9.765521724607647e-13,0.0,0.0,0.0,0.0,0.0
img_0828.png,img_0828.png,0,828,828,3.182639337258787e-15,0.0,9.765547629811554e-13,0.0,0.0,0.0,0.0,0.0
img_0829.png,img_0829.png,0,829,829,3.293661639721303e-15,0.0,9.765545162649276e-13,0.0,0.0,0.0,0.0,0.0
img_0831.png,img_0831.png,0,831,831,3.219646771412959e-15,0.0,9.765571067853185e-13,0.0,0.0,0.0,0.0,0.0
img_0832.png,img_0832.png,0,832,832,3.219646771412959e-15,0.0,9.765543929068136e-13,0.0,0.0,0.0,0.0,0.0
img_0833.png,img_0833.png,0,833,833,3.1826393372587873e-15,0.0,9.765536527581308e-13,0.0,0.0,0.0,0.0,0.0
img_0834.png,img_0834.png,0,834,834,3.219646771412959e-15,0.0,9.765530359675615e-13,0.0,0.0,0.0,0.0,0.0
img_0835.png,img_0835.png,0,835,835,3.2566542055671312e-15,0.0,9.765525425351061e-13,0.0,0.0,0.0,0.0,0.0
img_0840.png,img_0840.png,0,840,840,3.219646771412959e-15,0.0,9.765543929068138e-13,0.0,0.0,0.0,0.0,0.0
img_0842.png,img_0842.png,0,842,842,3.3306690738754747e-15,0.0,9.765515556701953e-13,0.0,0.0,0.0,0.0,0.0
img_0844.png,img_0844.png,0,844,844,3.219646771412959e-15,0.0,9.765572301434323e-13,0.0,0.0,0.0,0.0,0.0
img_0846.png,img_0846.png,0,846,846,3.182639337258787e-15,0.0,9.765545162649276e-13,0.0,0.0,0.0,0.0,0.0
img_0847.png,img_0847.png,0,847,847,3.219646771412959e-15,0.0,9.76551679028309e-13,0.0,0.0,0.0,0.0,0.0
img_0849.png,img_0849.png,0,849,849,3.293661639721303e-15,0.0,9.765530359675615e-13,0.0,0.0,0.0,0.0,0.0
img_0851.png,img_0851.png,0,851,851,3.1826393372587873e-15,0.0,9.765515556701953e-13,0.0,0.0,0.0,0.0,0.0
img_0853.png,img_0853.png,0,853,853,3.2566542055671312e-15,0.0,9.765526658932197e-13,0.0,0.0,0.0,0.0,0.0
img_0855.png,img_0855.png,0,855,855,3.1456319031046148e-15,0.0,9.765546396230414e-13,0.0,0.0,0.0,0.0,0.0
img_0857.png,img_0857.png,0,857,857,3.2566542055671312e-15,0.0,9.76554392906814e-13,0.0,0.0,0.0,0.0,0.0
img_0859.png,img_0859.png,0,859,859,3.182639337258787e-15,0.0,9.765531593256753e-13,0.0,0.0,0.0,0.0,0.0
img_0860.png,img_0860.png,0,860,860,3.108624468950443e-15,0.0,9.7655266589322e-13,0.0,0.0,0.0,0.0,0.0
img_0862.png,img_0862.png,0,862,862,3.182639337258787e-15,0.0,9.765527892513337e-13,0.0,0.0,0.0,0.0,0.0
img_0864.png,img_0864.png,0,864,864,3.3306690738754747e-15,0.0,9.765540228324722e-13,0.0,0.0,0.0,0.0,0.0
img_0866.png,img_0866.png,0,866,866,3.182639337258787e-15,0.0,9.765561199204077e-13,0.0,0.0,0.0,0.0,0.0
img_0868.png,img_0868.png,0,868,868,3.219646771412959e-15,0.0,9.765531593256753e-13,0.0,0.0,0.0,0.0,0.0
img_0870.png,img_0870.png,0,870,870,3.219646771412959e-15,0.0,9.765535294000168e-13,0.0,0.0,0.0,0.0,0.0
img_0872.png,img_0872.png,0,872,872,3.2566542055671312e-15,0.0,9.765522958188785e-13,0.0,0.0,0.0,0.0,0.0
img_0874.png,img_0874.png,0,874,874,3.182639337258787e-15,0.0,9.765556264879522e-13,0.0,0.0,0.0,0.0,0.0
img_0876.png,img_0876.png,0,876,876,3.1826393372587873e-15,0.0,9.765543929068138e-13,0.0,0.0,0.0,0.0,0.0
img_0878.png,img_0878.png,0,878,878,3.219646771412959e-15,0.0,9.765551330554966e-13,0.0,0.0,0.0,0.0,0.0
img_0880.png,img_0880.png,0,880,880,3.182639337258787e-15,0.0,9.765545162649276e-13,0.0,0.0,0.0,0.0,0.0
img_0882.png,img_0882.png,0,882,882,3.293661639721303e-15,0.0,9.765553797717244e-13,0.0,0.0,0.0,0.0,0.0
img_0884.png,img_0884.png,0,884,884,3.1456319031046148e-15,0.0,9.765514323120815e-13,0.0,0.0,0.0,0.0,0.0
img_0886.png,img_0886.png,0,886,886,3.182639337258787e-15,0.0,9.765585870826846e-13,0.0,0.0,0.0,0.0,0.0
img_0888.png,img_0888.png,0,888,888,3.219646771412959e-15,0.0,9.765527892513337e-13,0.0,0.0,0.0,0.0,0.0
img_0890.png,img_0890.png,0,890,890,3.219646771412959e-15,0.0,9.765546396230414e-13,0.0,0.0,0.0,0.0,0.0
img_0892.png,img_0892.png,0,892,892,3.2566542055671312e-15,0.0,9.765537761162444e-13,0.0,0.0,0.0,0.0,0.0
img_0894.png,img_0894.png,0,894,894,3.2566542055671312e-15,0.0,9.76555009697383e-13,0.0,0.0,0.0,0.0,0.0
img_0900.png,img_0900.png,0,900,900,3.182639337258787e-15,0.0,9.76555749846066e-13,0.0,0.0,0.0,0.0,0.0
img_0901.png,img_0901.png,0,901,901,3.2566542055671312e-15,0.0,9.765522958188783e-13,0.0,0.0,0.0,0.0,0.0
img_0902.png,img_0902.png,0,902,902,3.219646771412959e-15,0.0,9.765556264879522e-13,0.0,0.0,0.0,0.0,0.0
img_0903.png,img_0903.png,0,903,903,3.2566542055671312e-15,0.0,9.765522958188785e-13,0.0,0.0,0.0,0.0,0.0
img_0905.png,img_0905.png,0,905,905,3.219646771412959e-15,0.0,9.765562432785215e-13,0.0,0.0,0.0,0.0,0.0
img_0907.png,img_0907.png,0,907,907,3.2566542055671312e-15,0.0,9.765567367109769e-13,0.0,0.0,0.0,0.0,0.0
img_0909.png,img_0909.png,0,909,909,3.1826393372587873e-15,0.0,9.765569834272045e-13,0.0,0.0,0.0,0.0,0.0
img_0911.png,img_0911.png,0,911,911,3.219646771412959e-15,0.0,9.765513089539675e-13,0.0,0.0,0.0,0.0,0.0
img_0912.png,img_0912.png,0,912,912,3.1456319031046148e-15,0.0,9.765556264879522e-13,0.0,0.0,0.0,0.0,0.0
img_0914.png,img_0914.png,0,914,914,3.293661639721303e-15,0.0,9.765515556701953e-13,0.0,0.0,0.0,0.0,0.0
img_0916.png,img_0916.png,0,916,916,3.293661639721303e-15,0.0,9.765538994743584e-13,0.0,0.0,0.0,0.0,0.0
img_0918.png,img_0918.png,0,918,918,3.293661639721303e-15,0.0,9.765545162649276e-13,0.0,0.0,0.0,0.0,0.0
img_0919.png,img_0919.png,0,919,919,3.2566542055671312e-15,0.0,9.76553282683789e-13,0.0,0.0,0.0,0.0,0.0
img_0921.png,img_0921.png,0,921,921,3.219646771412959e-15,0.0,9.765519257445369e-13,0.0,0.0,0.0,0.0,0.0
img_0923.png,img_0923.png,0,923,923,3.1826393372587873e-15,0.0,9.765532826837891e-13,0.0,0.0,0.0,0.0,0.0
img_0925.png,img_0925.png,0,925,925,3.2566542055671312e-15,0.0,9.7655266589322e-13,0.0,0.0,0.0,0.0,0.0
img_0926.png,img_0926.png,0,926,926,3.219646771412959e-15,0.0,9.765537761162446e-13,0.0,0.0,0.0,0.0,0.0
img_0928.png,img_0928.png,0,928,928,3.2566542055671312e-15,0.0,9.76553282683789e-13,0.0,0.0,0.0,0.0,0.0
img_0930.png,img_0930.png,0,930,930,3.1456319031046148e-15,0.0,9.765536527581308e-13,0.0,0.0,0.0,0.0,0.0
img_0932.png,img_0932.png,0,932,932,3.293661639721303e-15,0.0,9.765536527581306e-13,0.0,0.0,0.0,0.0,0.0
img_0933.png,img_0933.png,0,933,933,3.219646771412959e-15,0.0,9.765540228324722e-13,0.0,0.0,0.0,0.0,0.0
img_0935.png,img_0935.png,0,935,935,3.219646771412959e-15,0.0,9.765524191769921e-13,0.0,0.0,0.0,0.0,0.0
img_0937.png,img_0937.png,0,937,937,3.219646771412959e-15,0.0,9.765535294000168e-13,0.0,0.0,0.0,0.0,0.0
img_0938.png,img_0938.png,0,938,938,3.293661639721303e-15,0.0,9.765536527581308e-13,0.0,0.0,0.0,0.0,0.0
img_0940.png,img_0940.png,0,940,940,3.293661639721303e-15,0.0,9.765551330554968e-13,0.0,0.0,0.0,0.0,0.0
img_0942.png,img_0942.png,0,942,942,3.293661639721303e-15,0.0,9.765537761162446e-13,0.0,0.0,0.0,0.0,0.0
img_0944.png,img_0944.png,0,944,944,3.1826393372587873e-15,0.0,9.765531593256753e-13,0.0,0.0,0.0,0.0,0.0
img_0946.png,img_0946.png,0,946,946,3.182639337258787e-15,0.0,9.765524191769921e-13,0.0,0.0,0.0,0.0,0.0
img_0947.png,img_0947.png,0,947,947,3.1826393372587873e-15,0.0,9.765505688052844e-13,0.0,0.0,0.0,0.0,0.0
img_0950.png,img_0950.png,0,950,950,3.219646771412959e-15,0.0,9.765543929068138e-13,0.0,0.0,0.0,0.0,0.0
img_0951.png,img_0951.png,0,951,951,3.2566542055671312e-15,0.0,9.765577235758875e-13,0.0,0.0,0.0,0.0,0.0
img_0953.png,img_0953.png,0,953,953,3.219646771412959e-15,0.0,9.765545162649276e-13,0.0,0.0,0.0,0.0,0.0
img_0955.png,img_0955.png,0,955,955,3.219646771412959e-15,0.0,9.76551679028309e-13,0.0,0.0,0.0,0.0,0.0
img_0957.png,img_0957.png,0,957,957,3.2566542055671312e-15,0.0,9.765538994743584e-13,0.0,0.0,0.0,0.0,0.0
img_0959.png,img_0959.png,0,959,959,3.219646771412959e-15,0.0,9.765530359675613e-13,0.0,0.0,0.0,0.0,0.0
img_0961.png,img_0961.png,0,961,961,3.1826393372587873e-15,0.0,9.765553797717244e-13,0.0,0.0,0.0,0.0,0.0
img_0963.png,img_0963.png,0,963,963,3.293661639721303e-15,0.0,9.765563666366355e-13,0.0,0.0,0.0,0.0,0.0
img_0965.png,img_0965.png,0,965,965,3.182639337258787e-15,0.0,9.765558732041799e-13,0.0,0.0,0.0,0.0,0.0
img_0967.png,img_0967.png,0,967,967,3.2566542055671312e-15,0.0,9.765542695486998e-13,0.0,0.0,0.0,0.0,0.0
img_0969.png,img_0969.png,0,969,969,3.219646771412959e-15,0.0,9.765552564136108e-13,0.0,0.0,0.0,0.0,0.0
img_0971.png,img_0971.png,0,971,971,3.1456319031046148e-15,0.0,9.765525425351061e-13,0.0,0.0,0.0,0.0,0.0
img_0972.png,img_0972.png,0,972,972,3.219646771412959e-15,0.0,9.76551679028309e-13,0.0,0.0,0.0,0.0,0.0
img_0973.png,img_0973.png,0,973,973,3.182639337258787e-15,0.0,9.765537761162444e-13,0.0,0.0,0.0,0.0,0.0
img_0974.png,img_0974.png,0,974,974,3.2566542055671312e-15,0.0,9.765563666366353e-13,0.0,0.0,0.0,0.0,0.0
img_0975.png,img_0975.png,0,975,975,3.2566542055671312e-15,0.0,9.76554022832472e-13,0.0,0.0,0.0,0.0,0.0
img_0976.png,img_0976.png,0,976,976,3.2566542055671312e-15,0.0,9.765521724607643e-13,0.0,0.0,0.0,0.0,0.0
img_0977.png,img_0977.png,0,977,977,3.219646771412959e-15,0.0,9.76555749846066e-13,0.0,0.0,0.0,0.0,0.0
img_0978.png,img_0978.png,0,978,978,3.219646771412959e-15,0.0,9.765545162649276e-13,0.0,0.0,0.0,0.0,0.0
img_0979.png,img_0979.png,0,979,979,3.1826393372587873e-15,0.0,9.765529126094475e-13,0.0,0.0,0.0,0.0,0.0
img_0980.png,img_0980.png,0,980,980,3.182639337258787e-15,0.0,9.765543929068136e-13,0.0,0.0,0.0,0.0,0.0
img_0981.png,img_0981.png,0,981,981,3.1826393372587873e-15,0.0,9.765498286566014e-13,0.0,0.0,0.0,0.0,0.0
img_0982.png,img_0982.png,0,982,982,3.182639337258787e-15,0.0,9.765511855958536e-13,0.0,0.0,0.0,0.0,0.0
img_0983.png,img_0983.png,0,983,983,3.1826393372587873e-15,0.0,9.765542695486998e-13,0.0,0.0,0.0,0.0,0.0
img_0984.png,img_0984.png,0,984,984,3.293661639721303e-15,0.0,9.76550938879626e-13,0.0,0.0,0.0,0.0,0.0
img_0985.png,img_0985.png,0,985,985,3.219646771412959e-15,0.0,9.765519257445369e-13,0.0,0.0,0.0,0.0,0.0
img_0986.png,img_0986.png,0,986,986,3.182639337258787e-15,0.0,9.765510622377396e-13,0.0,0.0,0.0,0.0,0.0
img_0987.png,img_0987.png,0,987,987,3.219646771412959e-15,0.0,9.7655106223774e-13,0.0,0.0,0.0,0.0,0.0
img_0988.png,img_0988.png,0,988,988,3.2566542055671312e-15,0.0,9.765525425351063e-13,0.0,0.0,0.0,0.0,0.0
img_0989.png,img_0989.png,0,989,989,3.219646771412959e-15,0.0,9.765552564136106e-13,0.0,0.0,0.0,0.0,0.0
img_0990.png,img_0990.png,0,990,990,3.293661639721303e-15,0.0,9.76556489994749e-13,0.0,0.0,0.0,0.0,0.0
img_0991.png,img_0991.png,0,991,991,3.219646771412959e-15,0.0,9.765510622377398e-13,0.0,0.0,0.0,0.0,0.0
img_1008.png,img_1008.png,0,1008,1008,3.219646771412959e-15,0.0,9.765532826837891e-13,0.0,0.0,0.0,0.0,0.0
img_1018.png,img_1018.png,0,1018,1018,3.1826393372587873e-15,0.0,9.765513089539675e-13,0.0,0.0,0.0,0.0,0.0
img_1019.png,img_1019.png,0,1019,1019,3.219646771412959e-15,0.0,9.765536527581308e-13,0.0,0.0,0.0,0.0,0.0
img_1022.png,img_1022.png,0,1022,1022,3.1456319031046148e-15,0.0,9.765568600690907e-13,0.0,0.0,0.0,0.0,0.0
img_1023.png,img_1023.png,0,1023,1023,3.2566542055671312e-15,0.0,9.765519257445369e-13,0.0,0.0,0.0,0.0,0.0
img_1024.png,img_1024.png,0,1024,1024,3.182639337258787e-15,0.0,9.765527892513337e-13,0.0,0.0,0.0,0.0,0.0
img_1025.png,img_1025.png,0,1025,1025,3.182639337258787e-15,0.0,9.765519257445369e-13,0.0,0.0,0.0,0.0,0.0
img_1026.png,img_1026.png,0,1026,1026,3.219646771412959e-15,0.0,9.765489651498043e-13,0.0,0.0,0.0,0.0,0.0
img_1027.png,img_1027.png,0,1027,1027,3.219646771412959e-15,0.0,9.765503220890568e-13,0.0,0.0,0.0,0.0,0.0
img_1028.png,img_1028.png,0,1028,1028,3.219646771412959e-15,0.0,9.765515556701953e-13,0.0,0.0,0.0,0.0,0.0
img_1029.png,img_1029.png,0,1029,1029,3.219646771412959e-15,0.0,9.765532826837891e-13,0.0,0.0,0.0,0.0,0.0
img_1030.png,img_1030.png,0,1030,1030,3.1456319031046148e-15,0.0,9.765487184335767e-13,0.0,0.0,0.0,0.0,0.0
img_1031.png,img_1031.png,0,1031,1031,3.219646771412959e-15,0.0,9.76552542535106e-13,0.0,0.0,0.0,0.0,0.0
img_1032.png,img_1032.png,0,1032,1032,3.219646771412959e-15,0.0,9.765498286566014e-13,0.0,0.0,0.0,0.0,0.0
img_1033.png,img_1033.png,0,1033,1033,3.219646771412959e-15,0.0,9.76550198730943e-13,0.0,0.0,0.0,0.0,0.0
img_1034.png,img_1034.png,0,1034,1034,3.2566542055671312e-15,0.0,9.765543929068138e-13,0.0,0.0,0.0,0.0,0.0
img_1035.png,img_1035.png,0,1035,1035,3.293661639721303e-15,0.0,9.765540228324722e-13,0.0,0.0,0.0,0.0,0.0
img_1036.png,img_1036.png,0,1036,1036,3.219646771412959e-15,0.0,9.765555031298384e-13,0.0,0.0,0.0,0.0,0.0
img_1037.png,img_1037.png,0,1037,1037,3.219646771412959e-15,0.0,9.765558732041799e-13,0.0,0.0,0.0,0.0,0.0
img_1038.png,img_1038.png,0,1038,1038,3.2566542055671312e-15,0.0,9.765520491026507e-13,0.0,0.0,0.0,0.0,0.0
img_1039.png,img_1039.png,0,1039,1039,3.2566542055671312e-15,0.0,9.76550075372829e-13,0.0,0.0,0.0,0.0,0.0
img_1040.png,img_1040.png,0,1040,1040,3.1826393372587873e-15,0.0,9.765538994743584e-13,0.0,0.0,0.0,0.0,0.0
img_1041.png,img_1041.png,0,1041,1041,3.219646771412959e-15,0.0,9.765556264879522e-13,0.0,0.0,0.0,0.0,0.0
img_1042.png,img_1042.png,0,1042,1042,3.293661639721303e-15,0.0,9.765568600690907e-13,0.0,0.0,0.0,0.0,0.0
img_1043.png,img_1043.png,0,1043,1043,3.2566542055671312e-15,0.0,9.76554392906814e-13,0.0,0.0,0.0,0.0,0.0
img_1044.png,img_1044.png,0,1044,1044,3.2566542055671312e-15,0.0,9.765514323120815e-13,0.0,0.0,0.0,0.0,0.0
img_1045.png,img_1045.png,0,1045,1045,3.2566542055671312e-15,0.0,9.76558957157026e-13,0.0,0.0,0.0,0.0,0.0
img_1046.png,img_1046.png,0,1046,1046,3.219646771412959e-15,0.0,9.765537761162446e-13,0.0,0.0,0.0,0.0,0.0
img_1047.png,img_1047.png,0,1047,1047,3.2566542055671312e-15,0.0,9.7655266589322e-13,0.0,0.0,0.0,0.0,0.0
img_1048.png,img_1048.png,0,1048,1048,3.219646771412959e-15,0.0,9.765513089539675e-13,0.0,0.0,0.0,0.0,0.0
img_1049.png,img_1049.png,0,1049,1049,3.1826393372587873e-15,0.0,9.765537761162446e-13,0.0,0.0,0.0,0.0,0.0
img_1050.png,img_1050.png,0,1050,1050,3.219646771412959e-15,0.0,9.76550938879626e-13,0.0,0.0,0.0,0.0,0.0
img_1051.png,img_1051.png,0,1051,1051,3.293661639721303e-15,0.0,9.765543929068136e-13,0.0,0.0,0.0,0.0,0.0
img_1052.png,img_1052.png,0,1052,1052,3.1826393372587873e-15,0.0,9.765524191769921e-13,0.0,0.0,0.0,0.0,0.0
img_1053.png,img_1053.png,0,1053,1053,3.1456319031046148e-15,0.0,9.765557498460663e-13,0.0,0.0,0.0,0.0,0.0
img_1054.png,img_1054.png,0,1054,1054,3.2566542055671312e-15,0.0,9.765504454471708e-13,0.0,0.0,0.0,0.0,0.0
img_1055.png,img_1055.png,0,1055,1055,3.2566542055671312e-15,0.0,9.76551802386423e-13,0.0,0.0,0.0,0.0,0.0
img_1056.png,img_1056.png,0,1056,1056,3.2566542055671312e-15,0.0,9.76555749846066e-13,0.0,0.0,0.0,0.0,0.0
img_1057.png,img_1057.png,0,1057,1057,3.2566542055671312e-15,0.0,9.765519257445369e-13,0.0,0.0,0.0,0.0,0.0
img_1058.png,img_1058.png,0,1058,1058,3.219646771412959e-15,0.0,9.765506921633984e-13,0.0,0.0,0.0,0.0,0.0
img_1059.png,img_1059.png,0,1059,1059,3.1456319031046148e-15,0.0,9.765540228324722e-13,0.0,0.0,0.0,0.0,0.0
img_1060.png,img_1060.png,0,1060,1060,3.219646771412959e-15,0.0,9.765538994743586e-13,0.0,0.0,0.0,0.0,0.0
img_1061.png,img_1061.png,0,1061,1061,3.182639337258787e-15,0.0,9.765543929068136e-13,0.0,0.0,0.0,0.0,0.0
img_1062.png,img_1062.png,0,1062,1062,3.219646771412959e-15,0.0,9.765542695486998e-13,0.0,0.0,0.0,0.0,0.0
img_1063.png,img_1063.png,0,1063,1063,3.293661639721303e-15,0.0,9.765542695486998e-13,0.0,0.0,0.0,0.0,0.0
img_1064.png,img_1064.png,0,1064,1064,3.219646771412959e-15,0.0,9.765538994743584e-13,0.0,0.0,0.0,0.0,0.0
img_1065.png,img_1065.png,0,1065,1065,3.182639337258787e-15,0.0,9.76555749846066e-13,0.0,0.0,0.0,0.0,0.0
img_1066.png,img_1066.png,0,1066,1066,3.293661639721303e-15,0.0,9.765555031298382e-13,0.0,0.0,0.0,0.0,0.0
img_1068.png,img_1068.png,0,1068,1068,3.219646771412959e-15,0.0,9.765542695486998e-13,0.0,0.0,0.0,0.0,0.0
img_1070.png,img_1070.png,0,1070,1070,3.1456319031046148e-15,0.0,9.765571067853185e-13,0.0,0.0,0.0,0.0,0.0
img_1072.png,img_1072.png,0,1072,1072,3.219646771412959e-15,0.0,9.765513089539675e-13,0.0,0.0,0.0,0.0,0.0
img_1074.png,img_1074.png,0,1074,1074,3.182639337258787e-15,0.0,9.765546396230414e-13,0.0,0.0,0.0,0.0,0.0
img_1076.png,img_1076.png,0,1076,1076,3.219646771412959e-15,0.0,9.765572301434321e-13,0.0,0.0,0.0,0.0,0.0
img_1078.png,img_1078.png,0,1078,1078,3.1456319031046148e-15,0.0,9.765510622377398e-13,0.0,0.0,0.0,0.0,0.0
img_1080.png,img_1080.png,0,1080,1080,3.219646771412959e-15,0.0,9.765546396230414e-13,0.0,0.0,0.0,0.0,0.0
img_1082.png,img_1082.png,0,1082,1082,3.1456319031046148e-15,0.0,9.765542695487e-13,0.0,0.0,0.0,0.0,0.0
img_1084.png,img_1084.png,0,1084,1084,3.182639337258787e-15,0.0,9.765527892513337e-13,0.0,0.0,0.0,0.0,0.0
img_1086.png,img_1086.png,0,1086,1086,3.219646771412959e-15,0.0,9.76556489994749e-13,0.0,0.0,0.0,0.0,0.0
img_1088.png,img_1088.png,0,1088,1088,3.182639337258787e-15,0.0,9.765519257445369e-13,0.0,0.0,0.0,0.0,0.0
img_1089.png,img_1089.png,0,1089,1089,3.1456319031046148e-15,0.0,9.76554886339269e-13,0.0,0.0,0.0,0.0,0.0
img_1091.png,img_1091.png,0,1091,1091,3.2566542055671312e-15,0.0,9.76551802386423e-13,0.0,0.0,0.0,0.0,0.0
img_1093.png,img_1093.png,0,1093,1093,3.2566542055671312e-15,0.0,9.765547629811554e-13,0.0,0.0,0.0,0.0,0.0
img_1095.png,img_1095.png,0,1095,1095,3.219646771412959e-15,0.0,9.765527892513337e-13,0.0,0.0,0.0,0.0,0.0
img_1097.png,img_1097.png,0,1097,1097,3.2566542055671312e-15,0.0,9.765522958188783e-13,0.0,0.0,0.0,0.0,0.0
img_1099.png,img_1099.png,0,1099,1099,3.2566542055671312e-15,0.0,9.765505688052844e-13,0.0,0.0,0.0,0.0,0.0
img_1101.png,img_1101.png,0,1101,1101,3.2566542055671312e-15,0.0,9.765490885079184e-13,0.0,0.0,0.0,0.0,0.0
img_1103.png,img_1103.png,0,1103,1103,3.293661639721303e-15,0.0,9.765500753728292e-13,0.0,0.0,0.0,0.0,0.0
img_1105.png,img_1105.png,0,1105,1105,3.219646771412959e-15,0.0,9.765535294000168e-13,0.0,0.0,0.0,0.0,0.0
img_1107.png,img_1107.png,0,1107,1107,3.1826393372587873e-15,0.0,9.765541461905862e-13,0.0,0.0,0.0,0.0,0.0
img_1109.png,img_1109.png,0,1109,1109,3.219646771412959e-15,0.0,9.765521724607645e-13,0.0,0.0,0.0,0.0,0.0
img_1111.png,img_1111.png,0,1111,1111,3.1826393372587873e-15,0.0,9.765508155215122e-13,0.0,0.0,0.0,0.0,0.0
img_1113.png,img_1113.png,0,1113,1113,3.1456319031046148e-15,0.0,9.76551679028309e-13,0.0,0.0,0.0,0.0,0.0
img_1115.png,img_1115.png,0,1115,1115,3.293661639721303e-15,0.0,9.765541461905862e-13,0.0,0.0,0.0,0.0,0.0
img_1117.png,img_1117.png,0,1117,1117,3.2566542055671312e-15,0.0,9.765566133528629e-13,0.0,0.0,0.0,0.0,0.0
img_1135.png,img_1135.png,0,1135,1135,3.219646771412959e-15,0.0,9.765542695486998e-13,0.0,0.0,0.0,0.0,0.0
img_1137.png,img_1137.png,0,1137,1137,3.182639337258787e-15,0.0,9.765513089539675e-13,0.0,0.0,0.0,0.0,0.0
img_1139.png,img_1139.png,0,1139,1139,3.219646771412959e-15,0.0,9.765534060419031e-13,0.0,0.0,0.0,0.0,0.0
img_1141.png,img_1141.png,0,1141,1141,3.1826393372587873e-15,0.0,9.76553282683789e-13,0.0,0.0,0.0,0.0,0.0
img_1142.png,img_1142.png,0,1142,1142,3.219646771412959e-15,0.0,9.76555009697383e-13,0.0,0.0,0.0,0.0,0.0
img_1143.png,img_1143.png,0,1143,1143,3.219646771412959e-15,0.0,9.765498286566014e-13,0.0,0.0,0.0,0.0,0.0
img_1145.png,img_1145.png,0,1145,1145,3.219646771412959e-15,0.0,9.765515556701953e-13,0.0,0.0,0.0,0.0,0.0
img_1147.png,img_1147.png,0,1147,1147,3.1826393372587873e-15,0.0,9.765569834272045e-13,0.0,0.0,0.0,0.0,0.0
img_1149.png,img_1149.png,0,1149,1149,3.1456319031046148e-15,0.0,9.765520491026507e-13,0.0,0.0,0.0,0.0,0.0
img_1150.png,img_1150.png,0,1150,1150,3.1456319031046148e-15,0.0,9.765548863392692e-13,0.0,0.0,0.0,0.0,0.0
img_1152.png,img_1152.png,0,1152,1152,3.219646771412959e-15,0.0,9.765546396230414e-13,0.0,0.0,0.0,0.0,0.0
img_1153.png,img_1153.png,0,1153,1153,3.219646771412959e-15,0.0,9.765540228324722e-13,0.0,0.0,0.0,0.0,0.0
img_1154.png,img_1154.png,0,1154,1154,3.293661639721303e-15,0.0,9.765506921633984e-13,0.0,0.0,0.0,0.0,0.0
img_1156.png,img_1156.png,0,1156,1156,3.182639337258787e-15,0.0,9.765519257445369e-13,0.0,0.0,0.0,0.0,0.0
img_1158.png,img_1158.png,0,1158,1158,3.2566542055671312e-15,0.0,9.765535294000168e-13,0.0,0.0,0.0,0.0,0.0
img_1160.png,img_1160.png,0,1160,1160,3.219646771412959e-15,0.0,9.765538994743584e-13,0.0,0.0,0.0,0.0,0.0
img_1169.png,img_1169.png,0,1169,1169,3.182639337258787e-15,0.0,9.76550938879626e-13,0.0,0.0,0.0,0.0,0.0
img_1171.png,img_1171.png,0,1171,1171,3.293661639721303e-15,0.0,9.765471147780969e-13,0.0,0.0,0.0,0.0,0.0
img_1173.png,img_1173.png,0,1173,1173,3.219646771412959e-15,0.0,9.765540228324722e-13,0.0,0.0,0.0,0.0,0.0
img_1175.png,img_1175.png,0,1175,1175,3.219646771412959e-15,0.0,9.765506921633982e-13,0.0,0.0,0.0,0.0,0.0
img_1177.png,img_1177.png,0,1177,1177,3.219646771412959e-15,0.0,9.765527892513337e-13,0.0,0.0,0.0,0.0,0.0
img_1179.png,img_1179.png,0,1179,1179,3.2566542055671312e-15,0.0,9.765520491026507e-13,0.0,0.0,0.0,0.0,0.0
img_1181.png,img_1181.png,0,1181,1181,3.182639337258787e-15,0.0,9.765510622377396e-13,0.0,0.0,0.0,0.0,0.0
img_1183.png,img_1183.png,0,1183,1183,3.219646771412959e-15,0.0,9.765540228324722e-13,0.0,0.0,0.0,0.0,0.0
img_1185.png,img_1185.png,0,1185,1185,3.219646771412959e-15,0.0,9.765521724607645e-13,0.0,0.0,0.0,0.0,0.0
img_1187.png,img_1187.png,0,1187,1187,3.2566542055671312e-15,0.0,9.765505688052844e-13,0.0,0.0,0.0,0.0,0.0
img_1189.png,img_1189.png,0,1189,1189,3.2566542055671312e-15,0.0,9.765541461905862e-13,0.0,0.0,0.0,0.0,0.0
img_1191.png,img_1191.png,0,1191,1191,3.2566542055671312e-15,0.0,9.765505688052844e-13,0.0,0.0,0.0,0.0,0.0
img_1193.png,img_1193.png,0,1193,1193,3.182639337258787e-15,0.0,9.765530359675615e-13,0.0,0.0,0.0,0.0,0.0
img_1195.png,img_1195.png,0,1195,1195,3.219646771412959e-15,0.0,9.765513089539675e-13,0.0,0.0,0.0,0.0,0.0
img_1197.png,img_1197.png,0,1197,1197,3.2566542055671312e-15,0.0,9.76555009697383e-13,0.0,0.0,0.0,0.0,0.0
img_1199.png,img_1199.png,0,1199,1199,3.219646771412959e-15,0.0,9.76556489994749e-13,0.0,0.0,0.0,0.0,0.0
img_1200.png,img_1200.png,0,1200,1200,3.2566542055671312e-15,0.0,9.76555009697383e-13,0.0,0.0,0.0,0.0,0.0
img_1202.png,img_1202.png,0,1202,1202,3.1826393372587873e-15,0.0,9.76555009697383e-13,0.0,0.0,0.0,0.0,0.0
img_1204.png,img_1204.png,0,1204,1204,3.219646771412959e-15,0.0,9.76555009697383e-13,0.0,0.0,0.0,0.0,0.0
img_1206.png,img_1206.png,0,1206,1206,3.219646771412959e-15,0.0,9.765587104407984e-13,0.0,0.0,0.0,0.0,0.0
img_1208.png,img_1208.png,0,1208,1208,3.2566542055671312e-15,0.0,9.765524191769923e-13,0.0,0.0,0.0,0.0,0.0
img_1210.png,img_1210.png,0,1210,1210,3.2566542055671312e-15,0.0,9.765559965622939e-13,0.0,0.0,0.0,0.0,0.0
img_1212.png,img_1212.png,0,1212,1212,3.219646771412959e-15,0.0,9.765566133528629e-13,0.0,0.0,0.0,0.0,0.0
img_1213.png,img_1213.png,0,1213,1213,3.219646771412959e-15,0.0,9.765536527581308e-13,0.0,0.0,0.0,0.0,0.0
img_1215.png,img_1215.png,0,1215,1215,3.219646771412959e-15,0.0,9.765547629811554e-13,0.0,0.0,0.0,0.0,0.0
img_1217.png,img_1217.png,0,1217,1217,3.1456319031046148e-15,0.0,9.765531593256753e-13,0.0,0.0,0.0,0.0,0.0
img_1219.png,img_1219.png,0,1219,1219,3.2566542055671312e-15,0.0,9.765542695487e-13,0.0,0.0,0.0,0.0,0.0
img_1221.png,img_1221.png,0,1221,1221,3.293661639721303e-15,0.0,9.765532826837891e-13,0.0,0.0,0.0,0.0,0.0
img_1223.png,img_1223.png,0,1223,1223,3.182639337258787e-15,0.0,9.765504454471708e-13,0.0,0.0,0.0,0.0,0.0
img_1225.png,img_1225.png,0,1225,1225,3.2566542055671312e-15,0.0,9.765558732041799e-13,0.0,0.0,0.0,0.0,0.0
img_1227.png,img_1227.png,0,1227,1227,3.293661639721303e-15,0.0,9.765519257445369e-13,0.0,0.0,0.0,0.0,0.0
img_1229.png,img_1229.png,0,1229,1229,3.1456319031046148e-15,0.0,9.765551330554966e-13,0.0,0.0,0.0,0.0,0.0
img_1231.png,img_1231.png,0,1231,1231,3.182639337258787e-15,0.0,9.765535294000168e-13,0.0,0.0,0.0,0.0,0.0
img_1233.png,img_1233.png,0,1233,1233,3.219646771412959e-15,0.0,9.76555009697383e-13,0.0,0.0,0.0,0.0,0.0
img_1235.png,img_1235.png,0,1235,1235,3.182639337258787e-15,0.0,9.765541461905862e-13,0.0,0.0,0.0,0.0,0.0
img_1237.png,img_1237.png,0,1237,1237,3.2566542055671312e-15,0.0,9.765519257445369e-13,0.0,0.0,0.0,0.0,0.0
img_1238.png,img_1238.png,0,1238,1238,3.219646771412959e-15,0.0,9.76550938879626e-13,0.0,0.0,0.0,0.0,0.0
img_1240.png,img_1240.png,0,1240,1240,3.219646771412959e-15,0.0,9.765545162649276e-13,0.0,0.0,0.0,0.0,0.0
img_1242.png,img_1242.png,0,1242,1242,3.219646771412959e-15,0.0,9.765537761162444e-13,0.0,0.0,0.0,0.0,0.0
img_1244.png,img_1244.png,0,1244,1244,3.1456319031046148e-15,0.0,9.765514323120815e-13,0.0,0.0,0.0,0.0,0.0
img_1246.png,img_1246.png,0,1246,1246,3.219646771412959e-15,0.0,9.765541461905862e-13,0.0,0.0,0.0,0.0,0.0
img_1247.png,img_1247.png,0,1247,1247,3.219646771412959e-15,0.0,9.765500753728292e-13,0.0,0.0,0.0,0.0,0.0
img_1249.png,img_1249.png,0,1249,1249,3.219646771412959e-15,0.0,9.76555009697383e-13,0.0,0.0,0.0,0.0,0.0
img_1251.png,img_1251.png,0,1251,1251,3.1456319031046148e-15,0.0,9.765515556701953e-13,0.0,0.0,0.0,0.0,0.0
img_1253.png,img_1253.png,0,1253,1253,3.219646771412959e-15,0.0,9.765511855958536e-13,0.0,0.0,0.0,0.0,0.0
img_1255.png,img_1255.png,0,1255,1255,3.219646771412959e-15,0.0,9.7655266589322e-13,0.0,0.0,0.0,0.0,0.0
img_1257.png,img_1257.png,0,1257,1257,3.1826393372587873e-15,0.0,9.765548863392692e-13,0.0,0.0,0.0,0.0,0.0
img_1259.png,img_1259.png,0,1259,1259,3.182639337258787e-15,0.0,9.765529126094475e-13,0.0,0.0,0.0,0.0,0.0
img_1260.png,img_1260.png,0,1260,1260,3.182639337258787e-15,0.0,9.765556264879522e-13,0.0,0.0,0.0,0.0,0.0
img_1262.png,img_1262.png,0,1262,1262,3.1456319031046148e-15,0.0,9.765515556701953e-13,0.0,0.0,0.0,0.0,0.0
img_1264.png,img_1264.png,0,1264,1264,3.219646771412959e-15,0.0,9.765535294000168e-13,0.0,0.0,0.0,0.0,0.0
img_1266.png,img_1266.png,0,1266,1266,3.182639337258787e-15,0.0,9.765543929068136e-13,0.0,0.0,0.0,0.0,0.0
img_1268.png,img_1268.png,0,1268,1268,3.293661639721303e-15,0.0,9.765513089539677e-13,0.0,0.0,0.0,0.0,0.0
img_1270.png,img_1270.png,0,1270,1270,3.2566542055671312e-15,0.0,9.765511855958539e-13,0.0,0.0,0.0,0.0,0.0
img_1271.png,img_1271.png,0,1271,1271,3.182639337258787e-15,0.0,9.765559965622937e-13,0.0,0.0,0.0,0.0,0.0
img_1272.png,img_1272.png,0,1272,1272,3.293661639721303e-15,0.0,9.765524191769923e-13,0.0,0.0,0.0,0.0,0.0
img_1274.png,img_1274.png,0,1274,1274,3.219646771412959e-15,0.0,9.765557498460663e-13,0.0,0.0,0.0,0.0,0.0
img_1276.png,img_1276.png,0,1276,1276,3.2566542055671312e-15,0.0,9.765518023864229e-13,0.0,0.0,0.0,0.0,0.0
img_1277.png,img_1277.png,0,1277,1277,3.2566542055671312e-15,0.0,9.765547629811554e-13,0.0,0.0,0.0,0.0,0.0
img_1279.png,img_1279.png,0,1279,1279,3.219646771412959e-15,0.0,9.765514323120815e-13,0.0,0.0,0.0,0.0,0.0
img_1281.png,img_1281.png,0,1281,1281,3.2566542055671312e-15,0.0,9.765547629811554e-13,0.0,0.0,0.0,0.0,0.0
img_1283.png,img_1283.png,0,1283,1283,3.182639337258787e-15,0.0,9.765578469340015e-13,0.0,0.0,0.0,0.0,0.0
img_1285.png,img_1285.png,0,1285,1285,3.219646771412959e-15,0.0,9.765545162649276e-13,0.0,0.0,0.0,0.0,0.0
img_1287.png,img_1287.png,0,1287,1287,3.182639337258787e-15,0.0,9.765531593256753e-13,0.0,0.0,0.0,0.0,0.0
img_1289.png,img_1289.png,0,1289,1289,3.1456319031046148e-15,0.0,9.765540228324722e-13,0.0,0.0,0.0,0.0,0.0
img_1291.png,img_1291.png,0,1291,1291,3.293661639721303e-15,0.0,9.76554886339269e-13,0.0,0.0,0.0,0.0,0.0
img_1293.png,img_1293.png,0,1293,1293,3.219646771412959e-15,0.0,9.76556613352863e-13,0.0,0.0,0.0,0.0,0.0
img_1295.png,img_1295.png,0,1295,1295,3.2566542055671312e-15,0.0,9.76556489994749e-13,0.0,0.0,0.0,0.0,0.0
img_1296.png,img_1296.png,0,1296,1296,3.1826393372587873e-15,0.0,9.765535294000168e-13,0.0,0.0,0.0,0.0,0.0
img_1298.png,img_1298.png,0,1298,1298,3.182639337258787e-15,0.0,9.765515556701953e-13,0.0,0.0,0.0,0.0,0.0
img_1300.png,img_1300.png,0,1300,1300,3.2566542055671312e-15,0.0,9.765552564136108e-13,0.0,0.0,0.0,0.0,0.0
img_1302.png,img_1302.png,0,1302,1302,3.182639337258787e-15,0.0,9.76556489994749e-13,0.0,0.0,0.0,0.0,0.0
img_1304.png,img_1304.png,0,1304,1304,3.219646771412959e-15,0.0,9.765531593256753e-13,0.0,0.0,0.0,0.0,0.0
img_1306.png,img_1306.png,0,1306,1306,3.293661639721303e-15,0.0,9.765542695486998e-13,0.0,0.0,0.0,0.0,0.0
img_1308.png,img_1308.png,0,1308,1308,3.219646771412959e-15,0.0,9.765576002177737e-13,0.0,0.0,0.0,0.0,0.0
img_1310.png,img_1310.png,0,1310,1310,3.2566542055671312e-15,0.0,9.765535294000168e-13,0.0,0.0,0.0,0.0,0.0
img_1312.png,img_1312.png,0,1312,1312,3.182639337258787e-15,0.0,9.765541461905862e-13,0.0,0.0,0.0,0.0,0.0
img_1314.png,img_1314.png,0,1314,1314,3.2566542055671312e-15,0.0,9.76552789251334e-13,0.0,0.0,0.0,0.0,0.0
img_1315.png,img_1315.png,0,1315,1315,3.219646771412959e-15,0.0,9.7655266589322e-13,0.0,0.0,0.0,0.0,0.0
img_1316.png,img_1316.png,0,1316,1316,3.2566542055671312e-15,0.0,9.765553797717244e-13,0.0,0.0,0.0,0.0,0.0
img_1317.png,img_1317.png,0,1317,1317,3.219646771412959e-15,0.0,9.765543929068136e-13,0.0,0.0,0.0,0.0,0.0
img_1319.png,img_1319.png,0,1319,1319,3.219646771412959e-15,0.0,9.765520491026507e-13,0.0,0.0,0.0,0.0,0.0
img_1321.png,img_1321.png,0,1321,1321,3.219646771412959e-15,0.0,9.765536527581308e-13,0.0,0.0,0.0,0.0,0.0
img_1323.png,img_1323.png,0,1323,1323,3.1456319031046148e-15,0.0,9.765534060419031e-13,0.0,0.0,0.0,0.0,0.0
img_1325.png,img_1325.png,0,1325,1325,3.1456319031046148e-15,0.0,9.765519257445369e-13,0.0,0.0,0.0,0.0,0.0
img_1327.png,img_1327.png,0,1327,1327,3.1456319031046148e-15,0.0,9.765538994743584e-13,0.0,0.0,0.0,0.0,0.0
img_1329.png,img_1329.png,0,1329,1329,3.219646771412959e-15,0.0,9.765542695486998e-13,0.0,0.0,0.0,0.0,0.0
img_1331.png,img_1331.png,0,1331,1331,3.293661639721303e-15,0.0,9.765529126094475e-13,0.0,0.0,0.0,0.0,0.0
img_1333.png,img_1333.png,0,1333,1333,3.2566542055671312e-15,0.0,9.765542695486998e-13,0.0,0.0,0.0,0.0,0.0
img_1335.png,img_1335.png,0,1335,1335,3.219646771412959e-15,0.0,9.76551802386423e-13,0.0,0.0,0.0,0.0,0.0
img_1337.png,img_1337.png,0,1337,1337,3.1456319031046148e-15,0.0,9.765542695486998e-13,0.0,0.0,0.0,0.0,0.0
img_1339.png,img_1339.png,0,1339,1339,3.2566542055671312e-15,0.0,9.765543929068136e-13,0.0,0.0,0.0,0.0,0.0
img_1340.png,img_1340.png,0,1340,1340,3.2566542055671312e-15,0.0,9.765531593256753e-13,0.0,0.0,0.0,0.0,0.0
img_1342.png,img_1342.png,0,1342,1342,3.1456319031046148e-15,0.0,9.765538994743584e-13,0.0,0.0,0.0,0.0,0.0
img_1344.png,img_1344.png,0,1344,1344,3.2566542055671312e-15,0.0,9.765531593256753e-13,0.0,0.0,0.0,0.0,0.0
img_1345.png,img_1345.png,0,1345,1345,3.2566542055671312e-15,0.0,9.7655266589322e-13,0.0,0.0,0.0,0.0,0.0
img_1347.png,img_1347.png,0,1347,1347,3.2566542055671312e-15,0.0,9.765515556701953e-13,0.0,0.0,0.0,0.0,0.0
img_1349.png,img_1349.png,0,1349,1349,3.219646771412959e-15,0.0,9.765530359675613e-13,0.0,0.0,0.0,0.0,0.0
img_1351.png,img_1351.png,0,1351,1351,3.219646771412959e-15,0.0,9.76553406041903e-13,0.0,0.0,0.0,0.0,0.0
img_1352.png,img_1352.png,0,1352,1352,3.2566542055671312e-15,0.0,9.765522958188785e-13,0.0,0.0,0.0,0.0,0.0
img_1354.png,img_1354.png,0,1354,1354,3.293661639721303e-15,0.0,9.765529126094475e-13,0.0,0.0,0.0,0.0,0.0
