pair_id,hist,mean,prop,categorie,confiance
208_300,0.050842649070346656,19.333333333333332,11.333333333333332,0,0.95
25_278,0.14623400392400973,43.666666666666664,21.333333333333336,1,0.9
6_131,0.05848960325304761,38.0,29.666666666666668,0,0.95
67_107,0.11914541194606047,44.666666666666664,26.333333333333332,0,0.95
59_72,0.10832561502666392,25.333333333333332,42.0,0,0.95
53_148,0.035885347072251134,20.666666666666668,24.666666666666668,0,0.99
32_187,0.003935795422888221,5.0,8.666666666666668,0,0.95
23_262,0.07963367921026818,39.333333333333336,48.66666666666667,1,0.87
238_268,0.21389002316376352,46.0,37.0,0,0.95
158_261,0.2809483179415779,28.333333333333332,52.666666666666664,0,0.95
20_94,0.026063691057158538,7.0,15.666666666666668,0,0.9
180_215,0.06683830566698944,27.666666666666668,30.333333333333336,0,0.95
111_208,0.015112613412612748,8.666666666666666,15.666666666666668,0,0.99
7_275,0.08984214980637989,31.333333333333332,44.333333333333336,0,0.95
7_145,0.021946274592352256,3.3333333333333335,25.666666666666664,0,0.95
21_252,0.08868254275731112,52.666666666666664,59.66666666666667,0,0.9
52_101,0.25580687827861226,48.333333333333336,47.0,0,0.99
55_264,0.03057041134356479,15.333333333333334,22.666666666666664,0,0.98
141_290,0.19709231429421561,59.0,43.333333333333336,0,0.95
186_235,0.4374069137698309,79.66666666666667,71.0,0,0.95
6_231,0.09601777767455938,38.0,64.0,0,0.95
165_293,0.33220098753674027,42.333333333333336,91.0,0,0.95
47_84,0.09914631094649418,20.666666666666668,21.333333333333336,0,0.95
216_237,0.11007865340967353,33.666666666666664,40.0,0,0.99
269_270,0.010192444079679045,18.0,13.0,0,0.95
158_233,0.05944121703602067,13.333333333333334,34.66666666666667,0,0.99
110_245,0.04950984847490477,23.666666666666668,30.333333333333336,0,0.9
52_219,0.056133700182378565,11.333333333333334,26.666666666666668,0,0.99
120_286,0.28150822939977,36.0,61.0,0,0.9
179_261,0.2732315991698365,39.0,50.66666666666667,0,0.95
68_76,0.05672885561999669,27.0,34.66666666666667,0,0.95
2_123,0.2696026458835838,73.33333333333333,65.33333333333333,0,0.9
37_151,0.2377530422072589,53.0,41.66666666666667,0,0.95
263_298,0.486508368140447,84.33333333333333,83.66666666666667,0,0.95
111_253,0.19995916838635105,36.666666666666664,52.0,1,0.85
85_250,0.3040152023422827,44.666666666666664,58.666666666666664,0,0.9
67_293,0.23136296390848576,31.666666666666668,66.33333333333333,0,0.95
36_146,0.02847075146101571,16.666666666666668,16.666666666666664,0,0.95
51_137,0.015875279337184956,5.333333333333333,27.666666666666668,0,0.95
84_232,0.40479856699185374,69.0,68.66666666666667,0,0.99
23_243,0.048189733292208624,7.666666666666667,23.333333333333332,0,0.95
21_190,0.05943847087246473,9.0,26.666666666666668,0,0.99
97_276,0.17943055666750987,50.333333333333336,59.333333333333336,0,0.95
22_166,0.09578596488152706,18.333333333333332,35.333333333333336,0,0.99
91_173,0.023258927355281175,14.333333333333334,10.333333333333334,0,0.95
86_273,0.30352788610785203,38.666666666666664,64.66666666666666,0,0.95
187_228,0.08281392360150434,31.0,21.0,0,0.96
64_138,0.3351569166284583,63.666666666666664,66.0,0,0.95
10_149,0.015256673809153068,11.333333333333334,31.0,0,0.95
124_221,0.24411732395990873,51.666666666666664,48.0,0,0.99
154_260,0.24721903085830152,18.0,40.33333333333333,0,0.95
29_48,0.02641608992129571,17.0,19.0,1,0.85
97_185,0.031089773630991146,28.333333333333332,26.0,0,0.95
18_134,0.04878402264091943,20.0,27.333333333333332,0,0.95
161_260,0.06077218814483918,22.333333333333332,40.0,0,0.95
72_116,0.04303311081684433,8.666666666666666,23.0,0,0.95
201_300,0.06431300740207097,24.0,18.0,0,0.95
195_282,0.32896270300977176,45.0,54.666666666666664,0,0.99
92_133,0.07104268514910207,32.666666666666664,20.666666666666668,0,0.95
173_257,0.18713096593842715,29.0,47.333333333333336,0,0.95
45_173,0.04380363092938355,26.333333333333332,14.333333333333334,0,0.95
275_281,0.0836430874962318,44.0,41.0,1,0.91
16_105,0.011865478454287452,8.666666666666666,17.333333333333336,0,0.95
10_305,0.010960983965819378,8.666666666666666,18.666666666666668,0,0.95
224_299,0.31327165983865074,63.333333333333336,64.66666666666666,1,0.9
54_203,0.03373181767745203,12.333333333333334,26.333333333333332,0,0.99
71_102,0.1919957206944699,38.0,48.333333333333336,0,0.95
18_199,0.21333715396344197,36.666666666666664,45.666666666666664,0,0.95
55_273,0.16759540862517544,45.0,47.66666666666667,0,0.9
23_164,0.12249028875046375,48.666666666666664,49.666666666666664,0,0.99
97_289,0.26491486049826257,66.66666666666667,76.66666666666667,0,0.95
67_300,0.2139665554671412,49.333333333333336,42.66666666666667,0,0.95
122_192,0.04957048963729833,25.666666666666668,30.666666666666664,0,0.95
206_252,0.22020165049920756,49.666666666666664,73.33333333333333,0,0.95
93_129,0.02888564689515055,19.0,24.666666666666668,0,0.95
38_79,0.0097194873806521,11.0,23.333333333333332,0,0.99
94_268,0.2206342217052668,36.333333333333336,42.0,0,0.9
90_145,0.27735892071282836,61.666666666666664,55.333333333333336,0,0.99
49_268,0.12520583640981298,41.666666666666664,45.33333333333333,0,0.9
232_263,0.13020380647521748,78.33333333333333,64.33333333333333,0,0.99
64_299,0.42034358868970795,60.333333333333336,80.66666666666666,0,0.99
269_302,0.16124457948168924,29.333333333333332,56.333333333333336,0,0.95
245_268,0.2061995270877699,28.666666666666668,40.666666666666664,0,0.95
214_297,0.06640887809823971,19.0,8.0,0,0.95
16_226,0.03240439025087235,15.666666666666666,16.666666666666664,0,0.95
190_232,0.29453209437317,67.66666666666667,56.99999999999999,0,0.99
205_305,0.030055245892797445,16.0,16.0,0,0.99
40_102,0.07547959088154312,24.333333333333332,8.333333333333332,0,0.99
153_275,0.11613284371510024,29.666666666666668,31.666666666666664,0,0.95
59_66,0.27460734469283593,59.333333333333336,55.333333333333336,0,0.99
38_128,0.005063300335638657,4.666666666666667,15.333333333333332,0,0.95
125_226,0.0704033195702235,33.333333333333336,21.0,0,0.95
97_245,0.007287504356084602,2.3333333333333335,19.333333333333332,0,0.95
65_253,0.193559699679367,66.33333333333333,48.333333333333336,0,0.95
209_241,0.038943698158916185,4.0,14.000000000000002,0,0.95
250_281,0.036074881255364226,37.666666666666664,21.0,0,0.95
163_295,0.1375819205133835,41.666666666666664,45.33333333333333,0,0.99
52_165,0.09731375328394236,28.0,49.333333333333336,0,0.99
246_278,0.22284521407385363,41.333333333333336,38.666666666666664,0,0.95
81_94,0.027243748473085166,6.0,8.0,0,0.95
13_85,0.17356849213686454,36.666666666666664,32.0,0,0.95
54_278,0.23657929586638593,59.0,39.33333333333333,0,0.9
7_296,0.11038266178286919,26.333333333333332,39.666666666666664,0,0.95
78_193,0.019135484938315368,8.666666666666666,23.0,0,0.95
104_233,0.08648803481619653,19.666666666666668,33.0,0,0.99
65_108,0.19897921868679655,59.333333333333336,48.333333333333336,0,0.95
15_174,0.021829863788714404,17.333333333333332,8.333333333333332,0,0.95
50_108,0.05277127265646022,15.333333333333334,20.666666666666668,0,0.95
168_265,0.0707047676259997,15.666666666666666,44.333333333333336,0,0.99
78_142,0.02713001245726998,17.0,33.33333333333333,0,0.99
50_216,0.25315889644952794,46.666666666666664,49.0,0,0.99
220_251,0.15912206911184698,24.666666666666668,36.666666666666664,0,0.95
139_220,0.16721513741729357,38.333333333333336,36.0,0,0.99
102_276,0.3164549116135449,63.666666666666664,64.33333333333333,0,0.99
211_236,0.011350106128914012,5.666666666666667,6.333333333333334,0,0.95
124_184,0.24968821340497252,54.0,43.333333333333336,0,0.95
33_133,0.021531267070227927,16.0,24.333333333333336,0,0.95
64_162,0.16174820950099747,28.666666666666668,49.666666666666664,0,0.99
32_193,0.04377763798334166,16.0,17.666666666666668,0,0.95
59_185,0.05136085665389231,16.0,15.0,0,0.95
165_301,0.1122773756808458,19.0,34.333333333333336,0,0.95
155_289,0.37289341833392126,62.333333333333336,69.66666666666667,0,0.95
63_264,0.02538994551362227,6.0,10.666666666666668,0,0.95
177_209,0.07494805007603585,23.0,7.333333333333333,0,0.99
113_247,0.15355278534353636,31.333333333333332,38.0,0,0.95
176_269,0.23247417142292304,32.666666666666664,37.333333333333336,0,0.9
104_118,0.03662926481312644,13.666666666666666,8.0,0,0.98
92_156,0.053465349612220575,24.0,17.0,0,0.95
52_146,0.046039261495067894,14.333333333333334,25.0,0,0.99
32_108,0.022267863892917586,17.0,11.0,0,0.9
143_237,0.0032119879417398505,5.333333333333333,13.333333333333334,0,0.95
137_181,0.0639840436515249,6.0,26.0,0,0.9
21_69,0.07025919103096652,9.333333333333334,20.333333333333332,0,0.99
11_94,0.02300706484994443,13.666666666666666,20.0,0,0.99
25_167,0.06365319601845076,22.666666666666668,24.333333333333336,0,0.99
35_243,0.09458316738286103,34.666666666666664,21.666666666666668,0,0.99
201_222,0.05250022560538111,22.333333333333332,26.666666666666668,0,0.99
37_172,0.09075475726327191,31.333333333333332,34.66666666666667,0,0.98
242_254,0.18716638050996828,34.666666666666664,47.333333333333336,0,0.95
111_223,0.020342463483928982,13.0,16.666666666666664,0,0.95
183_231,0.046702644997683396,8.333333333333334,35.66666666666667,0,0.99
14_291,0.20581652815615234,73.66666666666667,56.00000000000001,0,0.99
99_179,0.04579104250119955,22.333333333333332,27.666666666666668,0,0.99
98_179,0.03993662462299895,19.666666666666668,28.333333333333332,0,0.95
183_197,0.04117713315598138,20.666666666666668,24.333333333333336,0,0.95
127_247,0.10172570130838209,32.0,19.333333333333332,0,0.5
151_253,0.28828936764430735,57.666666666666664,59.0,0,0.95
60_253,0.32044535010576003,51.666666666666664,71.0,0,0.95
162_194,0.45294511117393693,67.66666666666667,72.66666666666667,0,0.95
3_147,0.016263573247888862,16.333333333333332,21.0,0,0.95
241_305,0.08605379900205046,30.0,28.999999999999996,0,0.9
26_209,0.09958946539187408,17.666666666666668,17.666666666666668,0,0.99
243_271,0.2671542447531681,59.666666666666664,55.666666666666664,0,0.95
155_157,9.208735407782998e-05,1.0,0.0,1,0.87
64_289,0.4385572966380165,69.0,87.66666666666667,0,0.98
209_304,0.2122460186237276,45.0,43.0,0,0.95
85_245,0.08533571203237407,19.666666666666668,16.333333333333332,0,0.9
25_292,0.1642118788123715,31.333333333333332,42.66666666666667,0,0.99
72_137,0.0313316598561576,14.333333333333334,21.666666666666668,0,0.95
115_279,0.40045257635227666,57.0,79.0,0,0.95
37_53,0.03794153470286266,16.333333333333332,14.333333333333334,1,0.9
122_213,0.09960656367234437,32.0,22.666666666666664,0,0.98
1_214,0.05208161842128705,10.333333333333334,12.666666666666668,0,0.95
63_306,0.05737080700199366,14.0,23.666666666666668,0,0.99
140_143,0.021119645751973126,16.666666666666668,1.0,2,0.91
42_66,0.18386919992245435,59.0,39.33333333333333,0,0.95
142_279,0.3145628443858935,60.333333333333336,68.66666666666667,0,0.9
24_236,0.018115869407637597,11.0,11.333333333333332,0,0.99
199_292,0.2514050162714606,42.0,59.66666666666667,0,0.95
73_228,0.10350917323364763,36.666666666666664,35.66666666666667,0,0.99
208_269,0.18531395498501016,36.0,48.333333333333336,0,0.99
142_278,0.20434344365747723,48.666666666666664,30.666666666666664,0,0.95
190_221,0.0024122084930329494,4.0,15.0,0,0.95
47_88,0.10334944010493756,19.333333333333332,23.333333333333332,0,0.95
95_301,0.050703770526560964,20.0,21.333333333333336,0,0.95
37_275,0.10510590571989487,28.0,24.333333333333336,0,0.9
156_165,0.1325018284300848,29.0,44.666666666666664,0,0.95
152_180,0.0755834306927547,24.666666666666668,18.0,0,0.95
1_39,0.03979382087854068,27.333333333333332,21.666666666666668,0,0.95
184_275,0.19385333945481195,41.333333333333336,38.666666666666664,0,0.99
81_85,0.014304862099438861,10.666666666666666,1.0,2,0.9
135_198,0.04741871640538849,10.666666666666666,30.333333333333336,0,0.95
5_68,0.06612678292062017,31.666666666666668,32.0,0,0.95
26_33,0.01242259003109821,6.333333333333333,11.333333333333332,0,0.95
92_221,0.06318871077850673,26.0,22.0,0,0.9
76_130,0.021713037711509255,13.666666666666666,30.666666666666664,0,0.95
57_210,0.08340624026655535,29.666666666666668,19.333333333333332,0,0.98
13_216,0.4148047529138785,67.33333333333333,76.66666666666667,0,0.99
57_303,0.42460791728278596,91.33333333333333,74.33333333333333,0,0.98
168_277,0.19328095335301834,36.0,58.666666666666664,0,0.99
18_131,0.1407046046949513,37.0,37.333333333333336,0,0.95
19_296,0.06836917003385308,12.333333333333334,35.333333333333336,0,0.95
134_197,0.1190831522281051,32.666666666666664,37.333333333333336,0,0.95
16_82,0.0396031501264501,9.333333333333334,13.0,0,0.95
153_181,0.05428201433265842,21.333333333333332,16.666666666666664,0,0.95
29_109,0.09278453822218291,23.333333333333332,31.0,0,0.95
29_282,0.24590114323177312,70.66666666666667,43.666666666666664,0,0.99
223_282,0.371947315538846,71.0,66.66666666666666,1,0.9
130_190,0.015431003732902288,9.666666666666666,18.0,0,0.99
160_258,0.12184076621742655,32.333333333333336,60.66666666666667,0,0.99
38_241,0.05523574601706447,30.0,18.333333333333332,0,0.95
64_173,0.08818269629250221,30.333333333333332,24.666666666666668,0,0.95
151_158,0.2236913218031588,45.0,39.666666666666664,1,0.91
188_298,0.05501479634730259,24.333333333333332,23.0,0,0.95
111_287,0.22724603661703022,40.333333333333336,53.0,0,0.9
50_162,0.061073639147264325,17.0,40.33333333333333,0,0.98
156_160,0.07947859773998665,8.666666666666666,31.666666666666664,0,0.99
252_284,0.0701200030145299,44.333333333333336,33.666666666666664,0,0.9
47_235,0.8259354239937605,113.33333333333333,94.0,0,0.99
77_176,0.038758125567970265,16.0,16.666666666666664,0,0.95
103_293,0.45768232364450273,73.0,83.0,0,0.99
233_289,0.33183033815212765,77.0,87.66666666666667,0,0.99
95_269,0.13174721691444033,31.0,50.0,0,0.95
117_119,0.07450091728814678,27.666666666666668,16.333333333333332,2,0.91
146_281,0.36026618447806547,70.33333333333333,90.33333333333333,0,0.95
121_250,0.17024656862788332,38.333333333333336,37.666666666666664,1,0.91
28_75,0.029443765396736685,22.0,30.0,0,0.95
59_269,0.33986729405126215,50.0,63.66666666666667,0,0.99
53_245,0.020789824536455753,14.333333333333334,10.666666666666668,0,0.95
15_33,0.03675512829330338,20.333333333333332,15.333333333333332,0,0.95
85_108,0.023600501399353286,3.3333333333333335,5.0,0,0.95
5_170,0.10897552836460968,24.333333333333332,33.33333333333333,0,0.95
179_198,0.06255889891561839,28.333333333333332,26.0,0,0.99
162_239,0.05260983841192716,21.0,32.0,0,0.95
55_97,0.015018929814620982,16.666666666666668,25.333333333333336,0,0.95
179_207,0.040810347204754314,21.0,20.0,0,0.99
52_205,0.03759465318275165,10.333333333333334,20.333333333333332,0,0.95
2_169,0.15344601944132205,33.333333333333336,59.333333333333336,0,0.95
16_199,0.0471844466087832,17.333333333333332,14.000000000000002,0,0.95
283_284,0.0056839530619727475,19.666666666666668,16.0,0,0.95
203_254,0.2744074161767632,32.666666666666664,68.66666666666667,0,0.95
13_278,0.11055481527345108,46.666666666666664,14.333333333333334,0,0.95
54_271,0.2615830998760755,56.0,63.0,1,0.85
15_254,0.15318136793982137,41.0,47.66666666666667,0,0.95
7_251,0.08573984199970786,16.333333333333332,35.333333333333336,0,0.95
82_272,0.27367558836143696,24.333333333333332,49.0,0,0.95
16_190,0.036145689500425314,19.0,19.333333333333332,0,0.95
145_217,0.03569749405333735,16.0,20.333333333333332,0,0.99
57_115,0.18375880823890597,44.666666666666664,40.0,0,0.95
68_95,0.026478149825690047,3.0,17.666666666666668,0,0.95
231_259,0.18667707872062608,28.0,55.666666666666664,0,0.99
134_160,0.06255697280967752,17.666666666666668,39.666666666666664,0,0.99
51_67,0.10838346641143741,41.666666666666664,38.333333333333336,0,0.99
155_306,0.033197333021571754,12.333333333333334,15.333333333333332,0,0.99
30_263,0.24914278686853256,66.0,57.333333333333336,1,0.87
170_245,0.07133059244237915,14.0,27.0,0,0.95
173_182,0.050497475857147,17.333333333333332,7.333333333333333,0,0.9
129_194,0.8857010077238655,90.66666666666667,92.0,0,0.99
58_195,0.1613025160033803,38.0,36.333333333333336,0,0.98
129_214,0.05021172415442091,15.666666666666666,10.666666666666668,0,0.95
106_219,0.009697367559131797,3.6666666666666665,12.666666666666668,0,0.95
45_50,0.03113509528601832,19.0,28.999999999999996,0,0.95
21_293,0.1779639704120569,69.66666666666667,68.66666666666667,0,0.95
22_180,0.07501222713961005,4.333333333333333,19.0,0,0.95
223_232,0.37692442505119983,74.33333333333333,70.33333333333334,0,0.99
114_227,0.04672299307508201,28.0,19.0,0,0.99
89_297,0.8566265072513551,89.66666666666667,95.66666666666667,0,0.95
112_122,0.0106462002196491,7.666666666666667,14.666666666666666,1,0.91
107_284,0.2745936927241222,62.333333333333336,56.666666666666664,0,0.95
127_179,0.06504490090015072,25.0,22.0,0,0.95
12_263,0.1954461087564544,71.33333333333333,46.0,0,0.95
235_256,0.5084569670928074,97.0,83.0,0,0.95
218_294,0.47884932984679046,83.33333333333333,85.33333333333334,0,0.99
213_268,0.3105693016013462,45.0,48.0,0,0.9
22_277,0.06675804190346366,31.666666666666668,19.0,0,0.95
14_100,0.05717339900986714,16.333333333333332,13.0,0,0.95
105_128,0.013529021252228652,12.333333333333334,13.666666666666666,1,0.87
85_188,0.04850715951193349,10.666666666666666,14.333333333333334,0,0.9
25_143,0.014445122258709218,11.333333333333334,9.333333333333334,0,0.95
60_72,0.13505693839322694,31.0,43.0,0,0.95
45_128,0.010276893554687623,3.6666666666666665,15.0,0,0.95
44_298,0.1056380273010971,27.0,21.666666666666668,0,0.9
154_264,0.03398924218956265,19.666666666666668,12.666666666666668,0,0.95
120_247,0.1238365448708841,28.666666666666668,28.000000000000004,0,0.99
32_229,0.10731724479223338,34.666666666666664,21.333333333333336,0,0.99
111_205,0.009786946756469477,7.666666666666667,17.333333333333336,0,0.99
43_120,0.015397778356950156,17.0,17.333333333333336,0,0.95
68_99,0.04576450522130948,25.666666666666668,23.333333333333332,0,0.95
125_250,0.1015427038007859,32.0,23.333333333333332,0,0.95
60_148,0.05319599020066621,20.0,20.666666666666668,0,0.99
17_198,0.02771312623777944,16.666666666666668,15.0,0,0.99
118_261,0.1726113441045337,27.0,44.0,0,0.95
160_293,0.34088921901653,71.33333333333333,85.66666666666667,0,0.99
22_244,0.3934848047185781,97.0,76.0,0,0.99
12_28,0.5095489140936517,84.66666666666667,78.33333333333333,0,0.95
217_296,0.20933224892308752,45.666666666666664,52.0,0,0.99
156_244,0.9302177727626258,102.66666666666667,91.33333333333333,0,0.95
4_60,0.0755462699943577,15.666666666666666,25.333333333333336,0,0.95
21_224,0.05316904129287403,13.666666666666666,13.666666666666666,0,0.99
56_258,0.22519371092145543,43.0,47.66666666666667,0,0.95
39_52,0.026723046179036813,12.333333333333334,16.666666666666664,0,0.9
106_176,0.008361371046777802,8.333333333333334,8.333333333333332,0,0.95
134_174,0.02753033245717047,4.666666666666667,14.666666666666666,0,0.95
132_239,0.03385371980484857,21.666666666666668,32.0,0,0.95
50_290,0.13393638868791244,63.666666666666664,56.99999999999999,0,0.95
104_225,0.02700817058279612,12.0,6.0,0,0.95
13_262,0.12488910205732051,39.666666666666664,45.0,0,0.95
38_209,0.08323022436106135,26.0,14.333333333333334,0,0.95
97_214,0.11154502465831588,34.333333333333336,31.666666666666664,0,0.95
1_143,0.028961603069156943,18.333333333333332,21.0,0,0.95
101_138,0.9497289754107201,100.66666666666667,95.33333333333334,0,0.9
64_183,0.031117595908581392,14.666666666666666,7.000000000000001,0,0.95
122_297,0.045960773124712855,15.333333333333334,18.0,0,0.95
69_302,0.03746763439810672,12.666666666666666,22.666666666666664,0,0.95
111_279,0.4065021259915557,57.333333333333336,78.0,0,0.95
261_283,0.021418668134803198,21.0,21.0,0,0.99
163_217,0.16415174959149648,47.333333333333336,45.33333333333333,0,0.99
225_258,0.1526031234756494,16.333333333333332,43.333333333333336,0,0.97
134_242,0.05535938065558127,22.333333333333332,25.0,1,0.85
36_101,0.18416998731412573,37.333333333333336,31.333333333333336,0,0.99
44_278,0.14376678426920594,45.333333333333336,29.333333333333332,0,0.9
73_115,0.029821766846289954,7.666666666666667,26.333333333333332,0,0.99
51_294,0.22049490699660232,83.33333333333333,73.33333333333333,0,0.95
13_252,0.18840627310629846,52.333333333333336,69.0,0,0.9
174_245,0.017320007842179377,5.333333333333333,7.000000000000001,0,0.9
157_201,0.022458614134669107,13.666666666666666,14.666666666666666,0,0.95
14_122,0.02085513621874883,11.0,10.666666666666668,0,0.95
77_300,0.05655641752263197,18.666666666666668,27.666666666666668,0,0.99
13_166,0.17463369156640107,29.333333333333332,45.33333333333333,0,0.95
11_293,0.2657251593650635,73.0,78.0,0,0.95
177_182,0.012486576052578371,10.333333333333334,5.666666666666666,0,0.95
130_288,0.1831264343685446,49.666666666666664,65.66666666666666,0,0.95
140_291,0.21975080545662254,61.0,47.333333333333336,0,0.95
152_230,0.08140739950565291,18.666666666666668,27.666666666666668,0,0.99
36_274,0.16974229301723098,19.0,33.33333333333333,0,0.95
13_147,0.11564333514988077,27.0,34.0,0,0.95
142_289,0.2611144345801499,60.0,59.66666666666667,0,0.97
18_220,0.22803441979917846,40.333333333333336,48.333333333333336,0,0.99
43_273,0.14432620974806876,35.333333333333336,29.666666666666668,0,0.9
16_37,0.0384117059411355,15.333333333333334,10.666666666666668,0,0.98
182_264,0.02914659662716212,18.0,13.333333333333334,0,0.9
15_290,0.19771843904417352,70.66666666666667,45.0,0,0.95
237_238,0.027023838230223307,20.0,17.0,1,0.87
56_181,0.23565267666176717,52.666666666666664,48.66666666666667,0,0.96
105_203,0.026891391969328566,11.0,20.666666666666668,0,0.95
27_279,0.5752601120785255,99.0,94.0,0,0.99
169_292,0.16423751571429254,62.0,64.66666666666666,0,0.9
59_158,0.025462900227632198,15.333333333333334,13.333333333333334,0,0.95
174_228,0.11331185573811446,39.333333333333336,21.0,0,0.99
182_230,0.02278198729942604,13.333333333333334,28.999999999999996,0,0.99
9_202,0.03278921118483855,7.333333333333333,17.333333333333336,0,0.95
196_228,0.1175512734681391,35.0,19.0,0,0.99
19_55,0.07891247515155454,25.666666666666668,31.666666666666664,0,0.99
110_226,0.013748505850849498,6.666666666666667,11.666666666666666,0,0.95
221_293,0.47021878799872024,72.0,88.0,0,0.99
176_278,0.24212037819526153,43.666666666666664,24.666666666666668,0,0.95
167_275,0.211484111797236,39.333333333333336,66.33333333333333,0,0.99
148_306,0.02256698035165251,16.666666666666668,23.0,0,0.99
78_253,0.16294094608021867,37.333333333333336,70.33333333333334,0,0.95
63_134,0.11373029864180866,30.333333333333332,31.666666666666664,0,0.9
48_181,0.03473583593039429,10.0,11.666666666666666,0,0.95
232_234,0.3094301886441731,65.33333333333333,70.33333333333334,2,0.9
78_110,0.01304017629575878,5.0,34.0,0,0.95
57_160,0.15851951083835297,38.666666666666664,55.666666666666664,0,0.99
64_210,0.013229363914713313,5.333333333333333,5.333333333333334,0,0.98
102_286,0.4155350822211375,64.66666666666667,72.33333333333334,0,0.95
30_169,0.0871317553184433,30.333333333333332,42.333333333333336,0,0.99
213_223,0.010557461824439509,8.666666666666666,6.333333333333334,1,0.9
74_98,0.01762774412302687,13.0,24.666666666666668,0,0.95
123_259,0.12343773856934796,45.0,34.0,0,0.95
78_240,0.021230371186229943,13.666666666666666,39.33333333333333,0,0.95
16_301,0.1332598462730069,41.666666666666664,31.0,0,0.95
3_5,0.08468404386739693,10.0,32.0,0,0.95
124_147,0.14953606765409136,43.333333333333336,45.0,0,0.95
197_236,0.023348936418614904,11.666666666666666,19.666666666666664,0,0.95
166_268,0.22217060395295207,41.0,61.66666666666667,0,0.95
23_97,0.036322448720965204,9.0,31.333333333333336,0,0.95
17_59,0.0222641900834276,3.6666666666666665,14.000000000000002,0,0.99
155_201,0.02361057574761503,14.666666666666666,14.333333333333334,0,0.99
50_251,0.09368157388684926,29.333333333333332,47.333333333333336,0,0.95
142_161,0.07295001967629818,22.0,31.0,0,0.95
30_272,0.11797901483225244,17.333333333333332,28.666666666666668,0,0.99
88_167,0.10806438486558179,18.333333333333332,42.66666666666667,0,0.95
16_55,0.016906725553351043,6.333333333333333,20.0,0,0.99
58_279,0.5655513470202688,75.66666666666667,91.0,0,0.95
94_225,0.02065848073779969,16.666666666666668,8.666666666666668,0,0.95
69_284,0.32658378147272,51.0,62.33333333333333,0,0.95
36_295,0.046848349834482446,17.333333333333332,10.333333333333334,0,0.99
117_124,0.3460675051743614,67.33333333333333,63.33333333333333,0,0.95
157_268,0.2961559956882566,35.666666666666664,50.0,0,0.95
273_277,0.017454993925674473,33.666666666666664,4.0,1,0.85
74_263,0.4316568853430039,71.0,94.33333333333334,0,0.9
191_283,0.32333554825673544,40.666666666666664,63.33333333333333,0,0.9
219_241,0.0511149786798733,25.666666666666668,31.333333333333336,0,0.95
151_241,0.4522396968474593,76.0,66.33333333333333,0,0.95
2_210,0.03418165482875979,9.333333333333334,11.333333333333332,0,0.99
230_261,0.2733850658907861,36.0,69.66666666666667,0,0.99
162_284,0.11246717012177905,55.666666666666664,50.0,0,0.99
73_290,0.15731609831327795,56.0,59.333333333333336,0,0.99
226_277,0.18702173900649924,35.333333333333336,25.333333333333336,0,0.9
24_51,0.025849677341844946,17.0,16.666666666666664,0,0.95
31_117,0.051497340893587214,18.666666666666668,20.333333333333332,0,0.95
64_135,0.09458940185606923,21.666666666666668,31.333333333333336,0,0.95
26_266,0.12292177479123649,10.0,28.333333333333332,0,0.95
24_277,0.13967609782776305,45.0,23.333333333333332,1,0.9
36_144,0.1131290178063935,33.0,30.333333333333336,0,0.95
66_170,0.060729464671755974,29.333333333333332,34.66666666666667,0,0.98
69_73,0.034797397540247126,6.666666666666667,33.33333333333333,0,0.95
187_301,0.1410626486253833,44.0,30.0,0,0.95
50_85,0.0929135810012716,16.0,22.333333333333332,0,0.95
86_203,0.019674682362309598,7.0,16.666666666666664,0,0.95
48_137,0.012475034780624804,9.333333333333334,18.333333333333332,0,0.9
249_293,0.04018097710224828,15.333333333333334,25.0,0,0.99
205_257,0.2275512535134668,43.666666666666664,62.33333333333333,0,0.95
64_103,0.014196969080731975,7.333333333333333,3.0,0,0.99
141_294,0.28783649830578256,75.33333333333333,67.0,0,0.95
135_193,0.0647706695973453,22.333333333333332,28.333333333333332,0,0.95
60_234,0.0729267758256913,19.666666666666668,32.666666666666664,0,0.99
12_42,0.3370876703006438,68.66666666666667,57.666666666666664,0,0.95
21_160,0.08208643431181238,12.333333333333334,34.333333333333336,0,0.99
205_260,0.17837057421126445,27.666666666666668,40.666666666666664,0,0.95
67_215,0.26124534741732586,63.333333333333336,61.33333333333333,0,0.99
10_191,0.02795413295572476,6.333333333333333,30.666666666666664,0,0.95
1_234,0.07045974949255324,19.666666666666668,41.66666666666667,0,0.99
83_254,0.32617514352426236,34.0,63.33333333333333,0,0.95
30_165,0.11178833370149664,35.0,47.66666666666667,0,0.99
207_246,0.009664052045998468,8.666666666666666,8.333333333333332,0,0.95
63_212,0.014599136042037447,5.333333333333333,5.0,0,0.98
37_277,0.18438745469662568,34.333333333333336,16.666666666666664,0,0.95
118_176,0.014032368952453368,8.0,11.0,0,0.9
161_236,0.08323742391835205,21.333333333333332,36.0,0,0.95
277_294,0.06881379514008899,52.666666666666664,19.333333333333332,0,0.95
113_198,0.003060194152458061,3.3333333333333335,17.333333333333336,0,0.99
165_271,0.27303309157385486,81.33333333333333,80.0,0,0.99
3_28,0.08954131201429555,14.666666666666666,27.333333333333332,0,0.95
17_189,0.01764007838911361,12.666666666666666,19.0,0,0.95
253_306,0.17803686539227848,46.333333333333336,57.666666666666664,0,0.99
34_266,0.1249226122792078,15.0,28.000000000000004,1,0.87
158_275,0.1550984513804787,33.333333333333336,31.666666666666664,0,0.95
8_256,0.08912319018199787,25.666666666666668,39.33333333333333,0,0.9
94_204,0.10320622590833212,36.0,26.666666666666668,0,0.95
176_202,0.019903168085223584,8.666666666666666,6.666666666666667,0,0.95
161_292,0.09430648070311996,57.0,57.99999999999999,0,0.95
34_203,0.03688492131710725,12.666666666666666,16.0,0,0.95
114_144,0.17808065950528598,47.333333333333336,41.0,0,0.95
29_220,0.029955479494142807,18.333333333333332,20.333333333333332,0,0.99
10_43,0.01739303749415214,13.666666666666666,20.666666666666668,0,0.95
76_179,0.05279094609407131,21.0,41.0,0,0.99
93_117,0.09026686225827109,32.0,27.333333333333332,0,0.95
9_212,0.053507393502273355,12.333333333333334,20.0,0,0.99
91_96,0.01133780715578372,10.666666666666666,18.333333333333332,1,0.91
49_305,0.02823196683875676,16.0,16.666666666666664,0,0.95
243_294,0.3908748766518131,84.0,75.33333333333333,0,0.95
60_130,0.06989012514822156,16.333333333333332,25.0,0,0.95
229_276,0.27066873496346605,63.333333333333336,46.33333333333333,0,0.99
23_281,0.1740447404122074,78.0,75.66666666666667,0,0.95
89_256,0.5245594847618539,98.0,82.33333333333334,0,0.99
165_204,0.19332758674157213,54.333333333333336,58.666666666666664,0,0.99
106_174,0.017809680213860955,11.666666666666666,8.333333333333332,0,0.95
197_203,0.017646406821767945,15.0,8.333333333333332,1,0.91
36_85,0.04107486237243135,10.666666666666666,9.666666666666666,0,0.9
56_281,0.5065271358556532,105.66666666666667,85.33333333333334,0,0.95
38_69,0.00465660338354146,7.666666666666667,5.666666666666666,0,0.95
41_225,0.004826658644063871,6.0,8.333333333333332,0,0.95
108_165,0.10007208394760882,31.666666666666668,35.333333333333336,0,0.95
6_116,0.08766353294946096,45.666666666666664,49.333333333333336,0,0.95
42_112,0.021480790898591718,19.0,13.0,0,0.99
83_165,0.1870119261645854,31.0,48.0,0,0.99
108_127,0.011701268713563487,9.333333333333334,12.666666666666668,0,0.95
232_246,0.2531932071318503,53.0,53.333333333333336,0,0.95
59_286,0.40878636940064766,59.0,82.66666666666667,0,0.99
64_288,0.380614218401945,61.0,95.0,0,0.99
37_121,0.014784687351435268,13.333333333333334,8.0,0,0.95
268_303,0.013198531644616748,25.666666666666668,10.0,0,0.95
25_66,0.15270032131016284,61.333333333333336,39.33333333333333,0,0.99
98_240,0.01372996143384274,4.0,26.0,0,0.9
9_135,0.031603800747411794,18.333333333333332,30.333333333333336,0,0.95
128_242,0.007196563094337021,6.0,14.666666666666666,0,0.9
53_97,0.009262227542264004,12.666666666666666,20.666666666666668,0,0.95
47_132,0.004903087535701476,5.666666666666667,17.0,0,0.95
124_279,0.13133550575059164,44.666666666666664,18.666666666666668,0,0.95
88_210,0.01929577358601477,3.6666666666666665,2.666666666666667,0,0.98
75_207,0.01894316866805007,15.333333333333334,28.666666666666668,0,0.99
54_183,0.015900904785894305,10.666666666666666,12.333333333333334,0,0.95
53_129,0.020317975048899626,16.0,23.0,0,0.99
6_42,0.05511718738974316,30.0,28.333333333333332,0,0.95
223_300,0.005743687616945582,4.333333333333333,5.333333333333334,1,0.9
45_228,0.04760232567444029,20.666666666666668,15.333333333333332,0,0.99
103_258,0.24562208204927183,25.333333333333332,54.666666666666664,0,0.99
82_130,0.0547701905391757,6.0,14.000000000000002,0,0.95
68_103,0.12363005188545367,32.666666666666664,22.666666666666664,0,0.99
16_96,0.019500311654465915,17.333333333333332,16.666666666666664,0,0.95
68_137,0.06614750013333583,28.333333333333332,28.999999999999996,0,0.95
89_90,0.1523953079139712,41.666666666666664,29.333333333333332,2,0.95
210_242,0.022817379375801014,4.333333333333333,13.0,0,0.95
143_229,0.06690708330556529,30.0,11.666666666666666,0,0.95
104_136,0.06748218599468588,6.333333333333333,19.0,0,0.95
241_254,0.18294186341037458,42.666666666666664,48.66666666666667,0,0.95
154_259,0.19794691467931355,16.333333333333332,35.66666666666667,0,0.99
83_97,0.06127170414870305,16.0,22.333333333333332,0,0.95
6_300,0.05605231934066207,29.666666666666668,27.666666666666668,0,0.98
26_261,0.1374868807507186,24.333333333333332,35.66666666666667,1,0.9
63_163,0.1682711879773512,30.333333333333332,51.0,0,0.99
42_60,0.038131356602405436,14.0,10.0,0,0.95
175_206,0.02283911769462391,14.0,7.666666666666666,0,0.99
64_200,0.03677030581728568,18.0,24.0,0,0.95
9_105,0.020006600663547282,14.666666666666666,27.333333333333332,0,0.95
25_86,0.0503284700604098,8.0,13.333333333333334,0,0.95
183_241,0.07786149261646795,32.333333333333336,27.0,0,0.95
115_266,0.18931345611916842,21.666666666666668,38.0,0,0.95
87_167,0.10589779657547288,16.333333333333332,40.666666666666664,0,0.98
77_305,0.028720215735364134,18.333333333333332,30.333333333333336,0,0.95
116_196,0.022169140943008963,5.0,6.333333333333334,0,0.99
188_273,0.18196196089882055,37.666666666666664,52.33333333333333,0,0.99
144_199,0.14164916586982057,42.666666666666664,37.666666666666664,0,0.95
26_280,0.19139536200801244,68.66666666666667,42.333333333333336,0,0.95
99_207,0.004634637816694972,6.0,18.0,0,0.99
173_207,0.04721053294517948,17.333333333333332,14.333333333333334,0,0.99
44_290,0.16482782237042176,59.0,46.0,0,0.99
61_225,0.03675495352588328,17.666666666666668,13.0,0,0.95
10_210,0.04818867372995201,13.0,20.0,0,0.99
285_302,0.25735860561952634,81.66666666666667,71.0,0,0.95
116_174,0.02422053308080527,9.333333333333334,9.666666666666666,0,0.95
1_112,0.043388305744055104,28.333333333333332,24.333333333333336,0,0.95
147_276,0.20090246959635003,46.666666666666664,53.666666666666664,0,0.95
155_254,0.2602051120548292,30.333333333333332,46.666666666666664,0,0.95
249_251,0.14963782154236907,73.33333333333333,39.666666666666664,0,0.95
232_293,0.059432931565719625,41.666666666666664,68.66666666666667,0,0.95
46_224,0.012424024077211193,7.666666666666667,10.333333333333334,0,0.95
92_302,0.03798864637030654,27.0,26.666666666666668,0,0.99
114_243,0.004254157450046931,6.333333333333333,13.0,0,0.95
16_132,0.0846485212780446,30.0,37.0,0,0.95
227_254,0.22624644522668855,38.333333333333336,49.0,0,0.99
82_257,0.36068337960950175,40.0,73.33333333333333,0,0.9
198_259,0.18401469976753315,16.0,39.33333333333333,0,0.99
78_92,0.06573085118693693,26.333333333333332,27.666666666666668,0,0.99
29_35,0.05552497490141812,26.333333333333332,15.333333333333332,0,0.95
74_119,0.056899415207439276,17.0,38.0,0,0.99
142_242,0.01175358972619731,7.333333333333333,15.333333333333332,0,0.95
76_246,0.01967764316977168,15.333333333333334,34.66666666666667,0,0.9
229_273,0.24166962831047864,47.333333333333336,40.0,0,0.95
106_306,0.012797850796224267,9.333333333333334,11.0,0,0.99
81_218,0.03721879323873536,8.666666666666666,15.0,0,0.98
105_113,0.006379576798943016,5.666666666666667,8.0,1,0.85
262_280,0.020598625721973306,34.0,14.333333333333334,1,0.9
72_279,0.19445114873059743,47.333333333333336,57.333333333333336,0,0.99
162_271,0.13648517987152767,75.33333333333333,58.333333333333336,0,0.95
29_209,0.06148417432992034,17.666666666666668,11.666666666666666,0,0.99
45_144,0.15419812056502566,36.666666666666664,32.666666666666664,0,0.95
110_306,0.031701656687798556,19.333333333333332,22.666666666666664,0,0.99
227_299,0.3708252192620109,73.66666666666667,70.66666666666667,0,0.95
97_225,0.02344957028460093,20.0,24.333333333333336,0,0.95
239_241,0.05010989295522895,26.0,24.0,0,0.99
40_292,0.21176481902695798,52.0,55.333333333333336,0,0.99
194_196,0.8615009055546734,78.0,96.66666666666667,2,0.91
169_254,0.14530585263461193,43.0,66.66666666666666,0,0.99
74_161,0.07032540143098794,21.666666666666668,44.0,0,0.99
106_154,0.008394507607682181,5.666666666666667,9.333333333333334,0,0.95
159_282,0.3300007784389852,83.0,64.0,0,0.95
1_28,0.06371600957495072,7.333333333333333,22.0,0,0.95
75_121,0.0390146899381528,18.333333333333332,39.33333333333333,0,0.99
70_175,0.018422687671463104,9.666666666666666,5.333333333333334,0,0.95
50_56,0.3713078284598481,63.333333333333336,63.33333333333333,0,0.99
114_151,0.20241069775757914,43.666666666666664,40.666666666666664,0,0.95
174_297,0.04160615304949513,13.666666666666666,5.0,0,0.9
188_303,0.27665812041578536,55.333333333333336,69.0,0,0.95
219_289,0.3892555181100152,67.66666666666667,84.33333333333334,0,0.98
80_185,0.1286648511585717,37.666666666666664,33.0,0,0.95
126_225,0.03644812675477781,23.333333333333332,11.666666666666666,0,0.9
118_172,0.07747188707668234,29.333333333333332,41.66666666666667,0,0.95
118_197,0.03999464184030896,13.333333333333334,18.0,0,0.95
237_265,0.020026156342692846,4.0,16.333333333333332,0,0.95
50_287,0.10084228665097261,44.666666666666664,44.333333333333336,0,0.95
144_183,0.18961151819966213,47.333333333333336,35.333333333333336,0,0.95
129_228,0.04358009929677665,22.333333333333332,16.666666666666664,0,0.95
39_273,0.15812071377233317,29.666666666666668,35.333333333333336,0,0.95
222_306,0.027343866436395196,14.666666666666666,18.666666666666668,0,0.99
19_240,0.04738391439142306,20.333333333333332,31.333333333333336,0,0.95
69_206,0.02186790175412061,9.0,12.666666666666668,0,0.99
145_302,0.038552823737699186,12.0,26.0,0,0.95
227_229,0.00835571074513987,6.0,6.666666666666667,1,0.9
204_273,0.22408349309188305,47.0,45.666666666666664,0,0.99
196_220,0.036769022422701324,12.0,18.666666666666668,0,0.99
84_139,0.16935455197591157,39.666666666666664,36.0,0,0.9
21_232,0.12160295914622077,63.333333333333336,50.33333333333333,0,0.99
56_159,0.07718127142783994,28.0,44.666666666666664,0,0.99
234_290,0.3256588098274262,69.33333333333333,86.33333333333333,1,0.9
77_91,0.07338976001441815,24.666666666666668,28.999999999999996,0,0.99
53_242,0.028465924871790716,18.666666666666668,20.666666666666668,0,0.99
47_103,0.07182981113622301,23.0,16.666666666666664,0,0.99
34_154,0.02221546812282087,11.0,5.333333333333334,0,0.95
6_92,0.1893748779172307,62.666666666666664,50.0,0,0.99
11_35,0.13662023371613502,33.666666666666664,33.33333333333333,0,0.95
59_69,0.06491526274515985,19.333333333333332,12.666666666666668,0,0.99
130_180,0.022051670285256966,9.0,11.666666666666666,1,0.85
191_257,0.2637023831791478,38.666666666666664,67.33333333333333,0,0.9
17_30,0.03075945879410374,22.0,13.333333333333334,0,0.99
123_141,0.17581849576958355,53.0,53.333333333333336,0,0.95
108_305,0.01914733390894398,16.0,14.000000000000002,0,0.95
202_270,0.2936528017126804,41.333333333333336,63.0,0,0.95
172_280,0.17057084980600187,72.0,63.0,0,0.99
46_54,0.022725416190398126,7.333333333333333,16.666666666666664,1,0.9
261_268,0.00685190901780734,8.333333333333334,12.333333333333334,0,0.9
99_127,0.01557345954309923,7.333333333333333,24.666666666666668,0,0.9
137_237,0.0374712289566928,7.666666666666667,28.666666666666668,0,0.9
104_134,0.07478466149390074,20.333333333333332,24.333333333333336,0,0.95
58_259,0.25013494292324995,35.333333333333336,48.66666666666667,0,0.95
34_169,0.07926407566236544,27.666666666666668,41.0,0,0.95
220_292,0.23432050131371832,38.333333333333336,70.0,0,0.99
249_302,0.17778621527159424,59.666666666666664,53.666666666666664,0,0.95
2_61,0.04036264893365656,18.666666666666668,28.000000000000004,0,0.99
24_248,0.24830269659455528,73.0,50.33333333333333,0,0.99
112_225,0.018217475555157556,16.333333333333332,13.0,0,0.95
52_114,0.04644004972680323,11.333333333333334,19.666666666666664,0,0.99
41_148,0.007584457262858953,8.666666666666666,10.333333333333334,0,0.99
260_284,0.022718760689719886,39.0,17.666666666666668,0,0.97
146_306,0.03868549250473376,18.666666666666668,21.333333333333336,0,0.99
126_196,0.049551096036552084,10.666666666666666,12.333333333333334,0,0.95
11_298,0.06474743137744135,16.0,24.666666666666668,0,0.95
164_183,0.23647370264926107,49.333333333333336,50.0,0,0.99
60_108,0.03199791086720701,12.666666666666666,13.666666666666666,0,0.95
28_98,0.037722542072846976,26.0,21.666666666666668,0,0.95
123_209,0.5870075870693964,83.66666666666667,82.66666666666667,0,0.99
31_55,0.03323801726338232,21.0,17.0,0,0.99
126_202,0.07083284152723325,21.0,28.999999999999996,0,0.95
230_242,0.02208601890530663,16.666666666666668,28.999999999999996,0,0.95
152_231,0.1364320695187058,30.0,40.33333333333333,0,0.99
164_282,0.0969735507485211,37.333333333333336,45.666666666666664,0,0.99
182_291,0.3785615616352794,70.66666666666667,63.0,0,0.9
79_87,0.0847077884098052,14.333333333333334,26.0,0,0.95
118_224,0.012449995403877152,10.333333333333334,6.0,0,0.96
192_233,0.043174492622858385,24.0,31.666666666666664,0,0.99
141_253,0.1632963007464594,34.333333333333336,49.666666666666664,0,0.95
113_136,0.0347464563874438,9.0,24.666666666666668,0,0.95
159_278,0.28030483484076746,59.333333333333336,56.333333333333336,0,0.99
119_256,0.1288779932280455,38.333333333333336,54.0,0,0.99
37_118,0.011056030883169699,10.0,8.0,0,0.95
130_150,0.3236089109605413,68.0,58.666666666666664,0,0.95
121_157,0.015035975340872624,7.0,12.0,0,0.9
62_274,0.30014273535960745,33.0,59.66666666666667,0,0.95
59_226,0.035309129793967275,17.0,11.666666666666666,0,0.99
207_282,0.2873626187482548,57.666666666666664,49.0,0,0.95
67_256,0.20623858326193115,50.0,52.666666666666664,0,0.99
148_208,0.022180733186832047,13.0,20.0,0,0.99
133_278,0.16937570463896087,52.666666666666664,39.33333333333333,0,0.95
200_281,0.4399638417769718,77.33333333333333,94.66666666666667,0,0.9
57_197,0.07438662841036629,23.666666666666668,24.0,0,0.95
67_79,0.08392362341062692,35.333333333333336,40.0,0,0.99
117_235,1.0358224621257641,105.0,89.66666666666666,0,0.95
18_47,0.24352864992188153,62.333333333333336,55.333333333333336,1,0.9
70_97,0.01387105226447004,6.333333333333333,20.333333333333332,0,0.95
56_134,0.30861717505345054,67.0,56.333333333333336,0,0.9
66_129,0.1571639614461451,55.0,36.0,0,0.95
84_183,0.03151227594653316,9.666666666666666,4.333333333333334,0,0.95
79_245,0.022937057717518517,16.0,32.33333333333333,0,0.9
156_216,0.12988726727888777,34.0,36.333333333333336,0,0.99
18_250,0.07814174062205297,27.0,33.666666666666664,0,0.95
32_111,0.028028942041647558,12.0,9.0,0,0.95
35_111,0.10331474226684562,39.0,27.666666666666668,0,0.95
55_172,0.07168066872767297,26.333333333333332,34.0,0,0.99
98_272,0.15528944190867422,23.333333333333332,41.333333333333336,0,0.95
257_296,0.012843716592092436,20.333333333333332,25.333333333333336,0,0.9
35_241,0.016342934136882824,13.333333333333334,12.666666666666668,0,0.95
279_288,0.05346808442992876,37.666666666666664,23.333333333333332,0,0.95
50_303,0.16070672667895666,59.333333333333336,65.66666666666666,0,0.95
15_46,0.023573318182115985,16.666666666666668,12.333333333333334,0,0.95
109_136,0.1367228888244091,34.0,37.666666666666664,0,0.9
106_254,0.1855440517589393,34.666666666666664,48.66666666666667,0,0.9
82_302,0.04447861002525714,13.333333333333334,21.0,0,0.9
157_228,0.053915020920273886,28.333333333333332,16.0,0,0.99
126_286,0.19580985809377469,35.333333333333336,52.33333333333333,0,0.95
109_196,0.2506493108922571,41.666666666666664,44.666666666666664,0,0.9
14_208,0.02561852267381674,10.666666666666666,11.333333333333332,0,0.99
49_93,0.019688518454137036,8.333333333333334,14.333333333333334,0,0.95
110_286,0.375436082580078,57.333333333333336,78.33333333333333,0,0.95
100_281,0.38064274708663937,75.0,90.33333333333333,0,0.95
176_305,0.01163274372327897,7.666666666666667,7.666666666666666,0,0.97
259_304,0.04069866776207368,20.333333333333332,38.0,0,0.98
5_72,0.07328004080984797,17.666666666666668,27.333333333333332,0,0.99
172_281,0.22208946057526324,76.66666666666667,83.0,0,0.95
97_306,0.015018929814620982,16.666666666666668,25.333333333333336,0,0.95
130_301,0.20773922023958927,51.666666666666664,44.333333333333336,0,0.95
2_84,0.024547543420197104,11.0,16.666666666666664,0,0.9
89_130,0.6697843267481405,92.0,78.33333333333333,0,0.99
73_239,0.020612395133497243,11.666666666666666,37.666666666666664,0,0.9
101_110,0.15592413460621132,40.0,35.0,0,0.9
110_212,0.01322531441041481,6.666666666666667,8.666666666666668,0,0.99
155_239,0.021910517513696794,3.6666666666666665,14.666666666666666,0,0.9
159_164,0.2805563269077269,76.33333333333333,65.33333333333333,0,0.95
187_197,0.06736515950145533,20.333333333333332,25.0,0,0.95
52_226,0.032329120619888546,12.333333333333334,18.333333333333332,0,0.95
135_173,0.027012619851796992,8.666666666666666,19.0,0,0.95
52_153,0.07070604133421597,22.333333333333332,29.333333333333332,0,0.97
66_209,0.4529318715373252,74.33333333333333,68.0,0,0.98
116_159,0.062389081293342995,29.666666666666668,33.666666666666664,0,0.99
134_175,0.0356209553893947,10.333333333333334,16.666666666666664,0,0.95
7_95,0.0655713990711591,39.666666666666664,40.33333333333333,0,0.95
100_241,0.06155208955395599,35.333333333333336,35.333333333333336,0,0.95
84_201,0.06204837305636069,20.333333333333332,19.666666666666664,0,0.95
231_252,0.36079232195200883,62.333333333333336,93.66666666666667,0,0.95
240_295,0.08351824758791991,30.666666666666668,33.666666666666664,0,0.95
105_239,0.013140966921968035,11.666666666666666,16.333333333333332,0,0.95
38_236,0.0038357400952008605,6.666666666666667,12.0,0,0.95
127_203,0.03481342501487505,9.333333333333334,19.333333333333332,0,0.95
29_232,0.2824385880773154,74.0,59.0,0,0.99
198_200,0.0003526502261475874,2.3333333333333335,3.0,2,0.91
153_274,0.2535529583636169,22.333333333333332,54.333333333333336,0,0.95
6_259,0.1423220493208143,53.333333333333336,45.0,0,0.99
102_170,0.14705567334769917,35.666666666666664,31.0,0,0.95
181_182,0.0003087903878016643,1.3333333333333333,0.6666666666666667,2,0.91
167_220,0.01846762580218164,9.0,29.666666666666668,0,0.99
226_252,0.1909050002379228,49.666666666666664,50.0,0,0.95
6_268,0.1896605939146201,64.33333333333333,58.333333333333336,0,0.95
19_184,0.11798232297999471,30.0,28.000000000000004,0,0.9
211_230,0.060711573379089064,19.666666666666668,33.666666666666664,0,0.99
113_259,0.15519806979576836,15.333333333333334,39.33333333333333,0,0.95
31_210,0.04609993090918404,17.333333333333332,10.0,0,0.99
125_189,0.06828157436539338,26.666666666666668,27.333333333333332,0,0.9
42_267,0.1515906511545598,9.333333333333334,31.666666666666664,0,0.9
11_302,3.2566542055671312e-15,0.0,0.0,2,0.9
63_94,0.058791400421167796,24.666666666666668,25.666666666666664,0,0.99
97_222,0.04677289641364479,21.333333333333332,34.66666666666667,0,0.99
81_295,0.14223320122268054,32.666666666666664,37.333333333333336,0,0.98
50_153,0.05967388197513393,10.666666666666666,24.0,0,0.95
122_277,0.15313022477308957,28.666666666666668,18.666666666666668,0,0.95
81_262,0.34164000886331974,39.666666666666664,76.66666666666667,0,0.95
84_291,0.45474326487440875,71.33333333333333,90.33333333333333,0,0.99
97_224,0.042307809434289766,27.333333333333332,27.666666666666668,0,0.95
68_80,0.03618716120219311,6.333333333333333,9.333333333333334,0,0.95
111_184,0.008682607885039972,8.0,9.0,0,0.95
61_64,0.003389233335658251,6.0,6.333333333333334,1,0.9
19_50,0.007828092050450866,13.0,23.666666666666668,0,0.95
128_217,0.07628819359109489,28.333333333333332,22.666666666666664,0,0.99
5_62,0.07343639328906845,10.0,36.333333333333336,0,0.95
156_168,0.0701616404898724,13.333333333333334,33.33333333333333,0,0.95
12_126,0.14329764385744154,42.666666666666664,42.333333333333336,0,0.95
88_230,0.09824071209095726,20.666666666666668,39.666666666666664,0,0.99
53_214,0.11200339332585524,31.666666666666668,27.0,0,0.95
216_254,0.23328928690736492,44.666666666666664,66.0,0,0.99
16_43,0.013699114026726668,8.666666666666666,12.666666666666668,0,0.95
217_271,0.2833943076234778,56.666666666666664,66.0,0,0.9
9_236,0.02251334911169918,7.666666666666667,24.333333333333336,0,0.95
7_226,0.012063399413718088,9.666666666666666,20.0,0,0.95
59_228,0.046703364076573405,18.0,12.666666666666668,0,0.95
47_118,0.04565249305629237,23.0,23.0,0,0.95
5_127,0.032272190960434925,11.333333333333334,25.0,0,0.95
197_247,0.2443251278945667,49.0,61.33333333333333,0,0.95
35_213,0.04165505635347826,18.666666666666668,6.333333333333334,0,0.99
57_151,0.7342806093782116,88.0,87.0,0,0.95
29_140,0.0554548238618135,27.333333333333332,21.666666666666668,0,0.95
129_253,0.13975293417365486,35.666666666666664,39.666666666666664,0,0.9
231_290,0.36155808129126893,70.33333333333333,83.0,0,0.95
26_198,0.042007758699048964,16.333333333333332,18.333333333333332,0,0.95
167_193,0.02395947902998495,14.0,43.0,0,0.95
52_57,0.1802591253949886,41.0,43.666666666666664,0,0.95
126_228,0.13086672648303732,44.333333333333336,33.33333333333333,0,0.95
265_302,0.008837370227921068,9.333333333333334,19.333333333333332,0,0.95
62_81,0.018850283773068324,13.333333333333334,14.000000000000002,0,0.95
94_183,0.00920269536702835,6.333333333333333,9.666666666666666,0,0.95
39_149,0.004040669203301533,4.0,11.666666666666666,0,0.95
188_252,0.2313319573659277,51.666666666666664,81.66666666666667,0,0.95
189_224,0.017696260025834295,14.0,11.333333333333332,0,0.95
26_208,0.031983953522694765,16.666666666666668,12.0,0,0.99
38_152,0.07316263093938509,27.333333333333332,15.0,0,0.95
77_132,0.06267529518055096,33.333333333333336,39.0,0,0.95
174_212,0.08119630049011399,25.666666666666668,8.666666666666668,0,0.99
6_174,0.1448724193619892,51.0,40.666666666666664,0,0.95
77_192,0.03235121679955412,21.333333333333332,22.333333333333332,0,0.95
172_288,0.1743566307913913,48.333333333333336,80.33333333333333,0,0.99
239_243,0.005135058302638531,6.0,13.333333333333334,0,0.95
96_183,0.04823396669443344,19.333333333333332,23.333333333333332,0,0.95
103_140,0.04853530527058764,20.0,12.666666666666668,0,0.9
47_50,0.11430692549823425,38.666666666666664,36.0,1,0.87
17_238,0.045092964711738515,16.333333333333332,26.333333333333332,0,0.95
181_195,0.06136303084399993,20.666666666666668,7.666666666666666,0,0.9
253_280,0.03402300895772423,46.0,21.666666666666668,0,0.95
201_208,0.012024214249215272,4.666666666666667,12.333333333333334,0,0.95
58_185,0.05992142671362527,17.666666666666668,13.333333333333334,0,0.95
23_223,0.09111969653504977,15.666666666666666,27.333333333333332,0,0.99
262_279,0.02629697950647926,22.0,8.0,0,0.95
74_202,0.033433935409805805,10.0,31.0,0,0.95
246_255,0.2098201090488512,32.0,65.0,1,0.85
185_250,0.14184275739466498,40.333333333333336,28.333333333333332,0,0.95
28_78,0.031092395706252437,22.333333333333332,31.666666666666664,0,0.99
168_183,0.040998646637698616,10.333333333333334,30.666666666666664,0,0.99
9_289,0.20537855924336526,61.0,67.66666666666666,0,0.95
87_267,0.30558301282249406,16.0,51.33333333333333,0,0.95
153_183,0.04609249448262618,19.0,11.333333333333332,0,0.95
113_244,0.8388196932426655,94.0,93.0,0,0.95
225_235,0.7079593096668261,93.33333333333333,86.0,0,0.95
94_293,0.3646180616475682,59.333333333333336,81.66666666666667,0,0.9
16_66,0.10101353734364742,44.0,26.0,0,0.95
142_166,0.04380737348709409,20.666666666666668,24.0,0,0.95
214_265,0.06720207268800077,16.666666666666668,20.333333333333332,0,0.99
86_94,0.05412526852664574,16.333333333333332,14.666666666666666,0,0.95
3_224,0.033848474177150305,4.0,7.333333333333333,0,0.95
110_280,0.37006611961362473,73.66666666666667,78.0,0,0.95
135_302,0.03234220363451607,18.333333333333332,28.666666666666668,0,0.95
24_179,0.039725396762360136,11.333333333333334,8.666666666666668,0,0.95
115_198,0.003161629934424343,5.333333333333333,17.0,0,0.99
92_169,0.05312278571241774,9.666666666666666,29.666666666666668,0,0.99
206_245,0.011645816688350442,6.333333333333333,6.333333333333334,0,0.95
124_242,0.2198706051260003,55.666666666666664,44.0,0,0.9
281_296,0.06699991201730295,60.333333333333336,33.0,0,0.95
35_253,0.1635502769534202,42.333333333333336,32.0,0,0.9
116_137,0.04836154108327684,10.333333333333334,24.333333333333336,0,0.98
41_165,0.09734602639380263,34.333333333333336,38.666666666666664,0,0.99
148_238,0.020297343492859554,17.666666666666668,26.333333333333332,0,0.95
216_275,0.34841355287733905,53.0,68.0,0,0.99
65_262,0.12362519288187902,46.333333333333336,36.0,0,0.95
194_222,1.1989592720886852,93.33333333333333,95.33333333333334,0,0.99
155_236,0.006714829336826757,5.0,6.666666666666667,0,0.95
133_206,0.039384633769358766,27.333333333333332,20.666666666666668,0,0.99
126_217,0.18521605402119268,48.333333333333336,44.333333333333336,0,0.95
116_142,0.015089479418056348,10.333333333333334,6.0,0,0.95
181_220,0.007398795463967166,6.0,17.666666666666668,0,0.95
65_151,0.011973570631105164,8.666666666666666,6.666666666666667,0,0.9
80_189,0.07991794449205596,22.666666666666668,27.0,0,0.95
59_111,0.0475999257380376,15.333333333333334,16.666666666666664,0,0.95
20_76,0.06790080037831024,22.333333333333332,47.0,0,0.99
68_124,0.09147938808447625,20.0,22.333333333333332,0,0.95
121_205,0.02101194837958964,13.666666666666666,10.0,0,0.99
58_251,0.2409872146806301,33.333333333333336,55.00000000000001,0,0.95
126_207,0.032765876527415305,14.666666666666666,19.333333333333332,0,0.99
169_303,0.21390741935060645,54.333333333333336,67.33333333333333,0,0.99
191_195,0.0669577385033935,25.0,22.666666666666664,0,0.9
230_282,0.3547444385784166,55.0,71.66666666666667,0,0.95
97_215,0.09409849716812783,37.0,40.666666666666664,0,0.95
84_219,0.030365992932064306,9.0,12.333333333333334,0,0.95
7_73,0.024953669440262,21.333333333333332,31.0,1,0.9
137_232,0.12877723298222823,62.333333333333336,48.66666666666667,0,0.99
81_142,0.02903558831622112,8.666666666666666,7.000000000000001,0,0.95
42_275,0.1350027196578742,36.333333333333336,29.666666666666668,0,0.95
134_300,0.0970483628822575,25.333333333333332,22.666666666666664,0,0.98
50_183,0.08049032671129044,11.666666666666666,19.333333333333332,0,0.95
90_115,0.16156767112106385,42.0,34.333333333333336,0,0.95
62_219,0.020955442504152124,7.666666666666667,26.666666666666668,0,0.99
85_256,0.2589940396894477,39.0,71.33333333333334,0,0.9
68_172,0.07154608448079118,12.666666666666666,24.333333333333336,0,0.99
183_214,0.06417349779863822,24.666666666666668,13.333333333333334,0,0.99
268_297,0.37298955391606503,39.666666666666664,67.66666666666666,0,0.95
67_188,0.07539020761271235,34.333333333333336,30.666666666666664,0,0.95
163_219,0.09477208890517186,18.666666666666668,23.666666666666668,0,0.99
3_60,0.05458880809842031,19.333333333333332,25.0,0,0.99
146_219,0.03023419949168249,15.0,11.333333333333332,0,0.99
45_93,0.028360221794311455,20.666666666666668,20.0,0,0.91
19_293,0.1487321481337556,44.333333333333336,59.333333333333336,0,0.95
58_87,0.03090598718556861,14.0,11.333333333333332,0,0.95
106_177,0.008644019242086907,9.0,8.666666666666668,0,0.95
135_196,0.07851769910021032,11.333333333333334,22.0,0,0.9
163_179,0.13962247763320484,34.666666666666664,35.333333333333336,0,0.99
57_267,0.2542382891000175,32.0,53.0,0,0.95
253_279,0.06488722127270062,47.333333333333336,13.666666666666666,0,0.95
130_243,0.009500987272472526,8.333333333333334,12.0,0,0.95
213_249,0.4627783637599416,74.66666666666667,78.66666666666666,0,0.99
301_303,0.23756586058110873,40.0,44.0,0,0.99
136_173,0.04612634330766791,19.666666666666668,22.333333333333332,0,0.95
120_218,0.03394169870715224,16.0,26.666666666666668,0,0.95
4_223,0.013601811067402535,5.666666666666667,14.666666666666666,0,0.99
21_210,0.08174086898979926,10.666666666666666,15.0,0,0.99
72_186,0.016817702407880965,13.333333333333334,21.0,0,0.95
52_295,0.0998133182400772,26.333333333333332,26.666666666666668,0,0.99
105_244,0.6859200943954941,93.0,88.33333333333333,0,0.95
254_304,0.07837244542007583,33.0,47.333333333333336,0,0.95
58_215,0.05642141870350028,17.0,26.333333333333332,0,0.99
75_274,0.16916779867471599,18.333333333333332,57.666666666666664,0,0.98
227_236,0.02080727730770673,19.0,13.0,0,0.95
175_269,0.21895535429211166,31.0,33.33333333333333,0,0.95
94_192,0.035240904462130844,22.333333333333332,17.0,0,0.95
129_233,0.026852527617696687,21.666666666666668,41.0,0,0.99
162_210,0.1475738620860851,28.666666666666668,34.66666666666667,0,0.95
152_217,0.32702894864656523,60.333333333333336,63.33333333333333,0,0.95
86_260,0.32478938378853517,28.0,65.66666666666666,0,0.9
112_248,0.2850823960339585,47.0,49.333333333333336,0,0.95
160_297,0.14037330982388443,11.333333333333334,30.0,0,0.99
82_296,0.24862477488799992,19.666666666666668,43.666666666666664,0,0.95
89_134,0.35390311721785267,72.0,70.0,0,0.95
271_299,0.05252761874414066,55.666666666666664,28.333333333333332,0,0.95
122_214,0.11136415427999626,34.333333333333336,22.666666666666664,0,0.98
66_76,0.15931612615731575,47.666666666666664,53.666666666666664,0,0.95
75_301,0.27851207071548006,50.666666666666664,62.33333333333333,0,0.98
60_252,0.3856399087567694,68.33333333333333,91.66666666666666,0,0.95
55_125,0.05783187970047387,27.333333333333332,29.333333333333332,0,0.99
28_52,0.07589224722845501,25.666666666666668,31.333333333333336,1,0.9
45_193,0.03077812896375896,13.333333333333334,15.0,0,0.95
78_199,0.01859112982317922,8.666666666666666,24.333333333333336,0,0.95
27_258,0.15955131149587262,43.666666666666664,41.333333333333336,1,0.9
154_236,0.009594824084974031,9.0,8.0,0,0.95
252_303,0.0701200030145299,44.333333333333336,33.666666666666664,0,0.9
43_228,0.05037543910449982,24.666666666666668,15.333333333333332,0,0.99
45_124,0.15789346183424655,56.0,42.0,0,0.9
51_207,0.03408406536807793,7.333333333333333,18.666666666666668,0,0.99
133_252,0.17546849587540336,58.333333333333336,64.66666666666666,0,0.95
67_203,0.16515648770878866,41.666666666666664,38.333333333333336,0,0.95
179_282,0.39147306128597686,78.66666666666667,59.66666666666667,0,0.95
149_270,0.18751095270887083,40.333333333333336,44.333333333333336,0,0.99
183_256,0.19226287756248728,39.333333333333336,50.0,0,0.95
69_154,0.016269816654949323,5.333333333333333,7.000000000000001,1,0.9
23_133,0.047004348646456924,13.666666666666666,18.666666666666668,0,0.95
45_293,0.28343656190216393,76.33333333333333,71.0,0,0.95
73_84,0.09374990281055773,15.0,32.33333333333333,0,0.98
54_176,0.025551619294310737,15.333333333333334,13.666666666666666,0,0.95
91_297,0.13345461298531844,35.666666666666664,27.333333333333332,0,0.95
42_117,0.02664803237875965,9.666666666666666,12.333333333333334,0,0.9
74_247,0.17364509843818055,39.666666666666664,42.0,0,0.95
4_20,0.08232443162298125,21.333333333333332,42.66666666666667,0,0.99
283_295,0.3116891210933736,63.666666666666664,56.00000000000001,0,0.95
29_163,0.08288878959370409,30.666666666666668,41.66666666666667,0,0.99
66_299,0.17612069387624077,43.666666666666664,41.333333333333336,0,0.95
10_284,0.21120091752063427,54.666666666666664,66.0,0,0.95
12_286,0.16278962748620082,44.666666666666664,33.0,0,0.95
162_202,0.1304720014589066,22.0,47.0,1,0.85
71_282,0.08983349295854891,37.0,41.333333333333336,0,0.95
262_293,0.043471253573705064,54.333333333333336,28.000000000000004,0,0.95
29_143,0.01414465978150678,10.666666666666666,11.666666666666666,0,0.9
207_296,0.14164140811582612,21.333333333333332,37.666666666666664,0,0.99
136_177,0.03955402524935423,5.333333333333333,17.666666666666668,0,0.95
23_268,0.10106427288138813,36.0,36.333333333333336,0,0.95
3_198,0.03658515720661798,20.0,29.666666666666668,0,0.95
172_174,0.04856695289149742,14.0,24.0,0,0.95
69_242,0.012266317066222302,15.666666666666666,11.333333333333332,0,0.95
128_157,0.02130991405060277,6.666666666666667,11.0,0,0.95
131_240,0.004926388556601626,6.0,22.0,0,0.95
117_274,0.19349376984378838,28.0,39.0,0,0.9
85_280,0.4616659837679265,77.66666666666667,92.66666666666666,0,0.95
43_177,0.006200819480306136,3.3333333333333335,4.333333333333334,0,0.95
12_80,0.184148278203079,36.666666666666664,35.0,0,0.95
61_78,0.0826726728380105,22.666666666666668,42.333333333333336,0,0.95
131_175,0.013615258416895188,6.666666666666667,8.0,0,0.95
26_178,0.023249067665021442,8.0,9.0,0,0.9
15_119,0.01938874296085812,15.666666666666666,13.0,0,0.95
104_203,0.022193057697131285,12.666666666666666,6.333333333333334,0,0.98
136_234,0.040176335501853455,14.666666666666666,26.666666666666668,0,0.98
17_113,0.026720918478263453,16.0,24.333333333333336,0,0.95
173_235,0.4083040452598838,67.33333333333333,64.0,0,0.95
202_249,0.3746474645448521,60.333333333333336,69.33333333333334,0,0.99
248_282,0.054968290296051686,12.333333333333334,6.666666666666667,0,0.99
12_226,0.3428420370552158,66.0,56.666666666666664,0,0.95
35_170,0.21558292089064604,57.666666666666664,44.0,0,0.95
34_275,0.06949381961326749,23.666666666666668,25.666666666666664,0,0.95
166_258,0.1712948493126464,39.666666666666664,69.33333333333334,0,0.98
75_119,0.04540630801226412,15.333333333333334,42.66666666666667,0,0.99
19_265,0.03454175990379498,29.333333333333332,20.333333333333332,0,0.95
59_288,0.38675928827130873,64.33333333333333,96.33333333333334,0,0.99
27_185,0.15589214417750982,47.0,39.0,0,0.95
164_226,0.2303838969185957,59.666666666666664,52.666666666666664,0,0.95
109_222,0.07710260141345406,26.333333333333332,33.33333333333333,0,0.95
188_280,0.30824245097447595,73.0,76.33333333333333,0,0.99
183_212,0.03809460863310247,17.666666666666668,8.333333333333332,0,0.95
195_275,0.16298378320334114,35.666666666666664,33.33333333333333,0,0.95
54_58,0.04990681547358956,9.0,16.0,0,0.95
148_292,0.20313269053291685,39.666666666666664,67.66666666666666,0,0.95
121_186,0.012791235819452254,6.0,12.0,0,0.95
118_234,0.028129253465542486,13.333333333333334,34.0,0,0.95
73_157,0.05070292402609996,8.333333333333334,25.666666666666664,0,0.95
179_212,0.0034690405697296697,5.0,1.6666666666666667,0,0.98
113_273,0.19324215216307447,35.666666666666664,42.333333333333336,0,0.9
75_220,0.023844943562942797,12.666666666666666,15.333333333333332,0,0.99
169_223,0.10789850108588424,30.333333333333332,43.0,0,0.99
197_227,0.008964870883646022,10.666666666666666,12.333333333333334,0,0.95
14_75,0.10108625486784105,29.0,35.333333333333336,0,0.99
190_264,0.019130107660475466,11.333333333333334,22.0,0,0.9
23_48,0.031018488050054877,13.0,22.666666666666664,0,0.9
49_155,0.050393985336401624,14.333333333333334,16.666666666666664,0,0.95
199_306,0.029448121743832652,15.666666666666666,19.333333333333332,0,0.99
50_111,0.08706474777578294,18.333333333333332,24.333333333333336,0,0.95
64_146,0.04079153834316599,19.0,27.0,0,0.98
224_244,0.9056656844311184,116.0,90.66666666666666,0,0.98
18_290,0.1134365983695652,56.0,36.0,0,0.95
36_249,0.277358645945873,66.66666666666667,53.333333333333336,0,0.99
57_237,0.15304845246457316,39.666666666666664,33.0,0,0.95
40_278,0.18222784241808898,41.0,17.333333333333336,0,0.95
161_257,0.09060575353121153,39.666666666666664,57.333333333333336,0,0.99
17_177,0.018846990693820096,15.666666666666666,6.666666666666667,0,0.95
36_215,0.033654676215313865,13.666666666666666,16.666666666666664,0,0.99
1_177,0.023709327180689965,17.0,13.333333333333334,0,0.95
107_115,0.010284442186263428,9.0,8.666666666666668,0,0.95
251_305,0.08946760416326067,18.666666666666668,24.0,0,0.95
182_184,0.004044924144406987,7.0,1.0,2,0.9
128_191,0.011055931221702696,8.333333333333334,16.666666666666664,0,0.95
71_224,0.11431148326676605,36.666666666666664,31.666666666666664,0,0.98
8_34,0.01319730535108153,10.0,22.666666666666664,0,0.87
55_187,0.028664140087741586,17.333333333333332,14.000000000000002,0,0.95
70_253,0.21407074050052663,37.333333333333336,47.66666666666667,0,0.95
280_298,0.3985964459030735,83.33333333333333,72.0,0,0.95
69_136,0.03857932749189561,9.333333333333334,26.666666666666668,0,0.95
272_273,0.03675498674456167,40.333333333333336,20.333333333333332,0,0.9
122_233,0.03931168196434972,13.0,33.666666666666664,0,0.99
16_211,0.05782987206845092,15.333333333333334,16.333333333333332,0,0.95
249_286,0.06182408326545035,19.333333333333332,28.000000000000004,0,0.99
56_64,0.19763415196270084,40.333333333333336,41.333333333333336,2,0.9
64_140,0.07197524342063144,27.333333333333332,20.666666666666668,0,0.95
199_276,0.26280298994646095,52.666666666666664,68.0,0,0.95
179_295,0.007709903813702824,7.0,12.333333333333334,0,0.95
224_294,0.40987172954788975,95.33333333333333,75.33333333333333,0,0.95
46_276,0.13720505950850448,55.333333333333336,46.33333333333333,0,0.95
112_224,0.033174108450257374,23.666666666666668,12.0,0,0.95
26_223,0.05640259947337642,13.666666666666666,19.666666666666664,0,0.99
158_208,0.02512579187099372,7.333333333333333,10.0,0,0.98
53_253,0.16333556109397837,42.333333333333336,53.333333333333336,0,0.9
214_271,0.3215566108481367,53.333333333333336,60.0,0,0.95
34_262,0.15020692822417278,29.0,35.0,0,0.95
64_211,0.012278936138357127,5.333333333333333,5.666666666666666,0,0.95
33_91,0.08406998118182045,34.333333333333336,25.0,0,0.99
14_36,0.0730452348218243,23.666666666666668,19.0,0,0.95
38_293,0.3676677382665998,68.0,75.0,0,0.95
76_136,0.034094255892108606,17.666666666666668,19.666666666666664,0,0.95
169_261,0.1557991187206723,33.666666666666664,61.0,0,0.99
70_286,0.35967716211887035,42.333333333333336,66.33333333333333,0,0.95
117_188,0.051887165817776276,23.666666666666668,28.000000000000004,0,0.9
28_294,0.42714536943937925,106.66666666666667,76.0,1,0.87
127_289,0.2252346561605506,60.0,56.333333333333336,0,0.95
251_260,0.02079211741103507,39.0,14.000000000000002,0,0.95
75_135,0.05585471318381687,22.0,33.0,0,0.95
266_279,0.08470287908741847,50.666666666666664,16.666666666666664,0,0.95
105_120,0.0037737491721389718,5.666666666666667,10.666666666666668,0,0.95
66_163,0.06982834060704933,34.0,41.66666666666667,0,0.95
139_301,0.023262092668534264,13.666666666666666,11.0,0,0.95
156_205,0.023411378508866643,5.333333333333333,9.333333333333334,0,0.99
137_199,0.06541905181715031,11.0,28.999999999999996,0,0.95
116_285,0.38683843345306773,71.66666666666667,78.33333333333333,0,0.95
18_241,0.33494771643344307,64.33333333333333,56.99999999999999,0,0.95
184_215,0.03335544503302653,18.666666666666668,19.666666666666664,0,0.95
9_210,0.04660715499290047,12.666666666666666,20.0,0,0.98
114_291,0.33205983501758,65.66666666666667,68.66666666666667,0,0.95
80_190,0.0909912474443564,27.333333333333332,32.666666666666664,0,0.95
187_227,0.06393590034139028,27.666666666666668,16.0,0,0.95
60_185,0.06050871980284369,16.333333333333332,13.333333333333334,0,0.95
6_187,0.09619390369844927,42.666666666666664,40.666666666666664,0,0.95
21_97,0.0369157427389698,13.666666666666666,30.666666666666664,0,0.95
54_270,0.22068902634907198,50.666666666666664,42.0,1,0.9
236_247,0.16047650350915177,37.333333333333336,40.33333333333333,0,0.95
172_249,0.07630778087453828,37.666666666666664,41.0,0,0.99
178_247,0.16083316736422748,33.0,28.999999999999996,0,0.95
5_151,0.26398289908574024,50.0,51.33333333333333,0,0.95
234_256,0.1701643225023831,35.333333333333336,71.0,0,0.95
65_224,0.2641404466286476,70.0,54.333333333333336,0,0.95
173_184,0.07204393330158443,24.333333333333332,9.666666666666666,0,0.95
9_234,0.05645154350147449,14.666666666666666,44.333333333333336,0,0.99
41_103,0.017137164499354696,8.333333333333334,4.666666666666667,0,0.99
128_229,0.06330995953249575,27.0,14.666666666666666,0,0.95
147_213,0.07180312599733946,24.333333333333332,22.0,0,0.95
217_255,0.1805016573046001,35.0,65.0,0,0.95
118_201,0.024427601098649915,18.0,22.0,0,0.95
68_74,0.09929562467980672,36.666666666666664,41.333333333333336,0,0.95
42_252,0.2059038927711112,54.333333333333336,58.333333333333336,0,0.95
177_258,0.18675116776155232,16.666666666666668,42.66666666666667,0,0.95
116_163,0.06378879435250494,11.333333333333334,26.0,0,0.95
205_293,0.39257602729360624,75.33333333333333,78.0,0,0.99
136_232,0.14820941948401842,63.333333333333336,51.66666666666667,0,0.99
21_91,0.059629178207015666,34.0,23.0,0,0.9
128_197,0.03987845043277521,13.666666666666666,21.333333333333336,0,0.95
88_98,0.06300197934899913,8.0,16.0,0,0.95
106_303,0.28117429759226886,60.0,64.0,1,0.9
83_238,0.08274807667058197,18.333333333333332,21.0,0,0.9
80_107,0.09074968291477133,27.666666666666668,23.333333333333332,0,0.95
232_260,0.05275898249682338,41.333333333333336,37.666666666666664,0,0.99
24_118,0.010634855746237445,12.666666666666666,11.666666666666666,0,0.95
37_227,0.029879344357230192,18.666666666666668,6.333333333333334,0,0.99
82_232,0.34514502552374254,61.333333333333336,61.33333333333333,0,0.99
108_122,0.01996521894498004,16.666666666666668,20.0,0,0.95
257_278,0.025031520399330404,25.0,9.666666666666666,0,0.95
138_141,0.15596687960740027,46.666666666666664,28.000000000000004,2,0.9
70_260,0.21474760655686995,14.666666666666666,37.0,0,0.95
225_305,0.007592149972166864,8.0,9.0,0,0.95
104_187,0.039491393781809235,16.0,5.0,0,0.95
160_278,0.19608138172897696,52.0,44.666666666666664,0,0.99
8_299,0.23912699281254465,56.0,72.0,0,0.99
122_285,0.2968232799302293,64.66666666666667,62.33333333333333,0,0.95
20_168,0.0875187703267946,17.666666666666668,44.0,0,0.99
78_132,0.03218023195910286,21.333333333333332,26.666666666666668,0,0.95
61_73,0.09589042128151938,24.0,39.666666666666664,0,0.95
80_253,0.34667112673780626,39.666666666666664,83.33333333333334,0,0.95
26_299,0.21129739231265623,56.333333333333336,54.333333333333336,0,0.99
105_230,0.0305655265844612,12.333333333333334,29.333333333333332,0,0.99
145_246,0.04713697152331261,25.666666666666668,20.333333333333332,0,0.95
1_77,0.057729163930518766,27.666666666666668,46.0,0,0.98
222_228,0.021300000874996883,19.666666666666668,13.333333333333334,0,0.95
157_227,0.03818992808892919,25.0,10.333333333333334,0,0.99
125_208,0.03554963967094873,17.0,20.666666666666668,0,0.99
108_227,0.02712611982172412,21.0,15.666666666666668,0,0.99
12_265,0.22142305773893442,63.666666666666664,51.0,0,0.95
44_126,0.010084020388650552,8.666666666666666,13.666666666666666,0,0.99
147_179,0.06555190817935369,24.666666666666668,24.0,0,0.95
92_142,0.041374185026464574,25.333333333333332,10.666666666666668,0,0.99
198_224,0.03336241359812456,23.333333333333332,17.0,0,0.95
139_172,0.01920638080576396,10.0,18.0,0,0.95
199_299,0.39605202597134204,50.333333333333336,74.66666666666667,0,0.95
118_189,0.0093867210140583,7.0,20.666666666666668,0,0.98
12_95,0.10124163171288207,32.0,34.0,0,0.95
48_135,0.016910367973546492,19.333333333333332,20.333333333333332,0,0.95
64_304,0.12755327359045665,31.333333333333332,38.666666666666664,0,0.95
160_220,0.03951173039474306,4.0,19.0,0,0.99
30_178,0.010988555328629745,5.666666666666667,7.666666666666666,0,0.95
70_248,0.3243356903253214,49.666666666666664,49.666666666666664,0,0.95
117_120,0.09125252826727347,32.333333333333336,15.0,1,0.91
263_305,0.2278635695825164,64.0,54.0,1,0.85
133_286,0.21780099574611303,58.666666666666664,66.33333333333333,0,0.95
28_102,0.06311352793273163,14.0,9.333333333333334,0,0.95
7_84,0.04685517290383857,14.333333333333334,20.333333333333332,0,0.95
202_287,0.2806429596200692,43.0,61.0,0,0.95
190_215,0.03792182857696601,19.0,28.999999999999996,0,0.99
57_200,0.1902268140297214,47.666666666666664,45.33333333333333,0,0.95
289_294,0.07581047914200288,76.0,27.666666666666668,0,0.5
37_67,0.13049578466953146,45.333333333333336,28.000000000000004,0,0.95
77_113,0.007858606631637672,9.0,37.0,0,0.95
161_181,0.10136527622063297,16.0,31.0,0,0.99
3_291,0.31106872693313553,63.333333333333336,75.66666666666667,0,0.95
161_274,0.06312455944210389,31.0,49.333333333333336,0,0.99
106_280,0.30516546927360894,77.66666666666667,74.33333333333333,0,0.9
21_220,0.07212767710750954,8.333333333333334,24.0,0,0.99
26_137,0.03366478084468466,11.666666666666666,19.666666666666664,0,0.99
125_173,0.012082202976321068,7.333333333333333,13.333333333333334,0,0.95
27_121,0.2869459817595283,69.66666666666667,61.0,0,0.95
214_276,0.2688051887062788,60.0,50.33333333333333,0,0.99
36_47,0.03896261747655741,20.666666666666668,18.333333333333332,0,0.95
139_164,0.08707299499371751,22.666666666666668,31.333333333333336,0,0.99
71_264,0.10971407575451964,38.666666666666664,41.333333333333336,0,0.9
143_194,0.8059028535783405,85.66666666666667,94.66666666666667,0,0.9
276_306,0.19628996336489316,61.0,55.00000000000001,0,0.95
66_241,0.33207939313080853,78.33333333333333,59.0,0,0.95
109_177,0.1439980584022886,32.666666666666664,35.0,0,0.95
133_141,0.026610551839175014,15.333333333333334,17.333333333333336,0,0.95
129_165,0.0807813597851488,33.666666666666664,40.666666666666664,0,0.95
58_243,0.05465183471123419,14.666666666666666,19.0,0,0.95
123_230,0.2909866878845903,49.0,52.0,0,0.95
161_209,0.1959667235393087,38.666666666666664,42.333333333333336,0,0.99
33_249,0.19228347513998548,56.666666666666664,40.666666666666664,0,0.99
99_101,0.2423568099555786,51.333333333333336,49.333333333333336,0,0.99
45_63,0.040575010531138406,8.333333333333334,11.0,0,0.95
184_303,0.3555369057016187,63.0,64.0,0,0.95
143_153,0.05065598235072926,23.0,15.666666666666668,0,0.95
31_263,0.2301828412158283,64.33333333333333,52.666666666666664,0,0.9
16_122,0.013582102507757654,13.0,11.0,0,0.95
67_187,0.07472028353000705,36.333333333333336,17.333333333333336,0,0.95
109_141,0.18963769105666914,40.333333333333336,39.33333333333333,0,0.9
85_226,0.033507296599037076,6.666666666666667,7.000000000000001,0,0.95
142_283,0.2513964151609182,39.666666666666664,49.666666666666664,0,0.95
65_71,0.044847036616369594,33.333333333333336,40.666666666666664,0,0.95
1_170,0.1155991538471312,39.0,43.666666666666664,0,0.99
69_144,0.19788576896491306,52.666666666666664,44.0,1,0.87
73_236,0.03713731607857786,14.333333333333334,25.333333333333336,0,0.9
178_235,0.7273940235780271,87.66666666666667,84.33333333333334,0,0.95
174_293,0.3039610974399097,57.666666666666664,63.33333333333333,0,0.95
223_294,0.5027105911510746,92.66666666666667,85.33333333333334,0,0.99
135_266,0.07243202884127065,24.333333333333332,34.0,0,0.98
34_236,0.014794553237824117,10.666666666666666,7.333333333333333,0,0.99
119_297,0.046324544773061194,11.333333333333334,21.333333333333336,0,0.95
155_263,0.419176753767663,74.33333333333333,83.0,0,0.95
133_261,0.13615821528378455,35.333333333333336,47.66666666666667,0,0.95
87_131,0.05870784386697284,6.0,16.0,0,0.9
83_181,0.019406105605272547,4.0,7.000000000000001,0,0.9
161_252,0.15033361414344823,53.666666666666664,75.33333333333333,0,0.99
157_282,0.3565252113251291,59.0,53.0,0,0.95
97_98,0.016195618005663038,12.666666666666666,13.333333333333334,2,0.9
123_136,0.17809978623300282,59.333333333333336,49.0,0,0.9
80_155,0.07495751760721674,23.0,19.0,0,0.95
44_196,0.054934530373601825,14.666666666666666,11.666666666666666,0,0.95
262_299,0.0371485818644995,34.333333333333336,25.0,0,0.99
57_168,0.15735371471235876,44.0,50.33333333333333,0,0.98
170_295,0.1779875873258899,46.333333333333336,43.666666666666664,0,0.95
98_268,0.236986335469725,35.0,55.666666666666664,0,0.9
56_73,0.2810747778144936,60.333333333333336,59.333333333333336,0,0.95
107_263,0.35663480688942184,81.0,80.0,0,0.99
10_162,0.07266483702598191,21.666666666666668,47.0,0,0.98
79_145,0.03667872301459366,20.0,36.0,0,0.95
276_294,0.10243112965862405,79.0,37.0,0,0.95
98_154,0.020499600473748127,3.0,13.333333333333334,0,0.95
99_265,0.04219034627612297,7.666666666666667,25.333333333333336,0,0.95
226_297,0.03714048014894682,6.0,7.666666666666666,0,0.95
217_288,0.30776578499298407,63.0,73.33333333333333,0,0.99
35_195,0.3491970317853188,59.333333333333336,56.99999999999999,0,0.96
137_299,0.1328292120890995,48.666666666666664,55.333333333333336,0,0.9
9_24,0.013851905765300621,11.333333333333334,25.0,0,0.95
29_141,0.025623690454087036,17.0,14.000000000000002,0,0.95
140_255,0.20384879297377276,38.333333333333336,66.33333333333333,0,0.9
180_195,0.05204987067136324,18.0,7.666666666666666,0,0.9
83_152,0.12504214430674535,31.333333333333332,28.333333333333332,0,0.95
23_122,0.030402222907649254,9.0,21.333333333333336,0,0.95
117_263,0.43626371889151544,79.0,86.0,0,0.9
23_79,0.06494443526916505,16.666666666666668,35.66666666666667,0,0.99
150_200,0.33993651487773,56.666666666666664,60.333333333333336,0,0.98
123_240,0.19081490452863312,54.333333333333336,49.666666666666664,0,0.95
4_98,0.01005162133511313,11.0,28.999999999999996,0,0.95
33_217,0.10226418041540279,31.0,34.333333333333336,0,0.99
107_211,0.013980830676231397,4.666666666666667,11.666666666666666,0,0.99
219_294,0.47985841679672586,84.33333333333333,86.33333333333333,0,0.99
36_73,0.046731294749333206,21.666666666666668,23.333333333333332,0,0.95
17_161,0.06584804849195726,21.333333333333332,38.666666666666664,0,0.99
128_163,0.06011193279775435,23.0,33.0,0,0.95
64_171,0.10985947835014646,29.333333333333332,39.666666666666664,0,0.95
85_139,0.1550715800491015,37.666666666666664,35.333333333333336,0,0.95
198_265,0.040991313456046584,13.666666666666666,15.333333333333332,0,0.95
256_264,0.13637555532375337,33.666666666666664,43.333333333333336,0,0.95
103_194,0.9609939302204514,89.0,99.0,0,0.99
216_234,0.07631022475025431,32.333333333333336,40.666666666666664,0,0.99
18_233,0.18296838255264133,24.0,45.33333333333333,0,0.99
82_150,0.3905155254869817,62.0,64.33333333333333,0,0.95
236_251,0.1289834630973268,16.0,29.666666666666668,0,0.9
153_241,0.2157034712761604,51.333333333333336,46.0,0,0.95
97_282,0.22021753780617334,46.333333333333336,65.33333333333333,0,0.95
78_272,0.12874163233762573,23.0,52.0,0,0.99
200_284,0.3473672971908897,55.0,68.66666666666667,0,0.98
135_155,0.06106378522154027,11.0,22.666666666666664,0,0.95
156_273,0.2401617034126725,34.333333333333336,42.333333333333336,0,0.99
8_247,0.10280985846323891,38.666666666666664,39.666666666666664,0,0.95
195_212,0.16165676932640294,36.0,31.0,0,0.99
16_31,0.03291756539394829,19.333333333333332,12.333333333333334,0,0.95
56_152,0.5530007395014561,80.0,78.66666666666666,0,0.95
203_258,0.24196212363243763,26.333333333333332,57.666666666666664,0,0.95
246_264,0.04630403331287921,26.0,19.333333333333332,0,0.95
70_205,0.015040635034866467,13.0,16.666666666666664,0,0.99
21_35,0.13747024892868873,37.0,37.333333333333336,0,0.99
115_227,0.045903676966453456,28.333333333333332,17.666666666666668,0,0.99
22_279,0.14108642275159963,57.333333333333336,45.33333333333333,0,0.9
205_225,0.012566831115567013,8.0,14.000000000000002,0,0.95
273_300,0.2378744774317085,40.0,41.333333333333336,0,0.95
23_131,0.039538953324965674,5.666666666666667,25.0,0,0.99
118_296,0.11873232840599783,17.666666666666668,35.66666666666667,0,0.95
39_55,0.014755147813577682,16.666666666666668,11.0,1,0.9
257_300,0.3128406996316364,44.0,61.66666666666667,0,0.95
73_295,0.11237652638797953,35.0,35.333333333333336,0,0.98
7_90,0.15561591506886938,58.333333333333336,48.333333333333336,0,0.99
11_21,0.0193309186840842,12.666666666666666,28.333333333333332,0,0.95
81_100,0.047062222814565985,6.666666666666667,15.0,0,0.95
13_97,0.07584518254334759,19.333333333333332,27.666666666666668,0,0.95
72_129,0.05104161052522529,20.333333333333332,26.0,0,0.95
91_139,0.007525905923871409,6.0,7.333333333333333,0,0.95
96_152,0.013155869087736263,5.666666666666667,17.0,0,0.95
114_203,0.014188053289026304,5.666666666666667,23.0,0,0.95
34_38,0.012841399447758006,7.333333333333333,6.333333333333334,0,0.95
58_273,0.3159112653198873,51.666666666666664,69.66666666666667,0,0.95
152_233,0.07295494782962096,17.0,27.333333333333332,0,0.99
108_149,0.015195060452788282,12.666666666666666,12.666666666666668,0,0.95
243_277,0.1903976055966953,35.333333333333336,17.0,0,0.99
42_158,0.014743431917574558,11.666666666666666,8.666666666666668,0,0.95
39_293,0.31163273174925926,60.666666666666664,72.33333333333334,0,0.95
41_95,0.05944301086030146,33.333333333333336,25.333333333333336,0,0.95
18_145,0.2380947215587154,51.333333333333336,55.333333333333336,0,0.95
190_255,0.21656104203061258,26.0,69.66666666666667,0,0.9
196_250,0.2805682211995992,42.0,41.0,0,0.95
244_302,0.5942100786960519,105.66666666666667,82.0,1,0.87
57_301,0.7342806093782116,88.0,87.0,0,0.95
138_285,0.15796726866985097,35.333333333333336,44.0,0,0.95
176_244,0.8318080287269711,101.66666666666667,88.66666666666667,0,0.95
33_149,0.0069282082065162745,10.666666666666666,21.0,0,0.95
55_233,0.017145767262841127,16.333333333333332,25.666666666666664,0,0.99
125_153,0.02831272060105919,5.333333333333333,11.666666666666666,0,0.9
207_298,0.040810347204754314,21.0,20.0,0,0.95
61_176,0.029759986666965842,18.0,9.0,0,0.95
124_231,0.2692744918009853,50.333333333333336,51.66666666666667,0,0.95
61_265,0.047753751697655056,12.666666666666666,12.333333333333334,0,0.95
229_270,0.2810418328175914,51.333333333333336,38.666666666666664,0,0.95
3_10,0.011806480220392592,6.666666666666667,27.333333333333332,0,0.9
126_242,0.04633431497414787,23.333333333333332,17.333333333333336,0,0.9
70_222,0.023706864904332017,15.0,19.333333333333332,0,0.98
239_260,0.13982655227504878,24.333333333333332,35.333333333333336,0,0.95
159_194,1.2767639561671587,108.66666666666667,96.0,0,0.95
37_41,0.0064278167209429376,7.666666666666667,8.666666666666668,1,0.87
17_98,0.025532880171662484,14.666666666666666,14.333333333333334,0,0.95
118_169,0.058083945138274196,22.666666666666668,42.0,0,0.98
87_159,0.14492075619729097,21.333333333333332,29.666666666666668,0,0.99
178_277,0.22238116890828752,29.666666666666668,16.0,0,0.95
73_275,0.0755294856429644,28.666666666666668,41.333333333333336,0,0.99
208_268,0.1886316583345614,36.666666666666664,50.33333333333333,0,0.99
112_170,0.08051590328870813,19.333333333333332,21.333333333333336,0,0.95
253_260,0.04091010178054815,32.0,21.666666666666668,0,0.95
60_167,0.09472449553348834,22.333333333333332,38.0,0,0.99
123_234,0.3504404296546839,61.333333333333336,65.33333333333333,0,0.99
74_237,0.028414688667639087,14.0,35.66666666666667,0,0.95
47_108,0.04001101403292203,23.333333333333332,17.333333333333336,0,0.95
99_174,0.02812618463546807,8.333333333333334,12.666666666666668,0,0.95
133_187,0.02981885227538905,12.666666666666666,17.666666666666668,0,0.95
24_252,0.13229364335952093,50.666666666666664,48.333333333333336,0,0.9
57_63,0.08873702067026779,26.0,20.0,1,0.91
98_163,0.06333031316893965,16.333333333333332,37.666666666666664,0,0.99
170_303,0.11341330052492077,58.333333333333336,50.33333333333333,0,0.98
91_171,0.030181470838379673,15.333333333333334,20.666666666666668,0,0.95
172_223,0.16422638301488357,37.0,43.0,0,0.95
72_293,0.18808657520836766,54.333333333333336,78.33333333333333,0,0.95
265_289,0.18759533843550558,60.333333333333336,45.33333333333333,0,0.95
72_251,0.07798596881903902,32.333333333333336,45.0,0,0.95
5_229,0.06730835913083381,27.666666666666668,18.333333333333332,0,0.99
222_265,0.041495137297683594,5.666666666666667,21.666666666666668,0,0.99
102_287,0.3133490662522076,54.666666666666664,55.333333333333336,0,0.99
67_71,0.05035184128495742,17.0,33.0,0,0.95
2_228,0.07051479600868611,13.333333333333334,21.333333333333336,0,0.99
247_297,0.26377573097067375,37.333333333333336,47.0,0,0.95
11_221,0.038515980465244466,12.333333333333334,19.666666666666664,0,0.99
188_286,0.301050641118223,44.0,75.66666666666667,0,0.95
138_223,0.39516016087032346,64.0,66.66666666666666,0,0.99
70_128,0.0162941225698702,10.333333333333334,15.333333333333332,0,0.95
55_98,0.012296021710694084,13.333333333333334,24.666666666666668,0,0.95
189_212,0.03352334687103587,14.0,16.666666666666664,0,0.99
89_167,0.8173789451301211,86.0,94.66666666666667,0,0.99
52_125,0.030264101315581313,26.333333333333332,34.66666666666667,0,0.9
207_214,0.05946795492268298,23.0,12.333333333333334,0,0.95
44_293,0.23851900441400095,61.333333333333336,69.0,0,0.95
197_218,0.019832027390243253,15.0,24.333333333333336,0,0.95
60_202,0.02471114599305153,14.333333333333334,13.0,0,0.95
239_270,0.158822619471265,35.666666666666664,36.333333333333336,0,0.99
223_245,0.07244370411908753,27.0,26.666666666666668,0,0.95
242_278,0.2249319272769887,50.666666666666664,29.666666666666668,0,0.9
31_280,0.206461829795174,63.333333333333336,41.66666666666667,2,0.91
201_274,0.23525394533467317,22.0,55.00000000000001,0,0.99
22_195,0.09009185953100114,17.0,20.666666666666668,0,0.99
201_223,0.06893869509278122,25.666666666666668,25.333333333333336,0,0.99
213_278,0.3508948543102903,55.333333333333336,49.666666666666664,0,0.99
9_181,0.03716001734732141,13.0,21.0,0,0.95
76_223,0.03490304078134366,16.0,20.0,0,0.99
117_297,0.09129442162848937,16.333333333333332,26.0,0,0.95
8_81,0.05245211665198555,16.666666666666668,23.0,0,0.95
174_270,0.20463330804532368,36.666666666666664,27.666666666666668,0,0.95
93_131,0.024279913032978547,15.0,21.333333333333336,0,0.95
30_204,0.06380187947102758,21.333333333333332,23.0,0,0.99
20_303,0.1702649034396281,56.333333333333336,53.666666666666664,0,0.95
72_243,0.04697695286602371,17.666666666666668,32.33333333333333,0,0.95
81_253,0.3206906879025553,35.666666666666664,72.33333333333334,0,0.98
109_178,0.14643571073021647,33.333333333333336,37.333333333333336,0,0.95
41_132,0.03883180846509948,18.333333333333332,22.666666666666664,0,0.9
47_212,0.042244774117461366,12.666666666666666,12.666666666666668,0,0.95
30_253,0.11456229306643408,27.0,32.0,0,0.95
156_167,0.05123808107435285,13.666666666666666,31.666666666666664,0,0.9
93_196,0.019580485949886657,7.666666666666667,8.0,0,0.95
152_212,0.20214561202264628,42.666666666666664,41.0,0,0.98
140_222,0.07834540051604576,24.333333333333332,25.333333333333336,0,0.99
66_182,0.17466885871041793,47.666666666666664,36.0,0,0.95
38_203,0.019611898175099642,5.333333333333333,9.666666666666666,0,0.95
62_128,0.03951288656249427,9.333333333333334,21.0,0,0.95
132_271,0.2203615831721123,54.0,58.666666666666664,0,0.95
72_245,0.05037477650631992,11.333333333333334,28.999999999999996,0,0.85
85_150,0.46851986725360373,67.66666666666667,74.33333333333333,0,0.95
26_249,0.17883200645953512,63.0,44.0,0,0.99
127_265,0.01438299712891331,10.333333333333334,16.666666666666664,0,0.9
17_192,0.02745093509344675,16.333333333333332,12.333333333333334,0,0.97
32_267,0.13170315569971644,19.666666666666668,28.666666666666668,1,0.87
53_305,0.030657452533180488,17.333333333333332,18.666666666666668,0,0.99
238_243,0.02498980497720683,18.333333333333332,15.666666666666668,0,0.95
236_254,0.19639206280516178,30.666666666666668,43.333333333333336,0,0.95
103_189,0.03578172611435693,15.0,15.333333333333332,0,0.95
164_177,0.2608917809695427,54.666666666666664,51.0,0,0.99
93_191,0.02209952089939307,16.666666666666668,20.0,0,0.95
21_30,0.0342004683791251,9.0,20.333333333333332,0,0.95
102_206,0.11210158877580946,33.333333333333336,21.666666666666668,0,0.99
4_5,0.003139210144261119,7.666666666666667,18.0,1,0.87
64_134,0.10122230946162829,26.666666666666668,28.999999999999996,0,0.9
154_282,0.345125265963291,56.0,51.66666666666667,0,0.99
28_244,0.968378992972505,127.33333333333333,92.33333333333333,0,0.95
122_282,0.22853777667107308,46.333333333333336,39.33333333333333,0,0.95
94_163,0.05492680346414049,11.0,26.0,0,0.99
234_292,0.18829972126892067,40.666666666666664,70.66666666666667,0,0.95
234_260,0.2045208781203809,26.0,66.66666666666666,0,0.99
63_226,0.03352866911893577,14.666666666666666,14.333333333333334,0,0.95
177_207,0.017894708710068284,10.333333333333334,8.0,0,0.99
98_140,0.04793608357925907,15.666666666666666,24.666666666666668,0,0.95
208_242,0.015495763137059687,16.333333333333332,13.0,0,0.95
95_141,0.02732058429506806,21.333333333333332,24.333333333333336,0,0.95
25_82,0.048640695475418855,13.333333333333334,13.333333333333334,1,0.9
236_283,0.2946909992285758,43.0,49.333333333333336,0,0.95
56_90,0.7093316174892071,97.33333333333333,83.33333333333334,0,0.99
128_293,0.32788831080733477,72.66666666666667,80.66666666666666,1,0.85
6_132,0.01916286794317196,16.333333333333332,27.333333333333332,0,0.95
196_239,0.05102265803772754,14.666666666666666,10.333333333333334,1,0.87
165_304,0.0832788812702646,20.0,34.0,0,0.99
82_114,0.030160726291398057,5.333333333333333,9.333333333333334,0,0.95
190_294,0.4273645187625599,86.0,81.0,0,0.95
52_280,0.18553635906369728,80.0,73.33333333333333,0,0.9
214_272,0.17210207849305903,10.333333333333334,27.0,0,0.99
14_270,0.1570724837256877,45.333333333333336,38.666666666666664,0,0.95
206_233,0.02436658102340514,6.333333333333333,22.333333333333332,0,0.99
126_178,0.03469217735148173,17.666666666666668,14.000000000000002,0,0.95
268_290,0.025273844524492845,28.0,14.000000000000002,0,0.99
74_242,0.015352261762875042,11.666666666666666,27.666666666666668,0,0.95
215_285,0.4368128558760332,101.66666666666667,78.33333333333333,0,0.99
106_300,0.01966944559500965,9.666666666666666,8.0,0,0.95
27_69,0.25622791460606137,71.0,53.0,0,0.95
32_203,0.04064715023851085,13.666666666666666,13.666666666666666,0,0.99
10_273,0.11903548912949234,29.0,46.666666666666664,0,0.9
9_36,0.02572245518145344,12.333333333333334,17.333333333333336,0,0.97
75_153,0.10357883640202196,26.0,37.666666666666664,0,0.99
136_291,0.15294253797081678,69.66666666666667,53.333333333333336,0,0.95
27_33,0.2378116035807584,61.333333333333336,54.666666666666664,1,0.9
22_197,0.10611845051067637,22.0,32.0,0,0.99
56_154,0.2736460836134818,55.0,56.666666666666664,0,0.95
155_195,0.06415217540918514,22.333333333333332,15.666666666666668,0,0.99
31_207,0.025893030250940013,13.666666666666666,14.000000000000002,0,0.99
100_227,0.05481235440916118,31.0,24.333333333333336,0,0.99
122_207,0.018396387877031302,11.333333333333334,9.666666666666666,0,0.99
95_111,0.06582600835049633,25.666666666666668,28.666666666666668,0,0.95
232_283,0.07955876557224367,46.0,38.666666666666664,0,0.99
261_276,0.0201291268150221,31.0,17.333333333333336,0,0.95
156_219,0.013129587913817983,7.0,14.666666666666666,0,0.95
110_219,0.00803230670254045,7.0,24.0,0,0.95
178_261,0.23560908134348124,26.333333333333332,38.333333333333336,0,0.95
36_83,0.040780990388989406,11.333333333333334,10.0,0,0.9
109_137,0.14782191093835614,35.0,39.0,0,0.9
219_303,0.35703346718570383,63.0,71.33333333333334,0,0.99
23_34,0.029564209119063423,10.333333333333334,19.333333333333332,0,0.99
135_246,0.032900326222935476,5.333333333333333,24.0,0,0.95
194_205,0.955959994678958,91.33333333333333,95.0,0,0.99
106_288,0.23590083290512556,54.0,75.0,0,0.95
68_178,0.08118197281506229,30.0,16.0,0,0.95
8_39,0.022770563310050385,15.333333333333334,12.666666666666668,0,0.98
253_258,0.021913233503807375,20.0,27.0,0,0.95
94_291,0.2964664330477196,66.66666666666667,61.33333333333333,0,0.95
51_265,0.006365198182216056,9.666666666666666,18.666666666666668,1,0.85
118_277,0.15232514803255245,32.333333333333336,14.333333333333334,0,0.95
119_176,0.015860729519620653,9.0,14.000000000000002,0,0.95
56_240,0.2464561865173455,56.0,55.00000000000001,0,0.99
92_201,0.010339447797554356,9.0,16.0,0,0.99
23_56,0.2992472683311091,55.666666666666664,59.0,0,0.99
247_289,0.05395177403546183,53.333333333333336,18.333333333333332,0,0.95
93_293,0.3403238100317602,55.666666666666664,81.66666666666667,0,0.95
158_202,0.009885816030439337,6.666666666666667,12.333333333333334,0,0.99
212_272,0.18224584646584419,13.333333333333334,29.666666666666668,0,0.99
91_153,0.022270750239669384,11.0,10.333333333333334,0,0.95
14_96,0.015820000871175254,15.333333333333334,10.666666666666668,0,0.95
103_237,0.02601777462313455,11.333333333333334,8.666666666666668,0,0.99
67_163,0.05167050966210496,24.0,33.0,0,0.95
44_272,0.13284342873937424,30.666666666666668,37.333333333333336,1,0.9
28_150,0.5435532048822884,89.0,79.0,0,0.95
122_278,0.17324265520847396,42.666666666666664,28.999999999999996,0,0.95
21_119,0.025867808757766186,9.666666666666666,19.333333333333332,0,0.95
226_237,0.002064208975399113,5.666666666666667,11.0,0,0.99
50_182,0.08235202870063772,12.0,19.666666666666664,0,0.9
210_256,0.19106513115306123,34.666666666666664,47.333333333333336,0,0.95
208_304,0.04502674737732865,14.0,28.666666666666668,0,0.95
183_279,0.4318484763948292,61.333333333333336,77.0,0,0.95
5_191,0.017582103229052543,0.3333333333333333,23.333333333333332,0,0.95
12_27,0.9460221727009198,121.33333333333333,92.33333333333333,0,0.95
83_251,0.23870975931223223,19.333333333333332,45.666666666666664,0,0.95
58_232,0.43191155590816566,79.0,75.66666666666667,0,0.99
29_120,0.04127678101654973,25.0,22.333333333333332,0,0.95
167_233,0.013599474711641177,10.0,36.666666666666664,1,0.91
48_243,0.017522551642491373,9.333333333333334,18.0,0,0.95
162_258,0.07584370128362233,40.666666666666664,55.666666666666664,0,0.95
49_114,0.03803361912064959,15.0,12.666666666666668,0,0.95
178_199,0.019932839956314247,12.666666666666666,8.333333333333332,0,0.95
51_179,0.06821595472989532,17.0,20.666666666666668,0,0.95
55_286,0.2716438412738666,52.0,66.33333333333333,0,0.95
34_168,0.06178904788701481,22.666666666666668,38.333333333333336,0,0.95
183_203,0.013463001252022674,6.333333333333333,13.666666666666666,0,0.99
1_187,0.02726595630199501,22.0,16.0,0,0.95
67_254,0.17423609887942185,40.333333333333336,47.66666666666667,0,0.95
33_252,0.14308314589175955,42.333333333333336,40.666666666666664,0,0.95
30_111,0.0204142306598884,15.666666666666666,10.666666666666668,0,0.95
156_220,0.015819919180872975,7.333333333333333,16.0,0,0.99
60_203,0.02624712918935779,14.0,12.0,0,0.95
41_57,0.1435488121061928,34.666666666666664,29.666666666666668,0,0.9
25_186,0.014344410472226489,18.666666666666668,9.666666666666666,0,0.95
224_286,0.31327165983865074,63.333333333333336,64.66666666666666,1,0.9
6_181,0.09060657133262599,40.666666666666664,41.66666666666667,0,0.95
30_229,0.06633302275563917,25.0,17.333333333333336,0,0.99
4_66,0.22884543939477173,60.0,59.333333333333336,0,0.95
91_124,0.02671065333880505,15.333333333333334,12.333333333333334,0,0.99
57_111,0.16670029403842135,42.333333333333336,36.666666666666664,0,0.95
179_234,0.0302705335078505,17.333333333333332,28.333333333333332,0,0.99
80_285,0.43099709801401326,55.333333333333336,83.66666666666667,0,0.95
4_127,0.03877850102358225,16.333333333333332,29.666666666666668,0,0.9
40_306,0.015824549571867696,16.333333333333332,11.333333333333332,1,0.85
64_194,1.1310568921551196,96.33333333333333,95.66666666666667,0,0.95
12_147,0.2854302668338149,53.666666666666664,57.99999999999999,0,0.95
29_175,0.02416807627373586,16.333333333333332,10.0,0,0.95
111_145,0.021058087954805193,17.333333333333332,13.0,0,0.95
150_209,0.7671339599122248,88.33333333333333,94.33333333333334,0,0.95
26_150,0.26557602751461623,70.66666666666667,54.0,0,0.95
14_293,0.21845265856903703,56.333333333333336,71.33333333333334,0,0.95
130_253,0.13450002852393808,35.333333333333336,37.0,0,0.95
120_225,0.021713156248631408,20.666666666666668,14.333333333333334,0,0.98
92_159,0.1601923083012118,46.666666666666664,45.33333333333333,0,0.99
145_157,0.025033294489147442,16.333333333333332,15.333333333333332,1,0.9
181_298,0.03739108692604356,20.333333333333332,0.0,2,0.91
25_128,0.01725197177891337,8.333333333333334,16.666666666666664,0,0.99
121_284,0.279202785753532,53.666666666666664,70.66666666666667,0,0.95
141_191,0.019192460954406024,11.666666666666666,12.333333333333334,0,0.9
52_292,0.15247852285348504,43.333333333333336,62.33333333333333,0,0.95
193_281,0.4237712401196456,82.0,89.0,0,0.9
10_143,0.016621146821877354,13.666666666666666,25.666666666666664,0,0.95
223_226,0.023946864158147525,11.333333333333334,11.666666666666666,0,0.95
148_218,0.011930021459893997,10.0,8.0,0,0.99
74_205,0.016129309969259684,14.333333333333334,27.0,0,0.99
124_131,0.16283093711181587,50.333333333333336,36.333333333333336,2,0.9
211_268,0.3035439657104768,42.0,50.0,0,0.9
7_234,0.048233748403019305,14.666666666666666,46.666666666666664,0,0.95
14_114,0.052879598472792055,17.333333333333332,27.0,0,0.95
131_257,0.1721021212132747,35.666666666666664,45.33333333333333,0,0.9
104_263,0.43286747482664717,84.0,85.0,0,0.95
112_299,0.34570997595859093,39.666666666666664,74.0,0,0.95
248_259,0.0968640122819937,42.666666666666664,20.0,0,0.99
25_57,0.17029531725539418,29.0,38.0,0,0.95
136_137,0.0008757224201306368,1.0,0.33333333333333337,1,0.87
118_289,0.2550209093965983,60.333333333333336,58.666666666666664,0,0.95
17_74,0.05200177115775315,23.0,20.666666666666668,0,0.9
18_264,0.18400037547728232,51.666666666666664,43.666666666666664,0,0.95
80_176,0.0680040984858992,22.333333333333332,11.666666666666666,0,0.95
189_293,0.3926327178952771,69.33333333333333,90.66666666666666,1,0.87
34_219,0.038181649330535965,17.666666666666668,24.333333333333336,0,0.99
15_141,0.01190877668054636,11.666666666666666,22.0,0,0.95
29_138,0.288781363474526,63.666666666666664,54.666666666666664,0,0.9
67_106,0.10193013208769043,39.666666666666664,25.666666666666664,0,0.95
199_228,0.03497533927846047,26.666666666666668,11.333333333333332,0,0.95
204_282,0.38334547932781815,85.66666666666667,62.33333333333333,1,0.9
177_260,0.2063662727202887,23.333333333333332,30.666666666666664,0,0.99
160_164,0.15424114984187123,55.0,51.33333333333333,0,0.95
81_153,0.03744621713785284,16.0,10.333333333333334,0,0.95
98_132,0.032429914889499256,25.0,32.33333333333333,0,0.95
183_295,0.07319208399175588,29.666666666666668,28.999999999999996,0,0.95
152_193,0.1377596774056052,40.333333333333336,35.66666666666667,0,0.95
72_229,0.1635927523976341,45.333333333333336,41.66666666666667,0,0.99
122_212,0.07734593346233544,27.333333333333332,17.333333333333336,0,0.95
141_303,0.2433535734448126,54.666666666666664,57.333333333333336,0,0.95
188_222,0.022342654287833625,13.333333333333334,14.333333333333334,0,0.99
114_171,0.0753603729392522,18.0,23.666666666666668,0,0.95
23_44,0.015374222162933259,4.333333333333333,23.666666666666668,0,0.95
269_299,0.026666345887804203,28.333333333333332,25.333333333333336,0,0.95
26_200,0.041615875269475265,15.333333333333334,18.0,0,0.95
219_290,0.3405673953411427,67.33333333333333,79.33333333333333,0,0.95
216_305,0.14031392747347018,36.0,41.0,0,0.95
161_214,0.16828481815100274,35.0,40.666666666666664,0,0.95
51_118,0.027902788541942652,13.666666666666666,21.0,0,0.95
114_163,0.07023603313692035,13.333333333333334,27.0,0,0.99
121_255,0.20429283566180215,29.666666666666668,64.0,0,0.95
54_242,0.007369349691616667,12.333333333333334,14.666666666666666,0,0.99
108_264,0.01002477668289427,12.666666666666666,13.666666666666666,0,0.95
85_164,0.3734116712955193,57.0,66.33333333333333,0,0.95
122_198,0.015955811447032082,9.333333333333334,14.000000000000002,0,0.95
103_276,0.28346109292415655,60.0,61.66666666666667,0,0.99
109_210,0.07293822344212908,23.333333333333332,20.666666666666668,0,0.95
22_59,0.09762212907051021,15.333333333333334,27.0,0,0.97
77_231,0.044646035967776776,19.0,56.333333333333336,0,0.99
113_138,0.21446270929107136,44.666666666666664,39.33333333333333,0,0.9
77_229,0.10992583962871073,39.333333333333336,39.0,0,0.95
228_233,0.10213520595668484,39.333333333333336,37.666666666666664,0,0.98
61_236,0.03162746201979917,15.0,8.666666666666668,0,0.95
96_117,0.1288410539108004,41.333333333333336,40.0,0,0.95
35_230,0.16000175895739924,47.333333333333336,38.666666666666664,0,0.99
248_306,0.2908956554973118,57.333333333333336,54.333333333333336,0,0.99
129_299,0.260496526618527,54.666666666666664,64.66666666666666,0,0.95
15_236,0.03379897199695169,15.0,14.666666666666666,0,0.95
21_90,0.08930622100712099,46.333333333333336,30.333333333333336,0,0.95
19_277,0.06978924012400133,27.0,23.333333333333332,1,0.9
21_221,0.06955006122958635,9.0,21.666666666666668,0,0.95
114_281,0.39669793718041296,77.33333333333333,83.33333333333334,0,0.95
22_156,0.07152779464817804,7.0,16.333333333333332,0,0.95
95_218,0.08983276360155175,29.333333333333332,36.0,0,0.95
30_119,0.01891810206250825,14.666666666666666,18.0,0,0.95
163_257,0.08838375287176355,38.666666666666664,55.333333333333336,0,0.99
14_58,0.09754427482427441,29.0,25.666666666666664,0,0.95
178_204,0.0704544780908344,25.0,19.333333333333332,0,0.98
166_176,0.060376250908043515,23.0,33.0,0,0.95
166_182,0.02988952830383256,13.333333333333334,24.666666666666668,0,0.99
82_221,0.03315596403200019,6.333333333333333,14.666666666666666,0,0.95
232_252,0.1420859196937755,62.666666666666664,65.33333333333333,0,0.99
28_155,0.06242104812517038,25.0,19.666666666666664,0,0.95
107_265,0.013655178266348341,4.0,7.333333333333333,0,0.95
89_251,0.4211310231613689,105.0,73.33333333333333,0,0.95
228_248,0.4907624721065429,84.33333333333333,72.33333333333334,0,0.95
111_274,0.20949544438857326,22.666666666666668,47.333333333333336,0,0.9
12_84,0.4343333617736018,65.33333333333333,66.0,0,0.95
77_224,0.0355562556695044,23.0,26.333333333333332,0,0.99
89_123,0.0778600287737439,28.666666666666668,25.0,0,0.95
24_52,0.029131079980416013,17.333333333333332,18.333333333333332,1,0.85
173_294,0.2535109680065157,62.0,59.66666666666667,0,0.95
142_261,0.19211402891652218,31.333333333333332,39.666666666666664,1,0.9
50_224,0.09096773316210488,26.0,22.0,0,0.99
36_97,0.03848540140115388,24.0,21.0,0,0.95
221_251,0.16103457126135307,25.333333333333332,36.0,0,0.95
132_293,0.4045430388362605,93.66666666666667,84.66666666666667,1,0.85
53_216,0.18136973687334215,45.333333333333336,45.33333333333333,0,0.99
25_74,0.05734981286351291,12.0,35.66666666666667,0,0.99
88_240,0.06639344881311747,12.0,17.666666666666668,0,0.95
163_250,0.09079150054103242,41.0,39.33333333333333,0,0.99
94_96,0.01799745144014028,13.0,15.0,1,0.85
26_231,0.10906362718417499,19.0,34.66666666666667,0,0.99
68_101,0.48621906232297246,77.0,70.0,0,0.99
172_177,0.08966165136704328,27.333333333333332,29.666666666666668,0,0.95
54_89,0.7599892462924086,94.66666666666667,87.33333333333333,0,0.95
113_292,0.2303354658219154,51.0,50.33333333333333,0,0.99
165_275,0.17195270327690526,44.0,59.0,0,0.99
197_273,0.23579629407862188,41.333333333333336,56.00000000000001,0,0.95
192_294,0.47163855853417824,93.66666666666667,83.66666666666667,0,0.95
236_292,0.2090345698808993,37.666666666666664,43.333333333333336,0,0.95
211_226,0.01750955001880292,8.333333333333334,3.6666666666666665,0,0.9
163_281,0.20736074413859518,78.66666666666667,85.0,0,0.99
6_212,0.046741559994740674,25.333333333333332,24.0,0,0.99
190_223,0.012781345532330216,6.666666666666667,17.333333333333336,0,0.99
222_239,0.022379269201917785,11.333333333333334,25.666666666666664,0,0.95
257_265,0.13957321131353592,40.666666666666664,41.333333333333336,1,0.85
65_89,0.14908921134175462,31.666666666666668,26.0,0,0.99
42_181,0.01079136285317881,11.333333333333334,5.0,0,0.95
66_231,0.20745960711929193,51.0,46.33333333333333,0,0.95
271_289,0.017391054235886633,27.666666666666668,13.666666666666666,0,0.9
76_226,0.023892939173519024,13.333333333333334,30.666666666666664,0,0.98
85_222,0.03611385451617103,6.0,13.0,0,0.95
88_299,0.46916595993718313,56.666666666666664,85.66666666666667,0,0.95
2_98,0.055526155777577246,15.0,33.666666666666664,0,0.95
42_246,0.021761424548900437,19.333333333333332,13.333333333333334,0,0.95
33_158,0.02177283285560425,11.0,8.0,0,0.95
168_209,0.10846136539459139,28.0,40.33333333333333,0,0.99
221_291,0.37654315922610254,72.66666666666667,79.33333333333333,0,0.99
104_208,0.040777271163233285,14.333333333333334,7.666666666666666,0,0.99
16_107,0.016886986251369977,12.666666666666666,20.666666666666668,0,0.95
33_67,0.09725418068451212,40.333333333333336,22.333333333333332,0,0.95
204_288,0.30534561829757423,62.666666666666664,69.33333333333334,0,0.95
7_202,0.024851061169590048,8.0,15.666666666666668,0,0.95
21_125,0.03196662898019507,27.0,28.333333333333332,0,0.9
152_188,0.05478637975519626,23.333333333333332,22.666666666666664,0,0.97
51_125,0.03716540341500246,28.666666666666668,36.333333333333336,0,0.9
96_241,0.1603798235365241,51.666666666666664,47.66666666666667,0,0.95
110_266,0.18076398395266682,17.0,40.666666666666664,0,0.95
122_208,0.008275292662522428,4.333333333333333,5.666666666666666,0,0.99
85_292,0.37038276829030714,39.0,78.33333333333333,0,0.9
36_272,0.12643968207065293,12.0,26.0,0,0.95
94_259,0.1420720613856408,18.0,35.333333333333336,0,0.99
77_171,0.07170601095315667,26.0,49.333333333333336,0,0.99
168_292,0.15669207620450745,46.333333333333336,63.66666666666667,0,0.95
183_219,0.006631107431668462,6.666666666666667,14.000000000000002,0,0.95
19_250,0.0723646683365861,35.0,35.66666666666667,0,0.95
12_160,0.35350314406981376,61.333333333333336,68.33333333333333,0,0.99
36_153,0.09507940337481212,33.333333333333336,21.666666666666668,0,0.95
36_273,0.1481135614025075,29.666666666666668,31.333333333333336,0,0.95
195_237,0.06791750860869498,23.0,16.666666666666664,1,0.85
11_268,0.16275409948625452,30.0,59.0,0,0.95
235_296,0.2626276789443457,72.66666666666667,53.666666666666664,0,0.95
19_29,0.09332987796589776,36.0,39.0,0,0.95
66_154,0.1728054396903009,46.0,32.33333333333333,0,0.95
118_259,0.11873232840599783,17.666666666666668,35.66666666666667,0,0.95
225_262,0.19861834127568292,37.0,49.0,0,0.95
112_151,0.16435194881507942,37.666666666666664,34.333333333333336,0,0.95
134_176,0.04743067888350041,15.333333333333334,19.333333333333332,0,0.97
189_213,0.04756030306240124,18.666666666666668,19.333333333333332,0,0.98
108_288,0.24056473703087547,55.333333333333336,76.0,0,0.9
66_224,0.22979463807669412,63.666666666666664,49.666666666666664,0,0.95
51_154,0.04924280444338051,9.666666666666666,22.0,0,0.95
144_260,0.28037900940150495,65.33333333333333,57.333333333333336,0,0.9
26_161,0.07878470185918394,25.0,29.666666666666668,0,0.99
87_134,0.10129174266684345,17.666666666666668,24.666666666666668,0,0.97
114_152,0.06933134363673567,25.0,22.666666666666664,0,0.95
25_249,0.2081579549551816,67.66666666666667,50.66666666666667,0,0.99
69_170,0.09471606091626582,20.666666666666668,26.333333333333332,0,0.98
239_300,0.030056801449052113,9.0,17.333333333333336,0,0.99
240_252,0.15853788119354728,47.0,53.333333333333336,0,0.95
181_263,0.45030397306198405,78.66666666666667,80.33333333333333,0,0.9
134_239,0.03220357923353686,18.333333333333332,29.666666666666668,0,0.9
150_265,0.25614426279612607,68.0,54.666666666666664,0,0.9
229_289,0.3877293811420779,71.0,64.0,0,0.95
76_189,0.014298723162272419,8.0,28.999999999999996,0,0.95
10_278,0.1464782986332708,40.666666666666664,41.0,0,0.95
52_224,0.04564830420029248,14.333333333333334,17.666666666666668,0,0.95
102_251,0.21028519226463502,29.333333333333332,37.0,0,0.95
184_300,0.0077771906837232575,4.666666666666667,2.3333333333333335,0,0.95
12_303,0.1907360565356461,46.0,45.666666666666664,0,0.95
2_201,0.0455888328746673,28.666666666666668,35.66666666666667,0,0.95
48_192,0.03288863569743899,15.666666666666666,20.666666666666668,0,0.9
74_191,0.021414095128850646,9.333333333333334,34.333333333333336,0,0.95
50_125,0.016230762529140668,14.666666666666666,30.0,0,0.95
32_36,0.017700827770829042,15.0,7.666666666666666,1,0.87
61_277,0.3543543493594156,47.666666666666664,63.33333333333333,0,0.95
71_106,0.071354579612693,22.666666666666668,33.0,0,0.95
82_121,0.02731294589248906,6.0,20.0,0,0.95
27_286,0.4167758901632437,111.33333333333333,72.66666666666667,0,0.99
2_204,0.10068087226877291,15.0,27.0,0,0.99
138_266,0.22724778902709422,66.33333333333333,46.666666666666664,0,0.9
114_201,0.013514918200784811,10.666666666666666,12.0,0,0.99
41_136,0.023399856811967313,5.666666666666667,22.0,0,0.95
30_58,0.07005009911590167,26.0,17.666666666666668,0,0.99
97_295,0.1112181466896176,39.333333333333336,36.666666666666664,0,0.95
153_173,0.010411016507578174,8.666666666666666,3.3333333333333335,0,0.95
273_285,0.06753486647110203,83.0,35.66666666666667,0,0.9
139_288,0.23475401882830535,39.0,82.33333333333334,0,0.95
164_269,0.10022861336597717,52.0,48.66666666666667,0,0.99
230_273,0.25937034983433066,46.333333333333336,71.33333333333334,0,0.99
89_288,0.4010370327823396,88.33333333333333,79.0,0,0.99
16_270,0.1690688907247979,47.333333333333336,38.333333333333336,0,0.99
103_167,0.08551149334842084,18.666666666666668,36.333333333333336,0,0.99
10_74,0.05709111302652673,5.666666666666667,33.666666666666664,1,0.87
116_185,0.022477527835499268,21.333333333333332,7.000000000000001,0,0.95
5_20,0.07297715871242294,15.666666666666666,35.0,0,0.99
124_243,0.18910655548055208,51.666666666666664,40.666666666666664,0,0.99
18_72,0.05901049325234967,20.666666666666668,34.66666666666667,0,0.98
77_264,0.050950216896218,25.0,45.0,0,0.95
172_285,0.15048092247265563,52.333333333333336,63.0,0,0.99
113_303,0.3051043298866598,53.333333333333336,68.66666666666667,1,0.85
171_265,0.02677354290507949,22.666666666666668,22.666666666666664,0,0.95
105_246,0.015632215315271727,5.666666666666667,11.0,0,0.95
288_292,0.08084548641052726,46.333333333333336,43.333333333333336,0,0.99
209_250,0.2924647637113024,52.0,51.66666666666667,0,0.99
110_125,0.12026776002522972,34.666666666666664,29.333333333333332,0,0.9
71_110,0.13001365990654248,30.666666666666668,45.666666666666664,0,0.95
26_250,0.10106512555939669,35.666666666666664,23.666666666666668,0,0.95
105_286,0.27868730602759545,41.666666666666664,66.66666666666666,0,0.95
5_158,0.04651844349794428,5.0,26.333333333333332,0,0.9
81_126,0.046783837666272095,10.0,14.000000000000002,0,0.95
40_150,0.255150881537077,54.666666666666664,56.00000000000001,0,0.95
195_256,0.2727480191703307,39.666666666666664,75.0,0,0.95
124_265,0.12142305308155077,53.333333333333336,40.0,0,0.9
252_267,0.06556047158054477,45.0,26.666666666666668,0,0.95
92_147,0.02929021566118717,17.666666666666668,16.0,0,0.99
20_172,0.02399017654248173,14.666666666666666,23.666666666666668,0,0.95
116_217,0.10838378852481328,38.0,33.33333333333333,0,0.99
24_200,0.04230316493057942,23.333333333333332,19.0,0,0.95
116_149,0.008651495063897468,5.0,12.0,0,0.95
179_235,1.0758429002470158,105.66666666666667,97.0,0,0.95
104_186,0.045997374914450696,17.666666666666668,5.333333333333334,0,0.95
149_226,0.007702689944337458,14.0,7.000000000000001,0,0.95
18_124,0.016549200125940227,13.333333333333334,22.333333333333332,0,0.95
102_284,0.40431731921368835,69.33333333333333,69.0,0,0.99
77_82,0.06890918272354361,13.333333333333334,26.666666666666668,0,0.95
85_202,0.019072049166670078,7.666666666666667,14.333333333333334,0,0.95
52_293,0.20756004007541637,69.0,72.66666666666667,0,0.95
83_222,0.03617475893261471,6.0,12.0,0,0.99
39_171,0.042969241468574115,13.666666666666666,23.0,0,0.95
17_263,0.3445028233068313,88.0,81.66666666666667,0,0.95
143_300,0.023291812388844462,9.333333333333334,10.333333333333334,0,0.95
204_292,0.16799826720556585,20.333333333333332,51.33333333333333,0,0.95
26_174,0.027599594027317622,18.666666666666668,11.0,0,0.95
152_196,0.06176745358500024,21.333333333333332,10.666666666666668,0,0.95
143_265,0.011610200047870495,4.666666666666667,7.333333333333333,1,0.85
45_279,0.26238799220687753,62.0,58.333333333333336,0,0.9
88_191,0.04123164776982957,7.666666666666667,9.666666666666666,0,0.9
88_304,0.14801169813794487,27.666666666666668,33.0,0,0.95
213_219,0.029895699760272256,15.666666666666666,13.333333333333334,1,0.9
34_177,0.012810396919460712,8.333333333333334,7.000000000000001,0,0.95
56_251,0.2306174929690552,43.333333333333336,59.66666666666667,0,0.95
23_282,0.1229766780489106,55.333333333333336,39.666666666666664,0,0.95
34_95,0.04424558251441455,26.0,24.666666666666668,0,0.95
62_63,0.005732657663584,8.0,0.0,2,0.91
46_240,0.016254830843339202,17.0,16.0,0,0.95
40_257,0.19703448402636678,32.666666666666664,49.666666666666664,0,0.9
186_260,0.11808497036320488,14.666666666666666,24.333333333333336,0,0.95
35_245,0.16119153016049606,53.0,38.0,0,0.95
220_256,0.18611132252664234,33.666666666666664,62.33333333333333,0,0.99
17_196,0.04315488508667032,14.666666666666666,17.333333333333336,0,0.95
41_231,0.05912187561628079,20.0,33.33333333333333,0,0.99
201_255,0.27364676110988656,36.333333333333336,77.0,0,0.9
137_220,0.05942476565174872,9.333333333333334,18.0,0,0.95
126_157,0.04599812335906998,16.0,19.0,0,0.95
167_177,0.056573610261964745,21.333333333333332,32.666666666666664,0,0.99
174_264,0.05408582416538152,27.666666666666668,16.333333333333332,0,0.95
120_266,0.18280794305731876,27.666666666666668,42.333333333333336,0,0.9
242_296,0.15012728927408814,22.0,35.66666666666667,0,0.9
167_227,0.05932971629577929,26.0,36.666666666666664,0,0.99
211_246,0.051124137459821827,19.666666666666668,14.000000000000002,0,0.99
206_226,0.03707337172697701,24.666666666666668,12.666666666666668,0,0.95
199_241,0.05461518182182017,27.666666666666668,31.666666666666664,0,0.95
80_248,0.2105857954416104,34.0,31.666666666666664,0,0.95
201_207,0.020295277227192987,12.333333333333334,17.333333333333336,0,0.99
78_238,0.020644642018299575,18.0,41.333333333333336,0,0.95
35_120,0.18321764024892728,51.333333333333336,42.66666666666667,0,0.95
117_228,0.01102477151509921,9.333333333333334,7.000000000000001,0,0.99
16_22,0.024961194628297923,10.0,30.0,1,0.85
127_304,0.03997605457948587,14.333333333333334,27.333333333333332,0,0.95
118_200,0.014390840246104535,10.666666666666666,23.666666666666668,0,0.95
203_273,0.2565131880705558,36.333333333333336,53.666666666666664,0,0.95
74_283,0.27932964795597137,45.333333333333336,71.33333333333334,1,0.87
67_84,0.2201108941514052,45.666666666666664,46.666666666666664,0,0.95
180_276,0.27066249696259986,53.0,60.0,0,0.95
13_101,0.5973148324818145,80.66666666666667,76.33333333333333,0,0.95
89_142,0.6514477620779809,89.66666666666667,91.66666666666666,0,0.95
142_256,0.14641925842956147,40.333333333333336,55.00000000000001,0,0.95
17_120,0.027217470471487055,21.333333333333332,13.0,0,0.98
77_90,0.13910000634191008,37.0,36.666666666666664,0,0.95
125_192,0.11809331242226966,39.0,36.666666666666664,0,0.95
121_278,0.19032528316147657,44.333333333333336,28.666666666666668,0,0.9
9_62,0.04148957558870822,15.0,21.333333333333336,0,0.95
13_148,0.157140886101353,36.0,38.333333333333336,0,0.99
94_173,0.025688168350270518,9.333333333333334,8.333333333333332,0,0.95
70_185,0.0236221074535982,22.0,6.666666666666667,0,0.95
17_286,0.25368531845816694,56.666666666666664,64.66666666666666,0,0.95
212_261,0.29242913367978457,36.0,51.66666666666667,0,0.99
21_29,0.04247325138042604,10.666666666666666,21.666666666666668,0,0.9
193_275,0.1990112690281419,38.0,49.333333333333336,0,0.95
182_201,0.018706569154577832,12.333333333333334,13.666666666666666,0,0.99
142_239,0.006765070041069796,6.666666666666667,10.0,0,0.95
99_160,0.02493323865979724,8.0,35.333333333333336,0,0.99
125_256,0.15902899842746024,47.666666666666664,57.666666666666664,0,0.95
175_189,0.017412858722061535,10.0,10.333333333333334,0,0.9
162_265,0.06096099684562984,22.0,33.0,0,0.95
9_286,0.22357905517316398,54.333333333333336,68.33333333333333,0,0.98
121_135,0.02751848838186278,3.6666666666666665,21.0,0,0.9
170_286,0.098001832364357,43.666666666666664,50.66666666666667,0,0.95
217_276,0.25304812904662183,63.333333333333336,64.33333333333333,0,0.99
44_169,0.09237259002482301,22.333333333333332,45.666666666666664,0,0.99
80_138,0.1090730199833072,30.0,26.666666666666668,0,0.95
188_194,0.7770023848672175,80.0,89.33333333333333,0,0.95
130_212,0.04158897515727584,9.666666666666666,9.333333333333334,0,0.99
140_194,0.5272256082330836,69.0,80.66666666666666,0,0.95
35_113,0.13126091826856365,45.333333333333336,31.666666666666664,0,0.95
14_182,0.05428394705187769,13.0,17.0,0,0.95
121_187,0.009447685135596696,4.333333333333333,11.0,0,0.95
24_46,0.008500390193642758,10.666666666666666,18.666666666666668,0,0.95
86_239,0.05953634405314954,7.666666666666667,19.0,0,0.95
19_209,0.24030855222059047,49.666666666666664,46.0,0,0.95
141_238,0.05710816799852686,27.0,23.666666666666668,0,0.95
213_264,0.013072474632363098,2.6666666666666665,10.0,0,0.95
40_195,0.04273460246688099,15.0,8.0,0,0.99
9_163,0.07140086126602019,20.666666666666668,45.666666666666664,0,0.99
59_259,0.2347623549759639,32.333333333333336,46.33333333333333,0,0.95
282_292,0.09169429528434181,102.66666666666667,28.333333333333332,0,0.99
117_205,0.019131444133195005,12.333333333333334,13.0,0,0.99
149_233,0.03811421657339606,13.666666666666666,22.333333333333332,0,0.95
148_303,0.3034593000651235,54.0,64.66666666666666,0,0.95
190_276,0.23264168667225663,52.333333333333336,61.33333333333333,0,0.99
37_91,0.10877667066772752,39.333333333333336,23.333333333333332,0,0.99
92_281,0.357506143890889,74.33333333333333,92.0,0,0.99
95_232,0.08242037222788962,35.666666666666664,36.333333333333336,0,0.99
69_147,0.012750919235127512,4.666666666666667,13.0,1,0.91
100_146,0.022985259774561412,4.666666666666667,21.0,0,0.95
107_132,0.040011921440170586,19.333333333333332,18.0,0,0.95
85_127,0.04818470957762697,10.0,15.0,0,0.95
240_279,0.25147596088434526,53.0,50.33333333333333,0,0.95
184_206,0.04774904080665279,23.0,20.333333333333332,0,0.99
12_144,0.885967382992792,103.0,94.33333333333334,0,0.95
203_240,0.03406861460846502,7.333333333333333,24.333333333333336,0,0.95
214_249,0.47716699329117995,77.0,80.33333333333333,0,0.99
84_104,0.0071374689231440075,7.333333333333333,4.333333333333334,0,0.95
15_156,0.041612962331223746,14.333333333333334,13.333333333333334,0,0.95
82_224,0.04611145710470633,15.666666666666666,9.0,0,0.95
21_305,0.028073844777691995,11.0,21.333333333333336,0,0.99
164_219,0.27233772647029975,56.0,56.99999999999999,0,0.99
240_245,0.014539591099167965,11.0,15.333333333333332,1,0.85
99_296,0.1657972299501395,15.333333333333334,47.0,0,0.95
69_229,0.09961787871774201,39.333333333333336,20.666666666666668,0,0.95
60_291,0.4566792558268064,82.66666666666667,87.0,0,0.95
221_240,0.02469246716836508,11.333333333333334,24.333333333333336,0,0.95
186_280,0.19299393304679455,65.33333333333333,40.666666666666664,0,0.95
35_81,0.22235651338147,44.0,40.33333333333333,0,0.95
83_242,0.04753228724413735,6.0,12.333333333333334,0,0.95
19_24,0.066020750397371,41.333333333333336,27.333333333333332,1,0.9
176_217,0.10275949441095815,32.0,25.666666666666664,0,0.9
226_292,0.19235030211369794,36.333333333333336,52.33333333333333,0,0.99
33_38,0.011391950641504568,7.333333333333333,7.666666666666666,0,0.95
88_220,0.037588369657765304,9.333333333333334,18.0,0,0.95
77_79,0.0010336691758289468,4.666666666666667,0.0,2,0.9
264_278,0.22930919362806557,54.0,46.666666666666664,0,0.99
225_275,0.11985732757731615,31.666666666666668,28.999999999999996,0,0.95
101_239,0.21241966295502787,45.333333333333336,36.333333333333336,0,0.95
30_42,0.010275411310875818,10.666666666666666,9.333333333333334,1,0.87
285_306,0.3246759558681389,78.66666666666667,79.66666666666666,0,0.99
19_235,0.2545772848613889,61.666666666666664,54.333333333333336,0,0.95
76_265,0.050374116473413354,11.666666666666666,38.0,0,0.95
96_273,0.13818079976898998,38.0,61.0,0,0.9
211_278,0.3230642330784143,52.333333333333336,43.666666666666664,0,0.95
82_145,0.05847765297108304,17.333333333333332,18.333333333333332,0,0.9
29_243,0.01816730307672766,15.0,9.0,0,0.95
232_259,0.06199622909173299,49.0,43.333333333333336,0,0.99
271_297,0.42848110316556126,55.666666666666664,83.33333333333334,0,0.95
247_272,0.06069846344761124,54.666666666666664,32.33333333333333,0,0.95
150_229,0.7159091349815596,94.0,87.33333333333333,0,0.99
21_236,0.047498137624049135,5.0,21.333333333333336,0,0.9
213_257,0.32095733990621766,48.333333333333336,59.66666666666667,0,0.95
232_282,0.041234944542074804,34.0,40.33333333333333,0,0.99
111_305,0.02281673409630822,13.0,12.666666666666668,0,0.95
143_169,0.07219348745339395,22.666666666666668,34.333333333333336,0,0.95
92_145,0.11032375129930734,39.0,32.33333333333333,0,0.5
4_287,0.21781361873471694,44.333333333333336,63.33333333333333,0,0.9
92_196,0.03010893127932664,16.0,10.0,0,0.95
76_218,0.026808637882696038,13.333333333333334,18.0,0,0.99
42_171,0.0639782099908804,27.666666666666668,26.333333333333332,0,0.95
51_64,0.0573231210823524,9.0,21.666666666666668,0,0.99
86_127,0.05475285976727189,12.333333333333334,15.0,0,0.95
134_216,0.20051872189229983,50.333333333333336,47.0,0,0.99
45_155,0.02410162839803355,8.666666666666666,6.666666666666667,0,0.95
54_114,0.0199790018656727,13.333333333333334,13.666666666666666,0,0.99
32_58,0.08706657501474796,29.0,23.0,0,0.99
36_111,0.02142339847917976,17.666666666666668,8.0,0,0.95
18_27,0.6064545154411412,97.66666666666667,86.0,1,0.85
72_288,0.13910593332657714,41.0,73.66666666666667,1,0.9
23_173,0.03935014189917945,15.0,14.333333333333334,0,0.98
156_191,0.008972244655598966,4.333333333333333,14.333333333333334,0,0.97
150_238,0.5113340963058137,84.66666666666667,73.66666666666667,0,0.9
9_71,0.03821655448133995,27.666666666666668,37.333333333333336,1,0.87
84_243,0.0423626684846287,5.333333333333333,13.333333333333334,0,0.95
195_250,0.2622144988736009,37.333333333333336,44.666666666666664,0,0.95
30_180,0.0307593335380217,14.0,8.0,0,0.95
183_286,0.39152759344570986,45.666666666666664,76.33333333333333,0,0.99
96_275,0.06868256679144981,28.666666666666668,42.66666666666667,0,0.95
36_66,0.20973490503439574,60.333333333333336,40.0,0,0.98
38_53,0.022857582948122717,15.333333333333334,13.0,1,0.9
42_209,0.056793076484500014,15.333333333333334,10.666666666666668,0,0.95
256_273,0.045366349982021346,29.333333333333332,19.666666666666664,0,0.9
199_255,0.24287132650183996,28.333333333333332,71.33333333333334,0,0.95
38_268,0.20927548070000532,33.0,36.333333333333336,0,0.9
116_280,0.34763278848068097,71.33333333333333,73.0,0,0.95
10_165,0.10373399597780648,32.333333333333336,48.66666666666667,0,0.99
107_269,0.2067141769767807,42.0,38.666666666666664,0,0.95
93_94,0.0012456099713618618,3.6666666666666665,0.0,2,0.9
238_246,0.04106611482599317,31.0,23.666666666666668,0,0.95
57_84,0.15382517468135348,34.666666666666664,35.0,0,0.9
119_144,0.2317079136029115,53.0,47.0,0,0.95
191_212,0.02750681706307706,11.0,17.666666666666668,0,0.99
69_281,0.4063567022809014,73.33333333333333,89.33333333333333,0,0.9
120_267,0.18454372624174717,29.333333333333332,40.666666666666664,0,0.95
56_102,0.13663398389298945,36.0,25.666666666666664,0,0.98
153_266,0.24819125758769542,36.333333333333336,45.33333333333333,0,0.95
57_192,0.10772422245098229,28.333333333333332,30.333333333333336,0,0.98
76_258,0.14274168842439558,29.666666666666668,62.33333333333333,0,0.95
128_132,0.030300234355686777,21.0,20.0,0,0.9
45_287,0.1370574286592258,45.0,40.666666666666664,0,0.95
94_114,0.00710882914720404,6.333333333333333,10.0,0,0.95
239_306,0.012968819363832249,14.0,18.333333333333332,0,0.95
170_205,0.08208367144373328,26.333333333333332,34.66666666666667,0,0.95
117_282,0.351181850398903,78.0,58.333333333333336,0,0.95
125_188,0.04780063952861326,21.333333333333332,24.0,0,0.95
69_74,0.02481926502578603,16.666666666666668,28.333333333333332,0,0.98
98_196,0.041891871721102834,10.0,20.0,0,0.95
140_295,0.1584950885391743,42.333333333333336,45.0,0,0.99
150_299,0.16688404375727983,47.666666666666664,36.666666666666664,0,0.99
110_189,0.010117741637055767,8.0,24.333333333333336,0,0.9
38_40,0.005053589026440135,7.666666666666667,0.33333333333333337,2,0.91
47_140,0.10520557552549603,43.0,34.0,0,0.9
187_290,0.1548139584188612,53.666666666666664,34.333333333333336,0,0.99
32_113,0.024372891997382875,13.666666666666666,11.0,0,0.9
60_161,0.1917535573217176,30.0,45.0,0,0.99
12_132,0.4919736471153781,83.66666666666667,79.0,0,0.95
210_222,0.006817264142747959,5.666666666666667,8.666666666666668,1,0.9
132_188,0.06053719134569027,29.666666666666668,30.666666666666664,1,0.91
95_124,0.03665129880165981,21.666666666666668,26.666666666666668,0,0.95
162_280,0.16425643905402806,73.33333333333333,64.33333333333333,0,0.95
297_300,0.0273995156500861,7.666666666666667,5.333333333333334,0,0.95
146_172,0.07875142392099481,21.0,31.0,0,0.95
29_38,0.013518163341762058,12.333333333333334,10.666666666666668,0,0.95
69_289,0.3500075666078661,67.66666666666667,67.66666666666666,0,0.95
19_179,0.18019652930796806,44.0,40.0,0,0.95
37_194,0.9374103539374316,91.0,96.0,0,0.95
66_199,0.21988216434057448,50.666666666666664,50.0,0,0.95
120_293,0.32147697362624655,55.333333333333336,74.66666666666667,0,0.9
145_165,0.15719647138213996,44.0,47.0,0,0.85
116_267,0.18732356038010142,24.333333333333332,35.0,0,0.95
21_122,0.032361101598854525,13.666666666666666,22.333333333333332,0,0.95
53_71,0.055334189303719555,20.0,33.33333333333333,0,0.99
121_227,0.05517266501370007,32.0,13.666666666666666,0,0.98
88_205,0.05388313325349294,4.0,13.0,0,0.99
6_239,0.050282852545699856,36.666666666666664,32.33333333333333,1,0.9
109_138,0.7360025087337293,87.0,88.66666666666667,0,0.95
12_203,0.41332740179754707,61.333333333333336,71.0,0,0.95
103_127,0.03231166508665254,11.666666666666666,10.0,0,0.9
140_236,0.04123024973869625,21.666666666666668,17.0,0,0.95
95_304,0.020101084095249105,12.333333333333334,42.333333333333336,0,0.95
56_218,0.18877740949693103,49.333333333333336,53.666666666666664,0,0.98
99_270,0.2424362668842556,41.0,49.666666666666664,0,0.95
19_31,0.05366036708706021,24.666666666666668,30.666666666666664,0,0.95
96_157,0.05863336584892883,22.333333333333332,23.333333333333332,0,0.95
53_235,0.4901879658542403,76.0,72.33333333333334,0,0.95
7_40,0.025581507651054464,21.333333333333332,16.333333333333332,0,0.95
79_178,0.03705314018025189,14.666666666666666,18.0,0,0.95
23_38,0.051449428149299294,5.666666666666667,19.666666666666664,0,0.95
216_242,0.08503797089333696,28.0,26.333333333333332,0,0.99
84_146,0.04071530512526141,12.666666666666666,12.666666666666668,0,0.9
34_69,0.02369487141202543,14.333333333333334,10.666666666666668,0,0.95
32_60,0.08420398061749144,27.666666666666668,19.333333333333332,0,0.95
9_108,0.01843851801069395,11.0,19.666666666666664,0,0.95
70_172,0.1075694711623723,20.0,28.999999999999996,0,0.99
129_180,0.01908446423399459,9.333333333333334,11.0,1,0.85
260_294,0.06532188216415345,59.666666666666664,24.666666666666668,0,0.95
32_138,0.16963398150248957,48.333333333333336,36.666666666666664,0,0.9
277_286,0.055959845412869434,32.666666666666664,13.666666666666666,0,0.95
128_138,0.2328128459149212,56.0,43.666666666666664,0,0.95
120_246,0.020604996907743953,4.0,17.0,0,0.9
193_297,0.04008589749981928,11.666666666666666,12.333333333333334,0,0.9
2_42,0.03251290116037967,11.0,16.666666666666664,0,0.95
18_162,0.09865602817456398,18.0,37.333333333333336,0,0.99
5_37,0.03604150451295377,15.0,26.666666666666668,0,0.95
61_304,0.13219643436680337,32.0,31.333333333333336,0,0.98
51_160,0.06944805526322269,15.333333333333334,41.333333333333336,0,0.99
34_296,0.09950178370154701,12.666666666666666,20.666666666666668,0,0.95
160_193,0.04563399509845109,9.666666666666666,28.000000000000004,0,0.99
151_165,0.1122773756808458,19.0,34.333333333333336,0,0.95
111_295,0.05859820339185234,27.666666666666668,25.666666666666664,0,0.99
25_268,0.16293321785649756,36.666666666666664,34.0,0,0.95
57_91,0.4496911240295804,74.33333333333333,76.33333333333333,0,0.99
74_174,0.08118254698537858,22.0,27.0,0,0.95
28_130,0.02827382423810439,21.0,19.0,0,0.95
11_136,0.03574530976721949,15.333333333333334,30.666666666666664,0,0.95
57_144,0.07864540854266691,19.0,22.666666666666664,0,0.95
110_265,0.04263610055646063,7.666666666666667,14.000000000000002,0,0.95
198_236,0.014417491237442218,14.666666666666666,15.666666666666668,0,0.95
123_252,0.2081034349218909,54.0,55.00000000000001,0,0.95
14_244,0.4597387187218774,89.0,77.66666666666666,0,0.95
25_247,0.10939883096087105,43.666666666666664,36.0,0,0.99
139_259,0.12206630446776583,19.666666666666668,34.0,0,0.95
183_252,0.2806199397282509,55.333333333333336,68.33333333333333,1,0.9
154_248,0.2974786818769239,53.0,47.333333333333336,0,0.99
4_170,0.12419620292383372,30.666666666666668,42.333333333333336,0,0.95
204_208,0.0913450704381133,35.666666666666664,17.333333333333336,0,0.95
145_297,0.05535730837295504,15.0,21.666666666666668,0,0.95
172_239,0.07902763897010463,28.333333333333332,26.333333333333332,0,0.95
58_125,0.16586232856660255,42.666666666666664,44.333333333333336,0,0.99
33_179,0.05816731640922825,19.666666666666668,12.666666666666668,0,0.99
71_225,0.08304380804741487,29.333333333333332,28.333333333333332,0,0.99
113_300,0.03873346784716806,17.666666666666668,13.333333333333334,0,0.98
1_104,0.04015751645546501,20.666666666666668,9.333333333333334,0,0.99
193_262,0.2682697347220108,43.333333333333336,63.66666666666667,0,0.9
89_200,0.7276012792226997,80.66666666666667,89.33333333333333,0,0.95
57_283,0.3885187740366985,78.33333333333333,64.33333333333333,0,0.95
170_221,0.11171362497210224,23.0,32.33333333333333,0,0.95
109_248,0.6725978760658963,91.0,93.66666666666667,0,0.99
44_108,0.02784428874959366,11.333333333333334,17.0,0,0.95
227_263,0.4398982105128681,82.33333333333333,82.33333333333334,0,0.95
230_284,0.35621097439818644,62.666666666666664,75.33333333333333,0,0.99
149_195,0.05187552171218666,14.666666666666666,14.333333333333334,0,0.95
91_279,0.21785562101607195,50.666666666666664,48.333333333333336,0,0.95
15_272,0.1208739266732955,27.0,38.333333333333336,0,0.95
150_207,0.33147200914909636,61.666666666666664,59.66666666666667,0,0.99
158_176,0.006767825057729577,8.0,1.6666666666666667,0,0.9
142_275,0.1159942082337777,36.333333333333336,24.666666666666668,0,0.9
162_254,0.06882977925472948,41.666666666666664,48.333333333333336,0,0.95
5_124,0.2445250813961549,51.666666666666664,50.66666666666667,0,0.95
101_140,0.3995866108994754,64.33333333333333,67.66666666666666,0,0.95
128_205,0.009625374154362707,5.333333333333333,14.333333333333334,0,0.99
10_155,0.026069188161895702,8.333333333333334,13.666666666666666,0,0.9
206_251,0.137569518608072,35.333333333333336,42.0,0,0.95
100_111,0.0037551129020251196,5.0,20.333333333333332,0,0.95
95_261,0.1271332024445908,24.666666666666668,54.0,0,0.95
61_155,0.02293670372497866,15.333333333333334,15.0,0,0.95
4_157,0.044383087497828044,11.0,28.666666666666668,0,0.9
90_264,0.22555276582180417,62.0,49.333333333333336,0,0.99
15_264,0.03965249417465109,20.333333333333332,23.333333333333332,0,0.95
87_109,0.2011141749168138,32.333333333333336,42.333333333333336,0,0.95
58_72,0.13787699832170783,31.0,46.0,0,0.95
221_275,0.19966723826556412,40.333333333333336,46.0,0,0.99
201_275,0.13578274829613374,30.0,32.0,0,0.95
24_56,0.19920770284366052,35.0,46.666666666666664,0,0.95
175_292,0.24899964642036507,48.333333333333336,53.333333333333336,0,0.95
83_186,0.05229980040323277,11.666666666666666,13.333333333333334,0,0.9
31_60,0.07588950425630107,26.333333333333332,19.333333333333332,0,0.95
10_207,0.03465238890949749,11.333333333333334,22.0,0,0.99
89_166,0.7622533418981184,83.66666666666667,92.66666666666666,0,0.99
158_303,0.374835599523101,55.0,69.0,0,0.99
211_233,0.0761205183746979,21.333333333333332,31.0,0,0.99
41_96,0.04378554671335375,29.0,27.666666666666668,0,0.95
246_283,0.28300046878898805,32.333333333333336,55.333333333333336,1,0.85
126_201,0.020290527506956268,7.0,19.666666666666664,0,0.95
259_296,3.2566542055671312e-15,0.0,0.0,3,1.0
131_228,0.05510337794443784,26.333333333333332,17.666666666666668,0,0.99
203_296,0.21369389221246116,20.0,48.0,0,0.95
42_303,0.28024405008543246,60.0,55.333333333333336,0,0.95
31_154,0.021907017527817096,12.0,6.666666666666667,0,0.9
14_263,0.2546792073019006,81.66666666666667,72.0,0,0.95
123_289,0.19842522040220345,81.0,41.66666666666667,0,0.9
9_21,0.0176372414225704,12.666666666666666,27.333333333333332,0,0.95
72_134,0.01929855434621102,16.666666666666668,17.333333333333336,0,0.95
47_264,0.024221388362498153,10.666666666666666,21.333333333333336,0,0.9
10_172,0.05856105055223596,29.666666666666668,45.0,0,0.98
47_125,0.1296115571073959,53.333333333333336,40.33333333333333,0,0.95
10_48,0.035951818942646596,16.666666666666668,27.666666666666668,0,0.99
78_202,0.03231562157411019,8.0,34.66666666666667,0,0.95
76_298,0.05279094609407131,21.0,41.0,0,0.99
145_298,0.01146248640360715,10.666666666666666,10.666666666666668,0,0.95
103_243,0.03241229478773635,12.333333333333334,4.666666666666667,0,0.99
157_256,0.18996485098998614,35.0,47.0,0,0.99
129_242,0.006774610626018483,7.333333333333333,13.666666666666666,0,0.95
61_133,0.07103252381910324,9.0,23.666666666666668,0,0.95
8_294,0.26496863557587874,88.0,77.0,0,0.95
214_223,0.013286363059743837,9.666666666666666,6.666666666666667,1,0.9
45_96,0.04363204163348786,30.0,32.666666666666664,0,0.95
70_122,0.022573185680114242,9.666666666666666,11.0,0,0.95
90_256,0.22201755950383129,56.333333333333336,68.66666666666667,0,0.95
11_139,0.07878176626498994,37.333333333333336,40.33333333333333,0,0.95
220_271,0.3267625000531364,63.0,77.33333333333333,0,0.95
83_148,0.03570436143088301,8.0,10.0,0,0.95
66_227,0.32393094346217693,74.0,58.666666666666664,0,0.95
28_302,0.06767105298345086,21.666666666666668,25.666666666666664,0,0.9
94_126,0.01787570815527111,6.666666666666667,21.666666666666668,0,0.95
116_233,0.019233721099964355,8.666666666666666,24.0,0,0.99
104_158,0.01987892905006579,10.333333333333334,1.3333333333333335,0,0.95
117_226,0.02907648233541396,11.666666666666666,18.0,0,0.9
99_302,0.03734920295983785,8.333333333333334,28.333333333333332,0,0.95
85_171,0.11519001335611632,22.333333333333332,31.333333333333336,0,0.95
44_76,0.07520966997466948,22.0,34.0,0,0.99
138_189,0.2462037956481475,52.666666666666664,54.0,0,0.95
255_272,0.02103755180178933,28.0,44.333333333333336,0,0.95
138_275,0.09612626420641328,35.666666666666664,35.333333333333336,0,0.9
93_294,0.3114927050035617,67.66666666666667,71.0,0,0.9
147_234,0.046804991541362924,16.0,26.0,0,0.95
64_282,0.4098149257395411,70.66666666666667,68.66666666666667,0,0.95
19_97,0.04603601521137305,11.666666666666666,35.66666666666667,0,0.95
112_183,0.006015254511465791,6.666666666666667,6.666666666666667,0,0.99
18_142,0.13075059742577494,37.666666666666664,33.33333333333333,0,0.95
114_198,0.003426635869286559,5.666666666666667,16.666666666666664,0,0.95
186_264,0.0416091173037246,23.0,18.666666666666668,0,0.9
42_184,0.006831462470862747,9.0,3.6666666666666665,0,0.95
158_268,0.2903479566022351,35.333333333333336,50.0,0,0.95
72_155,0.06897263070231803,15.333333333333334,24.666666666666668,0,0.95
80_117,0.21433698664814912,41.0,49.0,0,0.95
18_217,0.3891755344262163,67.33333333333333,61.66666666666667,0,0.95
82_108,0.022244530329759066,5.0,5.0,0,0.9
224_277,0.2129059073053807,42.666666666666664,27.0,0,0.95
72_278,0.09568664404266446,35.666666666666664,35.66666666666667,0,0.99
75_293,0.401072114326596,72.66666666666667,95.0,0,0.95
186_275,0.05392487379970451,26.0,21.333333333333336,0,0.99
112_288,0.2461786657551989,46.333333333333336,74.66666666666667,0,0.99
39_74,0.03851082465368994,17.666666666666668,21.666666666666668,0,0.95
252_277,0.03076999203926112,31.666666666666668,6.333333333333334,0,0.95
119_124,0.1096850146983438,39.666666666666664,30.666666666666664,0,0.95
89_116,0.6998885625872298,81.33333333333333,85.66666666666667,0,0.95
120_150,0.2220646431858343,49.666666666666664,49.0,0,0.9
10_77,0.03267413435585401,13.0,36.0,1,0.85
89_183,0.7773854902215399,84.0,84.0,0,0.95
193_264,0.01237666116432668,5.0,13.333333333333334,0,0.9
115_291,0.33960164070247273,65.33333333333333,68.33333333333333,0,0.99
67_76,0.10136700283545153,37.666666666666664,46.0,0,0.95
208_303,0.2484268656394256,56.333333333333336,66.0,0,0.99
13_179,0.2604814403426927,51.666666666666664,40.0,0,0.95
17_175,0.020659908095008863,18.0,4.666666666666667,0,0.95
233_256,0.1603359959016323,36.666666666666664,76.33333333333333,0,0.95
207_273,0.18836283178997135,37.666666666666664,48.66666666666667,0,0.95
106_163,0.06770199374280671,15.666666666666666,24.666666666666668,0,0.95
92_242,0.05758207356355058,30.0,23.666666666666668,0,0.99
145_147,0.034359704728667353,21.333333333333332,12.666666666666668,2,0.9
241_247,0.2143366598121954,60.666666666666664,54.333333333333336,0,0.95
7_233,0.06841228969515237,24.0,44.666666666666664,0,0.99
33_127,0.01036879032878836,8.0,12.666666666666668,0,0.9
189_245,0.021964229102612438,15.666666666666666,16.666666666666664,0,0.95
239_292,0.15409067543801439,40.333333333333336,36.333333333333336,0,0.95
8_175,0.02555322542811343,16.0,9.666666666666666,0,0.95
15_243,0.02912826360103801,15.0,16.333333333333332,0,0.95
56_233,0.24337995031818302,63.0,67.33333333333333,0,0.99
212_294,0.5317969063137372,95.33333333333333,80.33333333333333,0,0.99
93_227,0.08569170546955633,38.0,22.666666666666664,0,0.95
92_166,0.06575200798831644,19.333333333333332,28.000000000000004,0,0.99
98_260,0.19911495165176452,21.0,49.333333333333336,0,0.99
168_269,0.19887112906172763,39.0,56.99999999999999,0,0.98
8_17,0.032675011956658916,18.666666666666668,15.666666666666668,0,0.95
188_200,0.003661806683371034,1.6666666666666667,17.333333333333336,0,0.95
35_282,0.3792149299813687,97.0,59.66666666666667,0,0.99
240_290,0.17684564483482745,55.0,41.66666666666667,0,0.95
121_148,0.011604816173634513,11.0,24.0,0,0.95
95_108,0.05932007398208674,30.666666666666668,32.666666666666664,0,0.9
95_177,0.07072986872554686,29.0,22.0,0,0.95
119_127,0.0058067060328152315,4.0,10.333333333333334,0,0.9
17_296,0.1225690374503986,31.333333333333332,35.333333333333336,0,0.99
171_299,0.12045441236337884,43.666666666666664,60.333333333333336,0,0.95
32_66,0.11470644841498369,45.333333333333336,27.333333333333332,0,0.95
151_275,0.11345388361948695,37.666666666666664,31.333333333333336,0,0.95
93_268,0.21282709457185814,34.666666666666664,42.66666666666667,0,0.9
103_230,0.06927175062266218,21.0,28.000000000000004,0,0.99
78_123,0.30936589274060783,62.0,64.66666666666666,0,0.95
215_306,0.059587103471658444,23.0,25.0,0,0.99
68_109,0.33219437231774707,63.333333333333336,63.0,0,0.95
60_135,0.11884256902651542,26.666666666666668,30.333333333333336,0,0.9
26_136,0.031022850346879974,10.666666666666666,17.333333333333336,0,0.9
6_190,0.06609061001790198,34.666666666666664,37.0,0,0.95
43_287,0.15671869881240155,42.333333333333336,40.33333333333333,0,0.9
139_208,0.06769177398546998,24.0,26.0,0,0.99
146_292,0.27474099335835334,49.0,69.66666666666667,0,0.95
100_118,0.011670613464319066,10.333333333333334,17.333333333333336,0,0.95
166_181,0.03527337567458477,14.666666666666666,29.333333333333332,0,0.99
27_140,0.39775775755069526,78.33333333333333,69.33333333333334,0,0.95
63_200,0.04549321978773379,21.666666666666668,26.333333333333332,0,0.99
63_103,0.02085542365745237,11.0,2.666666666666667,0,0.98
274_277,0.021710725606115252,27.666666666666668,7.666666666666666,0,0.9
119_279,0.27110387945374353,53.0,59.66666666666667,0,0.95
51_89,0.46029585098776815,89.66666666666667,80.33333333333333,0,0.9
191_296,0.17364706557056855,18.333333333333332,44.666666666666664,0,0.99
70_87,0.057065432881365695,9.0,11.666666666666666,0,0.95
257_298,0.30135329713038445,48.666666666666664,60.0,0,0.99
136_198,0.048605602716239,12.333333333333334,28.666666666666668,0,0.98
47_171,0.09829703599486188,45.0,36.666666666666664,0,0.95
28_182,0.05876126176156285,27.333333333333332,20.0,0,0.9
31_212,0.051435817320771966,17.0,12.0,0,0.99
17_111,0.02538762157573189,14.333333333333334,18.666666666666668,0,0.95
121_287,0.17469591730163378,39.0,50.66666666666667,0,0.95
40_202,0.031458664036166414,13.333333333333334,13.0,0,0.95
119_203,0.03215997479861959,11.333333333333334,16.333333333333332,0,0.95
20_150,0.17988810185830187,52.666666666666664,47.333333333333336,0,0.95
243_285,0.3662977754987824,80.66666666666667,70.0,0,0.95
79_237,0.01702706882210825,10.0,36.333333333333336,0,0.95
230_259,0.19988885086438354,24.666666666666668,56.666666666666664,0,0.95
87_281,0.5235919419253081,81.66666666666667,97.66666666666667,0,0.95
288_295,0.30534561829757423,62.666666666666664,69.33333333333334,0,0.99
15_92,0.029402963513675603,19.0,19.666666666666664,0,0.95
160_271,0.22207928482686226,67.0,68.66666666666667,0,0.99
157_199,0.009404265218790711,4.333333333333333,10.0,0,0.95
71_166,0.09922722942391564,18.666666666666668,42.66666666666667,0,0.95
74_95,0.11438454196030734,35.0,45.0,0,0.95
36_279,0.31331387239775166,53.666666666666664,54.0,0,0.99
300_306,0.04099308503761217,13.0,18.666666666666668,0,0.99
288_296,0.06398903488592865,32.0,49.0,0,0.99
267_272,0.006703870530150002,13.333333333333334,17.666666666666668,0,0.99
207_285,0.3566026508970066,76.0,75.33333333333333,0,0.99
40_296,0.12147663647004585,12.333333333333334,30.0,0,0.95
92_123,0.12056414192393854,35.666666666666664,31.333333333333336,0,0.95
143_186,0.013260186511426393,9.333333333333334,8.333333333333332,0,0.95
53_215,0.10135937214357886,34.333333333333336,35.0,0,0.99
47_224,0.030800092968911102,15.333333333333334,13.333333333333334,0,0.95
32_144,0.20703426535790437,48.0,41.333333333333336,0,0.9
137_214,0.0996109023403825,21.666666666666668,23.333333333333332,0,0.98
6_214,0.035870390230573534,18.333333333333332,22.333333333333332,0,0.98
91_298,0.22695610275390418,52.666666666666664,45.33333333333333,0,0.95
162_246,0.060037820171180166,16.333333333333332,30.0,0,0.9
171_191,0.08685788940468686,22.0,29.666666666666668,0,0.99
94_184,0.022235192088966595,15.0,11.0,0,0.95
127_204,0.09021187447806943,32.0,30.333333333333336,0,0.95
161_234,0.06266729592029717,16.333333333333332,28.000000000000004,1,0.91
30_96,0.05121536574530735,28.333333333333332,26.666666666666668,0,0.9
191_301,0.23774219956981293,50.333333333333336,50.66666666666667,1,0.9
20_47,0.08549216781568937,37.666666666666664,35.66666666666667,0,0.9
15_145,0.07808275030514798,24.666666666666668,29.666666666666668,0,0.95
103_238,0.0699363423988855,18.666666666666668,19.333333333333332,0,0.95
131_236,0.00923049852004369,4.0,16.666666666666664,0,0.95
150_183,0.3661254130458973,60.0,60.0,0,0.95
107_264,0.009517418985492349,11.0,12.333333333333334,0,0.98
107_175,0.01535735869009494,11.0,9.0,0,0.95
172_229,0.23229720544735244,56.0,49.333333333333336,0,0.95
17_91,0.0873819601776122,41.0,26.0,0,0.99
29_81,0.0710275675643239,17.666666666666668,18.333333333333332,0,0.9
78_296,0.13588150619345427,17.0,42.66666666666667,0,0.98
210_298,0.005749828267586559,8.0,1.0,0,0.99
17_118,0.020698599601341437,15.666666666666666,18.0,0,0.95
121_151,0.15606854989934743,39.666666666666664,34.66666666666667,0,0.95
126_280,0.2054317568045859,67.66666666666667,55.00000000000001,0,0.95
241_293,0.445633171021742,98.0,79.0,1,0.85
146_267,0.20889416568546137,21.333333333333332,46.666666666666664,0,0.99
87_91,0.13345461298531844,35.666666666666664,27.333333333333332,0,0.95
29_278,0.18769448700169897,40.333333333333336,21.333333333333336,0,0.9
161_212,0.150069719414599,28.0,38.333333333333336,0,0.99
209_227,0.014583958457356319,5.666666666666667,6.666666666666667,0,0.95
178_291,0.3123501881730531,63.666666666666664,51.33333333333333,0,0.95
42_283,0.27095136796583097,47.0,45.666666666666664,0,0.95
30_48,0.02616335037171266,19.333333333333332,17.0,1,0.91
115_139,0.11133301567097424,29.666666666666668,19.0,0,0.95
140_292,0.2352286706029435,59.333333333333336,56.666666666666664,0,0.99
13_51,0.06360868872453844,34.666666666666664,40.0,0,0.95
28_282,0.30026599432284345,85.0,55.333333333333336,0,0.99
147_157,0.008159662607290391,6.333333333333333,12.333333333333334,1,0.9
35_255,0.14893494272848493,28.666666666666668,46.33333333333333,0,0.95
75_138,0.32652923094934155,56.0,58.666666666666664,0,0.95
38_210,0.030319420699552343,12.333333333333334,7.666666666666666,0,0.95
37_302,0.02013520890032482,11.333333333333334,13.0,0,0.95
80_212,0.1854786058754809,36.666666666666664,38.333333333333336,0,0.99
287_299,0.03374188599175256,34.0,28.666666666666668,0,0.95
53_296,0.10266721782782723,24.666666666666668,30.666666666666664,0,0.95
87_189,0.04441511681625978,8.0,12.333333333333334,0,0.9
147_209,0.11177947584057701,30.333333333333332,28.333333333333332,0,0.95
69_223,0.03937664358877879,20.333333333333332,19.666666666666664,0,0.98
18_138,0.03562333668578064,17.0,14.333333333333334,0,0.95
60_200,0.06596741142731663,23.0,19.333333333333332,0,0.95
46_176,0.016090901896239105,12.666666666666666,7.666666666666666,0,0.95
206_211,0.08165288336226506,27.666666666666668,17.333333333333336,0,0.95
67_69,0.08035436175285245,30.666666666666668,8.666666666666668,2,0.91
29_71,0.0985036141370283,33.666666666666664,36.333333333333336,0,0.95
199_274,0.24495521309538426,26.0,50.66666666666667,0,0.95
193_237,0.011743106998504218,10.666666666666666,15.333333333333332,0,0.95
153_232,0.18499719809540668,40.333333333333336,40.33333333333333,0,0.99
21_234,0.0798971294273503,14.666666666666666,31.333333333333336,0,0.99
140_273,0.1541804725221169,32.0,43.0,0,0.95
209_305,0.10488496617939609,26.0,20.333333333333332,0,0.99
39_204,0.08850614034552644,34.666666666666664,22.666666666666664,0,0.99
180_301,0.2184206899847204,43.333333333333336,36.666666666666664,0,0.95
175_210,0.042454745968350895,16.333333333333332,3.3333333333333335,0,0.95
36_62,0.04140118693264843,14.0,10.666666666666668,0,0.95
40_106,0.006695873052168906,9.666666666666666,7.333333333333333,0,0.95
222_298,0.00954896421261818,11.0,16.333333333333332,0,0.99
199_238,0.029905793144514584,20.0,24.666666666666668,0,0.95
188_203,0.0183074057592113,7.333333333333333,27.333333333333332,0,0.95
84_299,0.46360944763457307,55.333333333333336,86.66666666666667,0,0.95
167_170,0.11672917180746316,26.666666666666668,30.333333333333336,0,0.99
9_297,0.052798978824459365,13.0,22.333333333333332,0,0.95
7_52,0.030756964459635296,22.0,34.0,0,0.95
18_293,0.11344948728647142,33.666666666666664,49.666666666666664,0,0.99
10_281,0.2419652933512999,72.33333333333333,83.0,0,0.95
210_240,0.048471914655542715,15.666666666666666,21.0,0,0.95
173_219,0.07461439994215906,22.333333333333332,17.0,0,0.95
64_147,0.04053469332458806,18.0,25.0,0,0.99
217_230,0.1287368498695844,41.666666666666664,50.0,0,0.99
50_97,0.04162115283665145,12.0,25.666666666666664,0,0.95
171_182,0.08472016644708079,16.333333333333332,31.333333333333336,0,0.95
109_249,0.5937858681687924,90.33333333333333,91.66666666666666,0,0.99
195_255,0.37168457531206417,44.0,81.66666666666667,0,0.95
208_271,0.2482262236531362,62.666666666666664,62.66666666666667,0,0.99
7_177,0.023754290920195098,15.333333333333334,12.333333333333334,0,0.95
139_142,0.0949356065177898,35.666666666666664,16.333333333333332,2,0.95
201_203,0.03310502518450744,16.333333333333332,19.0,1,0.85
158_274,0.2603359688153993,22.666666666666668,48.0,0,0.98
71_120,0.04907325659457142,9.333333333333334,28.333333333333332,0,0.95
210_270,0.2873455242908649,45.333333333333336,42.333333333333336,0,0.99
74_236,0.02399934849369296,13.0,32.666666666666664,0,0.9
133_170,0.06029560189601683,29.666666666666668,31.666666666666664,0,0.95
59_71,0.15643279789922995,32.333333333333336,42.0,0,0.99
246_303,0.301951115995402,50.666666666666664,65.66666666666666,0,0.95
106_155,0.008346685958660187,4.333333333333333,10.0,0,0.95
73_162,0.02874955089630543,9.333333333333334,32.0,0,0.95
122_201,0.008552001680012482,7.0,7.666666666666666,0,0.99
17_40,0.019159989028646265,19.0,13.333333333333334,0,0.99
251_255,0.008692067300424695,7.333333333333333,30.666666666666664,0,0.95
14_54,0.05118705437266591,20.0,25.333333333333336,0,0.95
37_47,0.0501166964043579,22.333333333333332,18.666666666666668,0,0.95
117_217,0.014794896309597955,13.333333333333334,15.666666666666668,0,0.95
109_186,0.20594890985361114,41.333333333333336,43.0,0,0.95
133_255,0.11661561058306301,28.0,60.66666666666667,1,0.85
126_189,0.03460191337695628,16.666666666666668,21.333333333333336,0,0.95
48_165,0.07080515546965528,37.0,40.666666666666664,0,0.99
85_246,0.06825373450545426,14.0,18.0,0,0.95
33_185,0.010873490931089804,14.333333333333334,12.333333333333334,0,0.95
77_233,0.015507752759646292,12.666666666666666,32.0,0,0.95
79_219,0.024471880715234002,14.666666666666666,15.0,0,0.99
87_147,0.036679177649044596,10.333333333333334,15.333333333333332,0,0.9
103_275,0.18471606612227395,44.0,33.666666666666664,0,0.99
30_161,0.07802454234646149,29.333333333333332,42.333333333333336,0,0.99
145_271,0.2741852503635212,52.666666666666664,64.33333333333333,0,0.95
166_180,0.03648966216298266,14.0,30.333333333333336,0,0.99
24_221,0.03438648962273841,16.333333333333332,21.666666666666668,0,0.95
79_206,0.028683102413268102,17.0,33.33333333333333,0,0.99
58_112,0.08568977775776475,25.666666666666668,23.0,0,0.95
127_143,0.005493323437986797,6.333333333333333,16.666666666666664,0,0.9
28_174,0.09933811775137191,37.0,25.0,0,0.95
65_91,0.031870462365601794,22.333333333333332,14.666666666666666,0,0.95
121_126,0.016546948814343713,9.0,12.333333333333334,0,0.9
59_270,0.3287926243178236,52.666666666666664,68.66666666666667,0,0.95
32_275,0.06239246401743337,22.666666666666668,21.666666666666668,0,0.95
22_172,0.023400790975900098,20.666666666666668,28.666666666666668,0,0.99
12_29,0.37876030664201515,70.33333333333333,61.0,0,0.95
71_156,0.10887218796170244,23.333333333333332,31.0,0,0.95
99_138,0.25636534811460093,49.333333333333336,49.0,0,0.95
193_299,0.39008122741538426,61.0,82.33333333333334,0,0.95
110_154,0.024829091638114625,11.666666666666666,15.0,0,0.95
59_293,0.5116686553953972,79.0,87.0,0,0.99
37_154,0.018189587333670373,14.0,5.666666666666666,0,0.95
81_300,0.04953378473317669,16.333333333333332,12.0,0,0.95
173_279,0.24047743570226446,49.0,31.333333333333336,0,0.9
77_242,0.016417150474284926,15.666666666666666,33.0,0,0.95
44_273,0.13023381772850118,33.0,31.0,0,0.9
37_130,0.012966905611816938,6.0,8.333333333333332,0,0.95
139_157,0.12151286043369998,33.0,27.666666666666668,0,0.95
145_255,0.18736274994154303,21.0,62.33333333333333,0,0.95
127_166,0.042059113135312486,18.666666666666668,34.333333333333336,0,0.98
139_189,0.11404530018831428,33.666666666666664,33.33333333333333,0,0.95
76_197,0.0531866716553464,19.0,50.33333333333333,0,0.95
138_265,0.17004467063930262,57.0,40.0,1,0.9
6_10,0.08896672511374533,35.333333333333336,26.333333333333332,2,0.91
20_298,0.10325907090789677,30.0,33.33333333333333,0,0.9
102_119,0.08205980347790351,24.666666666666668,20.0,0,0.95
141_296,0.11333631503838242,16.666666666666668,36.0,0,0.95
123_260,0.12159557973058378,37.333333333333336,29.666666666666668,0,0.9
57_294,0.6604970717727053,122.0,90.33333333333333,0,0.95
51_126,0.02360420268889661,18.666666666666668,32.0,0,0.9
176_257,0.24308101010475247,35.333333333333336,52.33333333333333,0,0.9
89_205,0.7696615684908726,93.66666666666667,89.0,0,0.95
11_195,0.06452865882664403,25.666666666666668,27.666666666666668,1,0.85
12_25,0.27188133398147446,71.0,55.00000000000001,0,0.9
68_283,0.26455589531348833,31.333333333333332,54.333333333333336,0,0.99
137_271,0.11342405691564954,53.666666666666664,51.0,0,0.95
183_303,0.3635844208565824,59.0,66.33333333333333,0,0.95
219_260,0.23884172637493659,24.666666666666668,59.0,0,0.99
234_272,0.14951131403765577,29.666666666666668,58.333333333333336,0,0.99
128_235,0.6765845877796526,90.0,85.66666666666667,0,0.95
70_98,0.00427021540639668,6.333333333333333,17.0,0,0.95
154_290,0.3078776444468179,58.666666666666664,54.666666666666664,1,0.87
2_233,0.10735266611670581,26.0,51.66666666666667,0,0.95
25_26,0.0015573662112321352,4.666666666666667,0.0,2,0.9
114_219,0.009311338455621014,8.0,18.666666666666668,0,0.99
31_94,0.025462793147106828,16.333333333333332,12.666666666666668,0,0.99
105_169,0.04877156632930227,14.666666666666666,28.000000000000004,0,0.99
93_202,0.043042985878278345,18.0,21.0,0,0.95
10_267,0.13303547120936215,17.333333333333332,42.333333333333336,0,0.95
104_195,0.09407751064740531,26.666666666666668,13.333333333333334,0,0.95
12_65,0.03950585256329104,14.666666666666666,18.0,0,0.95
170_195,0.09234275284733573,15.666666666666666,27.0,0,0.95
166_191,0.022437316797045928,13.666666666666666,29.333333333333332,0,0.95
46_68,0.10175972805772791,41.333333333333336,24.333333333333336,0,0.95
92_191,0.04815402674769673,26.333333333333332,22.333333333333332,0,0.95
70_285,0.4061766081562874,71.0,71.0,0,0.95
17_76,0.04340157834871283,20.666666666666668,19.0,0,0.99
99_282,0.3198658878361156,56.333333333333336,72.66666666666667,0,0.95
141_218,0.02818574257792079,8.0,18.666666666666668,0,0.99
121_176,0.009516374372721317,7.333333333333333,10.0,0,0.95
160_262,0.18723659581229865,45.0,65.66666666666666,0,0.95
68_176,0.07641826147247029,28.666666666666668,18.0,0,0.95
198_264,0.04556391272981031,25.333333333333332,21.666666666666668,0,0.95
242_248,0.3485397168561934,63.333333333333336,55.333333333333336,0,0.95
191_242,0.006758649021965813,3.6666666666666665,24.333333333333336,1,0.85
27_209,0.12013767591103354,37.333333333333336,30.333333333333336,0,0.95
29_300,0.026902977083441037,12.0,6.666666666666667,0,0.95
22_164,0.11871219231036932,48.0,47.66666666666667,0,0.99
102_162,0.1837230071748047,33.0,39.0,0,0.99
95_254,0.1294684365250985,34.0,50.33333333333333,0,0.95
85_174,0.04514356353072119,15.666666666666666,6.333333333333334,0,0.9
164_211,0.3473736710657474,62.666666666666664,59.66666666666667,0,0.99
93_180,0.016256563197521903,9.666666666666666,9.0,0,0.95
33_224,0.01592143716925094,13.333333333333334,9.0,0,0.95
47_98,0.03490318903987624,27.333333333333332,29.333333333333332,0,0.95
186_265,0.008652378043717553,11.333333333333334,11.0,0,0.9
143_210,0.02700158313951286,10.666666666666666,10.666666666666668,0,0.95
104_248,0.3304925917022929,61.333333333333336,56.333333333333336,0,0.99
139_276,0.20202455180215725,54.0,54.0,0,0.95
10_271,0.20958418034805346,57.0,67.0,0,0.95
9_148,0.020281846851041587,4.333333333333333,26.333333333333332,0,0.95
31_297,0.05313245715690679,13.666666666666666,11.666666666666666,0,0.95
83_221,0.03284144424124904,8.0,11.666666666666666,0,0.95
129_265,0.024274830346530912,5.0,17.0,0,0.9
147_237,0.006213401529972209,6.666666666666667,22.0,0,0.95
123_244,0.16550699573600983,43.0,41.0,0,0.9
34_258,0.12360589714354674,19.666666666666668,37.0,1,0.87
188_276,0.20858722656313633,53.666666666666664,62.33333333333333,0,0.95
145_306,0.048082353743494115,23.0,24.0,0,0.99
82_111,0.036506705423594556,7.333333333333333,5.0,0,0.95
192_261,0.24734337743727272,33.0,57.333333333333336,0,0.95
79_168,0.014291583778726554,11.0,40.33333333333333,0,0.99
101_304,0.35816472078130124,68.33333333333333,54.0,0,0.95
194_260,0.31106476458646354,63.666666666666664,40.33333333333333,0,0.95
73_280,0.18986246505166338,64.66666666666667,64.33333333333333,0,0.95
181_302,0.03568161830178543,13.0,21.666666666666668,0,0.95
84_217,0.11435599125923224,25.666666666666668,23.333333333333332,0,0.95
142_255,0.18502862098491435,25.333333333333332,64.0,0,0.95
143_249,0.22584353511741595,56.333333333333336,60.66666666666667,0,0.99
153_157,0.054599160461813324,22.0,11.0,1,0.91
135_279,0.17150978989130308,57.666666666666664,57.99999999999999,0,0.9
285_299,0.012813809081210978,28.666666666666668,30.0,0,0.99
166_263,0.44459609881609624,79.33333333333333,96.33333333333334,0,0.99
74_85,0.09673847629301167,17.666666666666668,27.333333333333332,0,0.95
130_164,0.18305855956620543,57.333333333333336,45.666666666666664,0,0.95
4_183,0.02787412444933114,14.0,22.0,0,0.99
94_148,0.021022948538981127,13.333333333333334,15.666666666666668,0,0.99
83_103,0.007544641455794956,7.666666666666667,2.3333333333333335,0,0.95
235_285,0.13535101632464,34.0,25.666666666666664,0,0.95
25_165,0.11608370262362494,40.0,34.66666666666667,0,0.99
109_246,0.16805483703835464,44.333333333333336,46.0,0,0.95
176_280,0.31123233800457917,70.66666666666667,54.666666666666664,0,0.95
76_140,0.06404270981058105,20.333333333333332,28.666666666666668,0,0.95
250_273,0.006683374244938505,19.666666666666668,12.333333333333334,0,0.95
202_237,0.01339737700779603,4.0,14.333333333333334,0,0.95
6_238,0.012518198085307625,18.333333333333332,21.333333333333336,1,0.85
183_264,0.032729021560833536,19.666666666666668,15.0,0,0.95
130_144,0.1344828185919428,39.333333333333336,36.0,0,0.95
64_204,0.061507776689068074,15.0,20.333333333333332,0,0.98
220_261,0.265128165623618,36.666666666666664,63.66666666666667,0,0.99
174_198,0.023422869100353707,11.666666666666666,13.666666666666666,0,0.95
173_275,0.07246561418917279,25.0,12.333333333333334,0,0.95
54_180,0.018459005679989048,11.0,10.666666666666668,0,0.95
12_78,0.3840133791236737,62.333333333333336,80.66666666666666,0,0.95
176_268,0.2361212343572686,33.333333333333336,38.666666666666664,0,0.95
132_179,0.025282410942795503,5.333333333333333,18.666666666666668,0,0.95
40_61,0.05837622966485356,20.666666666666668,16.0,0,0.95
149_244,0.7452687389980461,94.66666666666667,92.0,0,0.9
202_221,0.007815920066322498,4.333333333333333,25.0,0,0.95
196_252,0.3465059826040607,53.666666666666664,86.0,0,0.95
97_294,0.29108102798946894,68.0,81.66666666666667,0,0.95
34_182,0.029773520127652654,14.666666666666666,6.0,0,0.95
242_270,0.21783193579068705,42.333333333333336,38.0,0,0.95
58_142,0.04032181848961656,15.333333333333334,11.666666666666666,0,0.95
7_262,0.15256871846257972,36.666666666666664,55.666666666666664,0,0.95
171_210,0.12737722375181118,29.333333333333332,37.333333333333336,0,0.98
267_292,0.015332375549102393,27.666666666666668,27.666666666666668,0,0.95
25_184,0.03118301499368196,10.0,10.333333333333334,0,0.9
45_75,0.054214045760218134,18.333333333333332,31.666666666666664,0,0.95
5_33,0.03719912513550969,12.666666666666666,24.666666666666668,0,0.95
118_123,0.23795043082658487,62.666666666666664,47.333333333333336,0,0.95
77_306,0.02519933357733932,21.0,33.0,0,0.99
110_197,0.012013063237736835,9.0,23.333333333333332,0,0.95
35_151,0.5819449032665327,84.66666666666667,79.0,0,0.95
108_208,0.015786307225817923,13.0,13.333333333333334,0,0.99
253_272,0.051877952010304235,41.666666666666664,30.0,0,0.99
48_157,0.04506067816274107,11.333333333333334,17.666666666666668,0,0.9
107_237,0.005025809349685939,8.0,12.0,0,0.99
140_224,0.06436831614678108,30.333333333333332,19.0,0,0.95
191_270,0.2506253854877003,42.0,54.333333333333336,0,0.95
128_302,0.025622789372718502,11.666666666666666,19.333333333333332,0,0.9
14_209,0.17492201929361406,37.666666666666664,28.999999999999996,0,0.95
277_301,0.13482984157208636,20.666666666666668,9.0,0,0.95
32_92,0.03708329188408469,19.0,14.333333333333334,0,0.99
147_195,0.04452408028456786,16.333333333333332,15.666666666666668,0,0.95
49_126,0.011354604406595211,11.333333333333334,19.0,0,0.99
165_270,0.2253525493161952,62.666666666666664,68.33333333333333,0,0.99
81_144,0.3159750861188595,50.333333333333336,58.333333333333336,0,0.9
225_281,0.31898803921360114,75.66666666666667,82.33333333333334,0,0.95
131_217,0.08293517514007369,30.333333333333332,23.666666666666668,0,0.99
150_169,0.2326857260285932,44.666666666666664,56.666666666666664,0,0.95
96_282,0.16315984395085692,40.0,56.666666666666664,0,0.95
78_82,0.07831694786486447,16.666666666666668,25.333333333333336,0,0.95
40_236,0.011838685153478934,14.333333333333334,12.666666666666668,0,0.95
124_237,0.18131177533112716,50.0,37.0,0,0.95
153_209,0.2553294592161828,47.333333333333336,48.0,0,0.99
86_166,0.11381520664502225,20.333333333333332,43.333333333333336,0,0.95
159_173,0.16702626503056317,42.666666666666664,40.33333333333333,0,0.95
89_296,0.27691003820341936,73.66666666666667,54.0,0,0.99
237_281,0.346446022612999,76.66666666666667,80.33333333333333,0,0.95
242_271,0.26157618420123246,58.333333333333336,54.666666666666664,0,0.95
211_266,0.21688298642763262,14.666666666666666,31.333333333333336,0,0.99
256_303,0.11447848914460124,61.0,43.666666666666664,0,0.95
64_128,0.0442619630136318,11.0,24.333333333333336,0,0.95
190_293,0.42458119959718393,74.0,89.33333333333333,1,0.85
133_251,0.07043449337557021,22.0,29.333333333333332,0,0.95
45_172,0.05642497634530167,32.666666666666664,38.666666666666664,0,0.95
59_178,0.023940377503250915,17.333333333333332,7.000000000000001,0,0.95
68_129,0.0638806870058184,34.333333333333336,24.333333333333336,0,0.95
164_227,0.35985951984243675,77.33333333333333,63.33333333333333,0,0.99
73_232,0.13534949438227603,54.0,52.33333333333333,0,0.99
53_256,0.16586265451509818,51.666666666666664,70.0,0,0.95
73_174,0.03423405105266472,15.333333333333334,16.333333333333332,0,0.95
71_77,0.06160317324295137,13.666666666666666,26.0,1,0.9
275_303,0.10699054777347157,32.333333333333336,33.33333333333333,0,0.95
49_122,0.01793986477196346,9.333333333333334,22.0,0,0.95
253_255,0.01850519414132526,13.666666666666666,34.0,0,0.95
276_279,0.037195401293462944,34.666666666666664,8.666666666666668,0,0.95
135_224,0.055243674505517704,24.666666666666668,14.333333333333334,0,0.95
78_297,0.09067534560016145,16.333333333333332,23.0,0,0.98
132_137,0.049773851155553724,25.0,14.000000000000002,1,0.87
88_154,0.025767762211436254,11.0,9.0,0,0.95
165_244,0.6750339588397033,73.66666666666667,90.66666666666666,0,0.95
66_243,0.15491744263442186,52.333333333333336,32.0,0,0.95
70_232,0.2829262978305578,56.0,51.33333333333333,0,0.95
28_132,0.009632102848251006,8.333333333333334,23.333333333333332,0,0.9
171_270,0.10123410224744565,43.333333333333336,40.666666666666664,0,0.95
238_263,0.3816573220808576,77.66666666666667,75.33333333333333,0,0.9
157_266,0.23533697608429374,18.333333333333332,35.333333333333336,0,0.95
97_261,0.17016476378243042,23.333333333333332,62.66666666666667,0,0.95
102_204,0.039855381355108445,13.333333333333334,5.666666666666666,0,0.99
34_97,0.018658420850032168,13.333333333333334,23.0,0,0.95
71_172,0.02368735852176446,21.0,41.0,0,0.98
