timestamp,node_id,image_id,algorithm,profile,psnr_db,ssim,mask_iou,mask_dice,mask_ref_source,cpu_time_ms,memory_kb,compressed_bytes,compression_ratio
2026-09-03T08:13:43.886739,pi-test-01,img_6000,WZ-OSEG,-,27.031,0.9364,0.2652,0.4192,sam_uploaded,1499.489,29820.0,187948.0,4.9
2026-09-03T08:13:45.905733,pi-test-01,img_6001,WZ-OSEG,-,30.499,0.9475,0.3947,0.566,sam_uploaded,1430.579,31288.0,184328.0,5.0
2026-09-03T08:13:47.999842,pi-test-01,img_6002,WZ-OSEG,-,30.499,0.9475,0.3717,0.5419,sam_uploaded,1500.729,31364.0,184310.0,5.0
2026-09-03T08:13:50.011324,pi-test-01,img_6003,WZ-OSEG,-,30.499,0.9475,0.4399,0.611,sam_uploaded,1429.267,31364.0,184307.0,5.0
2026-09-03T08:13:52.052846,pi-test-01,img_6004,WZ-OSEG,-,30.499,0.9475,0.3882,0.5593,sam_uploaded,1445.227,31364.0,184321.0,5.0
2026-09-03T08:13:54.082575,pi-test-01,img_6005,WZ-OSEG,-,28.114,0.9398,0.2833,0.4415,sam_uploaded,1369.022,31364.0,178884.0,5.15
2026-09-03T08:13:56.148656,pi-test-01,img_6006,WZ-OSEG,-,28.114,0.9398,0.2881,0.4473,sam_uploaded,1398.952,31364.0,178875.0,5.15
2026-09-03T08:13:58.179347,pi-test-01,img_6007,WZ-OSEG,-,28.114,0.9398,0.2828,0.4409,sam_uploaded,1409.034,31364.0,178889.0,5.15
2026-09-03T08:14:00.044536,pi-test-01,img_6008,WZ-OSEG,-,28.114,0.9398,0.2825,0.4406,sam_uploaded,1342.252,31364.0,178869.0,5.15
2026-09-03T08:14:02.343915,pi-test-01,img_6009,WZ-OSEG,-,26.289,0.9328,0.3291,0.4952,sam_uploaded,1565.183,31364.0,191351.0,4.82
2026-09-03T08:14:04.577228,pi-test-01,img_6010,WZ-OSEG,-,26.289,0.9328,0.3417,0.5094,sam_uploaded,1581.954,31872.0,191344.0,4.82
2026-09-03T08:14:06.854818,pi-test-01,img_6011,WZ-OSEG,-,26.289,0.9328,0.3333,0.5,sam_uploaded,1597.715,31872.0,191301.0,4.82
2026-09-03T08:14:09.118978,pi-test-01,img_6012,WZ-OSEG,-,26.289,0.9328,0.3409,0.5085,sam_uploaded,1629.221,31872.0,191399.0,4.82
2026-09-03T08:14:11.368833,pi-test-01,img_6013,WZ-OSEG,-,26.018,0.9514,0.4082,0.5797,sam_uploaded,1550.829,31872.0,199954.0,4.61
2026-09-03T08:14:13.551851,pi-test-01,img_6014,WZ-OSEG,-,26.018,0.9514,0.4075,0.579,sam_uploaded,1569.232,32348.0,199966.0,4.61
2026-09-03T08:14:16.120917,pi-test-01,img_6015,WZ-OSEG,-,26.018,0.9514,0.4194,0.5909,sam_uploaded,1592.723,32348.0,199956.0,4.61
2026-09-03T08:14:18.322458,pi-test-01,img_6016,WZ-OSEG,-,26.018,0.9514,0.4437,0.6146,sam_uploaded,1597.667,32348.0,199977.0,4.61
2026-09-03T08:14:20.816315,pi-test-01,img_6017,WZ-OSEG,-,26.959,0.9337,0.296,0.4568,sam_uploaded,1849.306,32348.0,195903.0,4.7
2026-09-03T08:14:23.246990,pi-test-01,img_6018,WZ-OSEG,-,26.959,0.9337,0.3079,0.4709,sam_uploaded,1831.067,32348.0,195900.0,4.7
2026-09-03T08:14:25.747822,pi-test-01,img_6019,WZ-OSEG,-,26.959,0.9337,0.2924,0.4525,sam_uploaded,1829.143,32348.0,195896.0,4.7
2026-09-03T08:14:28.360852,pi-test-01,img_6020,WZ-OSEG,-,26.959,0.9337,0.3108,0.4742,sam_uploaded,1854.705,32348.0,195925.0,4.7
2026-09-03T08:14:30.411463,pi-test-01,img_6021,WZ-OSEG,-,25.087,0.9567,0.2621,0.4153,sam_uploaded,1436.593,32348.0,189728.0,4.86
2026-09-03T08:14:32.428443,pi-test-01,img_6022,WZ-OSEG,-,25.087,0.9567,0.2732,0.4292,sam_uploaded,1452.201,32348.0,189793.0,4.86
2026-09-03T08:14:34.600785,pi-test-01,img_6023,WZ-OSEG,-,25.087,0.9567,0.2573,0.4093,sam_uploaded,1518.587,32348.0,189759.0,4.86
2026-09-03T08:14:36.659962,pi-test-01,img_6024,WZ-OSEG,-,25.087,0.9567,0.2647,0.4186,sam_uploaded,1455.149,32348.0,189755.0,4.86
2026-09-03T08:14:38.740099,pi-test-01,img_6025,WZ-OSEG,-,24.608,0.9555,0.4346,0.6059,sam_uploaded,1514.672,32348.0,193263.0,4.77
2026-09-03T08:14:40.782250,pi-test-01,img_6026,WZ-OSEG,-,24.608,0.9555,0.4262,0.5976,sam_uploaded,1475.409,32348.0,193288.0,4.77
2026-09-03T08:14:42.919922,pi-test-01,img_6027,WZ-OSEG,-,24.608,0.9555,0.4439,0.6149,sam_uploaded,1525.501,32348.0,193247.0,4.77
2026-09-03T08:14:45.137832,pi-test-01,img_6028,WZ-OSEG,-,24.608,0.9555,0.4282,0.5996,sam_uploaded,1560.256,32348.0,193282.0,4.77
2026-09-03T08:14:47.283325,pi-test-01,img_6029,WZ-OSEG,-,26.384,0.9601,0.412,0.5836,sam_uploaded,1539.647,32348.0,195114.0,4.72
2026-09-03T08:14:49.456396,pi-test-01,img_6030,WZ-OSEG,-,26.384,0.9601,0.3458,0.5138,sam_uploaded,1542.217,32348.0,195124.0,4.72
2026-09-03T08:14:51.599387,pi-test-01,img_6031,WZ-OSEG,-,26.384,0.9601,0.3724,0.5427,sam_uploaded,1543.266,32348.0,195095.0,4.72
2026-09-03T08:14:53.752259,pi-test-01,img_6032,WZ-OSEG,-,26.384,0.9601,0.4238,0.5953,sam_uploaded,1541.371,32348.0,195118.0,4.72
2026-09-03T08:14:55.353995,pi-test-01,img_6033,WZ-OSEG,-,25.865,0.9597,0.4073,0.5788,sam_uploaded,1103.103,32348.0,178987.0,5.15
2026-09-03T08:14:56.952079,pi-test-01,img_6034,WZ-OSEG,-,25.865,0.9597,0.3538,0.5227,sam_uploaded,1098.343,32348.0,178982.0,5.15
2026-09-03T08:14:58.590002,pi-test-01,img_6035,WZ-OSEG,-,25.865,0.9597,0.4095,0.581,sam_uploaded,1090.307,32348.0,178995.0,5.15
2026-09-03T08:15:00.176838,pi-test-01,img_6036,WZ-OSEG,-,25.865,0.9597,0.4114,0.5829,sam_uploaded,1097.706,32348.0,178972.0,5.15
2026-09-03T08:15:02.549436,pi-test-01,img_6037,WZ-OSEG,-,24.576,0.9596,0.4553,0.6258,sam_uploaded,1624.359,32348.0,194654.0,4.73
2026-09-03T08:15:04.840908,pi-test-01,img_6038,WZ-OSEG,-,24.576,0.9596,0.4687,0.6382,sam_uploaded,1650.454,32348.0,194662.0,4.73
2026-09-03T08:15:07.065807,pi-test-01,img_6039,WZ-OSEG,-,24.576,0.9596,0.4586,0.6289,sam_uploaded,1603.606,32348.0,194637.0,4.73
2026-09-03T08:15:09.319096,pi-test-01,img_6040,WZ-OSEG,-,24.576,0.9596,0.4741,0.6432,sam_uploaded,1650.566,32348.0,194685.0,4.73
2026-09-03T08:15:11.602081,pi-test-01,img_6041,WZ-OSEG,-,24.626,0.9631,0.4645,0.6344,sam_uploaded,1676.615,32348.0,201876.0,4.57
2026-09-03T08:15:13.916881,pi-test-01,img_6042,WZ-OSEG,-,24.626,0.9631,0.496,0.6631,sam_uploaded,1692.437,32348.0,201921.0,4.56
2026-09-03T08:15:16.345168,pi-test-01,img_6043,WZ-OSEG,-,24.626,0.9631,0.4717,0.6411,sam_uploaded,1723.382,32348.0,201900.0,4.56
2026-09-03T08:15:18.796302,pi-test-01,img_6044,WZ-OSEG,-,24.626,0.9631,0.5003,0.6669,sam_uploaded,1656.44,32348.0,201883.0,4.57
2026-09-03T08:15:21.426346,pi-test-01,img_6045,WZ-OSEG,-,24.883,0.9483,0.4476,0.6184,sam_uploaded,1905.529,32348.0,199218.0,4.63
2026-09-03T08:15:24.533705,pi-test-01,img_6046,WZ-OSEG,-,24.882,0.9483,0.4353,0.6065,sam_uploaded,1886.905,32348.0,199239.0,4.63
2026-09-03T08:15:27.371033,pi-test-01,img_6047,WZ-OSEG,-,24.883,0.9483,0.4515,0.6221,sam_uploaded,1907.946,32348.0,199206.0,4.63
2026-09-03T08:15:29.949216,pi-test-01,img_6048,WZ-OSEG,-,24.882,0.9483,0.4508,0.6215,sam_uploaded,1828.872,32348.0,199251.0,4.63
2026-09-03T08:15:32.026025,pi-test-01,img_6049,WZ-OSEG,-,24.754,0.9563,0.2665,0.4208,sam_uploaded,1365.313,32348.0,187600.0,4.91
2026-09-03T08:15:34.060952,pi-test-01,img_6050,WZ-OSEG,-,24.754,0.9564,0.2769,0.4337,sam_uploaded,1446.461,32348.0,187683.0,4.91
2026-09-03T08:15:36.111496,pi-test-01,img_6051,WZ-OSEG,-,24.754,0.9563,0.2721,0.4278,sam_uploaded,1429.807,32348.0,187634.0,4.91
2026-09-03T08:15:38.165767,pi-test-01,img_6052,WZ-OSEG,-,24.754,0.9564,0.2627,0.416,sam_uploaded,1420.009,32348.0,187664.0,4.91
2026-09-03T08:15:40.431877,pi-test-01,img_6053,WZ-OSEG,-,24.699,0.9552,0.4404,0.6115,sam_uploaded,1529.325,32348.0,192600.0,4.79
2026-09-03T08:15:42.690921,pi-test-01,img_6054,WZ-OSEG,-,24.699,0.9552,0.4591,0.6293,sam_uploaded,1523.847,32348.0,192597.0,4.79
2026-09-03T08:15:44.977115,pi-test-01,img_6055,WZ-OSEG,-,24.699,0.9552,0.4462,0.617,sam_uploaded,1579.477,32348.0,192570.0,4.79
2026-09-03T08:15:47.109005,pi-test-01,img_6056,WZ-OSEG,-,24.699,0.9552,0.4463,0.6172,sam_uploaded,1531.86,32348.0,192633.0,4.78
2026-09-03T08:15:49.208011,pi-test-01,img_6057,WZ-OSEG,-,25.961,0.9594,0.3007,0.4623,sam_uploaded,1517.321,32348.0,194381.0,4.74
2026-09-03T08:15:51.291258,pi-test-01,img_6058,WZ-OSEG,-,25.961,0.9594,0.2867,0.4456,sam_uploaded,1497.498,32348.0,194424.0,4.74
2026-09-03T08:15:53.568847,pi-test-01,img_6059,WZ-OSEG,-,25.961,0.9594,0.3038,0.466,sam_uploaded,1485.05,32348.0,194394.0,4.74
2026-09-03T08:15:55.794561,pi-test-01,img_6060,WZ-OSEG,-,25.961,0.9594,0.283,0.4412,sam_uploaded,1495.211,32348.0,194396.0,4.74
2026-09-03T08:15:57.386052,pi-test-01,img_6061,WZ-OSEG,-,25.672,0.9622,0.5323,0.6948,sam_uploaded,1041.892,32348.0,177896.0,5.18
2026-09-03T08:15:59.011181,pi-test-01,img_6062,WZ-OSEG,-,25.672,0.9622,0.5508,0.7104,sam_uploaded,1078.037,32348.0,177902.0,5.18
2026-09-03T08:16:00.511562,pi-test-01,img_6063,WZ-OSEG,-,25.672,0.9622,0.5343,0.6964,sam_uploaded,1022.667,32348.0,177913.0,5.18
2026-09-03T08:16:02.070039,pi-test-01,img_6064,WZ-OSEG,-,25.672,0.9622,0.4381,0.6093,sam_uploaded,1071.685,32348.0,177896.0,5.18
2026-09-03T08:16:04.071305,pi-test-01,img_6065,WZ-OSEG,-,24.904,0.9607,0.4638,0.6337,sam_uploaded,1427.016,32348.0,189163.0,4.87
2026-09-03T08:16:06.122121,pi-test-01,img_6066,WZ-OSEG,-,24.904,0.9607,0.4866,0.6546,sam_uploaded,1415.994,32348.0,189141.0,4.87
2026-09-03T08:16:08.168609,pi-test-01,img_6067,WZ-OSEG,-,24.904,0.9607,0.4729,0.6422,sam_uploaded,1420.195,32348.0,189112.0,4.87
2026-09-03T08:16:10.196226,pi-test-01,img_6068,WZ-OSEG,-,24.904,0.9607,0.4803,0.6489,sam_uploaded,1428.787,32348.0,189193.0,4.87
2026-09-03T08:16:12.366568,pi-test-01,img_6069,WZ-OSEG,-,24.116,0.9609,0.4516,0.6222,sam_uploaded,1566.758,32348.0,201030.0,4.58
2026-09-03T08:16:14.580107,pi-test-01,img_6070,WZ-OSEG,-,24.116,0.9609,0.4601,0.6303,sam_uploaded,1567.45,32348.0,201038.0,4.58
2026-09-03T08:16:16.845201,pi-test-01,img_6071,WZ-OSEG,-,24.116,0.9609,0.4809,0.6495,sam_uploaded,1583.874,32348.0,201016.0,4.58
2026-09-03T08:16:19.043573,pi-test-01,img_6072,WZ-OSEG,-,24.116,0.9609,0.4874,0.6554,sam_uploaded,1579.739,32348.0,201029.0,4.58
2026-09-03T08:16:21.586864,pi-test-01,img_6073,WZ-OSEG,-,24.832,0.9487,0.447,0.6178,sam_uploaded,1794.241,32348.0,197403.0,4.67
2026-09-03T08:16:24.083013,pi-test-01,img_6074,WZ-OSEG,-,24.832,0.9487,0.4575,0.6278,sam_uploaded,1808.519,32348.0,197432.0,4.67
2026-09-03T08:16:26.645256,pi-test-01,img_6075,WZ-OSEG,-,24.832,0.9487,0.4687,0.6383,sam_uploaded,1854.562,32348.0,197414.0,4.67
2026-09-03T08:16:29.199971,pi-test-01,img_6076,WZ-OSEG,-,24.832,0.9487,0.4483,0.6191,sam_uploaded,1791.457,32348.0,197420.0,4.67
2026-09-03T08:16:30.945739,pi-test-01,img_6077,WZ-OSEG,-,24.949,0.9643,0.6717,0.8036,sam_uploaded,1215.888,32348.0,179974.0,5.12
2026-09-03T08:16:32.699628,pi-test-01,img_6078,WZ-OSEG,-,24.949,0.9643,0.439,0.6101,sam_uploaded,1248.845,32348.0,179937.0,5.12
2026-09-03T08:16:34.413966,pi-test-01,img_6079,WZ-OSEG,-,24.949,0.9643,0.6596,0.7949,sam_uploaded,1215.498,32348.0,179943.0,5.12
2026-09-03T08:16:36.159533,pi-test-01,img_6080,WZ-OSEG,-,24.949,0.9643,0.4403,0.6114,sam_uploaded,1264.383,32348.0,179949.0,5.12
2026-09-03T08:16:38.310338,pi-test-01,img_6081,WZ-OSEG,-,23.749,0.957,0.4455,0.6164,sam_uploaded,1570.893,32348.0,195583.0,4.71
2026-09-03T08:16:40.589850,pi-test-01,img_6082,WZ-OSEG,-,23.749,0.957,0.4513,0.622,sam_uploaded,1565.403,32348.0,195606.0,4.71
2026-09-03T08:16:42.782054,pi-test-01,img_6083,WZ-OSEG,-,23.749,0.957,0.4381,0.6093,sam_uploaded,1556.291,32348.0,195582.0,4.71
2026-09-03T08:16:44.993132,pi-test-01,img_6084,WZ-OSEG,-,23.749,0.957,0.4748,0.6439,sam_uploaded,1584.934,32348.0,195609.0,4.71
2026-09-03T08:16:47.419264,pi-test-01,img_6085,WZ-OSEG,-,26.158,0.9651,0.5418,0.7028,sam_uploaded,1702.726,32348.0,198220.0,4.65
2026-09-03T08:16:49.834947,pi-test-01,img_6086,WZ-OSEG,-,26.158,0.9651,0.5301,0.6929,sam_uploaded,1707.628,32380.0,198226.0,4.65
2026-09-03T08:16:52.349889,pi-test-01,img_6087,WZ-OSEG,-,26.158,0.9651,0.5448,0.7054,sam_uploaded,1723.627,32472.0,198211.0,4.65
2026-09-03T08:16:54.855770,pi-test-01,img_6088,WZ-OSEG,-,26.158,0.9651,0.5152,0.6801,sam_uploaded,1671.191,32472.0,198227.0,4.65
2026-09-03T08:16:56.432790,pi-test-01,img_6089,WZ-OSEG,-,24.848,0.9661,0.6928,0.8185,sam_uploaded,1046.074,32476.0,178586.0,5.16
2026-09-03T08:16:57.993765,pi-test-01,img_6090,WZ-OSEG,-,24.848,0.9661,0.686,0.8137,sam_uploaded,1083.699,32476.0,178524.0,5.16
2026-09-03T08:16:59.572295,pi-test-01,img_6091,WZ-OSEG,-,24.848,0.9661,0.6892,0.816,sam_uploaded,1096.532,32476.0,178529.0,5.16
2026-09-03T08:17:01.161761,pi-test-01,img_6092,WZ-OSEG,-,24.848,0.9661,0.6774,0.8077,sam_uploaded,1041.49,32476.0,178572.0,5.16
2026-09-03T08:17:03.130234,pi-test-01,img_6093,WZ-OSEG,-,26.221,0.9636,0.4561,0.6265,sam_uploaded,1382.539,32476.0,184501.0,5.0
2026-09-03T08:17:05.032714,pi-test-01,img_6094,WZ-OSEG,-,26.221,0.9636,0.4538,0.6243,sam_uploaded,1361.89,32476.0,184418.0,5.0
2026-09-03T08:17:06.986887,pi-test-01,img_6095,WZ-OSEG,-,26.221,0.9636,0.4435,0.6145,sam_uploaded,1448.221,32476.0,184443.0,5.0
2026-09-03T08:17:08.991960,pi-test-01,img_6096,WZ-OSEG,-,26.221,0.9636,0.4447,0.6156,sam_uploaded,1380.904,32476.0,184460.0,5.0
2026-09-03T08:17:10.936503,pi-test-01,img_6097,WZ-OSEG,-,25.575,0.9598,0.4863,0.6544,sam_uploaded,1319.39,32476.0,190550.0,4.84
2026-09-03T08:17:12.898971,pi-test-01,img_6098,WZ-OSEG,-,25.575,0.9598,0.4934,0.6607,sam_uploaded,1319.588,32476.0,190540.0,4.84
2026-09-03T08:17:14.860928,pi-test-01,img_6099,WZ-OSEG,-,25.575,0.9598,0.4889,0.6567,sam_uploaded,1317.861,32476.0,190533.0,4.84
2026-09-03T08:17:16.702525,pi-test-01,img_6100,WZ-OSEG,-,25.575,0.9598,0.4982,0.6651,sam_uploaded,1303.052,32476.0,190561.0,4.84
2026-09-03T08:17:18.945712,pi-test-01,img_6101,WZ-OSEG,-,24.922,0.9565,0.4825,0.6509,sam_uploaded,1668.621,32476.0,196159.0,4.7
2026-09-03T08:17:21.209664,pi-test-01,img_6102,WZ-OSEG,-,24.922,0.9565,0.4889,0.6568,sam_uploaded,1622.102,32476.0,196081.0,4.7
2026-09-03T08:17:23.569289,pi-test-01,img_6103,WZ-OSEG,-,24.922,0.9565,0.4871,0.6551,sam_uploaded,1666.053,32560.0,196108.0,4.7
2026-09-03T08:17:25.809507,pi-test-01,img_6104,WZ-OSEG,-,24.922,0.9565,0.5309,0.6936,sam_uploaded,1652.551,32560.0,196154.0,4.7
2026-09-03T08:17:27.525293,pi-test-01,img_6105,WZ-OSEG,-,24.991,0.9571,0.527,0.6902,sam_uploaded,1157.861,32560.0,182293.0,5.06
2026-09-03T08:17:29.295757,pi-test-01,img_6106,WZ-OSEG,-,24.991,0.9571,0.5109,0.6763,sam_uploaded,1261.091,32560.0,182258.0,5.06
2026-09-03T08:17:31.075718,pi-test-01,img_6107,WZ-OSEG,-,24.991,0.9571,0.53,0.6928,sam_uploaded,1201.932,32560.0,182290.0,5.06
2026-09-03T08:17:32.812697,pi-test-01,img_6108,WZ-OSEG,-,24.991,0.9571,0.5222,0.6862,sam_uploaded,1218.562,32560.0,182271.0,5.06
2026-09-03T08:17:35.066157,pi-test-01,img_6109,WZ-OSEG,-,23.838,0.9567,0.3501,0.5186,sam_uploaded,1682.209,32560.0,196581.0,4.69
2026-09-03T08:17:37.391270,pi-test-01,img_6110,WZ-OSEG,-,23.838,0.9567,0.358,0.5273,sam_uploaded,1644.441,32560.0,196609.0,4.69
2026-09-03T08:17:39.853367,pi-test-01,img_6111,WZ-OSEG,-,23.838,0.9567,0.3544,0.5233,sam_uploaded,1734.617,32624.0,196586.0,4.69
2026-09-03T08:17:42.302865,pi-test-01,img_6112,WZ-OSEG,-,23.838,0.9567,0.3581,0.5273,sam_uploaded,1692.363,32624.0,196622.0,4.69
2026-09-03T08:17:44.660930,pi-test-01,img_6113,WZ-OSEG,-,25.67,0.9685,0.5404,0.7017,sam_uploaded,1742.959,32624.0,201998.0,4.56
2026-09-03T08:17:47.149576,pi-test-01,img_6114,WZ-OSEG,-,25.67,0.9685,0.5333,0.6956,sam_uploaded,1769.874,32624.0,201997.0,4.56
2026-09-03T08:17:49.588805,pi-test-01,img_6115,WZ-OSEG,-,25.67,0.9685,0.5385,0.7,sam_uploaded,1798.534,32624.0,201998.0,4.56
2026-09-03T08:17:52.016140,pi-test-01,img_6116,WZ-OSEG,-,25.67,0.9685,0.5298,0.6927,sam_uploaded,1795.708,32624.0,201991.0,4.56
2026-09-03T08:17:53.580594,pi-test-01,img_6117,WZ-OSEG,-,25.243,0.9647,0.7246,0.8403,sam_uploaded,1034.196,32624.0,181333.0,5.08
2026-09-03T08:17:55.089219,pi-test-01,img_6118,WZ-OSEG,-,25.243,0.9647,0.7165,0.8348,sam_uploaded,1028.306,32624.0,181312.0,5.08
2026-09-03T08:17:56.692469,pi-test-01,img_6119,WZ-OSEG,-,25.243,0.9647,0.7102,0.8306,sam_uploaded,1057.559,32624.0,181292.0,5.08
2026-09-03T08:17:58.329889,pi-test-01,img_6120,WZ-OSEG,-,25.243,0.9647,0.7258,0.8411,sam_uploaded,1093.627,32624.0,181340.0,5.08
2026-09-03T08:18:00.287148,pi-test-01,img_6121,WZ-OSEG,-,25.407,0.961,0.3938,0.5651,sam_uploaded,1363.387,32624.0,189281.0,4.87
2026-09-03T08:18:02.261328,pi-test-01,img_6122,WZ-OSEG,-,25.407,0.961,0.3914,0.5626,sam_uploaded,1370.434,32624.0,189190.0,4.87
2026-09-03T08:18:04.188347,pi-test-01,img_6123,WZ-OSEG,-,25.407,0.961,0.3795,0.5502,sam_uploaded,1362.899,32624.0,189218.0,4.87
2026-09-03T08:18:06.239526,pi-test-01,img_6124,WZ-OSEG,-,25.407,0.961,0.3968,0.5681,sam_uploaded,1382.049,32624.0,189251.0,4.87
2026-09-03T08:18:08.528456,pi-test-01,img_6125,WZ-OSEG,-,24.891,0.9617,0.4698,0.6393,sam_uploaded,1610.346,32624.0,198697.0,4.64
2026-09-03T08:18:10.794850,pi-test-01,img_6126,WZ-OSEG,-,24.89,0.9617,0.4777,0.6466,sam_uploaded,1560.399,32624.0,198647.0,4.64
2026-09-03T08:18:13.136284,pi-test-01,img_6127,WZ-OSEG,-,24.891,0.9617,0.4775,0.6464,sam_uploaded,1609.046,32624.0,198634.0,4.64
2026-09-03T08:18:15.390986,pi-test-01,img_6128,WZ-OSEG,-,24.89,0.9617,0.4792,0.648,sam_uploaded,1549.974,32624.0,198702.0,4.64
2026-09-03T08:18:17.825223,pi-test-01,img_6129,WZ-OSEG,-,24.575,0.9518,0.5284,0.6914,sam_uploaded,1781.182,32624.0,198766.0,4.64
2026-09-03T08:18:20.204420,pi-test-01,img_6130,WZ-OSEG,-,24.575,0.9518,0.5175,0.682,sam_uploaded,1738.415,32624.0,198760.0,4.64
2026-09-03T08:18:22.660460,pi-test-01,img_6131,WZ-OSEG,-,24.575,0.9518,0.514,0.679,sam_uploaded,1762.233,32624.0,198747.0,4.64
2026-09-03T08:18:25.103803,pi-test-01,img_6132,WZ-OSEG,-,24.575,0.9518,0.5023,0.6687,sam_uploaded,1786.231,32624.0,198766.0,4.64
2026-09-03T08:18:26.879685,pi-test-01,img_6133,WZ-OSEG,-,25.162,0.9545,0.4752,0.6443,sam_uploaded,1232.124,32624.0,182794.0,5.04
2026-09-03T08:18:28.726819,pi-test-01,img_6134,WZ-OSEG,-,25.162,0.9545,0.464,0.6338,sam_uploaded,1274.847,32624.0,182795.0,5.04
2026-09-03T08:18:30.504690,pi-test-01,img_6135,WZ-OSEG,-,25.162,0.9545,0.4732,0.6424,sam_uploaded,1250.315,32624.0,182784.0,5.04
2026-09-03T08:18:32.314829,pi-test-01,img_6136,WZ-OSEG,-,25.162,0.9545,0.4698,0.6393,sam_uploaded,1267.716,32624.0,182790.0,5.04
2026-09-03T08:18:34.735614,pi-test-01,img_6137,WZ-OSEG,-,23.542,0.9553,0.3666,0.5365,sam_uploaded,1748.339,32624.0,196228.0,4.7
2026-09-03T08:18:37.049637,pi-test-01,img_6138,WZ-OSEG,-,23.542,0.9553,0.3636,0.5333,sam_uploaded,1699.082,32624.0,196255.0,4.7
2026-09-03T08:18:39.387796,pi-test-01,img_6139,WZ-OSEG,-,23.542,0.9553,0.3679,0.5379,sam_uploaded,1747.08,32624.0,196201.0,4.7
2026-09-03T08:18:41.705729,pi-test-01,img_6140,WZ-OSEG,-,23.542,0.9553,0.3665,0.5364,sam_uploaded,1702.625,32624.0,196243.0,4.7
2026-09-03T08:18:44.184470,pi-test-01,img_6141,WZ-OSEG,-,25.782,0.9667,0.4969,0.6639,sam_uploaded,1790.752,32624.0,201410.0,4.58
2026-09-03T08:18:46.600360,pi-test-01,img_6142,WZ-OSEG,-,25.782,0.9667,0.5064,0.6724,sam_uploaded,1758.285,32624.0,201398.0,4.58
2026-09-03T08:18:49.006035,pi-test-01,img_6143,WZ-OSEG,-,25.782,0.9667,0.4941,0.6614,sam_uploaded,1769.936,32624.0,201397.0,4.58
2026-09-03T08:18:51.450825,pi-test-01,img_6144,WZ-OSEG,-,25.782,0.9667,0.5002,0.6668,sam_uploaded,1785.032,32624.0,201438.0,4.58
2026-09-03T08:18:52.970230,pi-test-01,img_6145,WZ-OSEG,-,25.44,0.9638,0.7094,0.83,sam_uploaded,1011.682,32624.0,180213.0,5.11
2026-09-03T08:18:54.465946,pi-test-01,img_6146,WZ-OSEG,-,25.44,0.9638,0.7042,0.8265,sam_uploaded,990.312,32624.0,180193.0,5.11
2026-09-03T08:18:56.080901,pi-test-01,img_6147,WZ-OSEG,-,25.44,0.9638,0.7093,0.8299,sam_uploaded,1017.879,32624.0,180182.0,5.11
2026-09-03T08:18:57.606946,pi-test-01,img_6148,WZ-OSEG,-,25.44,0.9638,0.7065,0.828,sam_uploaded,998.985,32624.0,180219.0,5.11
2026-09-03T08:18:59.593515,pi-test-01,img_6149,WZ-OSEG,-,24.791,0.9589,0.4116,0.5832,sam_uploaded,1426.488,32624.0,190305.0,4.84
2026-09-03T08:19:01.639416,pi-test-01,img_6150,WZ-OSEG,-,24.791,0.9589,0.4336,0.6049,sam_uploaded,1389.287,32624.0,190239.0,4.84
2026-09-03T08:19:03.640971,pi-test-01,img_6151,WZ-OSEG,-,24.791,0.9589,0.4099,0.5814,sam_uploaded,1389.993,32624.0,190236.0,4.84
2026-09-03T08:19:05.662847,pi-test-01,img_6152,WZ-OSEG,-,24.791,0.9589,0.4317,0.6031,sam_uploaded,1413.244,32624.0,190303.0,4.84
2026-09-03T08:19:07.942124,pi-test-01,img_6153,WZ-OSEG,-,24.578,0.9627,0.4782,0.647,sam_uploaded,1639.661,32624.0,201255.0,4.58
2026-09-03T08:19:10.306231,pi-test-01,img_6154,WZ-OSEG,-,24.578,0.9627,0.4674,0.637,sam_uploaded,1660.533,32624.0,201257.0,4.58
2026-09-03T08:19:12.683800,pi-test-01,img_6155,WZ-OSEG,-,24.578,0.9627,0.4711,0.6404,sam_uploaded,1669.194,32624.0,201242.0,4.58
2026-09-03T08:19:15.147956,pi-test-01,img_6156,WZ-OSEG,-,24.578,0.9627,0.4718,0.6411,sam_uploaded,1661.548,32624.0,201274.0,4.58
2026-09-03T08:19:17.572583,pi-test-01,img_6157,WZ-OSEG,-,24.363,0.9498,0.5039,0.6701,sam_uploaded,1798.97,32624.0,198940.0,4.63
2026-09-03T08:19:20.020419,pi-test-01,img_6158,WZ-OSEG,-,24.362,0.9498,0.5025,0.6689,sam_uploaded,1803.187,32624.0,198881.0,4.63
2026-09-03T08:19:22.484205,pi-test-01,img_6159,WZ-OSEG,-,24.363,0.9498,0.4968,0.6638,sam_uploaded,1786.789,32624.0,198913.0,4.63
2026-09-03T08:19:25.040781,pi-test-01,img_6160,WZ-OSEG,-,24.362,0.9498,0.5039,0.6701,sam_uploaded,1833.488,32624.0,198917.0,4.63
2026-09-03T08:19:27.340167,pi-test-01,img_6161,WZ-OSEG,-,29.474,0.9668,0.3897,0.5609,sam_uploaded,1530.168,32624.0,189602.0,4.86
2026-09-03T08:19:29.408878,pi-test-01,img_6162,WZ-OSEG,-,29.474,0.9668,0.3033,0.4654,sam_uploaded,1482.967,32624.0,189608.0,4.86
2026-09-03T08:19:31.613958,pi-test-01,img_6163,WZ-OSEG,-,29.474,0.9668,0.4158,0.5873,sam_uploaded,1512.243,32624.0,189597.0,4.86
2026-09-03T08:19:33.647412,pi-test-01,img_6164,WZ-OSEG,-,29.474,0.9668,0.3515,0.5202,sam_uploaded,1467.548,32624.0,189620.0,4.86
2026-09-03T08:19:35.669765,pi-test-01,img_6165,WZ-OSEG,-,29.586,0.9676,0.2575,0.4095,sam_uploaded,1479.589,32624.0,189965.0,4.85
2026-09-03T08:19:37.802823,pi-test-01,img_6166,WZ-OSEG,-,29.586,0.9676,0.2527,0.4035,sam_uploaded,1490.95,32624.0,189965.0,4.85
2026-09-03T08:19:39.959156,pi-test-01,img_6167,WZ-OSEG,-,29.586,0.9676,0.2554,0.4069,sam_uploaded,1473.068,32624.0,189966.0,4.85
2026-09-03T08:19:42.118416,pi-test-01,img_6168,WZ-OSEG,-,29.586,0.9676,0.2534,0.4043,sam_uploaded,1489.627,32624.0,189963.0,4.85
2026-09-03T08:19:44.236316,pi-test-01,img_6169,WZ-OSEG,-,29.526,0.9682,0.3529,0.5217,sam_uploaded,1531.193,32624.0,191067.0,4.82
2026-09-03T08:19:46.403797,pi-test-01,img_6170,WZ-OSEG,-,29.526,0.9682,0.3781,0.5487,sam_uploaded,1539.265,32624.0,191098.0,4.82
2026-09-03T08:19:48.528515,pi-test-01,img_6171,WZ-OSEG,-,29.526,0.9682,0.3708,0.541,sam_uploaded,1526.488,32624.0,191033.0,4.82
2026-09-03T08:19:50.662187,pi-test-01,img_6172,WZ-OSEG,-,29.526,0.9682,0.3797,0.5504,sam_uploaded,1569.818,32624.0,191112.0,4.82
2026-09-03T08:19:52.607447,pi-test-01,img_6173,WZ-OSEG,-,31.49,0.9672,0.3529,0.5217,sam_uploaded,1414.655,32624.0,185168.0,4.98
2026-09-03T08:19:54.550499,pi-test-01,img_6174,WZ-OSEG,-,31.49,0.9672,0.4911,0.6587,sam_uploaded,1341.858,32624.0,185171.0,4.98
2026-09-03T08:19:56.490431,pi-test-01,img_6175,WZ-OSEG,-,31.49,0.9672,0.2194,0.3599,sam_uploaded,1332.497,32624.0,185156.0,4.98
2026-09-03T08:19:58.452174,pi-test-01,img_6176,WZ-OSEG,-,31.49,0.9672,0.4906,0.6583,sam_uploaded,1358.812,32624.0,185171.0,4.98
2026-09-03T08:20:00.528958,pi-test-01,img_6177,WZ-OSEG,-,31.363,0.9693,0.3212,0.4862,sam_uploaded,1417.495,32624.0,188584.0,4.89
2026-09-03T08:20:02.549702,pi-test-01,img_6178,WZ-OSEG,-,31.363,0.9693,0.3705,0.5407,sam_uploaded,1404.776,32624.0,188618.0,4.89
2026-09-03T08:20:04.512453,pi-test-01,img_6179,WZ-OSEG,-,31.363,0.9693,0.2943,0.4548,sam_uploaded,1431.211,32624.0,188610.0,4.89
2026-09-03T08:20:06.422129,pi-test-01,img_6180,WZ-OSEG,-,31.363,0.9693,0.3532,0.5221,sam_uploaded,1363.583,32624.0,188591.0,4.89
2026-09-03T08:20:08.523093,pi-test-01,img_6181,WZ-OSEG,-,30.219,0.9665,0.332,0.4985,sam_uploaded,1473.038,32624.0,192675.0,4.78
2026-09-03T08:20:10.644277,pi-test-01,img_6182,WZ-OSEG,-,30.219,0.9665,0.3455,0.5136,sam_uploaded,1546.246,32624.0,192665.0,4.78
2026-09-03T08:20:12.715244,pi-test-01,img_6183,WZ-OSEG,-,30.219,0.9665,0.3538,0.5227,sam_uploaded,1509.886,32624.0,192673.0,4.78
2026-09-03T08:20:14.802955,pi-test-01,img_6184,WZ-OSEG,-,30.219,0.9665,0.3237,0.4891,sam_uploaded,1528.924,32624.0,192665.0,4.78
2026-09-03T08:20:17.099252,pi-test-01,img_6185,WZ-OSEG,-,30.012,0.961,0.4383,0.6095,sam_uploaded,1714.582,32624.0,196517.0,4.69
2026-09-03T08:20:19.593368,pi-test-01,img_6186,WZ-OSEG,-,30.012,0.961,0.4205,0.592,sam_uploaded,1706.396,32624.0,196525.0,4.69
2026-09-03T08:20:21.986958,pi-test-01,img_6187,WZ-OSEG,-,30.012,0.961,0.4314,0.6028,sam_uploaded,1720.008,32624.0,196530.0,4.69
2026-09-03T08:20:24.311950,pi-test-01,img_6188,WZ-OSEG,-,30.012,0.961,0.4045,0.576,sam_uploaded,1707.672,32624.0,196539.0,4.69
2026-09-03T08:20:26.557539,pi-test-01,img_6189,WZ-OSEG,-,28.968,0.9641,0.3943,0.5656,sam_uploaded,1478.344,32624.0,191009.0,4.82
2026-09-03T08:20:28.716630,pi-test-01,img_6190,WZ-OSEG,-,28.967,0.9641,0.3455,0.5135,sam_uploaded,1484.881,32624.0,191010.0,4.82
2026-09-03T08:20:30.767618,pi-test-01,img_6191,WZ-OSEG,-,28.968,0.9641,0.4547,0.6251,sam_uploaded,1503.125,32624.0,190980.0,4.83
2026-09-03T08:20:32.815940,pi-test-01,img_6192,WZ-OSEG,-,28.967,0.9641,0.338,0.5053,sam_uploaded,1485.87,32624.0,191010.0,4.82
2026-09-03T08:20:34.931557,pi-test-01,img_6193,WZ-OSEG,-,28.91,0.9653,0.2805,0.4381,sam_uploaded,1461.726,32624.0,190420.0,4.84
2026-09-03T08:20:37.082218,pi-test-01,img_6194,WZ-OSEG,-,28.91,0.9652,0.2782,0.4353,sam_uploaded,1483.425,32624.0,190420.0,4.84
2026-09-03T08:20:39.241232,pi-test-01,img_6195,WZ-OSEG,-,28.91,0.9653,0.2604,0.4132,sam_uploaded,1479.539,32624.0,190423.0,4.84
2026-09-03T08:20:41.381017,pi-test-01,img_6196,WZ-OSEG,-,28.91,0.9652,0.2805,0.4381,sam_uploaded,1507.941,32624.0,190406.0,4.84
2026-09-03T08:20:43.475476,pi-test-01,img_6197,WZ-OSEG,-,29.325,0.9664,0.3831,0.554,sam_uploaded,1534.105,32624.0,192404.0,4.79
2026-09-03T08:20:45.587751,pi-test-01,img_6198,WZ-OSEG,-,29.325,0.9664,0.3809,0.5517,sam_uploaded,1522.381,32624.0,192484.0,4.79
2026-09-03T08:20:47.725165,pi-test-01,img_6199,WZ-OSEG,-,29.325,0.9664,0.3724,0.5427,sam_uploaded,1525.22,32624.0,192419.0,4.79
2026-09-03T08:20:49.854175,pi-test-01,img_6200,WZ-OSEG,-,29.325,0.9664,0.3663,0.5362,sam_uploaded,1534.459,32624.0,192497.0,4.79
2026-09-03T08:20:51.781838,pi-test-01,img_6201,WZ-OSEG,-,30.842,0.9665,0.3462,0.5143,sam_uploaded,1402.723,32624.0,185369.0,4.97
2026-09-03T08:20:53.753473,pi-test-01,img_6202,WZ-OSEG,-,30.842,0.9665,0.4947,0.662,sam_uploaded,1388.127,32624.0,185363.0,4.97
2026-09-03T08:20:55.687623,pi-test-01,img_6203,WZ-OSEG,-,30.842,0.9665,0.4853,0.6534,sam_uploaded,1415.477,32624.0,185372.0,4.97
2026-09-03T08:20:57.644302,pi-test-01,img_6204,WZ-OSEG,-,30.842,0.9665,0.2105,0.3478,sam_uploaded,1396.0,32624.0,185339.0,4.97
2026-09-03T08:20:59.676980,pi-test-01,img_6205,WZ-OSEG,-,30.875,0.9684,0.324,0.4894,sam_uploaded,1342.556,32624.0,187673.0,4.91
2026-09-03T08:21:01.653082,pi-test-01,img_6206,WZ-OSEG,-,30.874,0.9684,0.2927,0.4528,sam_uploaded,1360.026,32624.0,187696.0,4.91
2026-09-03T08:21:03.522399,pi-test-01,img_6207,WZ-OSEG,-,30.875,0.9684,0.2683,0.4231,sam_uploaded,1327.134,32624.0,187679.0,4.91
2026-09-03T08:21:05.451907,pi-test-01,img_6208,WZ-OSEG,-,30.874,0.9684,0.2949,0.4555,sam_uploaded,1310.351,32624.0,187662.0,4.91
2026-09-03T08:21:07.501278,pi-test-01,img_6209,WZ-OSEG,-,29.931,0.9651,0.3346,0.5014,sam_uploaded,1479.578,32624.0,192045.0,4.8
2026-09-03T08:21:09.546360,pi-test-01,img_6210,WZ-OSEG,-,29.931,0.9651,0.3087,0.4718,sam_uploaded,1444.84,32624.0,192054.0,4.8
2026-09-03T08:21:11.586218,pi-test-01,img_6211,WZ-OSEG,-,29.931,0.9651,0.343,0.5108,sam_uploaded,1433.12,32624.0,192064.0,4.8
2026-09-03T08:21:13.642124,pi-test-01,img_6212,WZ-OSEG,-,29.931,0.9651,0.3009,0.4626,sam_uploaded,1473.506,32624.0,192037.0,4.8
2026-09-03T08:21:15.917718,pi-test-01,img_6213,WZ-OSEG,-,29.523,0.9596,0.4595,0.6297,sam_uploaded,1688.775,32624.0,196694.0,4.69
2026-09-03T08:21:18.263691,pi-test-01,img_6214,WZ-OSEG,-,29.523,0.9596,0.4038,0.5753,sam_uploaded,1748.657,32624.0,196684.0,4.69
2026-09-03T08:21:20.631614,pi-test-01,img_6215,WZ-OSEG,-,29.523,0.9596,0.4076,0.5792,sam_uploaded,1722.941,32624.0,196700.0,4.69
2026-09-03T08:21:22.952132,pi-test-01,img_6216,WZ-OSEG,-,29.523,0.9596,0.3903,0.5614,sam_uploaded,1691.985,32624.0,196694.0,4.69
2026-09-03T08:21:25.113311,pi-test-01,img_6217,WZ-OSEG,-,28.798,0.9635,0.4158,0.5873,sam_uploaded,1502.407,32624.0,190878.0,4.83
2026-09-03T08:21:27.134229,pi-test-01,img_6218,WZ-OSEG,-,28.798,0.9635,0.3782,0.5489,sam_uploaded,1451.659,32624.0,190895.0,4.83
2026-09-03T08:21:29.209035,pi-test-01,img_6219,WZ-OSEG,-,28.798,0.9635,0.4069,0.5784,sam_uploaded,1475.62,32624.0,190893.0,4.83
2026-09-03T08:21:31.362002,pi-test-01,img_6220,WZ-OSEG,-,28.798,0.9635,0.3839,0.5548,sam_uploaded,1480.922,32624.0,190894.0,4.83
2026-09-03T08:21:33.502302,pi-test-01,img_6221,WZ-OSEG,-,28.805,0.9643,0.3674,0.5374,sam_uploaded,1442.574,32624.0,190624.0,4.83
2026-09-03T08:21:35.547338,pi-test-01,img_6222,WZ-OSEG,-,28.805,0.9643,0.3246,0.4901,sam_uploaded,1477.549,32624.0,190608.0,4.84
2026-09-03T08:21:37.592219,pi-test-01,img_6223,WZ-OSEG,-,28.805,0.9643,0.264,0.4177,sam_uploaded,1473.313,32624.0,190594.0,4.84
2026-09-03T08:21:39.842385,pi-test-01,img_6224,WZ-OSEG,-,28.805,0.9643,0.2581,0.4103,sam_uploaded,1515.945,32624.0,190608.0,4.84
2026-09-03T08:21:41.938293,pi-test-01,img_6225,WZ-OSEG,-,29.272,0.9649,0.3612,0.5307,sam_uploaded,1545.309,32624.0,192308.0,4.79
2026-09-03T08:21:44.033627,pi-test-01,img_6226,WZ-OSEG,-,29.272,0.9649,0.3594,0.5288,sam_uploaded,1506.516,32624.0,192340.0,4.79
2026-09-03T08:21:46.151194,pi-test-01,img_6227,WZ-OSEG,-,29.272,0.9649,0.3623,0.5319,sam_uploaded,1545.317,32624.0,192304.0,4.79
2026-09-03T08:21:48.324797,pi-test-01,img_6228,WZ-OSEG,-,29.272,0.9649,0.3451,0.5131,sam_uploaded,1546.927,32624.0,192375.0,4.79
2026-09-03T08:21:50.410379,pi-test-01,img_6229,WZ-OSEG,-,30.847,0.9663,0.2934,0.4537,sam_uploaded,1410.69,32624.0,185157.0,4.98
2026-09-03T08:21:52.333554,pi-test-01,img_6230,WZ-OSEG,-,30.847,0.9663,0.2475,0.3968,sam_uploaded,1359.235,32624.0,185169.0,4.98
2026-09-03T08:21:54.288192,pi-test-01,img_6231,WZ-OSEG,-,30.847,0.9663,0.3282,0.4942,sam_uploaded,1365.747,32624.0,185141.0,4.98
2026-09-03T08:21:56.322103,pi-test-01,img_6232,WZ-OSEG,-,30.847,0.9663,0.2519,0.4024,sam_uploaded,1392.48,32624.0,185154.0,4.98
2026-09-03T08:21:58.251666,pi-test-01,img_6233,WZ-OSEG,-,30.811,0.9684,0.3024,0.4644,sam_uploaded,1337.595,32624.0,187620.0,4.91
2026-09-03T08:22:00.173758,pi-test-01,img_6234,WZ-OSEG,-,30.81,0.9684,0.3217,0.4868,sam_uploaded,1292.993,32624.0,187614.0,4.91
2026-09-03T08:22:02.240343,pi-test-01,img_6235,WZ-OSEG,-,30.811,0.9684,0.3337,0.5004,sam_uploaded,1366.895,32624.0,187617.0,4.91
2026-09-03T08:22:04.302166,pi-test-01,img_6236,WZ-OSEG,-,30.81,0.9684,0.3293,0.4954,sam_uploaded,1334.293,32624.0,187592.0,4.91
2026-09-03T08:22:07.773551,pi-test-01,img_6237,WZ-OSEG,-,30.018,0.9647,0.3164,0.4808,sam_uploaded,1447.251,32624.0,191798.0,4.81
2026-09-03T08:22:10.927555,pi-test-01,img_6238,WZ-OSEG,-,30.018,0.9647,0.3289,0.495,sam_uploaded,1454.11,32624.0,191799.0,4.81
2026-09-03T08:22:13.300532,pi-test-01,img_6239,WZ-OSEG,-,30.018,0.9647,0.3389,0.5063,sam_uploaded,1462.102,32624.0,191809.0,4.8
2026-09-03T08:22:17.077657,pi-test-01,img_6240,WZ-OSEG,-,30.018,0.9647,0.3126,0.4763,sam_uploaded,1433.941,32624.0,191774.0,4.81
2026-09-03T08:22:19.951656,pi-test-01,img_6241,WZ-OSEG,-,29.484,0.9589,0.4134,0.5849,sam_uploaded,1736.537,32624.0,196339.0,4.69
2026-09-03T08:22:22.636947,pi-test-01,img_6242,WZ-OSEG,-,29.484,0.9589,0.4121,0.5836,sam_uploaded,1702.172,32624.0,196342.0,4.69
2026-09-03T08:22:25.251624,pi-test-01,img_6243,WZ-OSEG,-,29.484,0.9589,0.4114,0.5829,sam_uploaded,1714.779,32624.0,196335.0,4.69
2026-09-03T08:22:27.786111,pi-test-01,img_6244,WZ-OSEG,-,29.484,0.9589,0.4033,0.5748,sam_uploaded,1678.766,32624.0,196350.0,4.69
2026-09-03T08:22:29.995630,pi-test-01,img_6245,WZ-OSEG,-,30.698,0.9407,0.1334,0.2355,sam_uploaded,1488.062,32624.0,177729.0,5.19
2026-09-03T08:22:31.997964,pi-test-01,img_6246,WZ-OSEG,-,30.698,0.9407,0.1373,0.2415,sam_uploaded,1474.1,32624.0,177758.0,5.18
2026-09-03T08:22:34.122892,pi-test-01,img_6247,WZ-OSEG,-,30.698,0.9407,0.1326,0.2341,sam_uploaded,1463.226,32624.0,177741.0,5.19
2026-09-03T08:22:36.308347,pi-test-01,img_6248,WZ-OSEG,-,30.698,0.9407,0.1282,0.2273,sam_uploaded,1432.533,32624.0,177738.0,5.19
2026-09-03T08:22:38.395780,pi-test-01,img_6249,WZ-OSEG,-,27.279,0.9446,0.1445,0.2525,sam_uploaded,1355.218,32624.0,186301.0,4.95
2026-09-03T08:22:42.719881,pi-test-01,img_6250,WZ-OSEG,-,27.279,0.9446,0.144,0.2517,sam_uploaded,1359.792,32624.0,186355.0,4.95
2026-09-03T08:22:45.117742,pi-test-01,img_6251,WZ-OSEG,-,27.279,0.9446,0.1487,0.2589,sam_uploaded,1342.223,32624.0,186309.0,4.95
2026-09-03T08:22:47.552295,pi-test-01,img_6252,WZ-OSEG,-,27.279,0.9446,0.1486,0.2588,sam_uploaded,1377.456,32624.0,186324.0,4.95
2026-09-03T08:22:49.833716,pi-test-01,img_6253,WZ-OSEG,-,30.504,0.9492,0.1147,0.2058,sam_uploaded,1208.882,32624.0,180551.0,5.1
2026-09-03T08:22:52.226152,pi-test-01,img_6254,WZ-OSEG,-,30.504,0.9492,0.1086,0.1959,sam_uploaded,1307.304,32624.0,180565.0,5.1
2026-09-03T08:22:54.431392,pi-test-01,img_6255,WZ-OSEG,-,30.504,0.9492,0.1083,0.1955,sam_uploaded,1247.435,32624.0,180577.0,5.1
2026-09-03T08:22:57.346579,pi-test-01,img_6256,WZ-OSEG,-,30.504,0.9492,0.1444,0.2524,sam_uploaded,1252.363,32624.0,180543.0,5.1
2026-09-03T08:22:59.448410,pi-test-01,img_6257,WZ-OSEG,-,31.17,0.9483,0.0122,0.0242,sam_uploaded,1179.253,32624.0,173297.0,5.32
2026-09-03T08:23:01.372480,pi-test-01,img_6258,WZ-OSEG,-,31.17,0.9483,0.0118,0.0234,sam_uploaded,1114.477,32624.0,173292.0,5.32
2026-09-03T08:23:03.131865,pi-test-01,img_6259,WZ-OSEG,-,31.17,0.9483,0.0127,0.0251,sam_uploaded,1089.804,32624.0,173300.0,5.32
2026-09-03T08:23:05.193650,pi-test-01,img_6260,WZ-OSEG,-,31.17,0.9483,0.0112,0.0222,sam_uploaded,1091.02,32624.0,173285.0,5.32
2026-09-03T08:23:07.045056,pi-test-01,img_6261,WZ-OSEG,-,27.287,0.9321,0.0868,0.1598,sam_uploaded,1124.876,32624.0,177271.0,5.2
2026-09-03T08:23:08.889423,pi-test-01,img_6262,WZ-OSEG,-,27.287,0.9321,0.0823,0.1522,sam_uploaded,1071.797,32624.0,177289.0,5.2
2026-09-03T08:23:10.963320,pi-test-01,img_6263,WZ-OSEG,-,27.287,0.9321,0.0818,0.1513,sam_uploaded,1077.41,32624.0,177289.0,5.2
2026-09-03T08:23:13.184223,pi-test-01,img_6264,WZ-OSEG,-,27.287,0.9321,0.0837,0.1545,sam_uploaded,1120.988,32624.0,177239.0,5.2
2026-09-03T08:23:15.457342,pi-test-01,img_6265,WZ-OSEG,-,26.395,0.9392,0.2745,0.4308,sam_uploaded,1248.939,32624.0,188350.0,4.89
2026-09-03T08:23:17.499178,pi-test-01,img_6266,WZ-OSEG,-,26.395,0.9392,0.2964,0.4572,sam_uploaded,1213.239,32624.0,188282.0,4.89
2026-09-03T08:23:19.365442,pi-test-01,img_6267,WZ-OSEG,-,26.395,0.9392,0.2808,0.4385,sam_uploaded,1225.023,32624.0,188333.0,4.89
2026-09-03T08:23:21.211390,pi-test-01,img_6268,WZ-OSEG,-,26.395,0.9392,0.301,0.4628,sam_uploaded,1245.726,32624.0,188278.0,4.89
2026-09-03T08:23:23.261157,pi-test-01,img_6269,WZ-OSEG,-,28.073,0.9298,0.0955,0.1743,sam_uploaded,1501.369,32624.0,187371.0,4.92
2026-09-03T08:23:25.352746,pi-test-01,img_6270,WZ-OSEG,-,28.073,0.9298,0.0927,0.1697,sam_uploaded,1467.9,32624.0,187394.0,4.92
2026-09-03T08:23:27.367948,pi-test-01,img_6271,WZ-OSEG,-,28.073,0.9298,0.0916,0.1679,sam_uploaded,1449.941,32624.0,187399.0,4.92
2026-09-03T08:23:29.416755,pi-test-01,img_6272,WZ-OSEG,-,28.073,0.9298,0.0937,0.1714,sam_uploaded,1437.71,32624.0,187384.0,4.92
2026-09-03T08:23:31.450837,pi-test-01,img_6273,WZ-OSEG,-,26.202,0.9501,0.3439,0.5118,sam_uploaded,1415.19,32624.0,186711.0,4.94
2026-09-03T08:23:33.505568,pi-test-01,img_6274,WZ-OSEG,-,26.202,0.9501,0.3567,0.5258,sam_uploaded,1431.434,32624.0,186755.0,4.93
2026-09-03T08:23:35.522145,pi-test-01,img_6275,WZ-OSEG,-,26.202,0.9501,0.3513,0.5199,sam_uploaded,1377.76,32624.0,186726.0,4.94
2026-09-03T08:23:37.596371,pi-test-01,img_6276,WZ-OSEG,-,26.202,0.9501,0.339,0.5063,sam_uploaded,1412.995,32624.0,186748.0,4.93
2026-09-03T08:23:39.541173,pi-test-01,img_6277,WZ-OSEG,-,25.991,0.9614,0.2109,0.3484,sam_uploaded,1409.312,32624.0,189580.0,4.86
2026-09-03T08:23:41.500815,pi-test-01,img_6278,WZ-OSEG,-,25.991,0.9614,0.2221,0.3635,sam_uploaded,1410.591,32624.0,189632.0,4.86
2026-09-03T08:23:43.549202,pi-test-01,img_6279,WZ-OSEG,-,25.991,0.9614,0.2082,0.3447,sam_uploaded,1407.105,32624.0,189614.0,4.86
2026-09-03T08:23:45.549222,pi-test-01,img_6280,WZ-OSEG,-,25.991,0.9614,0.2217,0.3629,sam_uploaded,1451.233,32624.0,189586.0,4.86
2026-09-03T08:23:47.666309,pi-test-01,img_6281,WZ-OSEG,-,26.033,0.9544,0.3079,0.4708,sam_uploaded,1453.056,32624.0,189612.0,4.86
2026-09-03T08:23:49.693051,pi-test-01,img_6282,WZ-OSEG,-,26.034,0.9544,0.3025,0.4645,sam_uploaded,1475.632,32624.0,189656.0,4.86
2026-09-03T08:23:51.762122,pi-test-01,img_6283,WZ-OSEG,-,26.033,0.9544,0.2918,0.4518,sam_uploaded,1416.852,32624.0,189618.0,4.86
2026-09-03T08:23:53.783233,pi-test-01,img_6284,WZ-OSEG,-,26.034,0.9544,0.3121,0.4757,sam_uploaded,1473.977,32624.0,189650.0,4.86
2026-09-03T08:23:55.725441,pi-test-01,img_6285,WZ-OSEG,-,26.131,0.9481,0.4417,0.6128,sam_uploaded,1374.974,32624.0,183183.0,5.03
2026-09-03T08:23:57.654121,pi-test-01,img_6286,WZ-OSEG,-,26.131,0.9481,0.4544,0.6248,sam_uploaded,1397.608,32624.0,183192.0,5.03
2026-09-03T08:23:59.548323,pi-test-01,img_6287,WZ-OSEG,-,26.131,0.9481,0.4583,0.6286,sam_uploaded,1389.507,32624.0,183210.0,5.03
2026-09-03T08:24:01.446267,pi-test-01,img_6288,WZ-OSEG,-,26.131,0.9481,0.4202,0.5918,sam_uploaded,1391.186,32624.0,183184.0,5.03
2026-09-03T08:24:03.292892,pi-test-01,img_6289,WZ-OSEG,-,23.813,0.9558,0.0798,0.1478,sam_uploaded,1332.917,32624.0,182838.0,5.04
2026-09-03T08:24:05.125338,pi-test-01,img_6290,WZ-OSEG,-,23.813,0.9558,0.0746,0.1389,sam_uploaded,1241.695,32624.0,182809.0,5.04
2026-09-03T08:24:06.964405,pi-test-01,img_6291,WZ-OSEG,-,23.813,0.9558,0.0766,0.1423,sam_uploaded,1256.324,32624.0,182800.0,5.04
2026-09-03T08:24:08.925884,pi-test-01,img_6292,WZ-OSEG,-,23.813,0.9558,0.0775,0.1438,sam_uploaded,1343.187,32624.0,182835.0,5.04
2026-09-03T08:24:10.877813,pi-test-01,img_6293,WZ-OSEG,-,25.401,0.954,0.2015,0.3355,sam_uploaded,1352.588,32624.0,187631.0,4.91
2026-09-03T08:24:12.720053,pi-test-01,img_6294,WZ-OSEG,-,25.401,0.954,0.2013,0.3352,sam_uploaded,1294.798,32624.0,187581.0,4.91
2026-09-03T08:24:14.532097,pi-test-01,img_6295,WZ-OSEG,-,25.401,0.954,0.2319,0.3765,sam_uploaded,1280.97,32624.0,187632.0,4.91
2026-09-03T08:24:16.511613,pi-test-01,img_6296,WZ-OSEG,-,25.401,0.954,0.2053,0.3407,sam_uploaded,1336.732,32624.0,187522.0,4.91
2026-09-03T08:24:18.796198,pi-test-01,img_6297,WZ-OSEG,-,25.14,0.9444,0.1688,0.2888,sam_uploaded,1636.758,32624.0,194260.0,4.74
2026-09-03T08:24:21.055607,pi-test-01,img_6298,WZ-OSEG,-,25.14,0.9444,0.1664,0.2854,sam_uploaded,1628.671,32624.0,194268.0,4.74
2026-09-03T08:24:23.319346,pi-test-01,img_6299,WZ-OSEG,-,25.14,0.9444,0.1725,0.2942,sam_uploaded,1671.796,32624.0,194261.0,4.74
2026-09-03T08:24:25.543305,pi-test-01,img_6300,WZ-OSEG,-,25.14,0.9444,0.1622,0.2792,sam_uploaded,1614.932,32624.0,194237.0,4.74
2026-09-03T08:24:27.555541,pi-test-01,img_6301,WZ-OSEG,-,26.194,0.9508,0.3547,0.5236,sam_uploaded,1416.211,32624.0,185676.0,4.96
2026-09-03T08:24:29.556480,pi-test-01,img_6302,WZ-OSEG,-,26.194,0.9508,0.3467,0.5149,sam_uploaded,1461.534,32624.0,185737.0,4.96
2026-09-03T08:24:31.545010,pi-test-01,img_6303,WZ-OSEG,-,26.194,0.9508,0.3505,0.519,sam_uploaded,1421.27,32624.0,185703.0,4.96
2026-09-03T08:24:33.569887,pi-test-01,img_6304,WZ-OSEG,-,26.194,0.9508,0.3356,0.5026,sam_uploaded,1446.4,32624.0,185735.0,4.96
2026-09-03T08:24:35.448316,pi-test-01,img_6305,WZ-OSEG,-,26.215,0.9607,0.1126,0.2025,sam_uploaded,1340.736,32624.0,187003.0,4.93
2026-09-03T08:24:37.404701,pi-test-01,img_6306,WZ-OSEG,-,26.216,0.9607,0.1504,0.2614,sam_uploaded,1355.757,32624.0,187065.0,4.93
2026-09-03T08:24:39.264085,pi-test-01,img_6307,WZ-OSEG,-,26.215,0.9607,0.1136,0.204,sam_uploaded,1329.385,32624.0,187067.0,4.93
2026-09-03T08:24:41.262280,pi-test-01,img_6308,WZ-OSEG,-,26.216,0.9607,0.11,0.1982,sam_uploaded,1344.848,32624.0,187014.0,4.93
2026-09-03T08:24:43.327690,pi-test-01,img_6309,WZ-OSEG,-,26.174,0.958,0.2514,0.4018,sam_uploaded,1503.298,32624.0,189845.0,4.85
2026-09-03T08:24:45.396836,pi-test-01,img_6310,WZ-OSEG,-,26.174,0.958,0.2484,0.3979,sam_uploaded,1458.556,32624.0,189874.0,4.85
2026-09-03T08:24:47.439581,pi-test-01,img_6311,WZ-OSEG,-,26.174,0.958,0.2634,0.417,sam_uploaded,1443.372,32624.0,189834.0,4.85
2026-09-03T08:24:49.489614,pi-test-01,img_6312,WZ-OSEG,-,26.174,0.958,0.3503,0.5189,sam_uploaded,1463.46,32624.0,189890.0,4.85
2026-09-03T08:24:51.418153,pi-test-01,img_6313,WZ-OSEG,-,26.328,0.9484,0.333,0.4996,sam_uploaded,1336.808,32624.0,184145.0,5.0
2026-09-03T08:24:53.277730,pi-test-01,img_6314,WZ-OSEG,-,26.328,0.9484,0.3121,0.4757,sam_uploaded,1340.698,32624.0,184128.0,5.01
2026-09-03T08:24:55.188095,pi-test-01,img_6315,WZ-OSEG,-,26.328,0.9484,0.3211,0.4861,sam_uploaded,1397.827,32624.0,184136.0,5.0
2026-09-03T08:24:57.040063,pi-test-01,img_6316,WZ-OSEG,-,26.328,0.9484,0.3315,0.4979,sam_uploaded,1338.749,32624.0,184139.0,5.0
2026-09-03T08:24:59.094984,pi-test-01,img_6317,WZ-OSEG,-,24.118,0.9572,0.1299,0.2299,sam_uploaded,1361.866,32624.0,184997.0,4.98
2026-09-03T08:25:00.884341,pi-test-01,img_6318,WZ-OSEG,-,24.118,0.9572,0.1264,0.2244,sam_uploaded,1257.456,32624.0,184994.0,4.98
2026-09-03T08:25:02.775967,pi-test-01,img_6319,WZ-OSEG,-,24.118,0.9572,0.1309,0.2315,sam_uploaded,1273.067,32624.0,184975.0,4.98
2026-09-03T08:25:04.721767,pi-test-01,img_6320,WZ-OSEG,-,24.118,0.9572,0.1432,0.2505,sam_uploaded,1376.852,32624.0,185009.0,4.98
2026-09-03T08:25:06.598793,pi-test-01,img_6321,WZ-OSEG,-,25.809,0.9536,0.1314,0.2323,sam_uploaded,1285.922,32624.0,185135.0,4.98
2026-09-03T08:25:08.467975,pi-test-01,img_6322,WZ-OSEG,-,25.809,0.9536,0.1374,0.2416,sam_uploaded,1309.267,32624.0,185051.0,4.98
2026-09-03T08:25:10.304936,pi-test-01,img_6323,WZ-OSEG,-,25.809,0.9536,0.1357,0.239,sam_uploaded,1316.842,32624.0,185087.0,4.98
2026-09-03T08:25:12.148887,pi-test-01,img_6324,WZ-OSEG,-,25.809,0.9536,0.131,0.2317,sam_uploaded,1327.024,32624.0,185072.0,4.98
2026-09-03T08:25:14.393213,pi-test-01,img_6325,WZ-OSEG,-,25.507,0.9445,0.1724,0.2941,sam_uploaded,1581.274,32624.0,193545.0,4.76
2026-09-03T08:25:16.748821,pi-test-01,img_6326,WZ-OSEG,-,25.507,0.9445,0.1611,0.2775,sam_uploaded,1606.341,32624.0,193559.0,4.76
2026-09-03T08:25:19.011796,pi-test-01,img_6327,WZ-OSEG,-,25.507,0.9445,0.1652,0.2835,sam_uploaded,1602.761,32624.0,193543.0,4.76
2026-09-03T08:25:21.257058,pi-test-01,img_6328,WZ-OSEG,-,25.507,0.9445,0.1599,0.2757,sam_uploaded,1616.206,32624.0,193550.0,4.76
2026-09-03T08:25:23.272253,pi-test-01,img_6329,WZ-OSEG,-,19.887,0.9156,0.0923,0.169,sam_uploaded,1414.048,32624.0,192494.0,4.79
2026-09-03T08:25:25.247762,pi-test-01,img_6330,WZ-OSEG,-,19.887,0.9156,0.0919,0.1684,sam_uploaded,1322.677,32624.0,192453.0,4.79
2026-09-03T08:25:27.195556,pi-test-01,img_6331,WZ-OSEG,-,19.887,0.9156,0.1098,0.1978,sam_uploaded,1340.553,32624.0,192425.0,4.79
2026-09-03T08:25:29.148628,pi-test-01,img_6332,WZ-OSEG,-,19.887,0.9156,0.0934,0.1709,sam_uploaded,1304.267,32624.0,192535.0,4.79
2026-09-03T08:25:31.420863,pi-test-01,img_6333,WZ-OSEG,-,14.533,0.8103,0.586,0.739,sam_uploaded,1629.558,32624.0,201860.0,4.57
2026-09-03T08:25:33.693636,pi-test-01,img_6334,WZ-OSEG,-,14.533,0.8103,0.59,0.7422,sam_uploaded,1583.589,32624.0,201861.0,4.57
2026-09-03T08:25:36.083767,pi-test-01,img_6335,WZ-OSEG,-,14.533,0.8103,0.589,0.7414,sam_uploaded,1572.922,32624.0,201842.0,4.57
2026-09-03T08:25:38.383564,pi-test-01,img_6336,WZ-OSEG,-,14.533,0.8103,0.5867,0.7395,sam_uploaded,1552.636,32624.0,201866.0,4.57
2026-09-03T08:25:40.559376,pi-test-01,img_6337,WZ-OSEG,-,15.658,0.8388,0.4874,0.6554,sam_uploaded,1403.717,32624.0,197407.0,4.67
2026-09-03T08:25:42.614654,pi-test-01,img_6338,WZ-OSEG,-,15.658,0.8388,0.57,0.7261,sam_uploaded,1423.964,32624.0,197315.0,4.67
2026-09-03T08:25:44.719711,pi-test-01,img_6339,WZ-OSEG,-,15.658,0.8388,0.4843,0.6526,sam_uploaded,1414.79,32624.0,197378.0,4.67
2026-09-03T08:25:46.795413,pi-test-01,img_6340,WZ-OSEG,-,15.658,0.8388,0.4766,0.6455,sam_uploaded,1435.953,32624.0,197364.0,4.67
2026-09-03T08:25:48.933285,pi-test-01,img_6341,WZ-OSEG,-,16.499,0.878,0.6386,0.7794,sam_uploaded,1387.457,32624.0,200552.0,4.6
2026-09-03T08:25:51.006418,pi-test-01,img_6342,WZ-OSEG,-,16.499,0.878,0.6806,0.81,sam_uploaded,1385.844,32624.0,200506.0,4.6
2026-09-03T08:25:52.995504,pi-test-01,img_6343,WZ-OSEG,-,16.499,0.878,0.6743,0.8055,sam_uploaded,1381.425,32624.0,200539.0,4.6
2026-09-03T08:25:55.060785,pi-test-01,img_6344,WZ-OSEG,-,16.499,0.878,0.6316,0.7742,sam_uploaded,1385.152,32624.0,200523.0,4.6
2026-09-03T08:25:57.118310,pi-test-01,img_6345,WZ-OSEG,-,17.165,0.8766,0.68,0.8095,sam_uploaded,1408.264,32624.0,199816.0,4.61
2026-09-03T08:25:59.130477,pi-test-01,img_6346,WZ-OSEG,-,17.165,0.8766,0.6776,0.8078,sam_uploaded,1382.798,32624.0,199813.0,4.61
2026-09-03T08:26:01.191350,pi-test-01,img_6347,WZ-OSEG,-,17.165,0.8766,0.6789,0.8088,sam_uploaded,1434.446,32624.0,199839.0,4.61
2026-09-03T08:26:03.332997,pi-test-01,img_6348,WZ-OSEG,-,17.165,0.8766,0.6774,0.8077,sam_uploaded,1366.834,32624.0,199781.0,4.61
2026-09-03T08:26:05.760883,pi-test-01,img_6349,WZ-OSEG,-,18.745,0.8903,0.4287,0.6001,sam_uploaded,1772.415,32624.0,207956.0,4.43
2026-09-03T08:26:08.304955,pi-test-01,img_6350,WZ-OSEG,-,18.745,0.8903,0.4322,0.6035,sam_uploaded,1842.21,32624.0,207953.0,4.43
2026-09-03T08:26:10.760142,pi-test-01,img_6351,WZ-OSEG,-,18.745,0.8903,0.4331,0.6044,sam_uploaded,1801.786,32624.0,207949.0,4.43
2026-09-03T08:26:13.318765,pi-test-01,img_6352,WZ-OSEG,-,18.745,0.8903,0.4327,0.6041,sam_uploaded,1831.598,32624.0,207942.0,4.43
2026-09-03T08:26:16.009954,pi-test-01,img_6353,WZ-OSEG,-,16.135,0.8327,0.5405,0.7017,sam_uploaded,1813.739,32624.0,204528.0,4.51
2026-09-03T08:26:18.520324,pi-test-01,img_6354,WZ-OSEG,-,16.135,0.8327,0.5364,0.6983,sam_uploaded,1807.502,32624.0,204457.0,4.51
2026-09-03T08:26:20.997236,pi-test-01,img_6355,WZ-OSEG,-,16.135,0.8327,0.538,0.6996,sam_uploaded,1799.224,32624.0,204472.0,4.51
2026-09-03T08:26:23.572598,pi-test-01,img_6356,WZ-OSEG,-,16.135,0.8327,0.5367,0.6985,sam_uploaded,1816.933,32624.0,204512.0,4.51
2026-09-03T08:26:25.939761,pi-test-01,img_6357,WZ-OSEG,-,16.939,0.8632,0.6262,0.7702,sam_uploaded,1597.087,32624.0,198802.0,4.64
2026-09-03T08:26:28.358988,pi-test-01,img_6358,WZ-OSEG,-,16.939,0.8632,0.6378,0.7789,sam_uploaded,1542.28,32624.0,198856.0,4.63
2026-09-03T08:26:30.620242,pi-test-01,img_6359,WZ-OSEG,-,16.939,0.8632,0.6238,0.7683,sam_uploaded,1588.422,32624.0,198799.0,4.64
2026-09-03T08:26:32.874939,pi-test-01,img_6360,WZ-OSEG,-,16.939,0.8632,0.6302,0.7732,sam_uploaded,1575.541,32624.0,198874.0,4.63
2026-09-03T08:26:35.102478,pi-test-01,img_6361,WZ-OSEG,-,16.44,0.8263,0.5734,0.7289,sam_uploaded,1572.391,32624.0,197939.0,4.66
2026-09-03T08:26:37.318876,pi-test-01,img_6362,WZ-OSEG,-,16.44,0.8263,0.5766,0.7315,sam_uploaded,1624.809,32624.0,197966.0,4.66
2026-09-03T08:26:39.612491,pi-test-01,img_6363,WZ-OSEG,-,16.44,0.8263,0.5731,0.7286,sam_uploaded,1607.542,32624.0,197892.0,4.66
2026-09-03T08:26:41.864952,pi-test-01,img_6364,WZ-OSEG,-,16.44,0.8263,0.5773,0.732,sam_uploaded,1597.646,32624.0,197970.0,4.66
2026-09-03T08:26:44.379161,pi-test-01,img_6365,WZ-OSEG,-,15.8,0.8221,0.5866,0.7394,sam_uploaded,1751.248,32624.0,201833.0,4.57
2026-09-03T08:26:46.805088,pi-test-01,img_6366,WZ-OSEG,-,15.799,0.8221,0.5915,0.7434,sam_uploaded,1770.882,32624.0,201879.0,4.57
2026-09-03T08:26:49.273966,pi-test-01,img_6367,WZ-OSEG,-,15.8,0.8221,0.5895,0.7418,sam_uploaded,1739.127,32624.0,201864.0,4.57
2026-09-03T08:26:51.721877,pi-test-01,img_6368,WZ-OSEG,-,15.799,0.8221,0.5845,0.7377,sam_uploaded,1760.001,32624.0,201849.0,4.57
2026-09-03T08:26:54.084512,pi-test-01,img_6369,WZ-OSEG,-,17.215,0.843,0.5783,0.7328,sam_uploaded,1733.123,32624.0,199285.0,4.62
2026-09-03T08:26:56.528005,pi-test-01,img_6370,WZ-OSEG,-,17.215,0.843,0.5714,0.7273,sam_uploaded,1676.522,32624.0,199203.0,4.63
2026-09-03T08:26:58.889390,pi-test-01,img_6371,WZ-OSEG,-,17.215,0.843,0.573,0.7285,sam_uploaded,1716.419,32624.0,199242.0,4.63
2026-09-03T08:27:01.466627,pi-test-01,img_6372,WZ-OSEG,-,17.215,0.843,0.5741,0.7294,sam_uploaded,1713.809,32624.0,199245.0,4.63
2026-09-03T08:27:03.877693,pi-test-01,img_6373,WZ-OSEG,-,18.104,0.8451,0.4783,0.6471,sam_uploaded,1787.006,32624.0,198664.0,4.64
2026-09-03T08:27:06.274550,pi-test-01,img_6374,WZ-OSEG,-,18.103,0.8451,0.4703,0.6398,sam_uploaded,1786.528,32624.0,198629.0,4.64
2026-09-03T08:27:08.631111,pi-test-01,img_6375,WZ-OSEG,-,18.104,0.8451,0.4765,0.6454,sam_uploaded,1752.968,32624.0,198663.0,4.64
2026-09-03T08:27:11.056714,pi-test-01,img_6376,WZ-OSEG,-,18.103,0.8451,0.4694,0.6389,sam_uploaded,1738.489,32624.0,198614.0,4.64
2026-09-03T08:27:13.530514,pi-test-01,img_6377,WZ-OSEG,-,16.519,0.8367,0.4826,0.651,sam_uploaded,1683.601,32624.0,201936.0,4.56
2026-09-03T08:27:15.906824,pi-test-01,img_6378,WZ-OSEG,-,16.519,0.8367,0.4836,0.6519,sam_uploaded,1698.639,32624.0,201970.0,4.56
2026-09-03T08:27:18.428970,pi-test-01,img_6379,WZ-OSEG,-,16.519,0.8367,0.4915,0.659,sam_uploaded,1702.241,32624.0,201965.0,4.56
2026-09-03T08:27:20.811266,pi-test-01,img_6380,WZ-OSEG,-,16.519,0.8367,0.4794,0.6481,sam_uploaded,1708.407,32624.0,201898.0,4.56
2026-09-03T08:27:23.572654,pi-test-01,img_6381,WZ-OSEG,-,16.745,0.8136,0.5779,0.7325,sam_uploaded,2027.509,32624.0,204898.0,4.5
2026-09-03T08:27:26.217947,pi-test-01,img_6382,WZ-OSEG,-,16.745,0.8136,0.58,0.7342,sam_uploaded,1990.538,32624.0,204900.0,4.5
2026-09-03T08:27:29.047501,pi-test-01,img_6383,WZ-OSEG,-,16.745,0.8136,0.584,0.7374,sam_uploaded,2024.18,32624.0,204896.0,4.5
2026-09-03T08:27:31.698166,pi-test-01,img_6384,WZ-OSEG,-,16.745,0.8136,0.5791,0.7335,sam_uploaded,2000.405,32624.0,204917.0,4.5
2026-09-03T08:27:33.933247,pi-test-01,img_6385,WZ-OSEG,-,17.651,0.8662,0.4994,0.6661,sam_uploaded,1515.037,32624.0,193448.0,4.76
2026-09-03T08:27:36.110077,pi-test-01,img_6386,WZ-OSEG,-,17.651,0.8662,0.5789,0.7333,sam_uploaded,1527.822,32624.0,193452.0,4.76
2026-09-03T08:27:38.270299,pi-test-01,img_6387,WZ-OSEG,-,17.651,0.8662,0.503,0.6693,sam_uploaded,1520.717,32624.0,193409.0,4.77
2026-09-03T08:27:40.407599,pi-test-01,img_6388,WZ-OSEG,-,17.651,0.8662,0.58,0.7342,sam_uploaded,1505.04,32624.0,193480.0,4.76
2026-09-03T08:27:42.657459,pi-test-01,img_6389,WZ-OSEG,-,16.254,0.814,0.5991,0.7493,sam_uploaded,1651.193,32624.0,199237.0,4.63
2026-09-03T08:27:44.912233,pi-test-01,img_6390,WZ-OSEG,-,16.254,0.814,0.5946,0.7458,sam_uploaded,1652.342,32624.0,199210.0,4.63
2026-09-03T08:27:47.227332,pi-test-01,img_6391,WZ-OSEG,-,16.254,0.814,0.6016,0.7513,sam_uploaded,1669.426,32624.0,199221.0,4.63
2026-09-03T08:27:49.589537,pi-test-01,img_6392,WZ-OSEG,-,16.254,0.814,0.599,0.7492,sam_uploaded,1690.415,32624.0,199244.0,4.63
2026-09-03T08:27:51.753470,pi-test-01,img_6393,WZ-OSEG,-,16.385,0.817,0.536,0.6979,sam_uploaded,1566.187,32624.0,197473.0,4.67
2026-09-03T08:27:53.945585,pi-test-01,img_6394,WZ-OSEG,-,16.385,0.817,0.532,0.6946,sam_uploaded,1561.187,32624.0,197497.0,4.67
2026-09-03T08:27:56.115239,pi-test-01,img_6395,WZ-OSEG,-,16.385,0.817,0.5351,0.6972,sam_uploaded,1552.327,32624.0,197488.0,4.67
2026-09-03T08:27:58.382968,pi-test-01,img_6396,WZ-OSEG,-,16.385,0.817,0.5318,0.6943,sam_uploaded,1562.514,32624.0,197502.0,4.67
2026-09-03T08:28:00.434234,pi-test-01,img_6397,WZ-OSEG,-,16.377,0.8279,0.6947,0.8198,sam_uploaded,1224.818,32624.0,190118.0,4.85
2026-09-03T08:28:02.327794,pi-test-01,img_6398,WZ-OSEG,-,16.377,0.8279,0.6952,0.8202,sam_uploaded,1234.273,32624.0,190189.0,4.85
2026-09-03T08:28:04.172206,pi-test-01,img_6399,WZ-OSEG,-,16.377,0.8279,0.6893,0.816,sam_uploaded,1272.105,32624.0,190112.0,4.85
2026-09-03T08:28:06.046477,pi-test-01,img_6400,WZ-OSEG,-,16.377,0.8279,0.684,0.8123,sam_uploaded,1237.871,32624.0,190190.0,4.85
2026-09-03T08:28:08.050729,pi-test-01,img_6401,WZ-OSEG,-,15.205,0.7941,0.468,0.6376,sam_uploaded,1392.71,32624.0,191907.0,4.8
2026-09-03T08:28:10.095431,pi-test-01,img_6402,WZ-OSEG,-,15.205,0.794,0.4476,0.6184,sam_uploaded,1427.019,32624.0,191895.0,4.8
2026-09-03T08:28:12.086674,pi-test-01,img_6403,WZ-OSEG,-,15.205,0.7941,0.4445,0.6154,sam_uploaded,1432.973,32624.0,191858.0,4.8
2026-09-03T08:28:14.087047,pi-test-01,img_6404,WZ-OSEG,-,15.205,0.794,0.4432,0.6142,sam_uploaded,1423.616,32624.0,191955.0,4.8
2026-09-03T08:28:16.375680,pi-test-01,img_6405,WZ-OSEG,-,16.848,0.8246,0.3881,0.5592,sam_uploaded,1610.848,32624.0,197943.0,4.66
2026-09-03T08:28:18.630371,pi-test-01,img_6406,WZ-OSEG,-,16.849,0.8246,0.3867,0.5578,sam_uploaded,1610.244,32624.0,198074.0,4.65
2026-09-03T08:28:21.356186,pi-test-01,img_6407,WZ-OSEG,-,16.848,0.8246,0.3894,0.5606,sam_uploaded,1620.534,32624.0,198051.0,4.65
2026-09-03T08:28:23.736538,pi-test-01,img_6408,WZ-OSEG,-,16.849,0.8246,0.3843,0.5553,sam_uploaded,1608.223,32624.0,197988.0,4.65
2026-09-03T08:28:26.207124,pi-test-01,img_6409,WZ-OSEG,-,16.161,0.802,0.5881,0.7406,sam_uploaded,1856.511,32624.0,203154.0,4.54
2026-09-03T08:28:29.054653,pi-test-01,img_6410,WZ-OSEG,-,16.161,0.802,0.5816,0.7355,sam_uploaded,1843.224,32624.0,203158.0,4.54
2026-09-03T08:28:31.564217,pi-test-01,img_6411,WZ-OSEG,-,16.161,0.802,0.5866,0.7394,sam_uploaded,1842.323,32624.0,203148.0,4.54
2026-09-03T08:28:34.286665,pi-test-01,img_6412,WZ-OSEG,-,16.161,0.802,0.5791,0.7334,sam_uploaded,1894.687,32624.0,203167.0,4.54
2026-09-03T08:28:36.416504,pi-test-01,img_6413,WZ-OSEG,-,15.986,0.8689,0.7598,0.8635,sam_uploaded,1441.123,32624.0,202281.0,4.56
2026-09-03T08:28:38.549415,pi-test-01,img_6414,WZ-OSEG,-,15.986,0.8689,0.75,0.8572,sam_uploaded,1420.081,32624.0,202368.0,4.55
2026-09-03T08:28:40.658700,pi-test-01,img_6415,WZ-OSEG,-,15.986,0.8689,0.7625,0.8653,sam_uploaded,1457.262,32624.0,202299.0,4.56
2026-09-03T08:28:42.850661,pi-test-01,img_6416,WZ-OSEG,-,15.986,0.8689,0.7553,0.8606,sam_uploaded,1431.801,32624.0,202336.0,4.55
2026-09-03T08:28:45.115893,pi-test-01,img_6417,WZ-OSEG,-,14.985,0.8398,0.6985,0.8225,sam_uploaded,1622.081,32624.0,204772.0,4.5
2026-09-03T08:28:47.431764,pi-test-01,img_6418,WZ-OSEG,-,14.985,0.8398,0.6931,0.8187,sam_uploaded,1643.683,32624.0,204798.0,4.5
2026-09-03T08:28:49.789795,pi-test-01,img_6419,WZ-OSEG,-,14.985,0.8398,0.7091,0.8298,sam_uploaded,1691.585,32624.0,204775.0,4.5
2026-09-03T08:28:52.125312,pi-test-01,img_6420,WZ-OSEG,-,14.985,0.8398,0.7099,0.8303,sam_uploaded,1602.395,32624.0,204797.0,4.5
2026-09-03T08:28:54.177274,pi-test-01,img_6421,WZ-OSEG,-,16.964,0.8202,0.5652,0.7222,sam_uploaded,1398.048,32624.0,201014.0,4.58
2026-09-03T08:28:56.255505,pi-test-01,img_6422,WZ-OSEG,-,16.964,0.8202,0.5827,0.7363,sam_uploaded,1417.852,32624.0,200985.0,4.59
2026-09-03T08:28:58.246261,pi-test-01,img_6423,WZ-OSEG,-,16.964,0.8202,0.5735,0.729,sam_uploaded,1364.098,32624.0,200982.0,4.59
2026-09-03T08:29:00.436231,pi-test-01,img_6424,WZ-OSEG,-,16.964,0.8202,0.5804,0.7345,sam_uploaded,1417.571,32624.0,200999.0,4.59
2026-09-03T08:29:02.678004,pi-test-01,img_6425,WZ-OSEG,-,14.241,0.8043,0.6423,0.7822,sam_uploaded,1590.844,32624.0,202416.0,4.55
2026-09-03T08:29:04.935558,pi-test-01,img_6426,WZ-OSEG,-,14.241,0.8043,0.6445,0.7838,sam_uploaded,1627.848,32624.0,202407.0,4.55
2026-09-03T08:29:07.396950,pi-test-01,img_6427,WZ-OSEG,-,14.241,0.8043,0.6422,0.7821,sam_uploaded,1633.624,32624.0,202422.0,4.55
2026-09-03T08:29:09.602008,pi-test-01,img_6428,WZ-OSEG,-,14.241,0.8043,0.6406,0.781,sam_uploaded,1559.812,32624.0,202395.0,4.55
2026-09-03T08:29:11.977391,pi-test-01,img_6429,WZ-OSEG,-,13.978,0.7785,0.5796,0.7338,sam_uploaded,1455.324,32624.0,203215.0,4.54
2026-09-03T08:29:14.258558,pi-test-01,img_6430,WZ-OSEG,-,13.978,0.7785,0.5808,0.7348,sam_uploaded,1539.655,32624.0,203256.0,4.53
2026-09-03T08:29:16.521921,pi-test-01,img_6431,WZ-OSEG,-,13.978,0.7785,0.58,0.7342,sam_uploaded,1517.747,32624.0,203224.0,4.53
2026-09-03T08:29:18.769836,pi-test-01,img_6432,WZ-OSEG,-,13.978,0.7785,0.5814,0.7353,sam_uploaded,1495.049,32624.0,203210.0,4.54
2026-09-03T08:29:20.701712,pi-test-01,img_6433,WZ-OSEG,-,17.231,0.8386,0.6463,0.7852,sam_uploaded,1230.241,32624.0,198638.0,4.64
2026-09-03T08:29:22.692409,pi-test-01,img_6434,WZ-OSEG,-,17.231,0.8386,0.6498,0.7877,sam_uploaded,1284.607,32624.0,198621.0,4.64
2026-09-03T08:29:24.576457,pi-test-01,img_6435,WZ-OSEG,-,17.231,0.8386,0.6501,0.788,sam_uploaded,1229.347,32624.0,198617.0,4.64
2026-09-03T08:29:26.614564,pi-test-01,img_6436,WZ-OSEG,-,17.231,0.8386,0.6263,0.7702,sam_uploaded,1255.719,32624.0,198655.0,4.64
2026-09-03T08:29:29.126647,pi-test-01,img_6437,WZ-OSEG,-,15.062,0.7971,0.6265,0.7704,sam_uploaded,1769.211,32624.0,207224.0,4.45
2026-09-03T08:29:31.813923,pi-test-01,img_6438,WZ-OSEG,-,15.062,0.797,0.6223,0.7672,sam_uploaded,1817.823,32624.0,207176.0,4.45
2026-09-03T08:29:34.453039,pi-test-01,img_6439,WZ-OSEG,-,15.062,0.797,0.6289,0.7722,sam_uploaded,1835.368,32624.0,207210.0,4.45
2026-09-03T08:29:37.020820,pi-test-01,img_6440,WZ-OSEG,-,15.062,0.797,0.6306,0.7735,sam_uploaded,1834.142,32624.0,207204.0,4.45
2026-09-03T08:29:40.100101,pi-test-01,img_6441,WZ-OSEG,-,17.351,0.9168,0.4517,0.6223,sam_uploaded,2328.894,32624.0,213010.0,4.33
2026-09-03T08:29:43.244078,pi-test-01,img_6442,WZ-OSEG,-,17.35,0.9168,0.3344,0.5012,sam_uploaded,2322.248,32984.0,213002.0,4.33
2026-09-03T08:29:46.363490,pi-test-01,img_6443,WZ-OSEG,-,17.351,0.9168,0.4511,0.6218,sam_uploaded,2348.769,32984.0,212996.0,4.33
2026-09-03T08:29:49.539015,pi-test-01,img_6444,WZ-OSEG,-,17.35,0.9168,0.3317,0.4982,sam_uploaded,2382.803,32984.0,213012.0,4.33
2026-09-03T08:29:51.635259,pi-test-01,img_6445,WZ-OSEG,-,16.128,0.8642,0.7876,0.8812,sam_uploaded,1293.301,32984.0,199640.0,4.62
2026-09-03T08:29:53.661673,pi-test-01,img_6446,WZ-OSEG,-,16.128,0.8642,0.7893,0.8822,sam_uploaded,1299.91,32984.0,199649.0,4.62
2026-09-03T08:29:55.598868,pi-test-01,img_6447,WZ-OSEG,-,16.128,0.8642,0.7893,0.8823,sam_uploaded,1281.946,32984.0,199636.0,4.62
2026-09-03T08:29:57.549181,pi-test-01,img_6448,WZ-OSEG,-,16.128,0.8642,0.7876,0.8812,sam_uploaded,1289.993,32984.0,199642.0,4.62
2026-09-03T08:29:59.389031,pi-test-01,img_6449,WZ-OSEG,-,16.836,0.8793,0.8282,0.906,sam_uploaded,1221.448,32984.0,197627.0,4.66
2026-09-03T08:30:01.447545,pi-test-01,img_6450,WZ-OSEG,-,16.836,0.8793,0.819,0.9005,sam_uploaded,1249.115,32984.0,197656.0,4.66
2026-09-03T08:30:03.377061,pi-test-01,img_6451,WZ-OSEG,-,16.836,0.8793,0.8286,0.9063,sam_uploaded,1251.403,32984.0,197643.0,4.66
2026-09-03T08:30:05.347451,pi-test-01,img_6452,WZ-OSEG,-,16.836,0.8793,0.821,0.9017,sam_uploaded,1225.652,32984.0,197640.0,4.66
2026-09-03T08:30:07.653952,pi-test-01,img_6453,WZ-OSEG,-,16.24,0.8834,0.7724,0.8716,sam_uploaded,1560.24,32984.0,204669.0,4.5
2026-09-03T08:30:09.895744,pi-test-01,img_6454,WZ-OSEG,-,16.24,0.8834,0.7688,0.8693,sam_uploaded,1580.927,32984.0,204653.0,4.5
2026-09-03T08:30:12.153230,pi-test-01,img_6455,WZ-OSEG,-,16.24,0.8834,0.7722,0.8715,sam_uploaded,1553.798,32984.0,204636.0,4.5
2026-09-03T08:30:14.488482,pi-test-01,img_6456,WZ-OSEG,-,16.24,0.8834,0.7662,0.8676,sam_uploaded,1606.834,32984.0,204681.0,4.5
2026-09-03T08:30:16.899658,pi-test-01,img_6457,WZ-OSEG,-,13.829,0.7917,0.6572,0.7931,sam_uploaded,1715.406,32984.0,206793.0,4.46
2026-09-03T08:30:19.323289,pi-test-01,img_6458,WZ-OSEG,-,13.829,0.7917,0.6585,0.7941,sam_uploaded,1691.344,32984.0,206802.0,4.46
2026-09-03T08:30:21.703663,pi-test-01,img_6459,WZ-OSEG,-,13.829,0.7917,0.6567,0.7928,sam_uploaded,1724.974,32984.0,206781.0,4.46
2026-09-03T08:30:24.302249,pi-test-01,img_6460,WZ-OSEG,-,13.829,0.7917,0.6563,0.7925,sam_uploaded,1711.883,32984.0,206805.0,4.46
2026-09-03T08:30:27.657571,pi-test-01,img_6461,WZ-OSEG,-,15.869,0.886,0.4836,0.6519,sam_uploaded,2255.944,32984.0,211157.0,4.36
2026-09-03T08:30:30.633774,pi-test-01,img_6462,WZ-OSEG,-,15.869,0.886,0.48,0.6486,sam_uploaded,2264.718,32984.0,211161.0,4.36
2026-09-03T08:30:34.187942,pi-test-01,img_6463,WZ-OSEG,-,15.869,0.886,0.4876,0.6556,sam_uploaded,2234.335,32984.0,211161.0,4.36
2026-09-03T08:30:37.375892,pi-test-01,img_6464,WZ-OSEG,-,15.869,0.886,0.4815,0.65,sam_uploaded,2236.159,32984.0,211151.0,4.36
2026-09-03T08:30:40.015988,pi-test-01,img_6465,WZ-OSEG,-,15.533,0.8194,0.7066,0.8281,sam_uploaded,1808.19,32984.0,204778.0,4.5
2026-09-03T08:30:42.708045,pi-test-01,img_6466,WZ-OSEG,-,15.533,0.8194,0.7069,0.8283,sam_uploaded,1776.268,32984.0,204776.0,4.5
2026-09-03T08:30:45.209430,pi-test-01,img_6467,WZ-OSEG,-,15.533,0.8194,0.7025,0.8253,sam_uploaded,1827.742,32984.0,204773.0,4.5
2026-09-03T08:30:47.774078,pi-test-01,img_6468,WZ-OSEG,-,15.533,0.8194,0.7039,0.8262,sam_uploaded,1789.026,32984.0,204791.0,4.5
2026-09-03T08:30:49.433121,pi-test-01,img_6469,WZ-OSEG,-,12.966,0.801,0.6409,0.7811,sam_uploaded,1061.685,32984.0,190281.0,4.84
2026-09-03T08:30:51.078511,pi-test-01,img_6470,WZ-OSEG,-,12.966,0.801,0.7551,0.8605,sam_uploaded,1068.239,32984.0,190257.0,4.84
2026-09-03T08:30:52.754491,pi-test-01,img_6471,WZ-OSEG,-,12.966,0.801,0.7685,0.8691,sam_uploaded,1058.39,32984.0,190256.0,4.84
2026-09-03T08:30:54.677777,pi-test-01,img_6472,WZ-OSEG,-,12.966,0.801,0.8155,0.8984,sam_uploaded,1112.234,32984.0,190277.0,4.84
2026-09-03T08:30:56.310084,pi-test-01,img_6473,WZ-OSEG,-,11.932,0.7361,0.7855,0.8798,sam_uploaded,970.981,32984.0,187189.0,4.92
2026-09-03T08:30:57.887369,pi-test-01,img_6474,WZ-OSEG,-,11.932,0.7361,0.782,0.8776,sam_uploaded,983.449,32984.0,187124.0,4.93
2026-09-03T08:30:59.460696,pi-test-01,img_6475,WZ-OSEG,-,11.932,0.7361,0.7836,0.8787,sam_uploaded,1010.197,32984.0,187176.0,4.92
2026-09-03T08:31:00.976115,pi-test-01,img_6476,WZ-OSEG,-,11.932,0.7361,0.7812,0.8771,sam_uploaded,984.405,32984.0,187134.0,4.92
2026-09-03T08:31:02.548066,pi-test-01,img_6477,WZ-OSEG,-,12.002,0.6785,0.6391,0.7798,sam_uploaded,991.681,32984.0,185711.0,4.96
2026-09-03T08:31:04.168627,pi-test-01,img_6478,WZ-OSEG,-,12.002,0.6785,0.606,0.7547,sam_uploaded,1021.985,32984.0,185626.0,4.96
2026-09-03T08:31:05.704913,pi-test-01,img_6479,WZ-OSEG,-,12.002,0.6785,0.6368,0.7781,sam_uploaded,993.331,32984.0,185646.0,4.96
2026-09-03T08:31:07.376905,pi-test-01,img_6480,WZ-OSEG,-,12.002,0.6785,0.6023,0.7518,sam_uploaded,991.069,32984.0,185686.0,4.96
2026-09-03T08:31:09.006356,pi-test-01,img_6481,WZ-OSEG,-,11.731,0.7359,0.7611,0.8643,sam_uploaded,1077.174,32984.0,189223.0,4.87
2026-09-03T08:31:10.655731,pi-test-01,img_6482,WZ-OSEG,-,11.731,0.7359,0.6806,0.81,sam_uploaded,1072.612,32984.0,189200.0,4.87
2026-09-03T08:31:12.305784,pi-test-01,img_6483,WZ-OSEG,-,11.731,0.7359,0.7264,0.8416,sam_uploaded,1020.601,32984.0,189235.0,4.87
2026-09-03T08:31:14.047217,pi-test-01,img_6484,WZ-OSEG,-,11.731,0.7359,0.6839,0.8123,sam_uploaded,1063.531,32984.0,189186.0,4.87
2026-09-03T08:31:15.798461,pi-test-01,img_6485,WZ-OSEG,-,11.571,0.774,0.8107,0.8955,sam_uploaded,1168.171,32984.0,194419.0,4.74
2026-09-03T08:31:17.636180,pi-test-01,img_6486,WZ-OSEG,-,11.571,0.774,0.8092,0.8946,sam_uploaded,1169.575,32984.0,194401.0,4.74
2026-09-03T08:31:19.540107,pi-test-01,img_6487,WZ-OSEG,-,11.571,0.774,0.8104,0.8952,sam_uploaded,1157.333,32984.0,194435.0,4.74
2026-09-03T08:31:21.408461,pi-test-01,img_6488,WZ-OSEG,-,11.571,0.774,0.8121,0.8963,sam_uploaded,1209.969,32984.0,194403.0,4.74
2026-09-03T08:31:23.129378,pi-test-01,img_6489,WZ-OSEG,-,12.488,0.6671,0.6569,0.7929,sam_uploaded,1053.97,32984.0,191178.0,4.82
2026-09-03T08:31:24.922875,pi-test-01,img_6490,WZ-OSEG,-,12.488,0.6671,0.6419,0.7819,sam_uploaded,1061.131,32984.0,191183.0,4.82
2026-09-03T08:31:26.621919,pi-test-01,img_6491,WZ-OSEG,-,12.488,0.6671,0.6808,0.8101,sam_uploaded,1104.774,32984.0,191133.0,4.82
2026-09-03T08:31:28.250119,pi-test-01,img_6492,WZ-OSEG,-,12.488,0.6671,0.6049,0.7538,sam_uploaded,1008.215,32984.0,191207.0,4.82
2026-09-03T08:31:30.011595,pi-test-01,img_6493,WZ-OSEG,-,12.144,0.7219,0.7666,0.8679,sam_uploaded,1108.459,32984.0,196451.0,4.69
2026-09-03T08:31:31.761542,pi-test-01,img_6494,WZ-OSEG,-,12.144,0.7219,0.7652,0.867,sam_uploaded,1092.626,32984.0,196402.0,4.69
2026-09-03T08:31:33.501318,pi-test-01,img_6495,WZ-OSEG,-,12.144,0.7219,0.7684,0.8691,sam_uploaded,1109.023,32984.0,196442.0,4.69
2026-09-03T08:31:35.215524,pi-test-01,img_6496,WZ-OSEG,-,12.144,0.7219,0.7692,0.8696,sam_uploaded,1114.859,32984.0,196421.0,4.69
2026-09-03T08:31:37.061536,pi-test-01,img_6497,WZ-OSEG,-,12.673,0.7898,0.6476,0.7861,sam_uploaded,1238.829,32984.0,193606.0,4.76
2026-09-03T08:31:38.858771,pi-test-01,img_6498,WZ-OSEG,-,12.673,0.7898,0.6055,0.7543,sam_uploaded,1216.974,32984.0,193611.0,4.76
2026-09-03T08:31:40.611644,pi-test-01,img_6499,WZ-OSEG,-,12.673,0.7898,0.6427,0.7825,sam_uploaded,1183.375,32984.0,193616.0,4.76
2026-09-03T08:31:42.491172,pi-test-01,img_6500,WZ-OSEG,-,12.673,0.7898,0.6093,0.7572,sam_uploaded,1242.965,32984.0,193599.0,4.76
2026-09-03T08:31:44.608717,pi-test-01,img_6501,WZ-OSEG,-,12.171,0.7676,0.6806,0.8099,sam_uploaded,1373.149,32984.0,200599.0,4.59
2026-09-03T08:31:46.636959,pi-test-01,img_6502,WZ-OSEG,-,12.171,0.7676,0.5806,0.7346,sam_uploaded,1406.741,32984.0,200653.0,4.59
2026-09-03T08:31:48.693522,pi-test-01,img_6503,WZ-OSEG,-,12.171,0.7676,0.6256,0.7697,sam_uploaded,1401.112,32984.0,200622.0,4.59
2026-09-03T08:31:50.770717,pi-test-01,img_6504,WZ-OSEG,-,12.171,0.7676,0.6402,0.7807,sam_uploaded,1405.238,32984.0,200639.0,4.59
2026-09-03T08:31:52.492425,pi-test-01,img_6505,WZ-OSEG,-,15.146,0.7801,0.7248,0.8405,sam_uploaded,1135.116,32984.0,195516.0,4.71
2026-09-03T08:31:54.275643,pi-test-01,img_6506,WZ-OSEG,-,15.146,0.7801,0.7154,0.8341,sam_uploaded,1092.494,32984.0,195508.0,4.71
2026-09-03T08:31:56.013940,pi-test-01,img_6507,WZ-OSEG,-,15.146,0.7801,0.7267,0.8417,sam_uploaded,1096.184,32984.0,195488.0,4.71
2026-09-03T08:31:57.760560,pi-test-01,img_6508,WZ-OSEG,-,15.146,0.7801,0.7115,0.8314,sam_uploaded,1096.871,32984.0,195489.0,4.71
2026-09-03T08:31:59.306063,pi-test-01,img_6509,WZ-OSEG,-,14.439,0.847,0.855,0.9218,sam_uploaded,967.583,32984.0,188574.0,4.89
2026-09-03T08:32:00.834923,pi-test-01,img_6510,WZ-OSEG,-,14.439,0.847,0.7941,0.8853,sam_uploaded,965.517,32984.0,188627.0,4.89
2026-09-03T08:32:02.389824,pi-test-01,img_6511,WZ-OSEG,-,14.439,0.847,0.7712,0.8708,sam_uploaded,992.299,32984.0,188591.0,4.89
2026-09-03T08:32:04.103174,pi-test-01,img_6512,WZ-OSEG,-,14.439,0.847,0.8107,0.8955,sam_uploaded,945.875,32984.0,188618.0,4.89
2026-09-03T08:32:05.981388,pi-test-01,img_6513,WZ-OSEG,-,12.965,0.7273,0.6326,0.7749,sam_uploaded,1166.344,32984.0,194106.0,4.75
2026-09-03T08:32:07.883425,pi-test-01,img_6514,WZ-OSEG,-,12.965,0.7274,0.5935,0.7449,sam_uploaded,1187.6,32984.0,194111.0,4.75
2026-09-03T08:32:09.647379,pi-test-01,img_6515,WZ-OSEG,-,12.965,0.7273,0.631,0.7738,sam_uploaded,1156.394,32984.0,194089.0,4.75
2026-09-03T08:32:11.410273,pi-test-01,img_6516,WZ-OSEG,-,12.965,0.7273,0.6015,0.7512,sam_uploaded,1157.918,32984.0,194091.0,4.75
2026-09-03T08:32:13.404766,pi-test-01,img_6517,WZ-OSEG,-,12.975,0.7641,0.6583,0.7939,sam_uploaded,1330.731,32984.0,200362.0,4.6
2026-09-03T08:32:15.333513,pi-test-01,img_6518,WZ-OSEG,-,12.976,0.7641,0.6699,0.8024,sam_uploaded,1273.397,32984.0,200424.0,4.6
2026-09-03T08:32:17.259006,pi-test-01,img_6519,WZ-OSEG,-,12.975,0.7641,0.6743,0.8054,sam_uploaded,1312.246,32984.0,200393.0,4.6
2026-09-03T08:32:19.217243,pi-test-01,img_6520,WZ-OSEG,-,12.976,0.7641,0.5913,0.7432,sam_uploaded,1268.091,32984.0,200382.0,4.6
2026-09-03T08:32:21.345968,pi-test-01,img_6521,WZ-OSEG,-,13.158,0.7546,0.7106,0.8308,sam_uploaded,1332.208,32984.0,200637.0,4.59
2026-09-03T08:32:23.391325,pi-test-01,img_6522,WZ-OSEG,-,13.158,0.7546,0.7112,0.8312,sam_uploaded,1329.633,32984.0,200644.0,4.59
2026-09-03T08:32:25.442101,pi-test-01,img_6523,WZ-OSEG,-,13.158,0.7546,0.7066,0.8281,sam_uploaded,1314.622,32984.0,200625.0,4.59
2026-09-03T08:32:27.486000,pi-test-01,img_6524,WZ-OSEG,-,13.158,0.7546,0.6966,0.8212,sam_uploaded,1348.745,32984.0,200652.0,4.59
2026-09-03T08:32:29.678080,pi-test-01,img_6525,WZ-OSEG,-,16.369,0.8746,0.552,0.7113,sam_uploaded,1553.712,32984.0,200603.0,4.59
2026-09-03T08:32:31.865663,pi-test-01,img_6526,WZ-OSEG,-,16.369,0.8746,0.5381,0.6997,sam_uploaded,1576.565,32984.0,200629.0,4.59
2026-09-03T08:32:34.125749,pi-test-01,img_6527,WZ-OSEG,-,16.369,0.8746,0.5402,0.7015,sam_uploaded,1642.444,32984.0,200641.0,4.59
2026-09-03T08:32:36.359469,pi-test-01,img_6528,WZ-OSEG,-,16.369,0.8746,0.5561,0.7147,sam_uploaded,1592.084,32984.0,200608.0,4.59
2026-09-03T08:32:38.208140,pi-test-01,img_6529,WZ-OSEG,-,17.165,0.8624,0.7144,0.8334,sam_uploaded,1197.04,32984.0,190296.0,4.84
2026-09-03T08:32:40.031905,pi-test-01,img_6530,WZ-OSEG,-,17.165,0.8624,0.645,0.7842,sam_uploaded,1203.09,32984.0,190363.0,4.84
2026-09-03T08:32:41.870306,pi-test-01,img_6531,WZ-OSEG,-,17.165,0.8624,0.7176,0.8356,sam_uploaded,1194.183,32984.0,190319.0,4.84
2026-09-03T08:32:43.669389,pi-test-01,img_6532,WZ-OSEG,-,17.165,0.8624,0.6171,0.7632,sam_uploaded,1231.484,32984.0,190318.0,4.84
2026-09-03T08:32:45.581382,pi-test-01,img_6533,WZ-OSEG,-,15.681,0.8127,0.7031,0.8256,sam_uploaded,1278.179,32984.0,195811.0,4.71
2026-09-03T08:32:47.517912,pi-test-01,img_6534,WZ-OSEG,-,15.681,0.8127,0.697,0.8215,sam_uploaded,1274.884,32984.0,195786.0,4.71
2026-09-03T08:32:49.429670,pi-test-01,img_6535,WZ-OSEG,-,15.681,0.8127,0.6988,0.8227,sam_uploaded,1290.283,32984.0,195821.0,4.71
2026-09-03T08:32:51.348766,pi-test-01,img_6536,WZ-OSEG,-,15.681,0.8127,0.6968,0.8213,sam_uploaded,1273.465,32984.0,195766.0,4.71
2026-09-03T08:32:53.380334,pi-test-01,img_6537,WZ-OSEG,-,16.684,0.8948,0.8034,0.891,sam_uploaded,1421.329,32984.0,200627.0,4.59
2026-09-03T08:32:55.437544,pi-test-01,img_6538,WZ-OSEG,-,16.684,0.8948,0.814,0.8974,sam_uploaded,1411.527,32984.0,200688.0,4.59
2026-09-03T08:32:57.492301,pi-test-01,img_6539,WZ-OSEG,-,16.684,0.8948,0.8023,0.8903,sam_uploaded,1411.359,32984.0,200650.0,4.59
2026-09-03T08:32:59.678102,pi-test-01,img_6540,WZ-OSEG,-,16.684,0.8948,0.8051,0.892,sam_uploaded,1405.825,32984.0,200650.0,4.59
2026-09-03T08:33:01.744807,pi-test-01,img_6541,WZ-OSEG,-,14.799,0.8039,0.6664,0.7998,sam_uploaded,1400.569,32984.0,199235.0,4.63
2026-09-03T08:33:03.863708,pi-test-01,img_6542,WZ-OSEG,-,14.8,0.8039,0.665,0.7988,sam_uploaded,1376.846,32984.0,199224.0,4.63
2026-09-03T08:33:05.840861,pi-test-01,img_6543,WZ-OSEG,-,14.799,0.8039,0.6717,0.8036,sam_uploaded,1352.431,32984.0,199246.0,4.63
2026-09-03T08:33:07.860063,pi-test-01,img_6544,WZ-OSEG,-,14.8,0.8039,0.6647,0.7986,sam_uploaded,1374.873,32984.0,199229.0,4.63
2026-09-03T08:33:09.722854,pi-test-01,img_6545,WZ-OSEG,-,14.561,0.7426,0.6586,0.7942,sam_uploaded,1194.829,32984.0,192454.0,4.79
2026-09-03T08:33:11.696670,pi-test-01,img_6546,WZ-OSEG,-,14.561,0.7426,0.6653,0.799,sam_uploaded,1172.858,32984.0,192365.0,4.79
2026-09-03T08:33:13.529183,pi-test-01,img_6547,WZ-OSEG,-,14.561,0.7426,0.6674,0.8006,sam_uploaded,1169.099,32984.0,192378.0,4.79
2026-09-03T08:33:15.377859,pi-test-01,img_6548,WZ-OSEG,-,14.561,0.7426,0.6747,0.8057,sam_uploaded,1258.38,32984.0,192449.0,4.79
2026-09-03T08:33:17.606715,pi-test-01,img_6549,WZ-OSEG,-,15.889,0.8054,0.6636,0.7978,sam_uploaded,1610.249,32984.0,202737.0,4.55
2026-09-03T08:33:19.848881,pi-test-01,img_6550,WZ-OSEG,-,15.889,0.8054,0.6567,0.7928,sam_uploaded,1610.363,32984.0,202719.0,4.55
2026-09-03T08:33:22.058778,pi-test-01,img_6551,WZ-OSEG,-,15.889,0.8054,0.6473,0.7859,sam_uploaded,1582.667,32984.0,202692.0,4.55
2026-09-03T08:33:24.421697,pi-test-01,img_6552,WZ-OSEG,-,15.889,0.8054,0.659,0.7944,sam_uploaded,1620.05,32984.0,202749.0,4.55
2026-09-03T08:33:26.010080,pi-test-01,img_6553,WZ-OSEG,-,16.649,0.8727,0.2104,0.3476,sam_uploaded,1039.961,32984.0,185391.0,4.97
2026-09-03T08:33:27.646256,pi-test-01,img_6554,WZ-OSEG,-,16.649,0.8727,0.2301,0.3741,sam_uploaded,1007.876,32984.0,185467.0,4.97
2026-09-03T08:33:29.264699,pi-test-01,img_6555,WZ-OSEG,-,16.649,0.8727,0.2083,0.3448,sam_uploaded,1048.077,32984.0,185429.0,4.97
2026-09-03T08:33:30.903773,pi-test-01,img_6556,WZ-OSEG,-,16.649,0.8727,0.1677,0.2872,sam_uploaded,1093.08,32984.0,185425.0,4.97
2026-09-03T08:33:32.701191,pi-test-01,img_6557,WZ-OSEG,-,15.203,0.7588,0.6947,0.8199,sam_uploaded,1162.244,32984.0,187748.0,4.91
2026-09-03T08:33:34.486743,pi-test-01,img_6558,WZ-OSEG,-,15.204,0.7588,0.6169,0.763,sam_uploaded,1235.708,32984.0,187704.0,4.91
2026-09-03T08:33:36.333819,pi-test-01,img_6559,WZ-OSEG,-,15.203,0.7588,0.6593,0.7947,sam_uploaded,1200.107,32984.0,187746.0,4.91
2026-09-03T08:33:38.147588,pi-test-01,img_6560,WZ-OSEG,-,15.204,0.7588,0.6982,0.8223,sam_uploaded,1228.687,32984.0,187696.0,4.91
2026-09-03T08:33:39.911201,pi-test-01,img_6561,WZ-OSEG,-,15.164,0.8375,0.7874,0.881,sam_uploaded,1189.746,32984.0,190494.0,4.84
2026-09-03T08:33:41.737746,pi-test-01,img_6562,WZ-OSEG,-,15.164,0.8375,0.8707,0.9309,sam_uploaded,1157.404,32984.0,190576.0,4.84
2026-09-03T08:33:43.470147,pi-test-01,img_6563,WZ-OSEG,-,15.164,0.8375,0.8634,0.9267,sam_uploaded,1115.137,32984.0,190614.0,4.83
2026-09-03T08:33:45.255943,pi-test-01,img_6564,WZ-OSEG,-,15.164,0.8375,0.7786,0.8755,sam_uploaded,1159.005,32984.0,190481.0,4.84
2026-09-03T08:33:46.837889,pi-test-01,img_6565,WZ-OSEG,-,14.934,0.82,0.4402,0.6113,sam_uploaded,1045.518,32984.0,185916.0,4.96
2026-09-03T08:33:48.425922,pi-test-01,img_6566,WZ-OSEG,-,14.934,0.8201,0.5714,0.7273,sam_uploaded,984.104,32984.0,185995.0,4.95
2026-09-03T08:33:50.102892,pi-test-01,img_6567,WZ-OSEG,-,14.934,0.82,0.4426,0.6136,sam_uploaded,1031.687,32984.0,185961.0,4.96
2026-09-03T08:33:51.759883,pi-test-01,img_6568,WZ-OSEG,-,14.934,0.8201,0.4513,0.6219,sam_uploaded,992.002,32984.0,185959.0,4.96
2026-09-03T08:33:53.462529,pi-test-01,img_6569,WZ-OSEG,-,15.393,0.8673,0.5972,0.7478,sam_uploaded,1160.913,32984.0,185524.0,4.97
2026-09-03T08:33:55.170116,pi-test-01,img_6570,WZ-OSEG,-,15.393,0.8673,0.6392,0.7799,sam_uploaded,1149.805,32984.0,185487.0,4.97
2026-09-03T08:33:56.913783,pi-test-01,img_6571,WZ-OSEG,-,15.393,0.8673,0.6192,0.7648,sam_uploaded,1187.553,32984.0,185567.0,4.97
2026-09-03T08:33:58.594284,pi-test-01,img_6572,WZ-OSEG,-,15.393,0.8673,0.6271,0.7709,sam_uploaded,1143.723,32984.0,185416.0,4.97
2026-09-03T08:34:00.337078,pi-test-01,img_6573,WZ-OSEG,-,21.643,0.9376,0.7502,0.8573,sam_uploaded,1138.751,32984.0,187838.0,4.91
2026-09-03T08:34:02.197204,pi-test-01,img_6574,WZ-OSEG,-,21.642,0.9376,0.7511,0.8579,sam_uploaded,1227.301,32984.0,187862.0,4.91
2026-09-03T08:34:03.993703,pi-test-01,img_6575,WZ-OSEG,-,21.643,0.9376,0.7519,0.8584,sam_uploaded,1203.09,32984.0,187873.0,4.91
2026-09-03T08:34:05.794889,pi-test-01,img_6576,WZ-OSEG,-,21.642,0.9376,0.6177,0.7637,sam_uploaded,1216.64,32984.0,187826.0,4.91
2026-09-03T08:34:07.622847,pi-test-01,img_6577,WZ-OSEG,-,15.394,0.82,0.6202,0.7656,sam_uploaded,1238.597,32984.0,197253.0,4.67
2026-09-03T08:34:09.532141,pi-test-01,img_6578,WZ-OSEG,-,15.394,0.82,0.6293,0.7725,sam_uploaded,1308.139,32984.0,197310.0,4.67
2026-09-03T08:34:11.371412,pi-test-01,img_6579,WZ-OSEG,-,15.394,0.82,0.4676,0.6373,sam_uploaded,1232.153,32984.0,197305.0,4.67
2026-09-03T08:34:13.343528,pi-test-01,img_6580,WZ-OSEG,-,15.394,0.82,0.5451,0.7056,sam_uploaded,1352.944,32984.0,197228.0,4.67
2026-09-03T08:34:15.254706,pi-test-01,img_6581,WZ-OSEG,-,14.67,0.8653,0.3047,0.4671,sam_uploaded,1289.11,32984.0,187600.0,4.91
2026-09-03T08:34:17.161896,pi-test-01,img_6582,WZ-OSEG,-,14.67,0.8653,0.3007,0.4624,sam_uploaded,1328.983,32984.0,187692.0,4.91
2026-09-03T08:34:19.036829,pi-test-01,img_6583,WZ-OSEG,-,14.67,0.8653,0.483,0.6514,sam_uploaded,1294.765,32984.0,187670.0,4.91
2026-09-03T08:34:20.877938,pi-test-01,img_6584,WZ-OSEG,-,14.67,0.8653,0.524,0.6877,sam_uploaded,1272.945,32984.0,187622.0,4.91
2026-09-03T08:34:22.768241,pi-test-01,img_6585,WZ-OSEG,-,13.568,0.7837,0.4982,0.665,sam_uploaded,1332.958,32984.0,191283.0,4.82
2026-09-03T08:34:24.690108,pi-test-01,img_6586,WZ-OSEG,-,13.568,0.7837,0.456,0.6264,sam_uploaded,1336.592,32984.0,191277.0,4.82
2026-09-03T08:34:26.609593,pi-test-01,img_6587,WZ-OSEG,-,13.568,0.7837,0.4919,0.6595,sam_uploaded,1349.444,32984.0,191323.0,4.82
2026-09-03T08:34:28.476216,pi-test-01,img_6588,WZ-OSEG,-,13.568,0.7837,0.4067,0.5782,sam_uploaded,1283.85,32984.0,191247.0,4.82
2026-09-03T08:34:30.103381,pi-test-01,img_6589,WZ-OSEG,-,15.053,0.8074,0.5893,0.7416,sam_uploaded,1054.319,32984.0,187661.0,4.91
2026-09-03T08:34:31.751899,pi-test-01,img_6590,WZ-OSEG,-,15.053,0.8074,0.3673,0.5373,sam_uploaded,1075.98,32984.0,187679.0,4.91
2026-09-03T08:34:33.380767,pi-test-01,img_6591,WZ-OSEG,-,15.053,0.8074,0.5985,0.7489,sam_uploaded,1034.691,32984.0,187755.0,4.91
2026-09-03T08:34:35.048363,pi-test-01,img_6592,WZ-OSEG,-,15.053,0.8074,0.3285,0.4946,sam_uploaded,1093.537,32984.0,187567.0,4.91
2026-09-03T08:34:36.768667,pi-test-01,img_6593,WZ-OSEG,-,14.538,0.8705,0.6299,0.7729,sam_uploaded,1145.751,32984.0,182753.0,5.04
2026-09-03T08:34:38.511178,pi-test-01,img_6594,WZ-OSEG,-,14.538,0.8705,0.6318,0.7743,sam_uploaded,1171.968,32984.0,182939.0,5.04
2026-09-03T08:34:40.196672,pi-test-01,img_6595,WZ-OSEG,-,14.538,0.8705,0.6278,0.7714,sam_uploaded,1149.014,32984.0,182911.0,5.04
2026-09-03T08:34:41.916289,pi-test-01,img_6596,WZ-OSEG,-,14.538,0.8705,0.6323,0.7747,sam_uploaded,1168.621,32984.0,182837.0,5.04
2026-09-03T08:34:43.757906,pi-test-01,img_6597,WZ-OSEG,-,14.059,0.8062,0.5667,0.7234,sam_uploaded,1214.182,32984.0,189001.0,4.88
2026-09-03T08:34:45.564977,pi-test-01,img_6598,WZ-OSEG,-,14.059,0.8062,0.5845,0.7378,sam_uploaded,1201.481,32984.0,189147.0,4.87
2026-09-03T08:34:47.311334,pi-test-01,img_6599,WZ-OSEG,-,14.059,0.8062,0.616,0.7624,sam_uploaded,1181.352,32984.0,189089.0,4.87
2026-09-03T08:34:49.100626,pi-test-01,img_6600,WZ-OSEG,-,14.059,0.8062,0.5326,0.6951,sam_uploaded,1216.487,32984.0,189059.0,4.87
2026-09-03T08:34:50.699042,pi-test-01,img_6601,WZ-OSEG,-,15.284,0.8324,0.5002,0.6669,sam_uploaded,1015.351,32984.0,187890.0,4.9
2026-09-03T08:34:52.365131,pi-test-01,img_6602,WZ-OSEG,-,15.284,0.8324,0.4031,0.5745,sam_uploaded,1009.471,32984.0,187903.0,4.9
2026-09-03T08:34:54.067554,pi-test-01,img_6603,WZ-OSEG,-,15.284,0.8324,0.5471,0.7072,sam_uploaded,1050.967,32984.0,187958.0,4.9
2026-09-03T08:34:55.762219,pi-test-01,img_6604,WZ-OSEG,-,15.284,0.8324,0.4891,0.6569,sam_uploaded,1038.861,32984.0,187838.0,4.91
2026-09-03T08:34:57.684622,pi-test-01,img_6605,WZ-OSEG,-,14.361,0.8007,0.6621,0.7967,sam_uploaded,1311.443,32984.0,196783.0,4.68
2026-09-03T08:34:59.646662,pi-test-01,img_6606,WZ-OSEG,-,14.361,0.8007,0.601,0.7508,sam_uploaded,1368.004,32984.0,196811.0,4.68
2026-09-03T08:35:01.673192,pi-test-01,img_6607,WZ-OSEG,-,14.361,0.8007,0.6677,0.8007,sam_uploaded,1344.623,32984.0,196803.0,4.68
2026-09-03T08:35:03.715967,pi-test-01,img_6608,WZ-OSEG,-,14.361,0.8007,0.6507,0.7884,sam_uploaded,1351.439,32984.0,196781.0,4.68
2026-09-03T08:35:05.746642,pi-test-01,img_6609,WZ-OSEG,-,17.067,0.8549,0.5653,0.7223,sam_uploaded,1362.618,32984.0,196039.0,4.7
2026-09-03T08:35:07.806005,pi-test-01,img_6610,WZ-OSEG,-,17.067,0.8549,0.5687,0.7251,sam_uploaded,1393.26,32984.0,196023.0,4.7
2026-09-03T08:35:09.785225,pi-test-01,img_6611,WZ-OSEG,-,17.067,0.8549,0.5684,0.7248,sam_uploaded,1397.77,32984.0,196009.0,4.7
2026-09-03T08:35:11.796278,pi-test-01,img_6612,WZ-OSEG,-,17.067,0.8549,0.5754,0.7305,sam_uploaded,1408.506,32984.0,196027.0,4.7
2026-09-03T08:35:13.991617,pi-test-01,img_6613,WZ-OSEG,-,18.109,0.8436,0.5159,0.6807,sam_uploaded,1526.024,32984.0,199564.0,4.62
2026-09-03T08:35:16.187445,pi-test-01,img_6614,WZ-OSEG,-,18.109,0.8436,0.5135,0.6786,sam_uploaded,1512.917,32984.0,199547.0,4.62
2026-09-03T08:35:18.321804,pi-test-01,img_6615,WZ-OSEG,-,18.109,0.8436,0.5087,0.6744,sam_uploaded,1470.161,32984.0,199542.0,4.62
2026-09-03T08:35:20.479787,pi-test-01,img_6616,WZ-OSEG,-,18.109,0.8436,0.5143,0.6793,sam_uploaded,1557.178,32984.0,199551.0,4.62
2026-09-03T08:35:22.452366,pi-test-01,img_6617,WZ-OSEG,-,11.811,0.7338,0.6933,0.8189,sam_uploaded,1386.919,32984.0,196496.0,4.69
2026-09-03T08:35:24.422894,pi-test-01,img_6618,WZ-OSEG,-,11.811,0.7338,0.6957,0.8205,sam_uploaded,1379.646,32984.0,196551.0,4.69
2026-09-03T08:35:26.413063,pi-test-01,img_6619,WZ-OSEG,-,11.811,0.7338,0.5836,0.737,sam_uploaded,1406.272,32984.0,196580.0,4.69
2026-09-03T08:35:28.468710,pi-test-01,img_6620,WZ-OSEG,-,11.811,0.7338,0.6917,0.8177,sam_uploaded,1393.607,32984.0,196521.0,4.69
2026-09-03T08:35:30.528492,pi-test-01,img_6621,WZ-OSEG,-,16.191,0.8343,0.4295,0.6009,sam_uploaded,1461.78,32984.0,197163.0,4.67
2026-09-03T08:35:32.593915,pi-test-01,img_6622,WZ-OSEG,-,16.191,0.8343,0.4102,0.5818,sam_uploaded,1468.995,32984.0,197130.0,4.68
2026-09-03T08:35:34.841676,pi-test-01,img_6623,WZ-OSEG,-,16.191,0.8343,0.4595,0.6297,sam_uploaded,1466.232,32984.0,197123.0,4.68
2026-09-03T08:35:36.886893,pi-test-01,img_6624,WZ-OSEG,-,16.191,0.8343,0.5418,0.7028,sam_uploaded,1459.38,32984.0,197189.0,4.67
2026-09-03T08:35:38.596686,pi-test-01,img_6625,WZ-OSEG,-,15.003,0.863,0.6738,0.8051,sam_uploaded,1125.239,32984.0,187870.0,4.91
2026-09-03T08:35:40.533312,pi-test-01,img_6626,WZ-OSEG,-,15.003,0.863,0.7938,0.8851,sam_uploaded,1132.114,32984.0,187884.0,4.91
2026-09-03T08:35:42.420486,pi-test-01,img_6627,WZ-OSEG,-,15.003,0.863,0.7539,0.8597,sam_uploaded,1109.513,32984.0,187909.0,4.9
2026-09-03T08:35:44.210144,pi-test-01,img_6628,WZ-OSEG,-,15.003,0.863,0.799,0.8883,sam_uploaded,1172.674,32984.0,187810.0,4.91
2026-09-03T08:35:46.374955,pi-test-01,img_6629,WZ-OSEG,-,20.683,0.9017,0.4345,0.6058,sam_uploaded,1482.027,32984.0,199887.0,4.61
2026-09-03T08:35:48.593063,pi-test-01,img_6630,WZ-OSEG,-,20.682,0.9017,0.4232,0.5948,sam_uploaded,1510.225,32984.0,199872.0,4.61
2026-09-03T08:35:50.773967,pi-test-01,img_6631,WZ-OSEG,-,20.683,0.9017,0.4399,0.611,sam_uploaded,1520.524,32984.0,199907.0,4.61
2026-09-03T08:35:52.907132,pi-test-01,img_6632,WZ-OSEG,-,20.682,0.9017,0.4313,0.6027,sam_uploaded,1494.521,32984.0,199877.0,4.61
2026-09-03T08:35:55.145571,pi-test-01,img_6633,WZ-OSEG,-,15.823,0.8325,0.5824,0.7361,sam_uploaded,1609.807,32984.0,203392.0,4.53
2026-09-03T08:35:57.397464,pi-test-01,img_6634,WZ-OSEG,-,15.823,0.8325,0.5808,0.7349,sam_uploaded,1586.103,32984.0,203383.0,4.53
2026-09-03T08:35:59.648666,pi-test-01,img_6635,WZ-OSEG,-,15.823,0.8325,0.5814,0.7353,sam_uploaded,1588.505,32984.0,203379.0,4.53
2026-09-03T08:36:01.917633,pi-test-01,img_6636,WZ-OSEG,-,15.823,0.8325,0.5828,0.7364,sam_uploaded,1568.821,32984.0,203380.0,4.53
2026-09-03T08:36:03.393877,pi-test-01,img_6637,WZ-OSEG,-,18.383,0.9108,0.6056,0.7544,sam_uploaded,900.137,32984.0,188263.0,4.9
2026-09-03T08:36:04.927055,pi-test-01,img_6638,WZ-OSEG,-,18.383,0.9108,0.6252,0.7694,sam_uploaded,886.535,32984.0,188145.0,4.9
2026-09-03T08:36:06.408498,pi-test-01,img_6639,WZ-OSEG,-,18.383,0.9108,0.5764,0.7313,sam_uploaded,929.982,32984.0,188145.0,4.9
2026-09-03T08:36:07.844126,pi-test-01,img_6640,WZ-OSEG,-,18.383,0.9108,0.5251,0.6886,sam_uploaded,853.04,32984.0,188242.0,4.9
2026-09-03T08:36:09.658848,pi-test-01,img_6641,WZ-OSEG,-,16.177,0.8417,0.7227,0.839,sam_uploaded,1236.716,32984.0,196830.0,4.68
2026-09-03T08:36:11.528453,pi-test-01,img_6642,WZ-OSEG,-,16.177,0.8417,0.7085,0.8294,sam_uploaded,1289.6,32984.0,196759.0,4.68
2026-09-03T08:36:13.386964,pi-test-01,img_6643,WZ-OSEG,-,16.177,0.8417,0.7112,0.8312,sam_uploaded,1246.416,32984.0,196783.0,4.68
2026-09-03T08:36:15.291275,pi-test-01,img_6644,WZ-OSEG,-,16.177,0.8417,0.704,0.8263,sam_uploaded,1238.711,32984.0,196793.0,4.68
2026-09-03T08:36:18.053796,pi-test-01,img_6645,WZ-OSEG,-,17.987,0.8743,0.6216,0.7667,sam_uploaded,1398.904,32984.0,195882.0,4.7
2026-09-03T08:36:20.002747,pi-test-01,img_6646,WZ-OSEG,-,17.987,0.8743,0.6199,0.7653,sam_uploaded,1323.408,32984.0,195849.0,4.71
2026-09-03T08:36:21.981573,pi-test-01,img_6647,WZ-OSEG,-,17.987,0.8743,0.6498,0.7878,sam_uploaded,1351.526,32984.0,195911.0,4.7
2026-09-03T08:36:23.851334,pi-test-01,img_6648,WZ-OSEG,-,17.987,0.8743,0.6214,0.7665,sam_uploaded,1294.907,32984.0,195881.0,4.7
2026-09-03T08:36:25.356583,pi-test-01,img_6649,WZ-OSEG,-,20.307,0.9346,0.7759,0.8738,sam_uploaded,975.455,32984.0,184796.0,4.99
2026-09-03T08:36:26.930851,pi-test-01,img_6650,WZ-OSEG,-,20.307,0.9346,0.2596,0.4122,sam_uploaded,1034.195,32984.0,184748.0,4.99
2026-09-03T08:36:28.403809,pi-test-01,img_6651,WZ-OSEG,-,20.307,0.9346,0.7756,0.8736,sam_uploaded,951.509,32984.0,184771.0,4.99
2026-09-03T08:36:29.987783,pi-test-01,img_6652,WZ-OSEG,-,20.307,0.9346,0.2925,0.4527,sam_uploaded,1053.7,32984.0,184801.0,4.99
2026-09-03T08:36:31.553647,pi-test-01,img_6653,WZ-OSEG,-,17.412,0.8843,0.5502,0.7098,sam_uploaded,972.924,32984.0,190681.0,4.83
2026-09-03T08:36:33.187063,pi-test-01,img_6654,WZ-OSEG,-,17.412,0.8843,0.5843,0.7376,sam_uploaded,1019.705,32984.0,190452.0,4.84
2026-09-03T08:36:34.769566,pi-test-01,img_6655,WZ-OSEG,-,17.412,0.8843,0.5662,0.723,sam_uploaded,964.405,32984.0,190608.0,4.84
2026-09-03T08:36:36.359563,pi-test-01,img_6656,WZ-OSEG,-,17.412,0.8843,0.6578,0.7936,sam_uploaded,1007.315,32984.0,190560.0,4.84
2026-09-03T08:36:38.187122,pi-test-01,img_6657,WZ-OSEG,-,19.478,0.8583,0.6423,0.7822,sam_uploaded,1219.028,32984.0,189587.0,4.86
2026-09-03T08:36:39.954732,pi-test-01,img_6658,WZ-OSEG,-,19.478,0.8583,0.6449,0.7841,sam_uploaded,1210.733,32984.0,189589.0,4.86
2026-09-03T08:36:41.793127,pi-test-01,img_6659,WZ-OSEG,-,19.478,0.8583,0.6422,0.7821,sam_uploaded,1235.092,32984.0,189597.0,4.86
2026-09-03T08:36:43.577476,pi-test-01,img_6660,WZ-OSEG,-,19.478,0.8583,0.6477,0.7862,sam_uploaded,1169.933,32984.0,189563.0,4.86
2026-09-03T08:36:45.452977,pi-test-01,img_6661,WZ-OSEG,-,17.723,0.8694,0.794,0.8852,sam_uploaded,1285.88,32984.0,200502.0,4.6
2026-09-03T08:36:47.472465,pi-test-01,img_6662,WZ-OSEG,-,17.723,0.8694,0.7919,0.8839,sam_uploaded,1365.07,32984.0,200452.0,4.6
2026-09-03T08:36:49.431998,pi-test-01,img_6663,WZ-OSEG,-,17.723,0.8694,0.7916,0.8837,sam_uploaded,1324.074,32984.0,200466.0,4.6
2026-09-03T08:36:51.462120,pi-test-01,img_6664,WZ-OSEG,-,17.723,0.8694,0.7935,0.8849,sam_uploaded,1312.997,32984.0,200493.0,4.6
2026-09-03T08:36:53.937857,pi-test-01,img_6665,WZ-OSEG,-,16.057,0.8806,0.4407,0.6117,sam_uploaded,1824.43,32984.0,203099.0,4.54
2026-09-03T08:36:56.466316,pi-test-01,img_6666,WZ-OSEG,-,16.057,0.8806,0.4382,0.6094,sam_uploaded,1825.008,32984.0,203139.0,4.54
2026-09-03T08:36:58.882458,pi-test-01,img_6667,WZ-OSEG,-,16.057,0.8806,0.4406,0.6116,sam_uploaded,1789.836,32984.0,203144.0,4.54
2026-09-03T08:37:01.306526,pi-test-01,img_6668,WZ-OSEG,-,16.057,0.8806,0.4389,0.6101,sam_uploaded,1807.587,32984.0,203099.0,4.54
2026-09-03T08:37:03.367392,pi-test-01,img_6669,WZ-OSEG,-,15.705,0.8476,0.2647,0.4187,sam_uploaded,1444.27,32984.0,199712.0,4.61
2026-09-03T08:37:05.452785,pi-test-01,img_6670,WZ-OSEG,-,15.705,0.8476,0.2659,0.4201,sam_uploaded,1494.39,32984.0,199698.0,4.61
2026-09-03T08:37:07.562653,pi-test-01,img_6671,WZ-OSEG,-,15.705,0.8476,0.2672,0.4217,sam_uploaded,1496.218,32984.0,199690.0,4.62
2026-09-03T08:37:09.688392,pi-test-01,img_6672,WZ-OSEG,-,15.705,0.8476,0.2647,0.4186,sam_uploaded,1481.81,32984.0,199695.0,4.62
2026-09-03T08:37:12.096953,pi-test-01,img_6673,WZ-OSEG,-,16.646,0.8391,0.5005,0.6671,sam_uploaded,1699.493,32984.0,202470.0,4.55
2026-09-03T08:37:14.404425,pi-test-01,img_6674,WZ-OSEG,-,16.646,0.8391,0.4658,0.6355,sam_uploaded,1671.582,32984.0,202469.0,4.55
2026-09-03T08:37:16.747601,pi-test-01,img_6675,WZ-OSEG,-,16.646,0.8391,0.4861,0.6542,sam_uploaded,1705.184,32984.0,202524.0,4.55
2026-09-03T08:37:19.070607,pi-test-01,img_6676,WZ-OSEG,-,16.646,0.8391,0.4667,0.6364,sam_uploaded,1711.046,32984.0,202445.0,4.55
2026-09-03T08:37:21.237778,pi-test-01,img_6677,WZ-OSEG,-,17.124,0.8736,0.6107,0.7583,sam_uploaded,1513.555,32984.0,197260.0,4.67
2026-09-03T08:37:23.492844,pi-test-01,img_6678,WZ-OSEG,-,17.124,0.8736,0.6119,0.7592,sam_uploaded,1570.368,32984.0,197258.0,4.67
2026-09-03T08:37:25.647587,pi-test-01,img_6679,WZ-OSEG,-,17.124,0.8736,0.6124,0.7596,sam_uploaded,1542.618,32984.0,197222.0,4.67
2026-09-03T08:37:27.791145,pi-test-01,img_6680,WZ-OSEG,-,17.124,0.8736,0.6113,0.7588,sam_uploaded,1542.689,32984.0,197268.0,4.67
2026-09-03T08:37:29.704035,pi-test-01,img_6681,WZ-OSEG,-,12.931,0.7585,0.5272,0.6904,sam_uploaded,1325.326,32984.0,194742.0,4.73
2026-09-03T08:37:31.659257,pi-test-01,img_6682,WZ-OSEG,-,12.931,0.7585,0.5253,0.6888,sam_uploaded,1320.703,32984.0,194767.0,4.73
2026-09-03T08:37:33.640894,pi-test-01,img_6683,WZ-OSEG,-,12.931,0.7585,0.5289,0.6918,sam_uploaded,1363.923,32984.0,194723.0,4.73
2026-09-03T08:37:35.855390,pi-test-01,img_6684,WZ-OSEG,-,12.931,0.7585,0.5282,0.6912,sam_uploaded,1356.924,32984.0,194772.0,4.73
2026-09-03T08:37:38.278756,pi-test-01,img_6685,WZ-OSEG,-,19.892,0.9043,0.443,0.614,sam_uploaded,1697.363,32984.0,204099.0,4.52
2026-09-03T08:37:40.625985,pi-test-01,img_6686,WZ-OSEG,-,19.891,0.9043,0.4305,0.6019,sam_uploaded,1635.43,32984.0,204066.0,4.52
2026-09-03T08:37:42.945788,pi-test-01,img_6687,WZ-OSEG,-,19.892,0.9043,0.45,0.6207,sam_uploaded,1679.046,32984.0,204088.0,4.52
2026-09-03T08:37:45.251032,pi-test-01,img_6688,WZ-OSEG,-,19.891,0.9043,0.4266,0.5981,sam_uploaded,1641.504,32984.0,204072.0,4.52
2026-09-03T08:37:47.756160,pi-test-01,img_6689,WZ-OSEG,-,15.439,0.8124,0.4638,0.6337,sam_uploaded,1853.777,32984.0,206767.0,4.46
2026-09-03T08:37:50.312486,pi-test-01,img_6690,WZ-OSEG,-,15.439,0.8124,0.4586,0.6288,sam_uploaded,1899.331,32984.0,206764.0,4.46
2026-09-03T08:37:52.834656,pi-test-01,img_6691,WZ-OSEG,-,15.439,0.8124,0.4641,0.634,sam_uploaded,1834.908,32984.0,206769.0,4.46
2026-09-03T08:37:55.376088,pi-test-01,img_6692,WZ-OSEG,-,15.439,0.8124,0.4586,0.6288,sam_uploaded,1878.884,32984.0,206740.0,4.46
2026-09-03T08:37:57.560891,pi-test-01,img_6693,WZ-OSEG,-,16.728,0.8486,0.5618,0.7194,sam_uploaded,1569.279,32984.0,200609.0,4.59
2026-09-03T08:37:59.792881,pi-test-01,img_6694,WZ-OSEG,-,16.728,0.8486,0.5538,0.7128,sam_uploaded,1566.931,32984.0,200602.0,4.59
2026-09-03T08:38:01.980561,pi-test-01,img_6695,WZ-OSEG,-,16.728,0.8486,0.5658,0.7227,sam_uploaded,1559.259,32984.0,200621.0,4.59
2026-09-03T08:38:04.299535,pi-test-01,img_6696,WZ-OSEG,-,16.728,0.8486,0.5533,0.7124,sam_uploaded,1581.243,32984.0,200601.0,4.59
2026-09-03T08:38:06.367466,pi-test-01,img_6697,WZ-OSEG,-,18.339,0.888,0.5396,0.701,sam_uploaded,1474.651,32984.0,195636.0,4.71
2026-09-03T08:38:08.518006,pi-test-01,img_6698,WZ-OSEG,-,18.339,0.888,0.5437,0.7044,sam_uploaded,1490.411,32984.0,195633.0,4.71
2026-09-03T08:38:10.590801,pi-test-01,img_6699,WZ-OSEG,-,18.339,0.888,0.5467,0.707,sam_uploaded,1427.681,32984.0,195640.0,4.71
2026-09-03T08:38:12.649642,pi-test-01,img_6700,WZ-OSEG,-,18.339,0.888,0.5388,0.7003,sam_uploaded,1441.233,32984.0,195597.0,4.71
2026-09-03T08:38:15.141173,pi-test-01,img_6701,WZ-OSEG,-,21.257,0.9233,0.4973,0.6643,sam_uploaded,1777.941,32984.0,204603.0,4.5
2026-09-03T08:38:17.591367,pi-test-01,img_6702,WZ-OSEG,-,21.257,0.9233,0.4711,0.6405,sam_uploaded,1802.912,32984.0,204608.0,4.5
2026-09-03T08:38:20.053707,pi-test-01,img_6703,WZ-OSEG,-,21.257,0.9233,0.49,0.6578,sam_uploaded,1802.82,32984.0,204628.0,4.5
2026-09-03T08:38:22.505216,pi-test-01,img_6704,WZ-OSEG,-,21.257,0.9233,0.4768,0.6458,sam_uploaded,1777.652,32984.0,204583.0,4.5
2026-09-03T08:38:24.927249,pi-test-01,img_6705,WZ-OSEG,-,16.157,0.8207,0.5115,0.6768,sam_uploaded,1528.399,32984.0,201575.0,4.57
2026-09-03T08:38:27.581720,pi-test-01,img_6706,WZ-OSEG,-,16.157,0.8207,0.5131,0.6782,sam_uploaded,1543.036,32984.0,201595.0,4.57
2026-09-03T08:38:29.924625,pi-test-01,img_6707,WZ-OSEG,-,16.157,0.8207,0.5105,0.676,sam_uploaded,1601.621,32984.0,201588.0,4.57
2026-09-03T08:38:32.129782,pi-test-01,img_6708,WZ-OSEG,-,16.157,0.8207,0.5141,0.6791,sam_uploaded,1542.045,32984.0,201577.0,4.57
2026-09-03T08:38:34.496012,pi-test-01,img_6709,WZ-OSEG,-,17.687,0.8843,0.5915,0.7433,sam_uploaded,1554.708,32984.0,199221.0,4.63
2026-09-03T08:38:36.717160,pi-test-01,img_6710,WZ-OSEG,-,17.687,0.8843,0.5592,0.7173,sam_uploaded,1558.625,32984.0,199254.0,4.63
2026-09-03T08:38:38.859141,pi-test-01,img_6711,WZ-OSEG,-,17.687,0.8843,0.5432,0.704,sam_uploaded,1546.724,32984.0,199232.0,4.63
2026-09-03T08:38:41.052203,pi-test-01,img_6712,WZ-OSEG,-,17.687,0.8843,0.5462,0.7065,sam_uploaded,1538.862,32984.0,199236.0,4.63
2026-09-03T08:38:43.427084,pi-test-01,img_6713,WZ-OSEG,-,19.377,0.915,0.3902,0.5613,sam_uploaded,1748.82,32984.0,203782.0,4.52
2026-09-03T08:38:45.809921,pi-test-01,img_6714,WZ-OSEG,-,19.377,0.915,0.3879,0.559,sam_uploaded,1756.755,32984.0,203759.0,4.52
2026-09-03T08:38:48.210538,pi-test-01,img_6715,WZ-OSEG,-,19.377,0.915,0.3896,0.5608,sam_uploaded,1749.032,32984.0,203799.0,4.52
2026-09-03T08:38:50.712423,pi-test-01,img_6716,WZ-OSEG,-,19.377,0.915,0.3907,0.5618,sam_uploaded,1779.419,32984.0,203760.0,4.52
2026-09-03T08:38:53.248734,pi-test-01,img_6717,WZ-OSEG,-,17.731,0.8624,0.5637,0.721,sam_uploaded,1905.95,32984.0,206898.0,4.45
2026-09-03T08:38:55.896090,pi-test-01,img_6718,WZ-OSEG,-,17.731,0.8624,0.5512,0.7106,sam_uploaded,1940.0,32984.0,206892.0,4.45
2026-09-03T08:38:58.418547,pi-test-01,img_6719,WZ-OSEG,-,17.731,0.8624,0.5573,0.7157,sam_uploaded,1876.581,32984.0,206893.0,4.45
2026-09-03T08:39:00.924006,pi-test-01,img_6720,WZ-OSEG,-,17.731,0.8624,0.5609,0.7187,sam_uploaded,1862.716,32984.0,206881.0,4.45
2026-09-03T08:39:03.018785,pi-test-01,img_6721,WZ-OSEG,-,18.359,0.8864,0.4196,0.5911,sam_uploaded,1482.395,32984.0,200866.0,4.59
2026-09-03T08:39:05.138105,pi-test-01,img_6722,WZ-OSEG,-,18.36,0.8864,0.4055,0.577,sam_uploaded,1496.271,32984.0,200873.0,4.59
2026-09-03T08:39:07.278019,pi-test-01,img_6723,WZ-OSEG,-,18.359,0.8864,0.4238,0.5953,sam_uploaded,1469.696,32984.0,200846.0,4.59
2026-09-03T08:39:09.404642,pi-test-01,img_6724,WZ-OSEG,-,18.36,0.8864,0.4329,0.6042,sam_uploaded,1507.264,32984.0,200903.0,4.59
2026-09-03T08:39:11.434658,pi-test-01,img_6725,WZ-OSEG,-,15.785,0.846,0.536,0.6979,sam_uploaded,1400.613,32984.0,198019.0,4.65
2026-09-03T08:39:13.482316,pi-test-01,img_6726,WZ-OSEG,-,15.785,0.846,0.5359,0.6979,sam_uploaded,1430.246,32984.0,198033.0,4.65
2026-09-03T08:39:15.578145,pi-test-01,img_6727,WZ-OSEG,-,15.785,0.846,0.5405,0.7017,sam_uploaded,1431.025,32984.0,198033.0,4.65
2026-09-03T08:39:17.577035,pi-test-01,img_6728,WZ-OSEG,-,15.785,0.846,0.5409,0.702,sam_uploaded,1369.745,32984.0,198055.0,4.65
2026-09-03T08:39:19.859254,pi-test-01,img_6729,WZ-OSEG,-,16.406,0.8416,0.5337,0.696,sam_uploaded,1439.573,32984.0,199376.0,4.62
2026-09-03T08:39:22.032551,pi-test-01,img_6730,WZ-OSEG,-,16.406,0.8416,0.5366,0.6985,sam_uploaded,1461.163,32984.0,199302.0,4.62
2026-09-03T08:39:24.240548,pi-test-01,img_6731,WZ-OSEG,-,16.406,0.8416,0.534,0.6962,sam_uploaded,1444.119,32984.0,199335.0,4.62
2026-09-03T08:39:26.411738,pi-test-01,img_6732,WZ-OSEG,-,16.406,0.8416,0.5366,0.6984,sam_uploaded,1463.238,32984.0,199358.0,4.62
2026-09-03T08:39:28.506202,pi-test-01,img_6733,WZ-OSEG,-,15.144,0.8635,0.6617,0.7964,sam_uploaded,1490.105,32984.0,197047.0,4.68
2026-09-03T08:39:30.704025,pi-test-01,img_6734,WZ-OSEG,-,15.144,0.8635,0.6961,0.8208,sam_uploaded,1543.687,32984.0,197053.0,4.68
2026-09-03T08:39:32.822729,pi-test-01,img_6735,WZ-OSEG,-,15.144,0.8635,0.674,0.8052,sam_uploaded,1448.531,32984.0,197051.0,4.68
2026-09-03T08:39:34.975033,pi-test-01,img_6736,WZ-OSEG,-,15.144,0.8635,0.7108,0.831,sam_uploaded,1458.381,32984.0,197045.0,4.68
2026-09-03T08:39:37.156781,pi-test-01,img_6737,WZ-OSEG,-,16.016,0.8477,0.5917,0.7435,sam_uploaded,1366.683,32984.0,195330.0,4.72
2026-09-03T08:39:39.137169,pi-test-01,img_6738,WZ-OSEG,-,16.016,0.8477,0.5975,0.7481,sam_uploaded,1393.608,32984.0,195391.0,4.72
2026-09-03T08:39:41.221372,pi-test-01,img_6739,WZ-OSEG,-,16.016,0.8477,0.5806,0.7346,sam_uploaded,1378.022,32984.0,195356.0,4.72
2026-09-03T08:39:43.317525,pi-test-01,img_6740,WZ-OSEG,-,16.016,0.8477,0.5878,0.7404,sam_uploaded,1403.667,32984.0,195415.0,4.72
2026-09-03T08:39:45.274364,pi-test-01,img_6741,WZ-OSEG,-,16.589,0.842,0.6584,0.794,sam_uploaded,1374.547,32984.0,198744.0,4.64
2026-09-03T08:39:47.258846,pi-test-01,img_6742,WZ-OSEG,-,16.589,0.842,0.6563,0.7925,sam_uploaded,1381.174,32984.0,198740.0,4.64
2026-09-03T08:39:49.265971,pi-test-01,img_6743,WZ-OSEG,-,16.589,0.842,0.6501,0.7879,sam_uploaded,1393.139,32984.0,198736.0,4.64
2026-09-03T08:39:51.222744,pi-test-01,img_6744,WZ-OSEG,-,16.589,0.842,0.6543,0.791,sam_uploaded,1357.681,32984.0,198728.0,4.64
2026-09-03T08:39:53.794834,pi-test-01,img_6745,WZ-OSEG,-,15.981,0.8255,0.6064,0.755,sam_uploaded,1676.554,32984.0,205651.0,4.48
2026-09-03T08:39:56.213272,pi-test-01,img_6746,WZ-OSEG,-,15.981,0.8255,0.6096,0.7575,sam_uploaded,1686.809,32984.0,205673.0,4.48
2026-09-03T08:39:58.676750,pi-test-01,img_6747,WZ-OSEG,-,15.981,0.8255,0.6129,0.76,sam_uploaded,1696.491,32984.0,205658.0,4.48
2026-09-03T08:40:00.988601,pi-test-01,img_6748,WZ-OSEG,-,15.981,0.8255,0.6086,0.7567,sam_uploaded,1673.325,32984.0,205671.0,4.48
2026-09-03T08:40:02.889517,pi-test-01,img_6749,WZ-OSEG,-,14.782,0.8294,0.5568,0.7153,sam_uploaded,1331.439,32984.0,192836.0,4.78
2026-09-03T08:40:04.859756,pi-test-01,img_6750,WZ-OSEG,-,14.782,0.8294,0.5568,0.7153,sam_uploaded,1294.117,32984.0,192845.0,4.78
2026-09-03T08:40:06.805904,pi-test-01,img_6751,WZ-OSEG,-,14.782,0.8294,0.5577,0.716,sam_uploaded,1355.38,32984.0,192804.0,4.78
2026-09-03T08:40:08.705315,pi-test-01,img_6752,WZ-OSEG,-,14.782,0.8294,0.5524,0.7117,sam_uploaded,1320.478,32984.0,192862.0,4.78
2026-09-03T08:40:10.606378,pi-test-01,img_6753,WZ-OSEG,-,14.358,0.8286,0.6596,0.7949,sam_uploaded,1297.338,32984.0,193225.0,4.77
2026-09-03T08:40:12.549680,pi-test-01,img_6754,WZ-OSEG,-,14.358,0.8286,0.6697,0.8022,sam_uploaded,1353.55,32984.0,193227.0,4.77
2026-09-03T08:40:14.586048,pi-test-01,img_6755,WZ-OSEG,-,14.358,0.8286,0.6581,0.7938,sam_uploaded,1307.4,32984.0,193200.0,4.77
2026-09-03T08:40:16.465011,pi-test-01,img_6756,WZ-OSEG,-,14.358,0.8286,0.6525,0.7897,sam_uploaded,1256.007,32984.0,193250.0,4.77
2026-09-03T08:40:18.563752,pi-test-01,img_6757,WZ-OSEG,-,16.547,0.8413,0.5159,0.6806,sam_uploaded,1388.629,32984.0,196547.0,4.69
2026-09-03T08:40:20.552971,pi-test-01,img_6758,WZ-OSEG,-,16.547,0.8413,0.5075,0.6733,sam_uploaded,1367.185,32984.0,196542.0,4.69
2026-09-03T08:40:22.597650,pi-test-01,img_6759,WZ-OSEG,-,16.547,0.8413,0.5074,0.6732,sam_uploaded,1424.93,32984.0,196524.0,4.69
2026-09-03T08:40:24.530314,pi-test-01,img_6760,WZ-OSEG,-,16.547,0.8413,0.5135,0.6786,sam_uploaded,1343.839,32984.0,196554.0,4.69
2026-09-03T08:40:26.451728,pi-test-01,img_6761,WZ-OSEG,-,13.27,0.8189,0.7259,0.8412,sam_uploaded,1336.614,32984.0,192304.0,4.79
2026-09-03T08:40:28.348683,pi-test-01,img_6762,WZ-OSEG,-,13.27,0.8189,0.7278,0.8424,sam_uploaded,1320.015,32984.0,192261.0,4.79
2026-09-03T08:40:30.259551,pi-test-01,img_6763,WZ-OSEG,-,13.27,0.8189,0.7273,0.8421,sam_uploaded,1307.526,32984.0,192295.0,4.79
2026-09-03T08:40:32.206752,pi-test-01,img_6764,WZ-OSEG,-,13.27,0.8189,0.7306,0.8443,sam_uploaded,1369.345,32984.0,192272.0,4.79
2026-09-03T08:40:34.153128,pi-test-01,img_6765,WZ-OSEG,-,14.386,0.8223,0.6247,0.769,sam_uploaded,1293.047,32984.0,192203.0,4.79
2026-09-03T08:40:36.092044,pi-test-01,img_6766,WZ-OSEG,-,14.386,0.8223,0.6236,0.7681,sam_uploaded,1315.65,32984.0,192226.0,4.79
2026-09-03T08:40:38.051761,pi-test-01,img_6767,WZ-OSEG,-,14.386,0.8223,0.6388,0.7796,sam_uploaded,1343.474,32984.0,192178.0,4.8
2026-09-03T08:40:39.993390,pi-test-01,img_6768,WZ-OSEG,-,14.386,0.8223,0.6187,0.7644,sam_uploaded,1352.106,32984.0,192238.0,4.79
2026-09-03T08:40:41.938191,pi-test-01,img_6769,WZ-OSEG,-,15.652,0.8229,0.6291,0.7723,sam_uploaded,1355.978,32984.0,197800.0,4.66
2026-09-03T08:40:44.102776,pi-test-01,img_6770,WZ-OSEG,-,15.652,0.8229,0.591,0.7429,sam_uploaded,1372.641,32984.0,197853.0,4.66
2026-09-03T08:40:46.141190,pi-test-01,img_6771,WZ-OSEG,-,15.652,0.8229,0.5956,0.7466,sam_uploaded,1349.997,32984.0,197811.0,4.66
2026-09-03T08:40:48.066161,pi-test-01,img_6772,WZ-OSEG,-,15.652,0.8229,0.6306,0.7735,sam_uploaded,1327.697,32984.0,197840.0,4.66
2026-09-03T08:40:50.295121,pi-test-01,img_6773,WZ-OSEG,-,14.498,0.7998,0.6446,0.7839,sam_uploaded,1560.966,32984.0,201887.0,4.56
2026-09-03T08:40:52.450864,pi-test-01,img_6774,WZ-OSEG,-,14.498,0.7998,0.6402,0.7806,sam_uploaded,1544.663,32984.0,201869.0,4.57
2026-09-03T08:40:54.639387,pi-test-01,img_6775,WZ-OSEG,-,14.498,0.7998,0.6459,0.7849,sam_uploaded,1582.532,32984.0,201863.0,4.57
2026-09-03T08:40:56.798528,pi-test-01,img_6776,WZ-OSEG,-,14.498,0.7998,0.641,0.7812,sam_uploaded,1546.263,32984.0,201858.0,4.57
2026-09-03T08:40:58.591018,pi-test-01,img_6777,WZ-OSEG,-,9.407,0.5985,0.7097,0.8302,sam_uploaded,1198.584,32984.0,185098.0,4.98
2026-09-03T08:41:00.317537,pi-test-01,img_6778,WZ-OSEG,-,9.407,0.5985,0.7137,0.8329,sam_uploaded,1192.422,32984.0,185073.0,4.98
2026-09-03T08:41:02.288766,pi-test-01,img_6779,WZ-OSEG,-,9.407,0.5985,0.7087,0.8296,sam_uploaded,1251.698,32984.0,185079.0,4.98
2026-09-03T08:41:04.136227,pi-test-01,img_6780,WZ-OSEG,-,9.407,0.5985,0.71,0.8304,sam_uploaded,1226.348,32984.0,185091.0,4.98
2026-09-03T08:41:05.928854,pi-test-01,img_6781,WZ-OSEG,-,9.381,0.6153,0.7399,0.8505,sam_uploaded,1245.395,32984.0,187374.0,4.92
2026-09-03T08:41:07.813452,pi-test-01,img_6782,WZ-OSEG,-,9.381,0.6153,0.7394,0.8502,sam_uploaded,1262.527,32984.0,187348.0,4.92
2026-09-03T08:41:09.652001,pi-test-01,img_6783,WZ-OSEG,-,9.381,0.6153,0.7389,0.8499,sam_uploaded,1274.62,32984.0,187335.0,4.92
2026-09-03T08:41:11.551521,pi-test-01,img_6784,WZ-OSEG,-,9.381,0.6153,0.7491,0.8565,sam_uploaded,1223.25,32984.0,187383.0,4.92
2026-09-03T08:41:13.423418,pi-test-01,img_6785,WZ-OSEG,-,11.449,0.6716,0.6278,0.7714,sam_uploaded,1300.693,32984.0,189712.0,4.86
2026-09-03T08:41:15.327200,pi-test-01,img_6786,WZ-OSEG,-,11.449,0.6716,0.629,0.7722,sam_uploaded,1326.43,32984.0,189705.0,4.86
2026-09-03T08:41:17.183858,pi-test-01,img_6787,WZ-OSEG,-,11.449,0.6716,0.6267,0.7705,sam_uploaded,1286.327,32984.0,189698.0,4.86
2026-09-03T08:41:19.088360,pi-test-01,img_6788,WZ-OSEG,-,11.449,0.6716,0.6325,0.7749,sam_uploaded,1315.823,32984.0,189709.0,4.86
2026-09-03T08:41:21.071082,pi-test-01,img_6789,WZ-OSEG,-,10.317,0.6767,0.7015,0.8245,sam_uploaded,1332.892,32984.0,190619.0,4.83
2026-09-03T08:41:23.054828,pi-test-01,img_6790,WZ-OSEG,-,10.317,0.6767,0.7367,0.8484,sam_uploaded,1397.703,32984.0,190565.0,4.84
2026-09-03T08:41:25.060665,pi-test-01,img_6791,WZ-OSEG,-,10.317,0.6767,0.7105,0.8307,sam_uploaded,1436.169,32984.0,190579.0,4.84
2026-09-03T08:41:27.005359,pi-test-01,img_6792,WZ-OSEG,-,10.317,0.6767,0.7371,0.8487,sam_uploaded,1396.742,32984.0,190602.0,4.84
2026-09-03T08:41:28.909294,pi-test-01,img_6793,WZ-OSEG,-,10.253,0.5701,0.6331,0.7753,sam_uploaded,1327.575,32984.0,188291.0,4.89
2026-09-03T08:41:30.763171,pi-test-01,img_6794,WZ-OSEG,-,10.253,0.5701,0.6323,0.7747,sam_uploaded,1278.329,32984.0,188315.0,4.89
2026-09-03T08:41:32.651314,pi-test-01,img_6795,WZ-OSEG,-,10.253,0.5701,0.6329,0.7752,sam_uploaded,1342.074,32984.0,188294.0,4.89
2026-09-03T08:41:34.533627,pi-test-01,img_6796,WZ-OSEG,-,10.253,0.5701,0.6324,0.7748,sam_uploaded,1323.495,32984.0,188309.0,4.89
2026-09-03T08:41:36.342315,pi-test-01,img_6797,WZ-OSEG,-,10.923,0.6925,0.7207,0.8377,sam_uploaded,1258.115,32984.0,189924.0,4.85
2026-09-03T08:41:38.467632,pi-test-01,img_6798,WZ-OSEG,-,10.923,0.6925,0.7045,0.8266,sam_uploaded,1260.8,32984.0,189941.0,4.85
2026-09-03T08:41:40.349810,pi-test-01,img_6799,WZ-OSEG,-,10.923,0.6925,0.7266,0.8416,sam_uploaded,1279.904,32984.0,189950.0,4.85
2026-09-03T08:41:42.238138,pi-test-01,img_6800,WZ-OSEG,-,10.923,0.6925,0.7225,0.8389,sam_uploaded,1226.624,32984.0,189930.0,4.85
2026-09-03T08:41:44.301345,pi-test-01,img_6801,WZ-OSEG,-,10.051,0.6014,0.707,0.8284,sam_uploaded,1453.522,32984.0,198365.0,4.65
2026-09-03T08:41:46.345089,pi-test-01,img_6802,WZ-OSEG,-,10.051,0.6014,0.7065,0.828,sam_uploaded,1434.257,32984.0,198381.0,4.65
2026-09-03T08:41:48.395231,pi-test-01,img_6803,WZ-OSEG,-,10.051,0.6014,0.6974,0.8218,sam_uploaded,1420.837,32984.0,198359.0,4.65
2026-09-03T08:41:50.441889,pi-test-01,img_6804,WZ-OSEG,-,10.051,0.6014,0.7076,0.8288,sam_uploaded,1430.998,32984.0,198354.0,4.65
2026-09-03T08:41:52.215683,pi-test-01,img_6805,WZ-OSEG,-,26.094,0.9671,0.645,0.7842,sam_uploaded,1188.729,32984.0,180524.0,5.11
2026-09-03T08:41:54.073193,pi-test-01,img_6806,WZ-OSEG,-,26.094,0.9671,0.6428,0.7826,sam_uploaded,1199.54,32984.0,180539.0,5.1
2026-09-03T08:41:55.733941,pi-test-01,img_6807,WZ-OSEG,-,26.094,0.9671,0.6357,0.7773,sam_uploaded,1148.064,32984.0,180538.0,5.1
2026-09-03T08:41:57.410706,pi-test-01,img_6808,WZ-OSEG,-,26.094,0.9671,0.6374,0.7786,sam_uploaded,1174.059,32984.0,180529.0,5.1
2026-09-03T08:41:59.181368,pi-test-01,img_6809,WZ-OSEG,-,22.145,0.9506,0.3536,0.5225,sam_uploaded,1249.267,32984.0,181090.0,5.09
2026-09-03T08:42:01.077035,pi-test-01,img_6810,WZ-OSEG,-,22.145,0.9506,0.3479,0.5162,sam_uploaded,1263.585,32984.0,181133.0,5.09
2026-09-03T08:42:02.893936,pi-test-01,img_6811,WZ-OSEG,-,22.145,0.9506,0.3539,0.5228,sam_uploaded,1300.524,32984.0,181121.0,5.09
2026-09-03T08:42:04.692510,pi-test-01,img_6812,WZ-OSEG,-,22.145,0.9506,0.346,0.5141,sam_uploaded,1284.221,32984.0,181097.0,5.09
2026-09-03T08:42:06.584343,pi-test-01,img_6813,WZ-OSEG,-,24.168,0.9626,0.4968,0.6638,sam_uploaded,1314.448,32984.0,182233.0,5.06
2026-09-03T08:42:08.519946,pi-test-01,img_6814,WZ-OSEG,-,24.168,0.9626,0.4826,0.6511,sam_uploaded,1335.848,32984.0,182210.0,5.06
2026-09-03T08:42:10.342345,pi-test-01,img_6815,WZ-OSEG,-,24.168,0.9626,0.4903,0.658,sam_uploaded,1309.217,32984.0,182205.0,5.06
2026-09-03T08:42:12.235122,pi-test-01,img_6816,WZ-OSEG,-,24.168,0.9626,0.4957,0.6628,sam_uploaded,1294.182,32984.0,182242.0,5.06
2026-09-03T08:42:14.275332,pi-test-01,img_6817,WZ-OSEG,-,25.727,0.968,0.4706,0.64,sam_uploaded,1478.5,32984.0,182106.0,5.06
2026-09-03T08:42:16.323683,pi-test-01,img_6818,WZ-OSEG,-,25.727,0.968,0.4711,0.6404,sam_uploaded,1522.358,32984.0,182129.0,5.06
2026-09-03T08:42:18.371662,pi-test-01,img_6819,WZ-OSEG,-,25.727,0.968,0.4627,0.6326,sam_uploaded,1493.434,32984.0,182114.0,5.06
2026-09-03T08:42:20.321315,pi-test-01,img_6820,WZ-OSEG,-,25.727,0.968,0.4703,0.6397,sam_uploaded,1451.803,32984.0,182114.0,5.06
2026-09-03T08:42:22.554456,pi-test-01,img_6821,WZ-OSEG,-,28.003,0.9719,0.4953,0.6625,sam_uploaded,1620.534,32984.0,186142.0,4.95
2026-09-03T08:42:24.707650,pi-test-01,img_6822,WZ-OSEG,-,28.003,0.9719,0.5296,0.6925,sam_uploaded,1571.286,32984.0,186178.0,4.95
2026-09-03T08:42:27.086586,pi-test-01,img_6823,WZ-OSEG,-,28.003,0.9719,0.3936,0.5649,sam_uploaded,1591.737,32984.0,186156.0,4.95
2026-09-03T08:42:29.269196,pi-test-01,img_6824,WZ-OSEG,-,28.003,0.9719,0.4909,0.6586,sam_uploaded,1546.527,32984.0,186172.0,4.95
2026-09-03T08:42:31.259922,pi-test-01,img_6825,WZ-OSEG,-,26.781,0.9709,0.5304,0.6931,sam_uploaded,1405.048,32984.0,185139.0,4.98
2026-09-03T08:42:33.199559,pi-test-01,img_6826,WZ-OSEG,-,26.781,0.9709,0.4924,0.6599,sam_uploaded,1412.486,32984.0,185104.0,4.98
2026-09-03T08:42:35.238753,pi-test-01,img_6827,WZ-OSEG,-,26.781,0.9709,0.5229,0.6867,sam_uploaded,1427.999,32984.0,185136.0,4.98
2026-09-03T08:42:37.263200,pi-test-01,img_6828,WZ-OSEG,-,26.781,0.9709,0.4099,0.5815,sam_uploaded,1460.479,32984.0,185099.0,4.98
2026-09-03T08:42:39.517921,pi-test-01,img_6829,WZ-OSEG,-,25.192,0.953,0.5893,0.7416,sam_uploaded,1660.481,32984.0,192295.0,4.79
2026-09-03T08:42:41.850923,pi-test-01,img_6830,WZ-OSEG,-,25.192,0.953,0.5947,0.7458,sam_uploaded,1671.805,32984.0,192331.0,4.79
2026-09-03T08:42:44.106563,pi-test-01,img_6831,WZ-OSEG,-,25.192,0.953,0.5877,0.7403,sam_uploaded,1654.67,32984.0,192319.0,4.79
2026-09-03T08:42:46.442065,pi-test-01,img_6832,WZ-OSEG,-,25.192,0.953,0.5962,0.747,sam_uploaded,1730.422,32984.0,192306.0,4.79
2026-09-03T08:42:48.397065,pi-test-01,img_6833,WZ-OSEG,-,25.049,0.9507,0.4077,0.5792,sam_uploaded,1355.694,32984.0,189276.0,4.87
2026-09-03T08:42:50.283111,pi-test-01,img_6834,WZ-OSEG,-,25.049,0.9507,0.4035,0.575,sam_uploaded,1342.393,32984.0,189314.0,4.87
2026-09-03T08:42:52.226494,pi-test-01,img_6835,WZ-OSEG,-,25.049,0.9507,0.4083,0.5798,sam_uploaded,1379.596,32984.0,189306.0,4.87
2026-09-03T08:42:54.148333,pi-test-01,img_6836,WZ-OSEG,-,25.049,0.9507,0.4081,0.5797,sam_uploaded,1371.183,32984.0,189286.0,4.87
2026-09-03T08:42:56.164472,pi-test-01,img_6837,WZ-OSEG,-,23.146,0.9443,0.4467,0.6175,sam_uploaded,1394.283,32984.0,188860.0,4.88
2026-09-03T08:42:58.109991,pi-test-01,img_6838,WZ-OSEG,-,23.145,0.9443,0.4595,0.6297,sam_uploaded,1384.409,32984.0,188834.0,4.88
2026-09-03T08:43:00.072676,pi-test-01,img_6839,WZ-OSEG,-,23.146,0.9443,0.4476,0.6184,sam_uploaded,1382.112,32984.0,188844.0,4.88
2026-09-03T08:43:02.132869,pi-test-01,img_6840,WZ-OSEG,-,23.145,0.9443,0.4527,0.6232,sam_uploaded,1368.85,32984.0,188845.0,4.88
2026-09-03T08:43:04.058288,pi-test-01,img_6841,WZ-OSEG,-,21.867,0.9473,0.7457,0.8543,sam_uploaded,1295.732,32984.0,185921.0,4.96
2026-09-03T08:43:05.953329,pi-test-01,img_6842,WZ-OSEG,-,21.867,0.9473,0.7348,0.8471,sam_uploaded,1315.544,32984.0,185898.0,4.96
2026-09-03T08:43:07.836085,pi-test-01,img_6843,WZ-OSEG,-,21.867,0.9473,0.7462,0.8546,sam_uploaded,1352.435,32984.0,185913.0,4.96
2026-09-03T08:43:09.775098,pi-test-01,img_6844,WZ-OSEG,-,21.867,0.9473,0.7328,0.8458,sam_uploaded,1321.842,32984.0,185921.0,4.96
2026-09-03T08:43:11.835887,pi-test-01,img_6845,WZ-OSEG,-,28.745,0.9669,0.476,0.645,sam_uploaded,1493.246,32984.0,184538.0,4.99
2026-09-03T08:43:13.952464,pi-test-01,img_6846,WZ-OSEG,-,28.745,0.9669,0.5157,0.6805,sam_uploaded,1535.846,32984.0,184553.0,4.99
2026-09-03T08:43:16.010384,pi-test-01,img_6847,WZ-OSEG,-,28.745,0.9669,0.4625,0.6325,sam_uploaded,1496.418,32984.0,184549.0,4.99
2026-09-03T08:43:18.194099,pi-test-01,img_6848,WZ-OSEG,-,28.745,0.9669,0.4779,0.6468,sam_uploaded,1548.709,32984.0,184543.0,4.99
2026-09-03T08:43:20.259823,pi-test-01,img_6849,WZ-OSEG,-,24.629,0.9576,0.4411,0.6122,sam_uploaded,1513.544,32984.0,189865.0,4.85
2026-09-03T08:43:22.395549,pi-test-01,img_6850,WZ-OSEG,-,24.629,0.9576,0.4442,0.6152,sam_uploaded,1540.018,32984.0,189903.0,4.85
2026-09-03T08:43:24.476480,pi-test-01,img_6851,WZ-OSEG,-,24.629,0.9576,0.6479,0.7864,sam_uploaded,1506.614,32984.0,189885.0,4.85
2026-09-03T08:43:26.579081,pi-test-01,img_6852,WZ-OSEG,-,24.629,0.9576,0.4416,0.6126,sam_uploaded,1506.773,32984.0,189871.0,4.85
2026-09-03T08:43:29.033350,pi-test-01,img_6853,WZ-OSEG,-,23.349,0.9618,0.4011,0.5726,sam_uploaded,1321.109,32984.0,187855.0,4.91
2026-09-03T08:43:31.067436,pi-test-01,img_6854,WZ-OSEG,-,23.349,0.9618,0.4387,0.6099,sam_uploaded,1293.912,32984.0,187802.0,4.91
2026-09-03T08:43:32.926422,pi-test-01,img_6855,WZ-OSEG,-,23.349,0.9618,0.4466,0.6174,sam_uploaded,1309.442,32984.0,187820.0,4.91
2026-09-03T08:43:34.823482,pi-test-01,img_6856,WZ-OSEG,-,23.349,0.9618,0.4576,0.6279,sam_uploaded,1331.48,32984.0,187837.0,4.91
2026-09-03T08:43:37.143326,pi-test-01,img_6857,WZ-OSEG,-,23.987,0.9405,0.625,0.7692,sam_uploaded,1642.66,32984.0,197310.0,4.67
2026-09-03T08:43:39.393208,pi-test-01,img_6858,WZ-OSEG,-,23.987,0.9405,0.6532,0.7902,sam_uploaded,1651.931,32984.0,197316.0,4.67
2026-09-03T08:43:41.616110,pi-test-01,img_6859,WZ-OSEG,-,23.987,0.9405,0.6471,0.7858,sam_uploaded,1640.601,32984.0,197329.0,4.67
2026-09-03T08:43:43.920256,pi-test-01,img_6860,WZ-OSEG,-,23.987,0.9405,0.658,0.7938,sam_uploaded,1674.807,32984.0,197298.0,4.67
2026-09-03T08:43:45.813164,pi-test-01,img_6861,WZ-OSEG,-,22.478,0.938,0.4356,0.6068,sam_uploaded,1234.713,32984.0,184697.0,4.99
2026-09-03T08:43:47.572173,pi-test-01,img_6862,WZ-OSEG,-,22.478,0.938,0.7633,0.8658,sam_uploaded,1218.222,32984.0,184721.0,4.99
2026-09-03T08:43:49.434704,pi-test-01,img_6863,WZ-OSEG,-,22.478,0.938,0.5651,0.7221,sam_uploaded,1206.318,32984.0,184714.0,4.99
2026-09-03T08:43:51.232184,pi-test-01,img_6864,WZ-OSEG,-,22.478,0.938,0.3835,0.5544,sam_uploaded,1257.412,32984.0,184692.0,4.99
2026-09-03T08:43:53.221889,pi-test-01,img_6865,WZ-OSEG,-,19.157,0.8922,0.6163,0.7626,sam_uploaded,1342.993,32984.0,188056.0,4.9
2026-09-03T08:43:55.065061,pi-test-01,img_6866,WZ-OSEG,-,19.157,0.8922,0.568,0.7245,sam_uploaded,1292.48,32984.0,188074.0,4.9
2026-09-03T08:43:57.007650,pi-test-01,img_6867,WZ-OSEG,-,19.157,0.8922,0.5946,0.7458,sam_uploaded,1314.891,32984.0,188074.0,4.9
2026-09-03T08:43:58.972740,pi-test-01,img_6868,WZ-OSEG,-,19.157,0.8922,0.5744,0.7297,sam_uploaded,1332.603,32984.0,188068.0,4.9
2026-09-03T08:44:00.928934,pi-test-01,img_6869,WZ-OSEG,-,17.693,0.8822,0.6788,0.8087,sam_uploaded,1386.874,32984.0,191039.0,4.82
2026-09-03T08:44:02.884753,pi-test-01,img_6870,WZ-OSEG,-,17.693,0.8822,0.6107,0.7583,sam_uploaded,1381.358,32984.0,191011.0,4.82
2026-09-03T08:44:04.818593,pi-test-01,img_6871,WZ-OSEG,-,17.693,0.8822,0.6318,0.7744,sam_uploaded,1346.637,32984.0,191032.0,4.82
2026-09-03T08:44:06.730439,pi-test-01,img_6872,WZ-OSEG,-,17.693,0.8822,0.7047,0.8268,sam_uploaded,1320.195,32984.0,191045.0,4.82
2026-09-03T08:44:08.667573,pi-test-01,img_6873,WZ-OSEG,-,21.041,0.9033,0.5581,0.7163,sam_uploaded,1298.963,32984.0,187757.0,4.91
2026-09-03T08:44:10.560856,pi-test-01,img_6874,WZ-OSEG,-,21.041,0.9033,0.569,0.7253,sam_uploaded,1226.667,32984.0,187752.0,4.91
2026-09-03T08:44:12.357500,pi-test-01,img_6875,WZ-OSEG,-,21.041,0.9033,0.5539,0.7129,sam_uploaded,1220.418,32984.0,187753.0,4.91
2026-09-03T08:44:14.182898,pi-test-01,img_6876,WZ-OSEG,-,21.041,0.9033,0.5601,0.718,sam_uploaded,1263.239,32984.0,187748.0,4.91
2026-09-03T08:44:15.913706,pi-test-01,img_6877,WZ-OSEG,-,21.366,0.8976,0.6469,0.7856,sam_uploaded,1179.328,32984.0,183671.0,5.02
2026-09-03T08:44:17.676214,pi-test-01,img_6878,WZ-OSEG,-,21.366,0.8976,0.6081,0.7563,sam_uploaded,1212.324,32984.0,183721.0,5.02
2026-09-03T08:44:19.492582,pi-test-01,img_6879,WZ-OSEG,-,21.366,0.8976,0.654,0.7908,sam_uploaded,1217.229,32984.0,183729.0,5.02
2026-09-03T08:44:21.240278,pi-test-01,img_6880,WZ-OSEG,-,21.366,0.8976,0.6099,0.7577,sam_uploaded,1198.686,32984.0,183673.0,5.02
2026-09-03T08:44:23.039400,pi-test-01,img_6881,WZ-OSEG,-,21.119,0.909,0.5473,0.7074,sam_uploaded,1255.277,32984.0,189160.0,4.87
2026-09-03T08:44:24.925542,pi-test-01,img_6882,WZ-OSEG,-,21.119,0.909,0.5429,0.7037,sam_uploaded,1269.276,32984.0,189142.0,4.87
2026-09-03T08:44:26.897996,pi-test-01,img_6883,WZ-OSEG,-,21.119,0.909,0.55,0.7097,sam_uploaded,1264.383,32984.0,189147.0,4.87
2026-09-03T08:44:28.731956,pi-test-01,img_6884,WZ-OSEG,-,21.119,0.909,0.5425,0.7034,sam_uploaded,1271.575,32984.0,189146.0,4.87
2026-09-03T08:44:30.856532,pi-test-01,img_6885,WZ-OSEG,-,19.764,0.8922,0.6235,0.7681,sam_uploaded,1538.279,32984.0,199334.0,4.62
2026-09-03T08:44:32.985511,pi-test-01,img_6886,WZ-OSEG,-,19.764,0.8922,0.6455,0.7845,sam_uploaded,1539.377,32984.0,199278.0,4.62
2026-09-03T08:44:35.117894,pi-test-01,img_6887,WZ-OSEG,-,19.764,0.8922,0.6447,0.784,sam_uploaded,1512.11,32984.0,199326.0,4.62
2026-09-03T08:44:37.270560,pi-test-01,img_6888,WZ-OSEG,-,19.764,0.8922,0.645,0.7842,sam_uploaded,1522.654,32984.0,199307.0,4.62
2026-09-03T08:44:39.151330,pi-test-01,img_6889,WZ-OSEG,-,22.877,0.9394,0.7779,0.8751,sam_uploaded,1340.907,32984.0,186002.0,4.95
2026-09-03T08:44:41.175429,pi-test-01,img_6890,WZ-OSEG,-,22.877,0.9394,0.7432,0.8527,sam_uploaded,1350.279,32984.0,186026.0,4.95
2026-09-03T08:44:43.282439,pi-test-01,img_6891,WZ-OSEG,-,22.877,0.9394,0.5877,0.7403,sam_uploaded,1349.907,32984.0,186026.0,4.95
2026-09-03T08:44:45.127576,pi-test-01,img_6892,WZ-OSEG,-,22.877,0.9394,0.4073,0.5789,sam_uploaded,1317.662,32984.0,186011.0,4.95
2026-09-03T08:44:47.091443,pi-test-01,img_6893,WZ-OSEG,-,19.375,0.8945,0.5366,0.6985,sam_uploaded,1363.738,32984.0,189683.0,4.86
2026-09-03T08:44:49.034505,pi-test-01,img_6894,WZ-OSEG,-,19.375,0.8945,0.5156,0.6804,sam_uploaded,1343.687,32984.0,189680.0,4.86
2026-09-03T08:44:50.957389,pi-test-01,img_6895,WZ-OSEG,-,19.375,0.8945,0.5598,0.7177,sam_uploaded,1337.6,32984.0,189685.0,4.86
2026-09-03T08:44:52.900108,pi-test-01,img_6896,WZ-OSEG,-,19.375,0.8945,0.5526,0.7118,sam_uploaded,1364.215,32984.0,189682.0,4.86
2026-09-03T08:44:54.822737,pi-test-01,img_6897,WZ-OSEG,-,17.788,0.878,0.6276,0.7712,sam_uploaded,1364.539,32984.0,191868.0,4.8
2026-09-03T08:44:56.750974,pi-test-01,img_6898,WZ-OSEG,-,17.788,0.878,0.622,0.7669,sam_uploaded,1364.523,32984.0,191827.0,4.8
2026-09-03T08:44:58.691452,pi-test-01,img_6899,WZ-OSEG,-,17.788,0.878,0.6252,0.7694,sam_uploaded,1377.565,32984.0,191854.0,4.8
2026-09-03T08:45:00.691636,pi-test-01,img_6900,WZ-OSEG,-,17.788,0.878,0.6318,0.7744,sam_uploaded,1415.344,32984.0,191862.0,4.8
2026-09-03T08:45:02.630433,pi-test-01,img_6901,WZ-OSEG,-,21.788,0.9134,0.6057,0.7545,sam_uploaded,1293.341,32984.0,188046.0,4.9
2026-09-03T08:45:04.485184,pi-test-01,img_6902,WZ-OSEG,-,21.788,0.9134,0.6206,0.7659,sam_uploaded,1312.985,32984.0,188015.0,4.9
2026-09-03T08:45:06.304611,pi-test-01,img_6903,WZ-OSEG,-,21.788,0.9134,0.5891,0.7415,sam_uploaded,1277.994,32984.0,188016.0,4.9
2026-09-03T08:45:08.188862,pi-test-01,img_6904,WZ-OSEG,-,21.788,0.9134,0.5964,0.7472,sam_uploaded,1283.559,32984.0,188037.0,4.9
2026-09-03T08:45:09.977591,pi-test-01,img_6905,WZ-OSEG,-,21.489,0.895,0.6189,0.7646,sam_uploaded,1242.956,32984.0,184939.0,4.98
2026-09-03T08:45:11.807588,pi-test-01,img_6906,WZ-OSEG,-,21.489,0.895,0.6135,0.7605,sam_uploaded,1284.766,32984.0,184969.0,4.98
2026-09-03T08:45:13.569341,pi-test-01,img_6907,WZ-OSEG,-,21.489,0.895,0.6207,0.7659,sam_uploaded,1205.757,32984.0,184968.0,4.98
2026-09-03T08:45:15.401798,pi-test-01,img_6908,WZ-OSEG,-,21.489,0.895,0.6169,0.763,sam_uploaded,1286.154,32984.0,184924.0,4.98
2026-09-03T08:45:17.524896,pi-test-01,img_6909,WZ-OSEG,-,21.342,0.9091,0.5668,0.7235,sam_uploaded,1349.35,32984.0,191346.0,4.82
2026-09-03T08:45:19.473617,pi-test-01,img_6910,WZ-OSEG,-,21.342,0.9091,0.5496,0.7093,sam_uploaded,1391.31,32984.0,191292.0,4.82
2026-09-03T08:45:21.370060,pi-test-01,img_6911,WZ-OSEG,-,21.342,0.9091,0.5519,0.7113,sam_uploaded,1332.372,32984.0,191327.0,4.82
2026-09-03T08:45:23.290869,pi-test-01,img_6912,WZ-OSEG,-,21.342,0.9091,0.5413,0.7024,sam_uploaded,1358.4,32984.0,191312.0,4.82
2026-09-03T08:45:25.604859,pi-test-01,img_6913,WZ-OSEG,-,20.05,0.8904,0.6364,0.7778,sam_uploaded,1668.48,32984.0,200727.0,4.59
2026-09-03T08:45:27.954492,pi-test-01,img_6914,WZ-OSEG,-,20.05,0.8904,0.613,0.7601,sam_uploaded,1636.436,32984.0,200701.0,4.59
2026-09-03T08:45:30.198888,pi-test-01,img_6915,WZ-OSEG,-,20.05,0.8904,0.648,0.7864,sam_uploaded,1644.954,32984.0,200725.0,4.59
2026-09-03T08:45:32.535978,pi-test-01,img_6916,WZ-OSEG,-,20.05,0.8904,0.643,0.7827,sam_uploaded,1614.497,32984.0,200731.0,4.59
2026-09-03T08:45:34.601434,pi-test-01,img_6917,WZ-OSEG,-,18.496,0.8479,0.3374,0.5046,sam_uploaded,1406.038,32984.0,191297.0,4.82
2026-09-03T08:45:36.742259,pi-test-01,img_6918,WZ-OSEG,-,18.497,0.848,0.3369,0.504,sam_uploaded,1414.202,32984.0,191294.0,4.82
2026-09-03T08:45:38.794091,pi-test-01,img_6919,WZ-OSEG,-,18.496,0.8479,0.3405,0.508,sam_uploaded,1409.002,32984.0,191288.0,4.82
2026-09-03T08:45:40.835430,pi-test-01,img_6920,WZ-OSEG,-,18.497,0.848,0.3323,0.4988,sam_uploaded,1437.518,32984.0,191311.0,4.82
2026-09-03T08:45:42.860990,pi-test-01,img_6921,WZ-OSEG,-,14.758,0.8142,0.5565,0.715,sam_uploaded,1432.534,32984.0,196141.0,4.7
2026-09-03T08:45:44.935134,pi-test-01,img_6922,WZ-OSEG,-,14.758,0.8142,0.553,0.7121,sam_uploaded,1437.28,32984.0,196146.0,4.7
2026-09-03T08:45:47.005552,pi-test-01,img_6923,WZ-OSEG,-,14.758,0.8142,0.507,0.6729,sam_uploaded,1427.44,32984.0,196141.0,4.7
2026-09-03T08:45:49.060122,pi-test-01,img_6924,WZ-OSEG,-,14.758,0.8142,0.5593,0.7173,sam_uploaded,1438.871,32984.0,196145.0,4.7
2026-09-03T08:45:51.083369,pi-test-01,img_6925,WZ-OSEG,-,14.523,0.8294,0.6917,0.8177,sam_uploaded,1374.854,32984.0,192162.0,4.8
2026-09-03T08:45:53.134848,pi-test-01,img_6926,WZ-OSEG,-,14.523,0.8294,0.6803,0.8097,sam_uploaded,1392.571,32984.0,192214.0,4.79
2026-09-03T08:45:55.126861,pi-test-01,img_6927,WZ-OSEG,-,14.523,0.8294,0.6975,0.8218,sam_uploaded,1403.601,32984.0,192130.0,4.8
2026-09-03T08:45:57.121447,pi-test-01,img_6928,WZ-OSEG,-,14.523,0.8294,0.6884,0.8154,sam_uploaded,1406.975,32984.0,192192.0,4.8
2026-09-03T08:45:59.168912,pi-test-01,img_6929,WZ-OSEG,-,16.179,0.7956,0.3785,0.5492,sam_uploaded,1365.697,32984.0,191137.0,4.82
2026-09-03T08:46:01.112767,pi-test-01,img_6930,WZ-OSEG,-,16.179,0.7956,0.3668,0.5367,sam_uploaded,1377.047,32984.0,191224.0,4.82
2026-09-03T08:46:03.068757,pi-test-01,img_6931,WZ-OSEG,-,16.179,0.7956,0.3872,0.5582,sam_uploaded,1366.965,32984.0,191197.0,4.82
2026-09-03T08:46:05.007843,pi-test-01,img_6932,WZ-OSEG,-,16.179,0.7956,0.3845,0.5554,sam_uploaded,1334.798,32984.0,191168.0,4.82
2026-09-03T08:46:07.055125,pi-test-01,img_6933,WZ-OSEG,-,16.523,0.8419,0.4972,0.6642,sam_uploaded,1410.523,32984.0,196929.0,4.68
2026-09-03T08:46:09.037525,pi-test-01,img_6934,WZ-OSEG,-,16.523,0.8419,0.478,0.6468,sam_uploaded,1392.626,32984.0,196933.0,4.68
2026-09-03T08:46:11.066153,pi-test-01,img_6935,WZ-OSEG,-,16.523,0.8419,0.4979,0.6648,sam_uploaded,1430.884,32984.0,196937.0,4.68
2026-09-03T08:46:13.121341,pi-test-01,img_6936,WZ-OSEG,-,16.523,0.8419,0.4919,0.6594,sam_uploaded,1405.914,32984.0,196901.0,4.68
2026-09-03T08:46:15.040412,pi-test-01,img_6937,WZ-OSEG,-,15.116,0.84,0.6967,0.8212,sam_uploaded,1309.606,32984.0,190127.0,4.85
2026-09-03T08:46:16.980478,pi-test-01,img_6938,WZ-OSEG,-,15.116,0.84,0.6916,0.8177,sam_uploaded,1322.703,32984.0,190099.0,4.85
2026-09-03T08:46:18.869720,pi-test-01,img_6939,WZ-OSEG,-,15.116,0.84,0.6922,0.8181,sam_uploaded,1340.495,32984.0,190118.0,4.85
2026-09-03T08:46:20.793320,pi-test-01,img_6940,WZ-OSEG,-,15.116,0.84,0.6895,0.8162,sam_uploaded,1339.052,32984.0,190088.0,4.85
2026-09-03T08:46:23.050680,pi-test-01,img_6941,WZ-OSEG,-,16.032,0.826,0.5574,0.7158,sam_uploaded,1613.527,32984.0,202971.0,4.54
2026-09-03T08:46:25.433660,pi-test-01,img_6942,WZ-OSEG,-,16.032,0.826,0.5588,0.717,sam_uploaded,1653.501,32984.0,203021.0,4.54
2026-09-03T08:46:27.779962,pi-test-01,img_6943,WZ-OSEG,-,16.032,0.826,0.5586,0.7168,sam_uploaded,1688.468,32984.0,202997.0,4.54
2026-09-03T08:46:30.200804,pi-test-01,img_6944,WZ-OSEG,-,16.032,0.826,0.5602,0.7181,sam_uploaded,1638.172,32984.0,203000.0,4.54
2026-09-03T08:46:32.135255,pi-test-01,img_6945,WZ-OSEG,-,18.619,0.8508,0.3419,0.5096,sam_uploaded,1348.578,32984.0,190782.0,4.83
2026-09-03T08:46:34.059494,pi-test-01,img_6946,WZ-OSEG,-,18.619,0.8508,0.3502,0.5187,sam_uploaded,1355.459,32984.0,190759.0,4.83
2026-09-03T08:46:36.089652,pi-test-01,img_6947,WZ-OSEG,-,18.619,0.8508,0.345,0.5131,sam_uploaded,1363.162,32984.0,190777.0,4.83
2026-09-03T08:46:38.223209,pi-test-01,img_6948,WZ-OSEG,-,18.619,0.8508,0.3486,0.517,sam_uploaded,1377.537,32984.0,190771.0,4.83
2026-09-03T08:46:40.253668,pi-test-01,img_6949,WZ-OSEG,-,14.748,0.8148,0.5486,0.7085,sam_uploaded,1418.566,32984.0,193678.0,4.76
2026-09-03T08:46:42.436177,pi-test-01,img_6950,WZ-OSEG,-,14.748,0.8148,0.5475,0.7076,sam_uploaded,1489.603,32984.0,193697.0,4.76
2026-09-03T08:46:44.456099,pi-test-01,img_6951,WZ-OSEG,-,14.748,0.8148,0.5489,0.7087,sam_uploaded,1448.217,32984.0,193670.0,4.76
2026-09-03T08:46:46.511479,pi-test-01,img_6952,WZ-OSEG,-,14.748,0.8148,0.5469,0.7071,sam_uploaded,1438.001,32984.0,193692.0,4.76
2026-09-03T08:46:48.581566,pi-test-01,img_6953,WZ-OSEG,-,14.823,0.8294,0.6761,0.8068,sam_uploaded,1436.205,32984.0,194413.0,4.74
2026-09-03T08:46:50.707828,pi-test-01,img_6954,WZ-OSEG,-,14.824,0.8294,0.6574,0.7933,sam_uploaded,1428.411,32984.0,194440.0,4.74
2026-09-03T08:46:52.733023,pi-test-01,img_6955,WZ-OSEG,-,14.823,0.8294,0.6848,0.8129,sam_uploaded,1411.564,32984.0,194396.0,4.74
2026-09-03T08:46:54.917947,pi-test-01,img_6956,WZ-OSEG,-,14.824,0.8294,0.6617,0.7964,sam_uploaded,1458.581,32984.0,194451.0,4.74
2026-09-03T08:46:57.048244,pi-test-01,img_6957,WZ-OSEG,-,15.938,0.8067,0.4061,0.5777,sam_uploaded,1355.724,32984.0,191390.0,4.82
2026-09-03T08:46:59.023126,pi-test-01,img_6958,WZ-OSEG,-,15.938,0.8067,0.4054,0.5769,sam_uploaded,1408.225,32984.0,191453.0,4.81
2026-09-03T08:47:00.971902,pi-test-01,img_6959,WZ-OSEG,-,15.938,0.8067,0.4066,0.5781,sam_uploaded,1389.036,32984.0,191401.0,4.82
2026-09-03T08:47:02.864869,pi-test-01,img_6960,WZ-OSEG,-,15.938,0.8067,0.4126,0.5842,sam_uploaded,1334.043,32984.0,191413.0,4.81
2026-09-03T08:47:04.936145,pi-test-01,img_6961,WZ-OSEG,-,16.494,0.8454,0.5006,0.6672,sam_uploaded,1442.097,32984.0,195093.0,4.72
2026-09-03T08:47:06.945605,pi-test-01,img_6962,WZ-OSEG,-,16.494,0.8454,0.4988,0.6656,sam_uploaded,1439.658,32984.0,195078.0,4.72
2026-09-03T08:47:09.003528,pi-test-01,img_6963,WZ-OSEG,-,16.494,0.8454,0.4949,0.6621,sam_uploaded,1468.274,32984.0,195071.0,4.72
2026-09-03T08:47:10.972592,pi-test-01,img_6964,WZ-OSEG,-,16.494,0.8454,0.4993,0.666,sam_uploaded,1406.692,32984.0,195071.0,4.72
2026-09-03T08:47:12.848136,pi-test-01,img_6965,WZ-OSEG,-,14.829,0.8434,0.6996,0.8232,sam_uploaded,1326.325,32984.0,189628.0,4.86
2026-09-03T08:47:14.735934,pi-test-01,img_6966,WZ-OSEG,-,14.829,0.8434,0.7038,0.8262,sam_uploaded,1307.427,32984.0,189609.0,4.86
2026-09-03T08:47:16.675380,pi-test-01,img_6967,WZ-OSEG,-,14.829,0.8434,0.7063,0.8279,sam_uploaded,1365.199,32984.0,189626.0,4.86
2026-09-03T08:47:18.633135,pi-test-01,img_6968,WZ-OSEG,-,14.829,0.8434,0.705,0.827,sam_uploaded,1407.705,32984.0,189614.0,4.86
2026-09-03T08:47:20.906562,pi-test-01,img_6969,WZ-OSEG,-,15.852,0.8226,0.5841,0.7375,sam_uploaded,1622.156,32984.0,203228.0,4.53
2026-09-03T08:47:23.167933,pi-test-01,img_6970,WZ-OSEG,-,15.852,0.8226,0.5789,0.7333,sam_uploaded,1628.094,32984.0,203256.0,4.53
2026-09-03T08:47:25.436956,pi-test-01,img_6971,WZ-OSEG,-,15.852,0.8226,0.5753,0.7304,sam_uploaded,1637.594,32984.0,203199.0,4.54
2026-09-03T08:47:27.795879,pi-test-01,img_6972,WZ-OSEG,-,15.853,0.8226,0.5862,0.7392,sam_uploaded,1634.038,32984.0,203246.0,4.53
2026-09-03T08:47:29.962001,pi-test-01,img_6973,WZ-OSEG,-,11.955,0.7809,0.6596,0.7949,sam_uploaded,1547.108,32984.0,202737.0,4.55
2026-09-03T08:47:32.327266,pi-test-01,img_6974,WZ-OSEG,-,11.955,0.7809,0.6603,0.7954,sam_uploaded,1642.089,32984.0,202720.0,4.55
2026-09-03T08:47:34.597050,pi-test-01,img_6975,WZ-OSEG,-,11.955,0.7809,0.6551,0.7916,sam_uploaded,1591.043,32984.0,202722.0,4.55
2026-09-03T08:47:36.892349,pi-test-01,img_6976,WZ-OSEG,-,11.955,0.7809,0.6557,0.792,sam_uploaded,1638.437,32984.0,202744.0,4.55
2026-09-03T08:47:39.059548,pi-test-01,img_6977,WZ-OSEG,-,13.331,0.795,0.6873,0.8147,sam_uploaded,1517.155,32984.0,204545.0,4.51
2026-09-03T08:47:41.275943,pi-test-01,img_6978,WZ-OSEG,-,13.331,0.795,0.6679,0.8009,sam_uploaded,1487.475,32984.0,204540.0,4.51
2026-09-03T08:47:43.387830,pi-test-01,img_6979,WZ-OSEG,-,13.331,0.795,0.6754,0.8062,sam_uploaded,1486.472,32984.0,204554.0,4.51
2026-09-03T08:47:45.609539,pi-test-01,img_6980,WZ-OSEG,-,13.331,0.795,0.6656,0.7992,sam_uploaded,1481.106,32984.0,204548.0,4.51
2026-09-03T08:47:47.699532,pi-test-01,img_6981,WZ-OSEG,-,13.06,0.8132,0.6639,0.798,sam_uploaded,1412.06,32984.0,199591.0,4.62
2026-09-03T08:47:49.784187,pi-test-01,img_6982,WZ-OSEG,-,13.06,0.8132,0.8081,0.8939,sam_uploaded,1410.545,32984.0,199619.0,4.62
2026-09-03T08:47:51.811978,pi-test-01,img_6983,WZ-OSEG,-,13.06,0.8132,0.6711,0.8032,sam_uploaded,1385.624,32984.0,199617.0,4.62
2026-09-03T08:47:53.872507,pi-test-01,img_6984,WZ-OSEG,-,13.06,0.8132,0.8126,0.8966,sam_uploaded,1410.91,32984.0,199588.0,4.62
2026-09-03T08:47:56.054730,pi-test-01,img_6985,WZ-OSEG,-,12.897,0.7834,0.6118,0.7591,sam_uploaded,1497.571,32984.0,204217.0,4.51
2026-09-03T08:47:58.203338,pi-test-01,img_6986,WZ-OSEG,-,12.897,0.7834,0.6129,0.76,sam_uploaded,1503.421,32984.0,204175.0,4.51
2026-09-03T08:48:00.386860,pi-test-01,img_6987,WZ-OSEG,-,12.897,0.7834,0.6142,0.761,sam_uploaded,1510.323,32984.0,204173.0,4.51
2026-09-03T08:48:02.642611,pi-test-01,img_6988,WZ-OSEG,-,12.897,0.7834,0.6139,0.7608,sam_uploaded,1467.723,32984.0,204209.0,4.51
2026-09-03T08:48:04.737287,pi-test-01,img_6989,WZ-OSEG,-,14.549,0.818,0.4767,0.6456,sam_uploaded,1483.826,32984.0,198689.0,4.64
2026-09-03T08:48:06.845291,pi-test-01,img_6990,WZ-OSEG,-,14.549,0.8179,0.4803,0.6489,sam_uploaded,1476.679,32984.0,198708.0,4.64
2026-09-03T08:48:08.897466,pi-test-01,img_6991,WZ-OSEG,-,14.549,0.818,0.4784,0.6472,sam_uploaded,1458.276,32984.0,198685.0,4.64
2026-09-03T08:48:10.980219,pi-test-01,img_6992,WZ-OSEG,-,14.549,0.8179,0.4747,0.6438,sam_uploaded,1459.738,32984.0,198711.0,4.64
2026-09-03T08:48:13.562531,pi-test-01,img_6993,WZ-OSEG,-,14.457,0.8284,0.6049,0.7538,sam_uploaded,1885.938,32984.0,203958.0,4.52
2026-09-03T08:48:16.326535,pi-test-01,img_6994,WZ-OSEG,-,14.457,0.8284,0.6127,0.7598,sam_uploaded,1902.304,32984.0,203962.0,4.52
2026-09-03T08:48:18.902459,pi-test-01,img_6995,WZ-OSEG,-,14.457,0.8284,0.6049,0.7538,sam_uploaded,1853.418,32984.0,203943.0,4.52
2026-09-03T08:48:21.419148,pi-test-01,img_6996,WZ-OSEG,-,14.457,0.8284,0.6019,0.7515,sam_uploaded,1843.973,32984.0,203937.0,4.52
2026-09-03T08:48:23.736486,pi-test-01,img_6997,WZ-OSEG,-,13.169,0.7749,0.6648,0.7987,sam_uploaded,1661.848,32984.0,207266.0,4.45
2026-09-03T08:48:26.169051,pi-test-01,img_6998,WZ-OSEG,-,13.169,0.7749,0.6435,0.7831,sam_uploaded,1679.126,32984.0,207283.0,4.45
2026-09-03T08:48:28.539891,pi-test-01,img_6999,WZ-OSEG,-,13.169,0.7749,0.6674,0.8005,sam_uploaded,1666.097,32984.0,207263.0,4.45
2026-09-03T08:48:31.104658,pi-test-01,img_7000,WZ-OSEG,-,13.169,0.7749,0.6533,0.7903,sam_uploaded,1668.839,32984.0,207288.0,4.45
2026-09-03T08:48:32.967826,pi-test-01,img_7001,WZ-OSEG,-,12.294,0.7695,0.754,0.8598,sam_uploaded,1182.529,32984.0,188973.0,4.88
2026-09-03T08:48:34.764124,pi-test-01,img_7002,WZ-OSEG,-,12.294,0.7695,0.6945,0.8197,sam_uploaded,1237.329,32984.0,189007.0,4.88
2026-09-03T08:48:36.548470,pi-test-01,img_7003,WZ-OSEG,-,12.294,0.7695,0.6922,0.8181,sam_uploaded,1199.764,32984.0,188994.0,4.88
2026-09-03T08:48:38.434154,pi-test-01,img_7004,WZ-OSEG,-,12.294,0.7695,0.6884,0.8154,sam_uploaded,1193.789,32984.0,189007.0,4.88
2026-09-03T08:48:40.164484,pi-test-01,img_7005,WZ-OSEG,-,10.522,0.7406,0.8505,0.9192,sam_uploaded,1087.728,32984.0,186711.0,4.94
2026-09-03T08:48:41.868936,pi-test-01,img_7006,WZ-OSEG,-,10.522,0.7406,0.8388,0.9123,sam_uploaded,1137.875,32984.0,186713.0,4.94
2026-09-03T08:48:43.496332,pi-test-01,img_7007,WZ-OSEG,-,10.522,0.7406,0.8532,0.9208,sam_uploaded,1037.821,32984.0,186724.0,4.94
2026-09-03T08:48:45.249840,pi-test-01,img_7008,WZ-OSEG,-,10.522,0.7406,0.8539,0.9212,sam_uploaded,1129.609,32984.0,186700.0,4.94
2026-09-03T08:48:46.949086,pi-test-01,img_7009,WZ-OSEG,-,11.72,0.787,0.7875,0.8811,sam_uploaded,1155.239,32984.0,185093.0,4.98
2026-09-03T08:48:48.632344,pi-test-01,img_7010,WZ-OSEG,-,11.721,0.787,0.8315,0.908,sam_uploaded,1125.708,32984.0,185148.0,4.98
2026-09-03T08:48:50.356238,pi-test-01,img_7011,WZ-OSEG,-,11.72,0.787,0.8397,0.9129,sam_uploaded,1172.356,32984.0,185136.0,4.98
2026-09-03T08:48:52.004027,pi-test-01,img_7012,WZ-OSEG,-,11.721,0.787,0.8363,0.9108,sam_uploaded,1085.702,32984.0,185121.0,4.98
2026-09-03T08:48:53.606899,pi-test-01,img_7013,WZ-OSEG,-,12.223,0.8214,0.6858,0.8136,sam_uploaded,1022.923,32984.0,187397.0,4.92
2026-09-03T08:48:55.398408,pi-test-01,img_7014,WZ-OSEG,-,12.223,0.8214,0.6756,0.8064,sam_uploaded,1225.499,32984.0,187417.0,4.92
2026-09-03T08:48:57.051462,pi-test-01,img_7015,WZ-OSEG,-,12.223,0.8214,0.6861,0.8138,sam_uploaded,1084.358,32984.0,187412.0,4.92
2026-09-03T08:48:58.831763,pi-test-01,img_7016,WZ-OSEG,-,12.223,0.8214,0.6756,0.8064,sam_uploaded,1227.41,32984.0,187413.0,4.92
2026-09-03T08:49:00.460840,pi-test-01,img_7017,WZ-OSEG,-,9.874,0.7285,0.842,0.9142,sam_uploaded,1046.898,32984.0,187693.0,4.91
2026-09-03T08:49:02.085573,pi-test-01,img_7018,WZ-OSEG,-,9.874,0.7285,0.8407,0.9134,sam_uploaded,1013.545,32984.0,187689.0,4.91
2026-09-03T08:49:03.766669,pi-test-01,img_7019,WZ-OSEG,-,9.874,0.7285,0.8409,0.9136,sam_uploaded,1029.71,32984.0,187688.0,4.91
2026-09-03T08:49:05.340464,pi-test-01,img_7020,WZ-OSEG,-,9.874,0.7285,0.8407,0.9134,sam_uploaded,1037.529,32984.0,187698.0,4.91
2026-09-03T08:49:07.116503,pi-test-01,img_7021,WZ-OSEG,-,12.569,0.8321,0.5608,0.7186,sam_uploaded,1219.716,32984.0,183118.0,5.03
2026-09-03T08:49:08.833318,pi-test-01,img_7022,WZ-OSEG,-,12.569,0.8321,0.5545,0.7134,sam_uploaded,1197.554,32984.0,183126.0,5.03
2026-09-03T08:49:10.619460,pi-test-01,img_7023,WZ-OSEG,-,12.569,0.8321,0.5598,0.7178,sam_uploaded,1239.463,32984.0,183152.0,5.03
2026-09-03T08:49:12.366709,pi-test-01,img_7024,WZ-OSEG,-,12.569,0.8321,0.5571,0.7156,sam_uploaded,1178.928,32984.0,183101.0,5.03
2026-09-03T08:49:14.241036,pi-test-01,img_7025,WZ-OSEG,-,10.752,0.7346,0.8106,0.8954,sam_uploaded,1286.267,32984.0,195042.0,4.73
2026-09-03T08:49:16.245214,pi-test-01,img_7026,WZ-OSEG,-,10.752,0.7346,0.8039,0.8913,sam_uploaded,1333.282,32984.0,195066.0,4.72
2026-09-03T08:49:18.128882,pi-test-01,img_7027,WZ-OSEG,-,10.752,0.7346,0.8053,0.8922,sam_uploaded,1282.656,32984.0,195020.0,4.73
2026-09-03T08:49:19.972437,pi-test-01,img_7028,WZ-OSEG,-,10.752,0.7346,0.8041,0.8914,sam_uploaded,1266.42,32984.0,195047.0,4.73
2026-09-03T08:49:22.363607,pi-test-01,img_7029,WZ-OSEG,-,21.046,0.9314,0.2042,0.3391,sam_uploaded,1755.069,32984.0,203077.0,4.54
2026-09-03T08:49:24.739709,pi-test-01,img_7030,WZ-OSEG,-,21.046,0.9314,0.1968,0.3288,sam_uploaded,1694.172,32984.0,203033.0,4.54
2026-09-03T08:49:27.194170,pi-test-01,img_7031,WZ-OSEG,-,21.046,0.9314,0.2012,0.335,sam_uploaded,1740.613,32984.0,203048.0,4.54
2026-09-03T08:49:29.560375,pi-test-01,img_7032,WZ-OSEG,-,21.046,0.9314,0.194,0.325,sam_uploaded,1745.809,32984.0,203047.0,4.54
2026-09-03T08:49:32.032598,pi-test-01,img_7033,WZ-OSEG,-,20.591,0.9178,0.1258,0.2235,sam_uploaded,1810.448,32984.0,206269.0,4.47
2026-09-03T08:49:34.576650,pi-test-01,img_7034,WZ-OSEG,-,20.591,0.9178,0.1221,0.2177,sam_uploaded,1816.559,32984.0,206290.0,4.47
2026-09-03T08:49:37.090579,pi-test-01,img_7035,WZ-OSEG,-,20.591,0.9178,0.1261,0.2239,sam_uploaded,1855.706,32984.0,206297.0,4.47
2026-09-03T08:49:39.563917,pi-test-01,img_7036,WZ-OSEG,-,20.591,0.9178,0.1224,0.2181,sam_uploaded,1820.836,32984.0,206280.0,4.47
2026-09-03T08:49:41.921974,pi-test-01,img_7037,WZ-OSEG,-,17.621,0.885,0.3778,0.5484,sam_uploaded,1616.175,32984.0,200707.0,4.59
2026-09-03T08:49:44.181288,pi-test-01,img_7038,WZ-OSEG,-,17.621,0.885,0.4044,0.5759,sam_uploaded,1624.123,32984.0,200680.0,4.59
2026-09-03T08:49:46.663080,pi-test-01,img_7039,WZ-OSEG,-,17.621,0.885,0.3813,0.5521,sam_uploaded,1588.649,32984.0,200674.0,4.59
2026-09-03T08:49:48.991458,pi-test-01,img_7040,WZ-OSEG,-,17.621,0.885,0.3931,0.5643,sam_uploaded,1618.62,32984.0,200678.0,4.59
2026-09-03T08:49:51.450649,pi-test-01,img_7041,WZ-OSEG,-,19.941,0.9314,0.1793,0.3041,sam_uploaded,1797.677,32984.0,204095.0,4.52
2026-09-03T08:49:53.867286,pi-test-01,img_7042,WZ-OSEG,-,19.941,0.9314,0.1679,0.2875,sam_uploaded,1784.668,32984.0,204065.0,4.52
2026-09-03T08:49:56.307700,pi-test-01,img_7043,WZ-OSEG,-,19.94,0.9314,0.1704,0.2912,sam_uploaded,1812.895,32984.0,204087.0,4.52
2026-09-03T08:49:58.738026,pi-test-01,img_7044,WZ-OSEG,-,19.941,0.9314,0.1742,0.2967,sam_uploaded,1801.039,32984.0,204089.0,4.52
2026-09-03T08:50:01.081084,pi-test-01,img_7045,WZ-OSEG,-,15.325,0.8597,0.4072,0.5787,sam_uploaded,1714.915,32984.0,203081.0,4.54
2026-09-03T08:50:03.660277,pi-test-01,img_7046,WZ-OSEG,-,15.325,0.8597,0.4153,0.5869,sam_uploaded,1717.152,32984.0,203071.0,4.54
2026-09-03T08:50:06.031066,pi-test-01,img_7047,WZ-OSEG,-,15.325,0.8597,0.4064,0.5779,sam_uploaded,1704.436,32984.0,203076.0,4.54
2026-09-03T08:50:08.441662,pi-test-01,img_7048,WZ-OSEG,-,15.325,0.8597,0.407,0.5785,sam_uploaded,1732.998,32984.0,203067.0,4.54
2026-09-03T08:50:10.907966,pi-test-01,img_7049,WZ-OSEG,-,19.803,0.9134,0.2802,0.4378,sam_uploaded,1830.17,32984.0,204030.0,4.52
2026-09-03T08:50:13.377492,pi-test-01,img_7050,WZ-OSEG,-,19.803,0.9134,0.27,0.4252,sam_uploaded,1830.64,32984.0,204037.0,4.52
2026-09-03T08:50:15.840723,pi-test-01,img_7051,WZ-OSEG,-,19.803,0.9134,0.293,0.4532,sam_uploaded,1822.837,32984.0,204032.0,4.52
2026-09-03T08:50:18.349052,pi-test-01,img_7052,WZ-OSEG,-,19.803,0.9134,0.2768,0.4336,sam_uploaded,1841.485,32984.0,204027.0,4.52
2026-09-03T08:50:21.000861,pi-test-01,img_7053,WZ-OSEG,-,18.043,0.8611,0.2614,0.4145,sam_uploaded,1955.291,32984.0,207790.0,4.44
2026-09-03T08:50:23.767205,pi-test-01,img_7054,WZ-OSEG,-,18.042,0.8611,0.3036,0.4657,sam_uploaded,1961.102,33184.0,207803.0,4.43
2026-09-03T08:50:26.442979,pi-test-01,img_7055,WZ-OSEG,-,18.043,0.8611,0.261,0.4139,sam_uploaded,2003.114,33184.0,207796.0,4.44
2026-09-03T08:50:29.117582,pi-test-01,img_7056,WZ-OSEG,-,18.042,0.8611,0.3024,0.4644,sam_uploaded,1980.225,33184.0,207801.0,4.44
2026-09-03T08:50:31.601694,pi-test-01,img_7057,WZ-OSEG,-,16.219,0.8884,0.3864,0.5574,sam_uploaded,1732.654,33184.0,206282.0,4.47
2026-09-03T08:50:34.114607,pi-test-01,img_7058,WZ-OSEG,-,16.219,0.8884,0.3998,0.5712,sam_uploaded,1766.413,33184.0,206236.0,4.47
2026-09-03T08:50:36.485687,pi-test-01,img_7059,WZ-OSEG,-,16.219,0.8884,0.3899,0.5611,sam_uploaded,1725.065,33184.0,206246.0,4.47
2026-09-03T08:50:38.981602,pi-test-01,img_7060,WZ-OSEG,-,16.219,0.8884,0.391,0.5622,sam_uploaded,1770.251,33184.0,206283.0,4.47
2026-09-03T08:50:41.129548,pi-test-01,img_7061,WZ-OSEG,-,13.255,0.8021,0.7501,0.8572,sam_uploaded,1482.989,33184.0,205869.0,4.48
2026-09-03T08:50:43.279160,pi-test-01,img_7062,WZ-OSEG,-,13.255,0.8021,0.6955,0.8204,sam_uploaded,1498.633,33184.0,205866.0,4.48
2026-09-03T08:50:45.437752,pi-test-01,img_7063,WZ-OSEG,-,13.255,0.8021,0.7487,0.8563,sam_uploaded,1508.6,33184.0,205892.0,4.48
2026-09-03T08:50:47.594453,pi-test-01,img_7064,WZ-OSEG,-,13.255,0.8021,0.6373,0.7785,sam_uploaded,1498.233,33184.0,205855.0,4.48
2026-09-03T08:50:49.829164,pi-test-01,img_7065,WZ-OSEG,-,15.528,0.8561,0.6276,0.7712,sam_uploaded,1510.326,33184.0,204402.0,4.51
2026-09-03T08:50:51.982998,pi-test-01,img_7066,WZ-OSEG,-,15.528,0.8561,0.6167,0.7629,sam_uploaded,1499.85,33184.0,204400.0,4.51
2026-09-03T08:50:54.217902,pi-test-01,img_7067,WZ-OSEG,-,15.528,0.8561,0.6253,0.7694,sam_uploaded,1527.931,33184.0,204407.0,4.51
2026-09-03T08:50:56.375343,pi-test-01,img_7068,WZ-OSEG,-,15.528,0.8561,0.6294,0.7725,sam_uploaded,1539.149,33184.0,204410.0,4.51
2026-09-03T08:50:58.520930,pi-test-01,img_7069,WZ-OSEG,-,14.398,0.8205,0.7118,0.8316,sam_uploaded,1497.653,33184.0,199867.0,4.61
2026-09-03T08:51:00.636910,pi-test-01,img_7070,WZ-OSEG,-,14.398,0.8205,0.6897,0.8163,sam_uploaded,1473.269,33184.0,199869.0,4.61
2026-09-03T08:51:02.759948,pi-test-01,img_7071,WZ-OSEG,-,14.398,0.8205,0.7008,0.8241,sam_uploaded,1519.194,33184.0,199861.0,4.61
2026-09-03T08:51:04.868123,pi-test-01,img_7072,WZ-OSEG,-,14.398,0.8205,0.702,0.8249,sam_uploaded,1471.323,33184.0,199859.0,4.61
2026-09-03T08:51:06.887828,pi-test-01,img_7073,WZ-OSEG,-,14.086,0.8016,0.6452,0.7844,sam_uploaded,1392.922,33184.0,203304.0,4.53
2026-09-03T08:51:09.002606,pi-test-01,img_7074,WZ-OSEG,-,14.086,0.8016,0.6465,0.7853,sam_uploaded,1374.313,33184.0,203314.0,4.53
2026-09-03T08:51:11.076271,pi-test-01,img_7075,WZ-OSEG,-,14.086,0.8016,0.6492,0.7873,sam_uploaded,1412.496,33184.0,203292.0,4.53
2026-09-03T08:51:13.127284,pi-test-01,img_7076,WZ-OSEG,-,14.086,0.8016,0.586,0.7389,sam_uploaded,1403.246,33184.0,203333.0,4.53
2026-09-03T08:51:15.442438,pi-test-01,img_7077,WZ-OSEG,-,13.87,0.8072,0.7984,0.8879,sam_uploaded,1412.993,33184.0,202395.0,4.55
2026-09-03T08:51:17.512219,pi-test-01,img_7078,WZ-OSEG,-,13.869,0.8072,0.7925,0.8843,sam_uploaded,1371.7,33184.0,202449.0,4.55
2026-09-03T08:51:19.590900,pi-test-01,img_7079,WZ-OSEG,-,13.87,0.8072,0.8104,0.8953,sam_uploaded,1428.588,33184.0,202397.0,4.55
2026-09-03T08:51:21.642711,pi-test-01,img_7080,WZ-OSEG,-,13.869,0.8072,0.7547,0.8602,sam_uploaded,1395.839,33184.0,202412.0,4.55
2026-09-03T08:51:23.943215,pi-test-01,img_7081,WZ-OSEG,-,13.788,0.7761,0.669,0.8017,sam_uploaded,1549.294,33184.0,206589.0,4.46
2026-09-03T08:51:26.154470,pi-test-01,img_7082,WZ-OSEG,-,13.788,0.7761,0.6468,0.7855,sam_uploaded,1567.994,33184.0,206596.0,4.46
2026-09-03T08:51:28.448641,pi-test-01,img_7083,WZ-OSEG,-,13.788,0.7761,0.6642,0.7982,sam_uploaded,1560.353,33184.0,206625.0,4.46
2026-09-03T08:51:30.746170,pi-test-01,img_7084,WZ-OSEG,-,13.788,0.7761,0.6398,0.7803,sam_uploaded,1606.904,33184.0,206613.0,4.46
2026-09-03T08:51:32.792071,pi-test-01,img_7085,WZ-OSEG,-,18.476,0.9048,0.5395,0.7009,sam_uploaded,1383.061,33184.0,194593.0,4.74
2026-09-03T08:51:34.846288,pi-test-01,img_7086,WZ-OSEG,-,18.476,0.9048,0.5193,0.6836,sam_uploaded,1423.773,33184.0,194556.0,4.74
2026-09-03T08:51:36.780815,pi-test-01,img_7087,WZ-OSEG,-,18.476,0.9048,0.541,0.7021,sam_uploaded,1358.9,33184.0,194574.0,4.74
2026-09-03T08:51:38.768325,pi-test-01,img_7088,WZ-OSEG,-,18.476,0.9048,0.5057,0.6717,sam_uploaded,1413.835,33184.0,194565.0,4.74
2026-09-03T08:51:40.746268,pi-test-01,img_7089,WZ-OSEG,-,16.011,0.8484,0.6698,0.8023,sam_uploaded,1363.063,33184.0,196652.0,4.69
2026-09-03T08:51:42.845424,pi-test-01,img_7090,WZ-OSEG,-,16.011,0.8484,0.6695,0.802,sam_uploaded,1397.923,33184.0,196671.0,4.69
2026-09-03T08:51:44.881238,pi-test-01,img_7091,WZ-OSEG,-,16.011,0.8484,0.6692,0.8018,sam_uploaded,1407.372,33184.0,196648.0,4.69
2026-09-03T08:51:46.950735,pi-test-01,img_7092,WZ-OSEG,-,16.011,0.8484,0.6674,0.8005,sam_uploaded,1402.601,33184.0,196661.0,4.69
2026-09-03T08:51:49.161612,pi-test-01,img_7093,WZ-OSEG,-,15.835,0.8333,0.5222,0.6861,sam_uploaded,1602.636,33184.0,203005.0,4.54
2026-09-03T08:51:51.395791,pi-test-01,img_7094,WZ-OSEG,-,15.835,0.8333,0.5173,0.6819,sam_uploaded,1594.577,33184.0,202952.0,4.54
2026-09-03T08:51:53.636460,pi-test-01,img_7095,WZ-OSEG,-,15.835,0.8333,0.515,0.6798,sam_uploaded,1619.135,33184.0,202968.0,4.54
2026-09-03T08:51:55.857868,pi-test-01,img_7096,WZ-OSEG,-,15.835,0.8333,0.5197,0.684,sam_uploaded,1598.537,33184.0,202958.0,4.54
2026-09-03T08:51:58.111172,pi-test-01,img_7097,WZ-OSEG,-,14.854,0.8004,0.4349,0.6062,sam_uploaded,1623.646,33184.0,199837.0,4.61
2026-09-03T08:52:00.570995,pi-test-01,img_7098,WZ-OSEG,-,14.854,0.8004,0.4349,0.6062,sam_uploaded,1651.253,33184.0,199842.0,4.61
2026-09-03T08:52:02.975017,pi-test-01,img_7099,WZ-OSEG,-,14.854,0.8004,0.4348,0.6061,sam_uploaded,1666.185,33184.0,199844.0,4.61
2026-09-03T08:52:05.475201,pi-test-01,img_7100,WZ-OSEG,-,14.854,0.8004,0.4203,0.5919,sam_uploaded,1701.396,33184.0,199784.0,4.61
2026-09-03T08:52:07.453220,pi-test-01,img_7101,WZ-OSEG,-,17.617,0.8558,0.4349,0.6062,sam_uploaded,1394.589,33184.0,194062.0,4.75
2026-09-03T08:52:09.555199,pi-test-01,img_7102,WZ-OSEG,-,17.617,0.8558,0.4185,0.59,sam_uploaded,1378.752,33184.0,194064.0,4.75
2026-09-03T08:52:11.596930,pi-test-01,img_7103,WZ-OSEG,-,17.617,0.8558,0.4309,0.6022,sam_uploaded,1384.496,33184.0,194070.0,4.75
2026-09-03T08:52:13.615336,pi-test-01,img_7104,WZ-OSEG,-,17.617,0.8558,0.4179,0.5895,sam_uploaded,1403.915,33184.0,194070.0,4.75
2026-09-03T08:52:15.737701,pi-test-01,img_7105,WZ-OSEG,-,15.263,0.8334,0.593,0.7445,sam_uploaded,1514.236,33184.0,202000.0,4.56
2026-09-03T08:52:17.966761,pi-test-01,img_7106,WZ-OSEG,-,15.263,0.8334,0.5935,0.7449,sam_uploaded,1531.115,33184.0,201943.0,4.56
2026-09-03T08:52:20.078160,pi-test-01,img_7107,WZ-OSEG,-,15.263,0.8334,0.5933,0.7448,sam_uploaded,1485.513,33184.0,201991.0,4.56
2026-09-03T08:52:22.310216,pi-test-01,img_7108,WZ-OSEG,-,15.263,0.8334,0.5588,0.717,sam_uploaded,1475.719,33184.0,201975.0,4.56
2026-09-03T08:52:24.801195,pi-test-01,img_7109,WZ-OSEG,-,16.185,0.8156,0.5552,0.714,sam_uploaded,1779.195,33184.0,204652.0,4.5
2026-09-03T08:52:27.169832,pi-test-01,img_7110,WZ-OSEG,-,16.185,0.8157,0.5403,0.7016,sam_uploaded,1730.934,33184.0,204633.0,4.5
2026-09-03T08:52:29.701679,pi-test-01,img_7111,WZ-OSEG,-,16.185,0.8156,0.5482,0.7081,sam_uploaded,1760.285,33184.0,204636.0,4.5
2026-09-03T08:52:32.082282,pi-test-01,img_7112,WZ-OSEG,-,16.185,0.8157,0.5482,0.7082,sam_uploaded,1740.724,33184.0,204639.0,4.5
2026-09-03T08:52:33.893978,pi-test-01,img_7113,WZ-OSEG,-,16.861,0.8947,0.4583,0.6285,sam_uploaded,1154.949,33184.0,189829.0,4.85
2026-09-03T08:52:35.632756,pi-test-01,img_7114,WZ-OSEG,-,16.861,0.8947,0.4582,0.6285,sam_uploaded,1197.858,33184.0,189832.0,4.85
2026-09-03T08:52:37.417903,pi-test-01,img_7115,WZ-OSEG,-,16.861,0.8947,0.4582,0.6285,sam_uploaded,1175.008,33184.0,189824.0,4.86
2026-09-03T08:52:39.153253,pi-test-01,img_7116,WZ-OSEG,-,16.861,0.8947,0.4582,0.6284,sam_uploaded,1175.401,33184.0,189873.0,4.85
2026-09-03T08:52:40.873329,pi-test-01,img_7117,WZ-OSEG,-,14.504,0.8232,0.6796,0.8092,sam_uploaded,1092.447,33184.0,191978.0,4.8
2026-09-03T08:52:42.725751,pi-test-01,img_7118,WZ-OSEG,-,14.504,0.8232,0.7262,0.8414,sam_uploaded,1089.24,33184.0,191993.0,4.8
2026-09-03T08:52:44.348528,pi-test-01,img_7119,WZ-OSEG,-,14.504,0.8232,0.6619,0.7965,sam_uploaded,1063.17,33184.0,192005.0,4.8
2026-09-03T08:52:46.009479,pi-test-01,img_7120,WZ-OSEG,-,14.504,0.8232,0.7266,0.8416,sam_uploaded,1100.036,33184.0,191959.0,4.8
2026-09-03T08:52:47.858481,pi-test-01,img_7121,WZ-OSEG,-,14.901,0.8682,0.655,0.7916,sam_uploaded,1200.715,33184.0,191996.0,4.8
2026-09-03T08:52:49.701346,pi-test-01,img_7122,WZ-OSEG,-,14.901,0.8682,0.5074,0.6732,sam_uploaded,1186.369,33184.0,191975.0,4.8
2026-09-03T08:52:51.484126,pi-test-01,img_7123,WZ-OSEG,-,14.901,0.8682,0.6554,0.7918,sam_uploaded,1211.554,33184.0,191944.0,4.8
2026-09-03T08:52:53.276522,pi-test-01,img_7124,WZ-OSEG,-,14.901,0.8682,0.6531,0.7901,sam_uploaded,1217.697,33184.0,192032.0,4.8
2026-09-03T08:52:55.251813,pi-test-01,img_7125,WZ-OSEG,-,14.906,0.8603,0.7112,0.8312,sam_uploaded,1320.455,33184.0,188454.0,4.89
2026-09-03T08:52:57.138524,pi-test-01,img_7126,WZ-OSEG,-,14.906,0.8603,0.6661,0.7996,sam_uploaded,1326.337,33184.0,188398.0,4.89
2026-09-03T08:52:59.131462,pi-test-01,img_7127,WZ-OSEG,-,14.906,0.8603,0.7176,0.8356,sam_uploaded,1310.221,33184.0,188403.0,4.89
2026-09-03T08:53:01.149744,pi-test-01,img_7128,WZ-OSEG,-,14.906,0.8603,0.7029,0.8255,sam_uploaded,1383.461,33184.0,188470.0,4.89
2026-09-03T08:53:02.878303,pi-test-01,img_7129,WZ-OSEG,-,12.61,0.8157,0.8062,0.8927,sam_uploaded,1153.446,33184.0,187707.0,4.91
2026-09-03T08:53:04.560946,pi-test-01,img_7130,WZ-OSEG,-,12.61,0.8157,0.8047,0.8918,sam_uploaded,1052.185,33184.0,187808.0,4.91
2026-09-03T08:53:06.415672,pi-test-01,img_7131,WZ-OSEG,-,12.61,0.8157,0.8049,0.8919,sam_uploaded,1205.064,33184.0,187787.0,4.91
2026-09-03T08:53:08.115402,pi-test-01,img_7132,WZ-OSEG,-,12.61,0.8157,0.8054,0.8922,sam_uploaded,1092.584,33184.0,187727.0,4.91
2026-09-03T08:53:09.956971,pi-test-01,img_7133,WZ-OSEG,-,16.491,0.8957,0.6382,0.7791,sam_uploaded,1245.918,33184.0,190336.0,4.84
2026-09-03T08:53:12.159511,pi-test-01,img_7134,WZ-OSEG,-,16.491,0.8957,0.6754,0.8063,sam_uploaded,1300.556,33184.0,190238.0,4.84
2026-09-03T08:53:14.011616,pi-test-01,img_7135,WZ-OSEG,-,16.491,0.8957,0.6378,0.7789,sam_uploaded,1288.978,33184.0,190301.0,4.84
2026-09-03T08:53:15.886318,pi-test-01,img_7136,WZ-OSEG,-,16.491,0.8957,0.64,0.7805,sam_uploaded,1280.877,33184.0,190294.0,4.84
2026-09-03T08:53:17.977492,pi-test-01,img_7137,WZ-OSEG,-,14.338,0.8304,0.7267,0.8417,sam_uploaded,1434.97,33184.0,200125.0,4.61
2026-09-03T08:53:20.018310,pi-test-01,img_7138,WZ-OSEG,-,14.339,0.8304,0.7263,0.8414,sam_uploaded,1380.415,33184.0,200121.0,4.61
2026-09-03T08:53:22.067564,pi-test-01,img_7139,WZ-OSEG,-,14.338,0.8304,0.7266,0.8417,sam_uploaded,1379.028,33184.0,200126.0,4.61
2026-09-03T08:53:24.157182,pi-test-01,img_7140,WZ-OSEG,-,14.339,0.8304,0.7277,0.8424,sam_uploaded,1406.78,33184.0,200113.0,4.61
2026-09-03T08:53:26.061610,pi-test-01,img_7141,WZ-OSEG,-,11.885,0.7113,0.6734,0.8048,sam_uploaded,1203.386,33184.0,196825.0,4.68
2026-09-03T08:53:27.823281,pi-test-01,img_7142,WZ-OSEG,-,11.885,0.7113,0.5934,0.7449,sam_uploaded,1161.135,33184.0,196796.0,4.68
2026-09-03T08:53:29.634167,pi-test-01,img_7143,WZ-OSEG,-,11.885,0.7113,0.6344,0.7763,sam_uploaded,1214.615,33184.0,196785.0,4.68
2026-09-03T08:53:31.614309,pi-test-01,img_7144,WZ-OSEG,-,11.885,0.7113,0.6752,0.8061,sam_uploaded,1189.831,33184.0,196787.0,4.68
2026-09-03T08:53:33.533996,pi-test-01,img_7145,WZ-OSEG,-,10.711,0.7,0.7836,0.8787,sam_uploaded,1276.235,33184.0,196945.0,4.68
2026-09-03T08:53:35.604608,pi-test-01,img_7146,WZ-OSEG,-,10.711,0.7,0.6754,0.8063,sam_uploaded,1247.164,33184.0,196883.0,4.68
2026-09-03T08:53:37.631520,pi-test-01,img_7147,WZ-OSEG,-,10.711,0.7,0.7826,0.878,sam_uploaded,1332.935,33184.0,196910.0,4.68
2026-09-03T08:53:39.492435,pi-test-01,img_7148,WZ-OSEG,-,10.711,0.7,0.6807,0.81,sam_uploaded,1235.138,33184.0,196950.0,4.68
2026-09-03T08:53:41.302654,pi-test-01,img_7149,WZ-OSEG,-,12.2,0.771,0.6291,0.7723,sam_uploaded,1228.477,33184.0,193836.0,4.75
2026-09-03T08:53:43.194442,pi-test-01,img_7150,WZ-OSEG,-,12.2,0.7709,0.6395,0.7801,sam_uploaded,1287.444,33184.0,193773.0,4.76
2026-09-03T08:53:45.046652,pi-test-01,img_7151,WZ-OSEG,-,12.2,0.771,0.611,0.7585,sam_uploaded,1281.724,33184.0,193826.0,4.75
2026-09-03T08:53:46.935429,pi-test-01,img_7152,WZ-OSEG,-,12.2,0.7709,0.6063,0.7549,sam_uploaded,1272.36,33184.0,193795.0,4.76
2026-09-03T08:53:49.141131,pi-test-01,img_7153,WZ-OSEG,-,13.334,0.7834,0.6665,0.7998,sam_uploaded,1494.981,33184.0,198626.0,4.64
2026-09-03T08:53:51.210634,pi-test-01,img_7154,WZ-OSEG,-,13.334,0.7834,0.6408,0.7811,sam_uploaded,1436.088,33184.0,198644.0,4.64
2026-09-03T08:53:53.286473,pi-test-01,img_7155,WZ-OSEG,-,13.334,0.7834,0.6585,0.7941,sam_uploaded,1423.13,33184.0,198659.0,4.64
2026-09-03T08:53:55.334555,pi-test-01,img_7156,WZ-OSEG,-,13.334,0.7834,0.6364,0.7778,sam_uploaded,1425.454,33184.0,198630.0,4.64
2026-09-03T08:53:57.284648,pi-test-01,img_7157,WZ-OSEG,-,10.142,0.6513,0.7404,0.8508,sam_uploaded,1299.001,33184.0,198697.0,4.64
2026-09-03T08:53:59.493513,pi-test-01,img_7158,WZ-OSEG,-,10.142,0.6513,0.7152,0.8339,sam_uploaded,1304.767,33184.0,198595.0,4.64
2026-09-03T08:54:01.416339,pi-test-01,img_7159,WZ-OSEG,-,10.142,0.6513,0.7409,0.8512,sam_uploaded,1303.643,33184.0,198585.0,4.64
2026-09-03T08:54:03.488503,pi-test-01,img_7160,WZ-OSEG,-,10.142,0.6513,0.7143,0.8333,sam_uploaded,1323.655,33184.0,198666.0,4.64
2026-09-03T08:54:05.709258,pi-test-01,img_7161,WZ-OSEG,-,11.61,0.7257,0.5685,0.7249,sam_uploaded,1524.822,33184.0,198724.0,4.64
2026-09-03T08:54:07.862431,pi-test-01,img_7162,WZ-OSEG,-,11.61,0.7257,0.5696,0.7258,sam_uploaded,1559.241,33184.0,198678.0,4.64
2026-09-03T08:54:10.195463,pi-test-01,img_7163,WZ-OSEG,-,11.61,0.7257,0.5702,0.7263,sam_uploaded,1537.94,33184.0,198714.0,4.64
2026-09-03T08:54:12.348365,pi-test-01,img_7164,WZ-OSEG,-,11.61,0.7257,0.5702,0.7263,sam_uploaded,1524.822,33184.0,198690.0,4.64
2026-09-03T08:54:14.626341,pi-test-01,img_7165,WZ-OSEG,-,11.218,0.6813,0.6937,0.8191,sam_uploaded,1645.188,33184.0,205043.0,4.49
2026-09-03T08:54:16.882824,pi-test-01,img_7166,WZ-OSEG,-,11.218,0.6813,0.6887,0.8157,sam_uploaded,1601.191,33184.0,205013.0,4.5
2026-09-03T08:54:19.236619,pi-test-01,img_7167,WZ-OSEG,-,11.218,0.6813,0.6935,0.819,sam_uploaded,1672.746,33184.0,205024.0,4.5
2026-09-03T08:54:21.544297,pi-test-01,img_7168,WZ-OSEG,-,11.218,0.6813,0.6903,0.8167,sam_uploaded,1662.462,33184.0,205008.0,4.5
2026-09-03T08:54:24.105736,pi-test-01,img_7169,WZ-OSEG,-,15.843,0.8389,0.6038,0.753,sam_uploaded,1874.202,33184.0,210210.0,4.38
2026-09-03T08:54:26.624445,pi-test-01,img_7170,WZ-OSEG,-,15.843,0.8389,0.5904,0.7425,sam_uploaded,1831.165,33252.0,210211.0,4.38
2026-09-03T08:54:29.192102,pi-test-01,img_7171,WZ-OSEG,-,15.843,0.8389,0.6094,0.7573,sam_uploaded,1879.836,33252.0,210217.0,4.38
2026-09-03T08:54:31.669791,pi-test-01,img_7172,WZ-OSEG,-,15.843,0.8389,0.591,0.7429,sam_uploaded,1821.401,33252.0,210215.0,4.38
2026-09-03T08:54:34.325781,pi-test-01,img_7173,WZ-OSEG,-,14.601,0.8114,0.583,0.7366,sam_uploaded,1915.026,33252.0,210009.0,4.39
2026-09-03T08:54:36.979806,pi-test-01,img_7174,WZ-OSEG,-,14.601,0.8114,0.5634,0.7207,sam_uploaded,1941.26,33252.0,210001.0,4.39
2026-09-03T08:54:39.624679,pi-test-01,img_7175,WZ-OSEG,-,14.601,0.8114,0.577,0.7317,sam_uploaded,1937.079,33252.0,209999.0,4.39
2026-09-03T08:54:42.208398,pi-test-01,img_7176,WZ-OSEG,-,14.601,0.8114,0.568,0.7245,sam_uploaded,1903.991,33252.0,209992.0,4.39
2026-09-03T08:54:44.735984,pi-test-01,img_7177,WZ-OSEG,-,15.469,0.8207,0.4792,0.6479,sam_uploaded,1821.55,33252.0,209134.0,4.41
2026-09-03T08:54:47.272149,pi-test-01,img_7178,WZ-OSEG,-,15.469,0.8207,0.4704,0.6398,sam_uploaded,1847.955,33252.0,209110.0,4.41
2026-09-03T08:54:49.812224,pi-test-01,img_7179,WZ-OSEG,-,15.469,0.8207,0.4743,0.6434,sam_uploaded,1842.084,33252.0,209125.0,4.41
2026-09-03T08:54:52.440061,pi-test-01,img_7180,WZ-OSEG,-,15.469,0.8207,0.4726,0.6419,sam_uploaded,1836.636,33252.0,209117.0,4.41
2026-09-03T08:54:55.325631,pi-test-01,img_7181,WZ-OSEG,-,16.751,0.8569,0.5793,0.7337,sam_uploaded,1978.629,33252.0,209342.0,4.4
2026-09-03T08:54:58.059199,pi-test-01,img_7182,WZ-OSEG,-,16.751,0.8569,0.5916,0.7434,sam_uploaded,1950.913,33252.0,209343.0,4.4
2026-09-03T08:55:00.728544,pi-test-01,img_7183,WZ-OSEG,-,16.751,0.8569,0.5831,0.7367,sam_uploaded,1959.75,33252.0,209344.0,4.4
2026-09-03T08:55:03.377125,pi-test-01,img_7184,WZ-OSEG,-,16.751,0.8569,0.5896,0.7418,sam_uploaded,1923.13,33252.0,209345.0,4.4
2026-09-03T08:55:05.967633,pi-test-01,img_7185,WZ-OSEG,-,15.751,0.8393,0.6587,0.7942,sam_uploaded,1888.195,33252.0,207754.0,4.44
2026-09-03T08:55:08.522041,pi-test-01,img_7186,WZ-OSEG,-,15.751,0.8393,0.6335,0.7757,sam_uploaded,1881.727,33252.0,207774.0,4.44
2026-09-03T08:55:11.087901,pi-test-01,img_7187,WZ-OSEG,-,15.751,0.8393,0.6517,0.7891,sam_uploaded,1864.766,33252.0,207768.0,4.44
2026-09-03T08:55:13.671870,pi-test-01,img_7188,WZ-OSEG,-,15.751,0.8393,0.6443,0.7837,sam_uploaded,1849.817,33252.0,207784.0,4.44
2026-09-03T08:55:16.219707,pi-test-01,img_7189,WZ-OSEG,-,15.641,0.8292,0.467,0.6367,sam_uploaded,1859.076,33252.0,207431.0,4.44
2026-09-03T08:55:18.775133,pi-test-01,img_7190,WZ-OSEG,-,15.641,0.8292,0.4616,0.6317,sam_uploaded,1806.569,33252.0,207434.0,4.44
2026-09-03T08:55:21.228675,pi-test-01,img_7191,WZ-OSEG,-,15.641,0.8292,0.4605,0.6306,sam_uploaded,1789.465,33252.0,207448.0,4.44
2026-09-03T08:55:23.761440,pi-test-01,img_7192,WZ-OSEG,-,15.641,0.8292,0.4756,0.6446,sam_uploaded,1808.276,33252.0,207441.0,4.44
2026-09-03T08:55:26.565792,pi-test-01,img_7193,WZ-OSEG,-,15.665,0.8171,0.557,0.7154,sam_uploaded,2107.492,33252.0,212424.0,4.34
2026-09-03T08:55:29.442609,pi-test-01,img_7194,WZ-OSEG,-,15.665,0.8171,0.5582,0.7164,sam_uploaded,2084.565,33252.0,212411.0,4.34
2026-09-03T08:55:32.231915,pi-test-01,img_7195,WZ-OSEG,-,15.665,0.8171,0.5554,0.7141,sam_uploaded,2095.784,33252.0,212422.0,4.34
2026-09-03T08:55:35.176786,pi-test-01,img_7196,WZ-OSEG,-,15.665,0.8171,0.5514,0.7108,sam_uploaded,2130.622,33252.0,212435.0,4.34
2026-09-03T08:55:37.475345,pi-test-01,img_7197,WZ-OSEG,-,13.572,0.7769,0.6186,0.7643,sam_uploaded,1617.86,33252.0,206778.0,4.46
2026-09-03T08:55:39.886877,pi-test-01,img_7198,WZ-OSEG,-,13.572,0.7769,0.6268,0.7706,sam_uploaded,1629.312,33252.0,206796.0,4.46
2026-09-03T08:55:42.199254,pi-test-01,img_7199,WZ-OSEG,-,13.572,0.7769,0.6315,0.7741,sam_uploaded,1642.268,33252.0,206832.0,4.46
2026-09-03T08:55:44.458348,pi-test-01,img_7200,WZ-OSEG,-,13.572,0.7769,0.6212,0.7663,sam_uploaded,1614.81,33252.0,206810.0,4.46
2026-09-03T08:55:46.931266,pi-test-01,img_7201,WZ-OSEG,-,14.393,0.8129,0.5589,0.7171,sam_uploaded,1803.553,33252.0,207832.0,4.43
2026-09-03T08:55:49.369259,pi-test-01,img_7202,WZ-OSEG,-,14.393,0.8129,0.5467,0.7069,sam_uploaded,1762.075,33252.0,207812.0,4.43
2026-09-03T08:55:51.818244,pi-test-01,img_7203,WZ-OSEG,-,14.393,0.8129,0.5541,0.7131,sam_uploaded,1750.179,33252.0,207833.0,4.43
2026-09-03T08:55:54.373064,pi-test-01,img_7204,WZ-OSEG,-,14.393,0.8129,0.549,0.7089,sam_uploaded,1780.077,33252.0,207810.0,4.43
2026-09-03T08:55:56.917250,pi-test-01,img_7205,WZ-OSEG,-,13.551,0.7549,0.5551,0.7139,sam_uploaded,1879.731,33252.0,209263.0,4.4
2026-09-03T08:55:59.450738,pi-test-01,img_7206,WZ-OSEG,-,13.551,0.7549,0.5444,0.705,sam_uploaded,1855.819,33252.0,209232.0,4.4
2026-09-03T08:56:02.041799,pi-test-01,img_7207,WZ-OSEG,-,13.551,0.7549,0.5471,0.7072,sam_uploaded,1877.95,33252.0,209282.0,4.4
2026-09-03T08:56:04.625241,pi-test-01,img_7208,WZ-OSEG,-,13.551,0.7549,0.5483,0.7083,sam_uploaded,1882.569,33252.0,209291.0,4.4
2026-09-03T08:56:07.121230,pi-test-01,img_7209,WZ-OSEG,-,14.517,0.8127,0.55,0.7096,sam_uploaded,1796.927,33252.0,207884.0,4.43
2026-09-03T08:56:09.634083,pi-test-01,img_7210,WZ-OSEG,-,14.517,0.8128,0.5607,0.7185,sam_uploaded,1823.363,33252.0,207888.0,4.43
2026-09-03T08:56:12.226157,pi-test-01,img_7211,WZ-OSEG,-,14.517,0.8127,0.5586,0.7168,sam_uploaded,1872.37,33252.0,207880.0,4.43
2026-09-03T08:56:14.785972,pi-test-01,img_7212,WZ-OSEG,-,14.517,0.8128,0.5616,0.7193,sam_uploaded,1851.787,33252.0,207893.0,4.43
2026-09-03T08:56:17.243039,pi-test-01,img_7213,WZ-OSEG,-,15.175,0.8274,0.5759,0.7308,sam_uploaded,1789.848,33252.0,207366.0,4.44
2026-09-03T08:56:19.778387,pi-test-01,img_7214,WZ-OSEG,-,15.175,0.8274,0.5764,0.7313,sam_uploaded,1803.08,33252.0,207338.0,4.44
2026-09-03T08:56:22.333114,pi-test-01,img_7215,WZ-OSEG,-,15.175,0.8274,0.582,0.7358,sam_uploaded,1812.949,33252.0,207345.0,4.44
2026-09-03T08:56:24.827208,pi-test-01,img_7216,WZ-OSEG,-,15.175,0.8274,0.5765,0.7313,sam_uploaded,1795.173,33252.0,207351.0,4.44
2026-09-03T08:56:27.326650,pi-test-01,img_7217,WZ-OSEG,-,13.687,0.7701,0.5854,0.7385,sam_uploaded,1824.81,33252.0,208248.0,4.43
2026-09-03T08:56:29.811182,pi-test-01,img_7218,WZ-OSEG,-,13.687,0.7701,0.5805,0.7346,sam_uploaded,1775.752,33252.0,208268.0,4.43
2026-09-03T08:56:32.357029,pi-test-01,img_7219,WZ-OSEG,-,13.687,0.7701,0.5713,0.7272,sam_uploaded,1824.091,33252.0,208280.0,4.42
2026-09-03T08:56:34.931111,pi-test-01,img_7220,WZ-OSEG,-,13.687,0.7701,0.5855,0.7386,sam_uploaded,1856.358,33252.0,208256.0,4.43
2026-09-03T08:56:37.617450,pi-test-01,img_7221,WZ-OSEG,-,14.551,0.7932,0.5524,0.7117,sam_uploaded,1942.354,33252.0,211015.0,4.37
2026-09-03T08:56:40.301427,pi-test-01,img_7222,WZ-OSEG,-,14.551,0.7932,0.5325,0.695,sam_uploaded,1912.494,33252.0,210966.0,4.37
2026-09-03T08:56:42.919310,pi-test-01,img_7223,WZ-OSEG,-,14.551,0.7932,0.5491,0.7089,sam_uploaded,1940.066,33252.0,210989.0,4.37
2026-09-03T08:56:45.672084,pi-test-01,img_7224,WZ-OSEG,-,14.551,0.7932,0.5446,0.7052,sam_uploaded,1915.789,33252.0,210977.0,4.37
2026-09-03T08:56:48.174582,pi-test-01,img_7225,WZ-OSEG,-,12.114,0.7495,0.5991,0.7493,sam_uploaded,1743.052,33252.0,205614.0,4.48
2026-09-03T08:56:50.585983,pi-test-01,img_7226,WZ-OSEG,-,12.114,0.7495,0.5623,0.7199,sam_uploaded,1729.627,33252.0,205608.0,4.48
2026-09-03T08:56:52.946516,pi-test-01,img_7227,WZ-OSEG,-,12.114,0.7495,0.5889,0.7412,sam_uploaded,1697.599,33252.0,205637.0,4.48
2026-09-03T08:56:55.284046,pi-test-01,img_7228,WZ-OSEG,-,12.114,0.7495,0.5653,0.7223,sam_uploaded,1700.833,33252.0,205570.0,4.48
2026-09-03T08:56:57.700954,pi-test-01,img_7229,WZ-OSEG,-,11.718,0.7404,0.6134,0.7604,sam_uploaded,1690.961,33252.0,205416.0,4.49
2026-09-03T08:57:00.026044,pi-test-01,img_7230,WZ-OSEG,-,11.718,0.7404,0.5709,0.7269,sam_uploaded,1652.294,33252.0,205420.0,4.49
2026-09-03T08:57:02.630215,pi-test-01,img_7231,WZ-OSEG,-,11.718,0.7404,0.581,0.735,sam_uploaded,1745.543,33252.0,205426.0,4.49
2026-09-03T08:57:05.258755,pi-test-01,img_7232,WZ-OSEG,-,11.718,0.7404,0.5793,0.7336,sam_uploaded,1684.402,33252.0,205402.0,4.49
2026-09-03T08:57:07.543710,pi-test-01,img_7233,WZ-OSEG,-,12.405,0.7559,0.5741,0.7295,sam_uploaded,1660.82,33252.0,204795.0,4.5
2026-09-03T08:57:09.880175,pi-test-01,img_7234,WZ-OSEG,-,12.405,0.7559,0.5726,0.7282,sam_uploaded,1643.622,33252.0,204754.0,4.5
2026-09-03T08:57:12.168150,pi-test-01,img_7235,WZ-OSEG,-,12.405,0.7559,0.5749,0.7301,sam_uploaded,1637.037,33252.0,204780.0,4.5
2026-09-03T08:57:14.466503,pi-test-01,img_7236,WZ-OSEG,-,12.405,0.7559,0.5728,0.7284,sam_uploaded,1651.605,33252.0,204785.0,4.5
2026-09-03T08:57:16.783560,pi-test-01,img_7237,WZ-OSEG,-,11.12,0.7164,0.6803,0.8097,sam_uploaded,1627.195,33252.0,204821.0,4.5
2026-09-03T08:57:19.059417,pi-test-01,img_7238,WZ-OSEG,-,11.12,0.7164,0.6759,0.8066,sam_uploaded,1604.231,33252.0,204831.0,4.5
2026-09-03T08:57:21.322823,pi-test-01,img_7239,WZ-OSEG,-,11.12,0.7164,0.6781,0.8082,sam_uploaded,1611.111,33252.0,204840.0,4.5
2026-09-03T08:57:23.766599,pi-test-01,img_7240,WZ-OSEG,-,11.12,0.7164,0.6654,0.7991,sam_uploaded,1629.14,33252.0,204815.0,4.5
2026-09-03T08:57:25.960229,pi-test-01,img_7241,WZ-OSEG,-,10.824,0.6924,0.6399,0.7804,sam_uploaded,1574.203,33252.0,203555.0,4.53
2026-09-03T08:57:28.160374,pi-test-01,img_7242,WZ-OSEG,-,10.824,0.6923,0.6626,0.7971,sam_uploaded,1558.995,33252.0,203548.0,4.53
2026-09-03T08:57:30.402409,pi-test-01,img_7243,WZ-OSEG,-,10.824,0.6924,0.6433,0.783,sam_uploaded,1575.708,33252.0,203568.0,4.53
2026-09-03T08:57:32.656762,pi-test-01,img_7244,WZ-OSEG,-,10.824,0.6923,0.652,0.7893,sam_uploaded,1614.363,33252.0,203563.0,4.53
2026-09-03T08:57:34.772224,pi-test-01,img_7245,WZ-OSEG,-,12.199,0.7411,0.55,0.7097,sam_uploaded,1494.641,33252.0,202162.0,4.56
2026-09-03T08:57:36.949259,pi-test-01,img_7246,WZ-OSEG,-,12.199,0.7411,0.5271,0.6903,sam_uploaded,1512.829,33252.0,202124.0,4.56
2026-09-03T08:57:39.156838,pi-test-01,img_7247,WZ-OSEG,-,12.199,0.7411,0.5384,0.6999,sam_uploaded,1488.717,33252.0,202162.0,4.56
2026-09-03T08:57:41.355343,pi-test-01,img_7248,WZ-OSEG,-,12.199,0.7411,0.5218,0.6858,sam_uploaded,1487.1,33252.0,202144.0,4.56
2026-09-03T08:57:44.033292,pi-test-01,img_7249,WZ-OSEG,-,11.503,0.69,0.5994,0.7495,sam_uploaded,2028.078,33252.0,211192.0,4.36
2026-09-03T08:57:46.703187,pi-test-01,img_7250,WZ-OSEG,-,11.503,0.69,0.597,0.7476,sam_uploaded,2009.434,33252.0,211175.0,4.36
2026-09-03T08:57:49.409986,pi-test-01,img_7251,WZ-OSEG,-,11.503,0.69,0.5936,0.745,sam_uploaded,2004.288,33252.0,211176.0,4.36
2026-09-03T08:57:52.107623,pi-test-01,img_7252,WZ-OSEG,-,11.503,0.69,0.595,0.746,sam_uploaded,2013.997,33252.0,211194.0,4.36
2026-09-03T08:57:54.013798,pi-test-01,img_7253,WZ-OSEG,-,10.433,0.6516,0.7784,0.8754,sam_uploaded,1196.905,33252.0,199658.0,4.62
2026-09-03T08:57:55.887383,pi-test-01,img_7254,WZ-OSEG,-,10.433,0.6516,0.7769,0.8744,sam_uploaded,1207.172,33252.0,199601.0,4.62
2026-09-03T08:57:57.933835,pi-test-01,img_7255,WZ-OSEG,-,10.433,0.6516,0.779,0.8758,sam_uploaded,1236.914,33252.0,199632.0,4.62
2026-09-03T08:57:59.790921,pi-test-01,img_7256,WZ-OSEG,-,10.433,0.6516,0.7798,0.8763,sam_uploaded,1206.961,33252.0,199640.0,4.62
2026-09-03T08:58:01.662809,pi-test-01,img_7257,WZ-OSEG,-,10.65,0.6152,0.626,0.77,sam_uploaded,1260.043,33252.0,202616.0,4.55
2026-09-03T08:58:03.647808,pi-test-01,img_7258,WZ-OSEG,-,10.65,0.6152,0.6608,0.7958,sam_uploaded,1257.413,33252.0,202594.0,4.55
2026-09-03T08:58:05.553224,pi-test-01,img_7259,WZ-OSEG,-,10.65,0.6152,0.6313,0.774,sam_uploaded,1250.915,33252.0,202620.0,4.55
2026-09-03T08:58:07.477758,pi-test-01,img_7260,WZ-OSEG,-,10.65,0.6152,0.6651,0.7989,sam_uploaded,1257.628,33252.0,202607.0,4.55
2026-09-03T08:58:09.417465,pi-test-01,img_7261,WZ-OSEG,-,10.716,0.6509,0.6128,0.7599,sam_uploaded,1286.726,33252.0,201891.0,4.56
2026-09-03T08:58:11.362814,pi-test-01,img_7262,WZ-OSEG,-,10.716,0.6509,0.6789,0.8088,sam_uploaded,1296.192,33252.0,201883.0,4.57
2026-09-03T08:58:13.264928,pi-test-01,img_7263,WZ-OSEG,-,10.716,0.6509,0.6748,0.8058,sam_uploaded,1278.06,33252.0,201878.0,4.57
2026-09-03T08:58:15.208943,pi-test-01,img_7264,WZ-OSEG,-,10.716,0.6509,0.6857,0.8136,sam_uploaded,1295.299,33252.0,201899.0,4.56
2026-09-03T08:58:17.367317,pi-test-01,img_7265,WZ-OSEG,-,10.835,0.5859,0.5389,0.7003,sam_uploaded,1375.435,33252.0,200321.0,4.6
2026-09-03T08:58:19.460640,pi-test-01,img_7266,WZ-OSEG,-,10.835,0.5859,0.5367,0.6985,sam_uploaded,1415.338,33252.0,200270.0,4.6
2026-09-03T08:58:21.515649,pi-test-01,img_7267,WZ-OSEG,-,10.835,0.5859,0.5312,0.6939,sam_uploaded,1379.581,33252.0,200342.0,4.6
2026-09-03T08:58:23.593183,pi-test-01,img_7268,WZ-OSEG,-,10.835,0.5859,0.5645,0.7216,sam_uploaded,1393.334,33252.0,200276.0,4.6
2026-09-03T08:58:25.561161,pi-test-01,img_7269,WZ-OSEG,-,10.859,0.5692,0.5978,0.7483,sam_uploaded,1287.154,33252.0,198407.0,4.64
2026-09-03T08:58:27.455126,pi-test-01,img_7270,WZ-OSEG,-,10.859,0.5692,0.6083,0.7564,sam_uploaded,1307.327,33252.0,198297.0,4.65
2026-09-03T08:58:29.393119,pi-test-01,img_7271,WZ-OSEG,-,10.859,0.5692,0.602,0.7515,sam_uploaded,1345.347,33252.0,198387.0,4.65
2026-09-03T08:58:31.299332,pi-test-01,img_7272,WZ-OSEG,-,10.859,0.5692,0.6022,0.7517,sam_uploaded,1313.599,33252.0,198316.0,4.65
2026-09-03T08:58:33.494831,pi-test-01,img_7273,WZ-OSEG,-,11.154,0.6058,0.5514,0.7109,sam_uploaded,1260.178,33252.0,198972.0,4.63
2026-09-03T08:58:35.429749,pi-test-01,img_7274,WZ-OSEG,-,11.154,0.6058,0.5478,0.7078,sam_uploaded,1257.148,33252.0,198930.0,4.63
2026-09-03T08:58:37.295595,pi-test-01,img_7275,WZ-OSEG,-,11.154,0.6058,0.5459,0.7062,sam_uploaded,1267.319,33252.0,198939.0,4.63
2026-09-03T08:58:39.228761,pi-test-01,img_7276,WZ-OSEG,-,11.154,0.6058,0.5436,0.7043,sam_uploaded,1283.523,33252.0,198945.0,4.63
2026-09-03T08:58:41.399510,pi-test-01,img_7277,WZ-OSEG,-,10.708,0.5973,0.6426,0.7825,sam_uploaded,1508.465,33252.0,205490.0,4.48
2026-09-03T08:58:43.528147,pi-test-01,img_7278,WZ-OSEG,-,10.708,0.5973,0.6507,0.7884,sam_uploaded,1491.574,33252.0,205441.0,4.49
2026-09-03T08:58:45.672976,pi-test-01,img_7279,WZ-OSEG,-,10.708,0.5973,0.6551,0.7916,sam_uploaded,1486.049,33252.0,205458.0,4.49
2026-09-03T08:58:47.839797,pi-test-01,img_7280,WZ-OSEG,-,10.708,0.5973,0.6496,0.7876,sam_uploaded,1467.071,33252.0,205468.0,4.49
2026-09-03T08:58:49.510806,pi-test-01,img_7281,WZ-OSEG,-,10.192,0.576,0.6453,0.7844,sam_uploaded,1058.995,33252.0,190020.0,4.85
2026-09-03T08:58:51.156143,pi-test-01,img_7282,WZ-OSEG,-,10.193,0.576,0.6443,0.7837,sam_uploaded,1049.062,33252.0,189988.0,4.85
2026-09-03T08:58:52.794705,pi-test-01,img_7283,WZ-OSEG,-,10.192,0.576,0.6448,0.784,sam_uploaded,1037.643,33252.0,189979.0,4.85
2026-09-03T08:58:54.428538,pi-test-01,img_7284,WZ-OSEG,-,10.193,0.576,0.6418,0.7818,sam_uploaded,1055.244,33252.0,190011.0,4.85
2026-09-03T08:58:56.096742,pi-test-01,img_7285,WZ-OSEG,-,9.934,0.6475,0.5836,0.737,sam_uploaded,1026.431,33252.0,190071.0,4.85
2026-09-03T08:58:57.736569,pi-test-01,img_7286,WZ-OSEG,-,9.934,0.6475,0.563,0.7204,sam_uploaded,1019.494,33252.0,190142.0,4.85
2026-09-03T08:58:59.278113,pi-test-01,img_7287,WZ-OSEG,-,9.934,0.6475,0.7671,0.8682,sam_uploaded,996.421,33252.0,190137.0,4.85
2026-09-03T08:59:00.867776,pi-test-01,img_7288,WZ-OSEG,-,9.934,0.6475,0.6455,0.7845,sam_uploaded,1028.117,33252.0,190073.0,4.85
2026-09-03T08:59:02.294385,pi-test-01,img_7289,WZ-OSEG,-,10.017,0.5381,0.5955,0.7465,sam_uploaded,879.926,33252.0,183525.0,5.02
2026-09-03T08:59:03.685346,pi-test-01,img_7290,WZ-OSEG,-,10.017,0.5381,0.6822,0.8111,sam_uploaded,877.788,33252.0,183472.0,5.02
2026-09-03T08:59:05.109672,pi-test-01,img_7291,WZ-OSEG,-,10.017,0.5381,0.5376,0.6993,sam_uploaded,898.902,33252.0,183473.0,5.02
2026-09-03T08:59:06.582267,pi-test-01,img_7292,WZ-OSEG,-,10.017,0.5381,0.6124,0.7596,sam_uploaded,858.578,33252.0,183529.0,5.02
2026-09-03T08:59:08.277048,pi-test-01,img_7293,WZ-OSEG,-,9.829,0.6048,0.6803,0.8098,sam_uploaded,1026.238,33252.0,190582.0,4.84
2026-09-03T08:59:09.992651,pi-test-01,img_7294,WZ-OSEG,-,9.829,0.6048,0.6788,0.8087,sam_uploaded,1071.223,33252.0,190593.0,4.84
2026-09-03T08:59:11.627817,pi-test-01,img_7295,WZ-OSEG,-,9.829,0.6048,0.6799,0.8095,sam_uploaded,1020.977,33252.0,190621.0,4.83
2026-09-03T08:59:13.263459,pi-test-01,img_7296,WZ-OSEG,-,9.829,0.6048,0.6791,0.8089,sam_uploaded,1050.635,33252.0,190579.0,4.84
2026-09-03T08:59:14.817932,pi-test-01,img_7297,WZ-OSEG,-,8.823,0.591,0.7942,0.8853,sam_uploaded,993.333,33252.0,188703.0,4.88
2026-09-03T08:59:16.330449,pi-test-01,img_7298,WZ-OSEG,-,8.823,0.591,0.7946,0.8855,sam_uploaded,974.751,33252.0,188819.0,4.88
2026-09-03T08:59:17.857496,pi-test-01,img_7299,WZ-OSEG,-,8.823,0.591,0.7949,0.8858,sam_uploaded,941.273,33252.0,188757.0,4.88
2026-09-03T08:59:19.413033,pi-test-01,img_7300,WZ-OSEG,-,8.823,0.591,0.795,0.8858,sam_uploaded,1013.469,33252.0,188749.0,4.88
2026-09-03T08:59:20.984227,pi-test-01,img_7301,WZ-OSEG,-,10.539,0.7009,0.3235,0.4889,sam_uploaded,1040.593,33252.0,185225.0,4.98
2026-09-03T08:59:22.530627,pi-test-01,img_7302,WZ-OSEG,-,10.539,0.7009,0.3317,0.4981,sam_uploaded,1005.808,33252.0,185211.0,4.98
2026-09-03T08:59:24.083076,pi-test-01,img_7303,WZ-OSEG,-,10.539,0.7009,0.3638,0.5335,sam_uploaded,1009.363,33252.0,185233.0,4.98
2026-09-03T08:59:25.648077,pi-test-01,img_7304,WZ-OSEG,-,10.539,0.7009,0.4754,0.6444,sam_uploaded,1031.514,33252.0,185189.0,4.98
2026-09-03T08:59:27.263527,pi-test-01,img_7305,WZ-OSEG,-,9.457,0.5893,0.7555,0.8607,sam_uploaded,1046.148,33252.0,196346.0,4.69
2026-09-03T08:59:28.945195,pi-test-01,img_7306,WZ-OSEG,-,9.457,0.5892,0.7714,0.8709,sam_uploaded,1062.613,33252.0,196396.0,4.69
2026-09-03T08:59:30.680439,pi-test-01,img_7307,WZ-OSEG,-,9.457,0.5893,0.7725,0.8716,sam_uploaded,1070.091,33252.0,196368.0,4.69
2026-09-03T08:59:32.337747,pi-test-01,img_7308,WZ-OSEG,-,9.457,0.5893,0.7747,0.873,sam_uploaded,1065.67,33252.0,196363.0,4.69
2026-09-03T08:59:34.650374,pi-test-01,img_7309,WZ-OSEG,-,17.625,0.8443,0.4739,0.6431,sam_uploaded,1702.288,33252.0,209625.0,4.4
2026-09-03T08:59:36.999589,pi-test-01,img_7310,WZ-OSEG,-,17.625,0.8443,0.4473,0.6181,sam_uploaded,1703.608,33252.0,209624.0,4.4
2026-09-03T08:59:39.399554,pi-test-01,img_7311,WZ-OSEG,-,17.625,0.8443,0.4863,0.6543,sam_uploaded,1659.213,33252.0,209603.0,4.4
2026-09-03T08:59:41.798013,pi-test-01,img_7312,WZ-OSEG,-,17.625,0.8443,0.4688,0.6383,sam_uploaded,1679.666,33252.0,209645.0,4.4
2026-09-03T08:59:43.969540,pi-test-01,img_7313,WZ-OSEG,-,15.135,0.7627,0.4242,0.5957,sam_uploaded,1472.287,33252.0,203768.0,4.52
2026-09-03T08:59:46.309162,pi-test-01,img_7314,WZ-OSEG,-,15.135,0.7627,0.4495,0.6202,sam_uploaded,1489.778,33252.0,203781.0,4.52
2026-09-03T08:59:48.568828,pi-test-01,img_7315,WZ-OSEG,-,15.135,0.7627,0.441,0.6121,sam_uploaded,1484.034,33252.0,203791.0,4.52
2026-09-03T08:59:50.818268,pi-test-01,img_7316,WZ-OSEG,-,15.135,0.7627,0.4739,0.643,sam_uploaded,1504.284,33252.0,203772.0,4.52
2026-09-03T08:59:52.849095,pi-test-01,img_7317,WZ-OSEG,-,15.142,0.7906,0.5515,0.7109,sam_uploaded,1385.614,33252.0,205045.0,4.49
2026-09-03T08:59:54.905513,pi-test-01,img_7318,WZ-OSEG,-,15.142,0.7906,0.5993,0.7495,sam_uploaded,1360.457,33252.0,205026.0,4.5
2026-09-03T08:59:56.946733,pi-test-01,img_7319,WZ-OSEG,-,15.142,0.7906,0.5797,0.7339,sam_uploaded,1341.425,33252.0,205027.0,4.5
2026-09-03T08:59:58.997287,pi-test-01,img_7320,WZ-OSEG,-,15.142,0.7906,0.5566,0.7152,sam_uploaded,1370.096,33252.0,205048.0,4.49
2026-09-03T09:00:01.458858,pi-test-01,img_7321,WZ-OSEG,-,15.596,0.8346,0.4699,0.6394,sam_uploaded,1760.247,33252.0,208885.0,4.41
2026-09-03T09:00:04.079193,pi-test-01,img_7322,WZ-OSEG,-,15.596,0.8346,0.4211,0.5926,sam_uploaded,1740.808,33252.0,208899.0,4.41
2026-09-03T09:00:06.472255,pi-test-01,img_7323,WZ-OSEG,-,15.596,0.8346,0.4868,0.6548,sam_uploaded,1701.412,33252.0,208888.0,4.41
2026-09-03T09:00:08.867257,pi-test-01,img_7324,WZ-OSEG,-,15.596,0.8346,0.4217,0.5932,sam_uploaded,1712.468,33252.0,208909.0,4.41
2026-09-03T09:00:10.839673,pi-test-01,img_7325,WZ-OSEG,-,12.811,0.7464,0.3768,0.5474,sam_uploaded,1342.987,33252.0,193641.0,4.76
2026-09-03T09:00:12.793491,pi-test-01,img_7326,WZ-OSEG,-,12.811,0.7464,0.3388,0.5062,sam_uploaded,1305.19,33252.0,193659.0,4.76
2026-09-03T09:00:14.737230,pi-test-01,img_7327,WZ-OSEG,-,12.811,0.7464,0.3867,0.5577,sam_uploaded,1318.707,33252.0,193629.0,4.76
2026-09-03T09:00:16.762428,pi-test-01,img_7328,WZ-OSEG,-,12.811,0.7464,0.3346,0.5015,sam_uploaded,1283.51,33252.0,193653.0,4.76
2026-09-03T09:00:19.064822,pi-test-01,img_7329,WZ-OSEG,-,15.761,0.8303,0.4147,0.5863,sam_uploaded,1686.104,33252.0,208506.0,4.42
2026-09-03T09:00:21.421613,pi-test-01,img_7330,WZ-OSEG,-,15.761,0.8303,0.411,0.5826,sam_uploaded,1659.008,33252.0,208540.0,4.42
2026-09-03T09:00:23.779241,pi-test-01,img_7331,WZ-OSEG,-,15.761,0.8303,0.454,0.6245,sam_uploaded,1669.149,33252.0,208525.0,4.42
2026-09-03T09:00:26.128951,pi-test-01,img_7332,WZ-OSEG,-,15.761,0.8303,0.4026,0.574,sam_uploaded,1679.609,33252.0,208549.0,4.42
2026-09-03T09:00:28.736333,pi-test-01,img_7333,WZ-OSEG,-,14.901,0.8023,0.3988,0.5702,sam_uploaded,1919.757,33252.0,211248.0,4.36
2026-09-03T09:00:31.376357,pi-test-01,img_7334,WZ-OSEG,-,14.901,0.8023,0.4274,0.5988,sam_uploaded,1951.257,33352.0,211265.0,4.36
2026-09-03T09:00:33.990138,pi-test-01,img_7335,WZ-OSEG,-,14.901,0.8023,0.391,0.5622,sam_uploaded,1900.165,33360.0,211247.0,4.36
2026-09-03T09:00:36.654579,pi-test-01,img_7336,WZ-OSEG,-,14.901,0.8023,0.3994,0.5708,sam_uploaded,1923.542,33360.0,211252.0,4.36
2026-09-03T09:00:38.876388,pi-test-01,img_7337,WZ-OSEG,-,16.97,0.8705,0.3194,0.4842,sam_uploaded,1551.467,33488.0,208558.0,4.42
2026-09-03T09:00:41.229598,pi-test-01,img_7338,WZ-OSEG,-,16.97,0.8705,0.3102,0.4735,sam_uploaded,1630.877,33488.0,208563.0,4.42
2026-09-03T09:00:43.607808,pi-test-01,img_7339,WZ-OSEG,-,16.97,0.8705,0.3154,0.4796,sam_uploaded,1575.88,33488.0,208544.0,4.42
2026-09-03T09:00:45.918520,pi-test-01,img_7340,WZ-OSEG,-,16.97,0.8705,0.2944,0.4548,sam_uploaded,1619.023,33488.0,208567.0,4.42
2026-09-03T09:00:47.735056,pi-test-01,img_7341,WZ-OSEG,-,14.316,0.7768,0.5761,0.7311,sam_uploaded,1225.087,33488.0,188044.0,4.9
2026-09-03T09:00:49.505245,pi-test-01,img_7342,WZ-OSEG,-,14.316,0.7768,0.6994,0.8231,sam_uploaded,1157.623,33488.0,188077.0,4.9
2026-09-03T09:00:51.356876,pi-test-01,img_7343,WZ-OSEG,-,14.316,0.7768,0.5442,0.7048,sam_uploaded,1189.549,33488.0,188029.0,4.9
2026-09-03T09:00:53.068988,pi-test-01,img_7344,WZ-OSEG,-,14.316,0.7768,0.5742,0.7295,sam_uploaded,1156.504,33488.0,188084.0,4.9
2026-09-03T09:00:55.283297,pi-test-01,img_7345,WZ-OSEG,-,14.103,0.8211,0.4365,0.6077,sam_uploaded,1548.946,33488.0,200528.0,4.6
2026-09-03T09:00:58.169730,pi-test-01,img_7346,WZ-OSEG,-,14.103,0.8211,0.4186,0.5901,sam_uploaded,1615.708,33488.0,200541.0,4.6
2026-09-03T09:01:00.442499,pi-test-01,img_7347,WZ-OSEG,-,14.103,0.8211,0.4933,0.6607,sam_uploaded,1589.894,33488.0,200537.0,4.6
2026-09-03T09:01:02.704338,pi-test-01,img_7348,WZ-OSEG,-,14.103,0.8211,0.4061,0.5776,sam_uploaded,1628.388,33488.0,200533.0,4.6
2026-09-03T09:01:04.850704,pi-test-01,img_7349,WZ-OSEG,-,18.115,0.8482,0.2203,0.3611,sam_uploaded,1450.167,33488.0,205923.0,4.48
2026-09-03T09:01:06.977775,pi-test-01,img_7350,WZ-OSEG,-,18.115,0.8482,0.2199,0.3605,sam_uploaded,1464.493,33488.0,205905.0,4.48
2026-09-03T09:01:09.071963,pi-test-01,img_7351,WZ-OSEG,-,18.115,0.8482,0.2245,0.3667,sam_uploaded,1446.847,33488.0,205899.0,4.48
2026-09-03T09:01:11.304523,pi-test-01,img_7352,WZ-OSEG,-,18.115,0.8482,0.2259,0.3686,sam_uploaded,1413.008,33488.0,205930.0,4.48
2026-09-03T09:01:13.266589,pi-test-01,img_7353,WZ-OSEG,-,14.448,0.5862,0.142,0.2488,sam_uploaded,1193.723,33488.0,185738.0,4.96
2026-09-03T09:01:15.150881,pi-test-01,img_7354,WZ-OSEG,-,14.448,0.5862,0.1391,0.2442,sam_uploaded,1165.973,33488.0,185764.0,4.96
2026-09-03T09:01:16.960728,pi-test-01,img_7355,WZ-OSEG,-,14.448,0.5862,0.1485,0.2587,sam_uploaded,1191.462,33488.0,185733.0,4.96
2026-09-03T09:01:18.823327,pi-test-01,img_7356,WZ-OSEG,-,14.448,0.5862,0.2484,0.3979,sam_uploaded,1264.663,33488.0,185766.0,4.96
2026-09-03T09:01:20.799255,pi-test-01,img_7357,WZ-OSEG,-,15.994,0.7828,0.2574,0.4095,sam_uploaded,1377.156,33488.0,199215.0,4.63
2026-09-03T09:01:22.937862,pi-test-01,img_7358,WZ-OSEG,-,15.994,0.7828,0.2681,0.4229,sam_uploaded,1408.385,33488.0,199235.0,4.63
2026-09-03T09:01:24.983514,pi-test-01,img_7359,WZ-OSEG,-,15.994,0.7828,0.2559,0.4075,sam_uploaded,1353.139,33488.0,199208.0,4.63
2026-09-03T09:01:27.026803,pi-test-01,img_7360,WZ-OSEG,-,15.994,0.7828,0.2502,0.4003,sam_uploaded,1333.484,33488.0,199217.0,4.63
2026-09-03T09:01:29.523000,pi-test-01,img_7361,WZ-OSEG,-,15.3,0.776,0.3659,0.5357,sam_uploaded,1743.323,33488.0,205627.0,4.48
2026-09-03T09:01:31.983511,pi-test-01,img_7362,WZ-OSEG,-,15.3,0.776,0.379,0.5496,sam_uploaded,1702.031,33488.0,205632.0,4.48
2026-09-03T09:01:34.355079,pi-test-01,img_7363,WZ-OSEG,-,15.3,0.776,0.3835,0.5544,sam_uploaded,1731.426,33488.0,205614.0,4.48
2026-09-03T09:01:36.804009,pi-test-01,img_7364,WZ-OSEG,-,15.3,0.776,0.3625,0.5321,sam_uploaded,1754.987,33488.0,205638.0,4.48
2026-09-03T09:01:38.914594,pi-test-01,img_7365,WZ-OSEG,-,17.455,0.8055,0.3137,0.4776,sam_uploaded,1355.956,33488.0,199367.0,4.62
2026-09-03T09:01:40.960429,pi-test-01,img_7366,WZ-OSEG,-,17.455,0.8055,0.3461,0.5142,sam_uploaded,1337.174,33488.0,199400.0,4.62
2026-09-03T09:01:43.007814,pi-test-01,img_7367,WZ-OSEG,-,17.455,0.8055,0.3357,0.5026,sam_uploaded,1357.267,33488.0,199374.0,4.62
2026-09-03T09:01:45.054382,pi-test-01,img_7368,WZ-OSEG,-,17.455,0.8055,0.3341,0.5008,sam_uploaded,1357.867,33488.0,199405.0,4.62
2026-09-03T09:01:46.771080,pi-test-01,img_7369,WZ-OSEG,-,14.605,0.684,0.3195,0.4843,sam_uploaded,1107.322,33488.0,192510.0,4.79
2026-09-03T09:01:48.510751,pi-test-01,img_7370,WZ-OSEG,-,14.605,0.684,0.3578,0.5271,sam_uploaded,1093.829,33488.0,192595.0,4.79
2026-09-03T09:01:50.352602,pi-test-01,img_7371,WZ-OSEG,-,14.605,0.684,0.3402,0.5076,sam_uploaded,1129.22,33488.0,192539.0,4.79
2026-09-03T09:01:52.191207,pi-test-01,img_7372,WZ-OSEG,-,14.605,0.684,0.364,0.5337,sam_uploaded,1113.387,33488.0,192581.0,4.79
2026-09-03T09:01:54.058804,pi-test-01,img_7373,WZ-OSEG,-,12.96,0.751,0.5174,0.6819,sam_uploaded,1218.535,33488.0,196173.0,4.7
2026-09-03T09:01:55.930298,pi-test-01,img_7374,WZ-OSEG,-,12.96,0.751,0.5447,0.7053,sam_uploaded,1201.45,33488.0,196274.0,4.7
2026-09-03T09:01:57.741347,pi-test-01,img_7375,WZ-OSEG,-,12.96,0.751,0.5277,0.6909,sam_uploaded,1217.352,33488.0,196233.0,4.7
2026-09-03T09:01:59.581048,pi-test-01,img_7376,WZ-OSEG,-,12.96,0.751,0.4973,0.6642,sam_uploaded,1191.23,33488.0,196209.0,4.7
2026-09-03T09:02:01.415758,pi-test-01,img_7377,WZ-OSEG,-,16.006,0.6686,0.2263,0.369,sam_uploaded,1193.214,33488.0,193357.0,4.77
2026-09-03T09:02:03.156543,pi-test-01,img_7378,WZ-OSEG,-,16.006,0.6686,0.2267,0.3696,sam_uploaded,1171.01,33488.0,193424.0,4.76
2026-09-03T09:02:04.999849,pi-test-01,img_7379,WZ-OSEG,-,16.006,0.6686,0.2087,0.3453,sam_uploaded,1262.586,33488.0,193402.0,4.77
2026-09-03T09:02:06.845880,pi-test-01,img_7380,WZ-OSEG,-,16.006,0.6686,0.2391,0.386,sam_uploaded,1208.558,33488.0,193385.0,4.77
2026-09-03T09:02:08.614120,pi-test-01,img_7381,WZ-OSEG,-,16.157,0.7595,0.405,0.5765,sam_uploaded,1162.915,33488.0,194627.0,4.74
2026-09-03T09:02:10.438758,pi-test-01,img_7382,WZ-OSEG,-,16.157,0.7595,0.4165,0.5881,sam_uploaded,1190.031,33488.0,194592.0,4.74
2026-09-03T09:02:12.309506,pi-test-01,img_7383,WZ-OSEG,-,16.157,0.7595,0.4157,0.5873,sam_uploaded,1155.602,33488.0,194650.0,4.73
2026-09-03T09:02:14.124696,pi-test-01,img_7384,WZ-OSEG,-,16.157,0.7595,0.4131,0.5847,sam_uploaded,1159.104,33488.0,194514.0,4.74
2026-09-03T09:02:15.767931,pi-test-01,img_7385,WZ-OSEG,-,15.9,0.7803,0.5471,0.7072,sam_uploaded,1037.412,33488.0,192713.0,4.78
2026-09-03T09:02:17.520582,pi-test-01,img_7386,WZ-OSEG,-,15.9,0.7803,0.5482,0.7081,sam_uploaded,1069.956,33488.0,192829.0,4.78
2026-09-03T09:02:19.248408,pi-test-01,img_7387,WZ-OSEG,-,15.9,0.7803,0.5444,0.705,sam_uploaded,1034.187,33488.0,192799.0,4.78
2026-09-03T09:02:21.087056,pi-test-01,img_7388,WZ-OSEG,-,15.9,0.7803,0.5606,0.7184,sam_uploaded,1067.054,33488.0,192754.0,4.78
2026-09-03T09:02:23.178130,pi-test-01,img_7389,WZ-OSEG,-,15.084,0.7201,0.3715,0.5418,sam_uploaded,1420.561,33488.0,203433.0,4.53
2026-09-03T09:02:25.237628,pi-test-01,img_7390,WZ-OSEG,-,15.084,0.7201,0.369,0.5391,sam_uploaded,1437.1,33488.0,203464.0,4.53
2026-09-03T09:02:27.280545,pi-test-01,img_7391,WZ-OSEG,-,15.084,0.7201,0.3644,0.5342,sam_uploaded,1392.69,33488.0,203422.0,4.53
2026-09-03T09:02:29.513759,pi-test-01,img_7392,WZ-OSEG,-,15.084,0.7201,0.3654,0.5353,sam_uploaded,1421.256,33488.0,203459.0,4.53
2026-09-03T09:02:31.398331,pi-test-01,img_7393,WZ-OSEG,-,16.325,0.7862,0.3415,0.5091,sam_uploaded,1292.069,33488.0,199194.0,4.63
2026-09-03T09:02:33.250542,pi-test-01,img_7394,WZ-OSEG,-,16.326,0.7862,0.3617,0.5312,sam_uploaded,1257.769,33488.0,199190.0,4.63
2026-09-03T09:02:35.223333,pi-test-01,img_7395,WZ-OSEG,-,16.325,0.7862,0.3356,0.5026,sam_uploaded,1295.908,33488.0,199220.0,4.63
2026-09-03T09:02:37.264537,pi-test-01,img_7396,WZ-OSEG,-,16.326,0.7862,0.3486,0.517,sam_uploaded,1307.744,33488.0,199178.0,4.63
2026-09-03T09:02:39.108574,pi-test-01,img_7397,WZ-OSEG,-,15.625,0.6255,0.306,0.4686,sam_uploaded,1144.201,33488.0,198679.0,4.64
2026-09-03T09:02:40.963190,pi-test-01,img_7398,WZ-OSEG,-,15.625,0.6255,0.3552,0.5242,sam_uploaded,1170.813,33488.0,198726.0,4.64
2026-09-03T09:02:42.803318,pi-test-01,img_7399,WZ-OSEG,-,15.625,0.6255,0.3304,0.4967,sam_uploaded,1217.124,33488.0,198705.0,4.64
2026-09-03T09:02:44.645552,pi-test-01,img_7400,WZ-OSEG,-,15.625,0.6255,0.3357,0.5027,sam_uploaded,1170.501,33488.0,198687.0,4.64
2026-09-03T09:02:46.474277,pi-test-01,img_7401,WZ-OSEG,-,14.489,0.5919,0.2581,0.4104,sam_uploaded,1158.826,33488.0,194166.0,4.75
2026-09-03T09:02:48.337044,pi-test-01,img_7402,WZ-OSEG,-,14.489,0.5919,0.2616,0.4147,sam_uploaded,1193.514,33488.0,194219.0,4.75
2026-09-03T09:02:50.165235,pi-test-01,img_7403,WZ-OSEG,-,14.489,0.5919,0.2642,0.418,sam_uploaded,1167.549,33488.0,194257.0,4.74
2026-09-03T09:02:52.004160,pi-test-01,img_7404,WZ-OSEG,-,14.489,0.5919,0.2556,0.4071,sam_uploaded,1181.2,33488.0,194150.0,4.75
2026-09-03T09:02:53.843085,pi-test-01,img_7405,WZ-OSEG,-,16.718,0.8003,0.4684,0.638,sam_uploaded,1157.557,33488.0,195982.0,4.7
2026-09-03T09:02:55.686019,pi-test-01,img_7406,WZ-OSEG,-,16.718,0.8003,0.3586,0.5278,sam_uploaded,1121.84,33488.0,196091.0,4.7
2026-09-03T09:02:57.530325,pi-test-01,img_7407,WZ-OSEG,-,16.718,0.8003,0.471,0.6404,sam_uploaded,1138.43,33488.0,196055.0,4.7
2026-09-03T09:02:59.380896,pi-test-01,img_7408,WZ-OSEG,-,16.718,0.8003,0.4619,0.6319,sam_uploaded,1203.882,33488.0,196009.0,4.7
2026-09-03T09:03:01.464867,pi-test-01,img_7409,WZ-OSEG,-,15.868,0.7867,0.4232,0.5947,sam_uploaded,1317.088,33488.0,198612.0,4.64
2026-09-03T09:03:03.496565,pi-test-01,img_7410,WZ-OSEG,-,15.868,0.7867,0.4805,0.6491,sam_uploaded,1316.451,33488.0,198648.0,4.64
2026-09-03T09:03:05.439433,pi-test-01,img_7411,WZ-OSEG,-,15.868,0.7867,0.4072,0.5788,sam_uploaded,1330.999,33488.0,198627.0,4.64
2026-09-03T09:03:07.383711,pi-test-01,img_7412,WZ-OSEG,-,15.868,0.7867,0.4643,0.6341,sam_uploaded,1306.477,33488.0,198595.0,4.64
2026-09-03T09:03:09.418277,pi-test-01,img_7413,WZ-OSEG,-,15.205,0.7371,0.2966,0.4575,sam_uploaded,1353.776,33488.0,195888.0,4.7
2026-09-03T09:03:11.472190,pi-test-01,img_7414,WZ-OSEG,-,15.205,0.7371,0.3181,0.4827,sam_uploaded,1327.877,33488.0,195931.0,4.7
2026-09-03T09:03:13.507598,pi-test-01,img_7415,WZ-OSEG,-,15.205,0.7371,0.305,0.4674,sam_uploaded,1289.638,33488.0,195923.0,4.7
2026-09-03T09:03:15.563249,pi-test-01,img_7416,WZ-OSEG,-,15.205,0.7371,0.3052,0.4677,sam_uploaded,1304.887,33488.0,195902.0,4.7
2026-09-03T09:03:17.652987,pi-test-01,img_7417,WZ-OSEG,-,15.639,0.7194,0.2825,0.4405,sam_uploaded,1433.731,33488.0,205984.0,4.47
2026-09-03T09:03:19.915373,pi-test-01,img_7418,WZ-OSEG,-,15.639,0.7194,0.2943,0.4547,sam_uploaded,1439.545,33488.0,205973.0,4.47
2026-09-03T09:03:22.164317,pi-test-01,img_7419,WZ-OSEG,-,15.639,0.7194,0.244,0.3923,sam_uploaded,1458.101,33488.0,206000.0,4.47
2026-09-03T09:03:24.269241,pi-test-01,img_7420,WZ-OSEG,-,15.639,0.7194,0.322,0.4872,sam_uploaded,1475.045,33488.0,205978.0,4.47
2026-09-03T09:03:26.240500,pi-test-01,img_7421,WZ-OSEG,-,14.995,0.7782,0.5137,0.6787,sam_uploaded,1327.998,33488.0,197506.0,4.67
2026-09-03T09:03:28.277286,pi-test-01,img_7422,WZ-OSEG,-,14.995,0.7782,0.5155,0.6803,sam_uploaded,1300.89,33488.0,197510.0,4.67
2026-09-03T09:03:30.222637,pi-test-01,img_7423,WZ-OSEG,-,14.995,0.7782,0.5107,0.6761,sam_uploaded,1342.086,33488.0,197497.0,4.67
2026-09-03T09:03:32.215596,pi-test-01,img_7424,WZ-OSEG,-,14.995,0.7782,0.512,0.6773,sam_uploaded,1337.27,33488.0,197529.0,4.67
2026-09-03T09:03:34.240053,pi-test-01,img_7425,WZ-OSEG,-,9.775,0.6921,0.6132,0.7603,sam_uploaded,1117.52,33488.0,182577.0,5.05
2026-09-03T09:03:36.121276,pi-test-01,img_7426,WZ-OSEG,-,9.775,0.6921,0.6091,0.757,sam_uploaded,1132.005,33488.0,182573.0,5.05
2026-09-03T09:03:38.053888,pi-test-01,img_7427,WZ-OSEG,-,9.775,0.6921,0.6257,0.7698,sam_uploaded,1109.682,33488.0,182571.0,5.05
2026-09-03T09:03:39.704260,pi-test-01,img_7428,WZ-OSEG,-,9.775,0.6921,0.6134,0.7604,sam_uploaded,1079.589,33488.0,182575.0,5.05
2026-09-03T09:03:41.686983,pi-test-01,img_7429,WZ-OSEG,-,16.33,0.789,0.33,0.4963,sam_uploaded,1323.706,33488.0,195795.0,4.71
2026-09-03T09:03:43.630642,pi-test-01,img_7430,WZ-OSEG,-,16.33,0.789,0.319,0.4837,sam_uploaded,1350.962,33488.0,195837.0,4.71
2026-09-03T09:03:45.610205,pi-test-01,img_7431,WZ-OSEG,-,16.33,0.789,0.3257,0.4914,sam_uploaded,1318.81,33488.0,195812.0,4.71
