timestamp,node_id,image_id,algorithm,profile,psnr_db,ssim,mask_iou,mask_dice,mask_ref_source,cpu_time_ms,memory_kb,compressed_bytes,compression_ratio
2026-09-04T01:20:14.757713,pi-test-01,img_6000,JPEG,-,37.952,0.9401,,,n/a,137.609,512.0,36609.0,25.17
2026-09-04T01:20:14.757713,pi-test-01,img_6000,JPEG2000-ROI,-,36.191,0.9102,0.295,0.4556,sam_uploaded,1070.848,9568.0,160453.0,5.74
2026-09-04T01:20:17.998974,pi-test-01,img_6001,JPEG,-,38.613,0.9389,,,n/a,158.439,512.0,31070.0,29.66
2026-09-04T01:20:17.998974,pi-test-01,img_6001,JPEG2000-ROI,-,37.667,0.9231,0.4311,0.6025,sam_uploaded,1044.146,9572.0,160384.0,5.75
2026-09-04T01:20:21.107878,pi-test-01,img_6002,JPEG,-,38.612,0.9389,,,n/a,142.045,512.0,31056.0,29.68
2026-09-04T01:20:21.107878,pi-test-01,img_6002,JPEG2000-ROI,-,37.676,0.923,0.4063,0.5778,sam_uploaded,1062.511,9568.0,160500.0,5.74
2026-09-04T01:20:24.226665,pi-test-01,img_6003,JPEG,-,38.612,0.9389,,,n/a,142.462,512.0,31032.0,29.7
2026-09-04T01:20:24.226665,pi-test-01,img_6003,JPEG2000-ROI,-,37.687,0.923,0.4809,0.6495,sam_uploaded,1041.737,9568.0,160387.0,5.75
2026-09-04T01:20:27.420468,pi-test-01,img_6004,JPEG,-,38.613,0.9389,,,n/a,141.905,512.0,31052.0,29.68
2026-09-04T01:20:27.420468,pi-test-01,img_6004,JPEG2000-ROI,-,37.638,0.9228,0.4245,0.596,sam_uploaded,1050.879,9568.0,160555.0,5.74
2026-09-04T01:20:30.564533,pi-test-01,img_6005,JPEG,-,39.334,0.9393,,,n/a,138.203,512.0,23765.0,38.78
2026-09-04T01:20:30.564533,pi-test-01,img_6005,JPEG2000-ROI,-,40.182,0.9527,0.3001,0.4617,sam_uploaded,1052.176,9568.0,160473.0,5.74
2026-09-04T01:20:34.038385,pi-test-01,img_6006,JPEG,-,39.335,0.9392,,,n/a,138.438,512.0,23788.0,38.74
2026-09-04T01:20:34.038385,pi-test-01,img_6006,JPEG2000-ROI,-,40.225,0.9531,0.3056,0.4682,sam_uploaded,1048.082,9572.0,160496.0,5.74
2026-09-04T01:20:37.482268,pi-test-01,img_6007,JPEG,-,39.335,0.9392,,,n/a,139.904,512.0,23791.0,38.74
2026-09-04T01:20:37.482268,pi-test-01,img_6007,JPEG2000-ROI,-,40.239,0.9531,0.3077,0.4706,sam_uploaded,1065.57,9568.0,160487.0,5.74
2026-09-04T01:20:40.608234,pi-test-01,img_6008,JPEG,-,39.334,0.9393,,,n/a,138.493,512.0,23781.0,38.75
2026-09-04T01:20:40.608234,pi-test-01,img_6008,JPEG2000-ROI,-,40.146,0.9524,0.3006,0.4622,sam_uploaded,1057.732,9572.0,160309.0,5.75
2026-09-04T01:20:43.907985,pi-test-01,img_6009,JPEG,-,36.829,0.9397,,,n/a,145.067,512.0,42500.0,21.68
2026-09-04T01:20:43.907985,pi-test-01,img_6009,JPEG2000-ROI,-,34.615,0.8992,0.4021,0.5736,sam_uploaded,1100.723,9568.0,160371.0,5.75
2026-09-04T01:20:47.425958,pi-test-01,img_6010,JPEG,-,36.828,0.9397,,,n/a,145.406,512.0,42498.0,21.69
2026-09-04T01:20:47.425958,pi-test-01,img_6010,JPEG2000-ROI,-,34.658,0.9001,0.4106,0.5822,sam_uploaded,1117.745,9572.0,160372.0,5.75
2026-09-04T01:20:50.844719,pi-test-01,img_6011,JPEG,-,36.828,0.9397,,,n/a,144.708,512.0,42542.0,21.66
2026-09-04T01:20:50.844719,pi-test-01,img_6011,JPEG2000-ROI,-,34.645,0.8998,0.4078,0.5793,sam_uploaded,1109.355,9568.0,160326.0,5.75
2026-09-04T01:20:54.067780,pi-test-01,img_6012,JPEG,-,36.829,0.9397,,,n/a,145.864,512.0,42537.0,21.67
2026-09-04T01:20:54.067780,pi-test-01,img_6012,JPEG2000-ROI,-,34.598,0.8997,0.4045,0.576,sam_uploaded,1100.217,9568.0,160411.0,5.75
2026-09-04T01:20:57.398086,pi-test-01,img_6013,JPEG,-,35.669,0.9518,,,n/a,149.837,512.0,55463.0,16.62
2026-09-04T01:20:57.398086,pi-test-01,img_6013,JPEG2000-ROI,-,30.999,0.861,0.4697,0.6392,sam_uploaded,1163.24,9728.0,160448.0,5.74
2026-09-04T01:21:00.868279,pi-test-01,img_6014,JPEG,-,35.667,0.9518,,,n/a,148.604,512.0,55484.0,16.61
2026-09-04T01:21:00.868279,pi-test-01,img_6014,JPEG2000-ROI,-,31.07,0.8628,0.4838,0.6521,sam_uploaded,1138.402,9724.0,160352.0,5.75
2026-09-04T01:21:04.447413,pi-test-01,img_6015,JPEG,-,35.667,0.9518,,,n/a,148.065,512.0,55541.0,16.59
2026-09-04T01:21:04.447413,pi-test-01,img_6015,JPEG2000-ROI,-,30.985,0.8615,0.4842,0.6524,sam_uploaded,1132.287,9568.0,160117.0,5.76
2026-09-04T01:21:07.755079,pi-test-01,img_6016,JPEG,-,35.669,0.9518,,,n/a,149.888,512.0,55540.0,16.59
2026-09-04T01:21:07.755079,pi-test-01,img_6016,JPEG2000-ROI,-,31.027,0.8611,0.5069,0.6728,sam_uploaded,1156.868,9724.0,160368.0,5.75
2026-09-04T01:21:11.105024,pi-test-01,img_6017,JPEG,-,35.441,0.9406,,,n/a,149.9,512.0,51113.0,18.03
2026-09-04T01:21:11.105024,pi-test-01,img_6017,JPEG2000-ROI,-,32.283,0.8546,0.3262,0.4919,sam_uploaded,1124.436,9572.0,160462.0,5.74
2026-09-04T01:21:14.467212,pi-test-01,img_6018,JPEG,-,35.445,0.9406,,,n/a,148.15,512.0,51136.0,18.02
2026-09-04T01:21:14.467212,pi-test-01,img_6018,JPEG2000-ROI,-,32.232,0.8556,0.3375,0.5047,sam_uploaded,1117.295,9724.0,160428.0,5.74
2026-09-04T01:21:17.849454,pi-test-01,img_6019,JPEG,-,35.445,0.9406,,,n/a,149.558,512.0,51174.0,18.01
2026-09-04T01:21:17.849454,pi-test-01,img_6019,JPEG2000-ROI,-,32.21,0.854,0.3257,0.4914,sam_uploaded,1136.326,9632.0,160568.0,5.74
2026-09-04T01:21:21.144816,pi-test-01,img_6020,JPEG,-,35.441,0.9406,,,n/a,148.093,512.0,51140.0,18.02
2026-09-04T01:21:21.144816,pi-test-01,img_6020,JPEG2000-ROI,-,32.319,0.855,0.3395,0.5069,sam_uploaded,1110.805,9568.0,160200.0,5.75
2026-09-04T01:21:24.512773,pi-test-01,img_6021,JPEG,-,37.856,0.9503,,,n/a,170.102,512.0,40350.0,22.84
2026-09-04T01:21:24.512773,pi-test-01,img_6021,JPEG2000-ROI,-,37.312,0.9501,0.2898,0.4494,sam_uploaded,1114.694,9568.0,160195.0,5.75
2026-09-04T01:21:27.731040,pi-test-01,img_6022,JPEG,-,37.856,0.9503,,,n/a,144.826,512.0,40350.0,22.84
2026-09-04T01:21:27.731040,pi-test-01,img_6022,JPEG2000-ROI,-,37.173,0.9499,0.2915,0.4514,sam_uploaded,1137.946,9568.0,160554.0,5.74
2026-09-04T01:21:30.931446,pi-test-01,img_6023,JPEG,-,37.856,0.9503,,,n/a,147.016,512.0,40456.0,22.78
2026-09-04T01:21:30.931446,pi-test-01,img_6023,JPEG2000-ROI,-,37.3,0.95,0.2829,0.441,sam_uploaded,1113.463,9568.0,160503.0,5.74
2026-09-04T01:21:34.253212,pi-test-01,img_6024,JPEG,-,37.856,0.9503,,,n/a,145.447,512.0,40438.0,22.79
2026-09-04T01:21:34.253212,pi-test-01,img_6024,JPEG2000-ROI,-,37.296,0.95,0.2863,0.4451,sam_uploaded,1117.025,9568.0,160131.0,5.76
2026-09-04T01:21:37.490880,pi-test-01,img_6025,JPEG,-,37.382,0.9522,,,n/a,146.018,512.0,45086.0,20.44
2026-09-04T01:21:37.490880,pi-test-01,img_6025,JPEG2000-ROI,-,34.71,0.926,0.5043,0.6705,sam_uploaded,1122.652,9572.0,160260.0,5.75
2026-09-04T01:21:40.813448,pi-test-01,img_6026,JPEG,-,37.384,0.9522,,,n/a,144.652,512.0,45099.0,20.44
2026-09-04T01:21:40.813448,pi-test-01,img_6026,JPEG2000-ROI,-,34.797,0.9277,0.4935,0.6609,sam_uploaded,1120.683,9572.0,160607.0,5.74
2026-09-04T01:21:44.042201,pi-test-01,img_6027,JPEG,-,37.384,0.9522,,,n/a,145.619,512.0,45102.0,20.43
2026-09-04T01:21:44.042201,pi-test-01,img_6027,JPEG2000-ROI,-,34.705,0.9251,0.5194,0.6837,sam_uploaded,1116.031,9572.0,160430.0,5.74
2026-09-04T01:21:47.319802,pi-test-01,img_6028,JPEG,-,37.382,0.9522,,,n/a,145.491,512.0,45120.0,20.43
2026-09-04T01:21:47.319802,pi-test-01,img_6028,JPEG2000-ROI,-,34.672,0.9252,0.4892,0.657,sam_uploaded,1122.84,9568.0,160271.0,5.75
2026-09-04T01:21:50.611009,pi-test-01,img_6029,JPEG,-,36.971,0.9532,,,n/a,146.975,512.0,47367.0,19.46
2026-09-04T01:21:50.611009,pi-test-01,img_6029,JPEG2000-ROI,-,33.095,0.8949,0.477,0.6459,sam_uploaded,1105.651,9568.0,160525.0,5.74
2026-09-04T01:21:53.890094,pi-test-01,img_6030,JPEG,-,36.97,0.9532,,,n/a,146.713,512.0,47371.0,19.45
2026-09-04T01:21:53.890094,pi-test-01,img_6030,JPEG2000-ROI,-,33.106,0.8958,0.3816,0.5524,sam_uploaded,1117.505,9568.0,160541.0,5.74
2026-09-04T01:21:57.462367,pi-test-01,img_6031,JPEG,-,36.97,0.9532,,,n/a,145.721,512.0,47369.0,19.46
2026-09-04T01:21:57.462367,pi-test-01,img_6031,JPEG2000-ROI,-,33.156,0.8959,0.402,0.5735,sam_uploaded,1103.969,9568.0,160535.0,5.74
2026-09-04T01:22:00.750683,pi-test-01,img_6032,JPEG,-,36.971,0.9532,,,n/a,146.972,512.0,47349.0,19.46
2026-09-04T01:22:00.750683,pi-test-01,img_6032,JPEG2000-ROI,-,33.103,0.8959,0.4857,0.6539,sam_uploaded,1097.643,9572.0,160564.0,5.74
2026-09-04T01:22:03.839969,pi-test-01,img_6033,JPEG,-,39.689,0.9508,,,n/a,139.004,512.0,24583.0,37.49
2026-09-04T01:22:03.839969,pi-test-01,img_6033,JPEG2000-ROI,-,38.983,0.9518,0.4456,0.6165,sam_uploaded,1054.314,9568.0,160498.0,5.74
2026-09-04T01:22:07.273490,pi-test-01,img_6034,JPEG,-,39.689,0.9507,,,n/a,168.346,512.0,24566.0,37.52
2026-09-04T01:22:07.273490,pi-test-01,img_6034,JPEG2000-ROI,-,39.017,0.9517,0.3925,0.5637,sam_uploaded,1024.117,9568.0,160331.0,5.75
2026-09-04T01:22:10.340657,pi-test-01,img_6035,JPEG,-,39.689,0.9507,,,n/a,157.433,512.0,24610.0,37.45
2026-09-04T01:22:10.340657,pi-test-01,img_6035,JPEG2000-ROI,-,39.001,0.9516,0.4477,0.6185,sam_uploaded,1020.891,9568.0,160351.0,5.75
2026-09-04T01:22:13.467604,pi-test-01,img_6036,JPEG,-,39.689,0.9508,,,n/a,139.017,512.0,24617.0,37.44
2026-09-04T01:22:13.467604,pi-test-01,img_6036,JPEG2000-ROI,-,38.808,0.9503,0.4493,0.62,sam_uploaded,1016.917,9572.0,160261.0,5.75
2026-09-04T01:22:16.822922,pi-test-01,img_6037,JPEG,-,36.564,0.9541,,,n/a,145.94,512.0,47790.0,19.28
2026-09-04T01:22:16.822922,pi-test-01,img_6037,JPEG2000-ROI,-,34.149,0.9214,0.5341,0.6963,sam_uploaded,1125.551,9568.0,160503.0,5.74
2026-09-04T01:22:20.187517,pi-test-01,img_6038,JPEG,-,36.566,0.9541,,,n/a,145.663,512.0,47753.0,19.3
2026-09-04T01:22:20.187517,pi-test-01,img_6038,JPEG2000-ROI,-,34.231,0.9215,0.5298,0.6927,sam_uploaded,1113.745,9572.0,160603.0,5.74
2026-09-04T01:22:23.467521,pi-test-01,img_6039,JPEG,-,36.566,0.9541,,,n/a,146.781,512.0,47792.0,19.28
2026-09-04T01:22:23.467521,pi-test-01,img_6039,JPEG2000-ROI,-,34.16,0.9215,0.5366,0.6984,sam_uploaded,1121.237,9572.0,160331.0,5.75
2026-09-04T01:22:26.702222,pi-test-01,img_6040,JPEG,-,36.564,0.9541,,,n/a,145.612,512.0,47793.0,19.28
2026-09-04T01:22:26.702222,pi-test-01,img_6040,JPEG2000-ROI,-,34.277,0.9218,0.5367,0.6985,sam_uploaded,1122.913,9572.0,160441.0,5.74
2026-09-04T01:22:30.054638,pi-test-01,img_6041,JPEG,-,35.296,0.9569,,,n/a,149.256,512.0,59273.0,15.55
2026-09-04T01:22:30.054638,pi-test-01,img_6041,JPEG2000-ROI,-,31.611,0.9063,0.5952,0.7462,sam_uploaded,1175.869,9568.0,160071.0,5.76
2026-09-04T01:22:33.351221,pi-test-01,img_6042,JPEG,-,35.297,0.9569,,,n/a,148.167,512.0,59268.0,15.55
2026-09-04T01:22:33.351221,pi-test-01,img_6042,JPEG2000-ROI,-,31.645,0.9071,0.6174,0.7634,sam_uploaded,1147.894,9568.0,160491.0,5.74
2026-09-04T01:22:36.722893,pi-test-01,img_6043,JPEG,-,35.297,0.9569,,,n/a,149.583,512.0,59307.0,15.54
2026-09-04T01:22:36.722893,pi-test-01,img_6043,JPEG2000-ROI,-,31.57,0.907,0.6008,0.7506,sam_uploaded,1156.242,9568.0,160591.0,5.74
2026-09-04T01:22:40.094414,pi-test-01,img_6044,JPEG,-,35.296,0.9569,,,n/a,148.843,512.0,59321.0,15.54
2026-09-04T01:22:40.094414,pi-test-01,img_6044,JPEG2000-ROI,-,31.621,0.9061,0.6215,0.7666,sam_uploaded,1159.472,9568.0,160615.0,5.74
2026-09-04T01:22:43.470201,pi-test-01,img_6045,JPEG,-,34.594,0.9504,,,n/a,149.479,512.0,59514.0,15.49
2026-09-04T01:22:43.470201,pi-test-01,img_6045,JPEG2000-ROI,-,32.233,0.9095,0.5144,0.6794,sam_uploaded,1158.229,9724.0,160192.0,5.75
2026-09-04T01:22:46.854159,pi-test-01,img_6046,JPEG,-,34.593,0.9504,,,n/a,148.702,512.0,59503.0,15.49
2026-09-04T01:22:46.854159,pi-test-01,img_6046,JPEG2000-ROI,-,32.255,0.9098,0.4928,0.6603,sam_uploaded,1155.856,9572.0,160182.0,5.75
2026-09-04T01:22:50.551236,pi-test-01,img_6047,JPEG,-,34.593,0.9504,,,n/a,148.742,512.0,59544.0,15.48
2026-09-04T01:22:50.551236,pi-test-01,img_6047,JPEG2000-ROI,-,32.187,0.9091,0.5137,0.6787,sam_uploaded,1175.561,9576.0,160418.0,5.74
2026-09-04T01:22:53.934524,pi-test-01,img_6048,JPEG,-,34.594,0.9504,,,n/a,149.883,512.0,59552.0,15.48
2026-09-04T01:22:53.934524,pi-test-01,img_6048,JPEG2000-ROI,-,32.36,0.9111,0.5032,0.6695,sam_uploaded,1158.702,9568.0,160539.0,5.74
2026-09-04T01:22:57.129605,pi-test-01,img_6049,JPEG,-,38.492,0.9513,,,n/a,142.357,512.0,36933.0,24.95
2026-09-04T01:22:57.129605,pi-test-01,img_6049,JPEG2000-ROI,-,37.925,0.953,0.2868,0.4457,sam_uploaded,1111.41,9568.0,160258.0,5.75
2026-09-04T01:23:00.309920,pi-test-01,img_6050,JPEG,-,38.49,0.9513,,,n/a,143.781,512.0,36942.0,24.95
2026-09-04T01:23:00.309920,pi-test-01,img_6050,JPEG2000-ROI,-,38.03,0.9545,0.2949,0.4555,sam_uploaded,1109.011,9568.0,160533.0,5.74
2026-09-04T01:23:03.553093,pi-test-01,img_6051,JPEG,-,38.49,0.9513,,,n/a,143.21,512.0,37063.0,24.87
2026-09-04T01:23:03.553093,pi-test-01,img_6051,JPEG2000-ROI,-,38.065,0.9542,0.2952,0.4559,sam_uploaded,1118.578,9568.0,160536.0,5.74
2026-09-04T01:23:06.781352,pi-test-01,img_6052,JPEG,-,38.492,0.9513,,,n/a,143.763,512.0,37050.0,24.87
2026-09-04T01:23:06.781352,pi-test-01,img_6052,JPEG2000-ROI,-,38.147,0.955,0.2867,0.4457,sam_uploaded,1111.274,9572.0,160504.0,5.74
2026-09-04T01:23:10.064000,pi-test-01,img_6053,JPEG,-,37.596,0.9526,,,n/a,145.198,512.0,43797.0,21.04
2026-09-04T01:23:10.064000,pi-test-01,img_6053,JPEG2000-ROI,-,34.274,0.92,0.5157,0.6805,sam_uploaded,1108.182,9660.0,160600.0,5.74
2026-09-04T01:23:13.284687,pi-test-01,img_6054,JPEG,-,37.596,0.9526,,,n/a,146.503,512.0,43785.0,21.05
2026-09-04T01:23:13.284687,pi-test-01,img_6054,JPEG2000-ROI,-,34.146,0.9148,0.5377,0.6994,sam_uploaded,1099.927,9568.0,160212.0,5.75
2026-09-04T01:23:16.551557,pi-test-01,img_6055,JPEG,-,37.596,0.9526,,,n/a,144.984,512.0,43803.0,21.04
2026-09-04T01:23:16.551557,pi-test-01,img_6055,JPEG2000-ROI,-,34.22,0.9176,0.5342,0.6964,sam_uploaded,1103.189,9568.0,160458.0,5.74
2026-09-04T01:23:19.804803,pi-test-01,img_6056,JPEG,-,37.596,0.9526,,,n/a,146.642,512.0,43796.0,21.04
2026-09-04T01:23:19.804803,pi-test-01,img_6056,JPEG2000-ROI,-,34.365,0.9199,0.5172,0.6818,sam_uploaded,1099.249,9724.0,160392.0,5.75
2026-09-04T01:23:23.042614,pi-test-01,img_6057,JPEG,-,37.222,0.9531,,,n/a,146.866,512.0,45948.0,20.06
2026-09-04T01:23:23.042614,pi-test-01,img_6057,JPEG2000-ROI,-,33.826,0.904,0.326,0.4917,sam_uploaded,1099.286,9568.0,160176.0,5.75
2026-09-04T01:23:26.243894,pi-test-01,img_6058,JPEG,-,37.221,0.9531,,,n/a,147.187,512.0,45918.0,20.07
2026-09-04T01:23:26.243894,pi-test-01,img_6058,JPEG2000-ROI,-,33.833,0.9054,0.3158,0.4801,sam_uploaded,1088.367,9724.0,160152.0,5.75
2026-09-04T01:23:29.681790,pi-test-01,img_6059,JPEG,-,37.221,0.9531,,,n/a,147.274,512.0,45934.0,20.06
2026-09-04T01:23:29.681790,pi-test-01,img_6059,JPEG2000-ROI,-,34.019,0.9079,0.338,0.5052,sam_uploaded,1091.376,9568.0,160586.0,5.74
2026-09-04T01:23:33.002468,pi-test-01,img_6060,JPEG,-,37.222,0.9531,,,n/a,147.636,512.0,45946.0,20.06
2026-09-04T01:23:33.002468,pi-test-01,img_6060,JPEG2000-ROI,-,33.639,0.9006,0.3143,0.4782,sam_uploaded,1086.882,9568.0,160184.0,5.75
2026-09-04T01:23:36.308673,pi-test-01,img_6061,JPEG,-,39.981,0.9532,,,n/a,140.895,512.0,23142.0,39.82
2026-09-04T01:23:36.308673,pi-test-01,img_6061,JPEG2000-ROI,-,39.838,0.9591,0.5799,0.7341,sam_uploaded,1057.387,9572.0,160493.0,5.74
2026-09-04T01:23:39.332809,pi-test-01,img_6062,JPEG,-,39.979,0.9532,,,n/a,138.832,512.0,23139.0,39.83
2026-09-04T01:23:39.332809,pi-test-01,img_6062,JPEG2000-ROI,-,39.903,0.9595,0.5987,0.749,sam_uploaded,1024.839,9568.0,160610.0,5.74
2026-09-04T01:23:42.422091,pi-test-01,img_6063,JPEG,-,39.979,0.9532,,,n/a,138.977,512.0,23164.0,39.79
2026-09-04T01:23:42.422091,pi-test-01,img_6063,JPEG2000-ROI,-,40.0,0.96,0.5823,0.736,sam_uploaded,1028.713,9668.0,160527.0,5.74
2026-09-04T01:23:45.473727,pi-test-01,img_6064,JPEG,-,39.981,0.9532,,,n/a,138.252,512.0,23153.0,39.8
2026-09-04T01:23:45.473727,pi-test-01,img_6064,JPEG2000-ROI,-,39.806,0.9594,0.4847,0.6529,sam_uploaded,1026.79,9568.0,160615.0,5.74
2026-09-04T01:23:48.662136,pi-test-01,img_6065,JPEG,-,37.464,0.9539,,,n/a,143.27,512.0,39551.0,23.3
2026-09-04T01:23:48.662136,pi-test-01,img_6065,JPEG2000-ROI,-,34.846,0.9258,0.5025,0.6689,sam_uploaded,1068.927,9568.0,160497.0,5.74
2026-09-04T01:23:51.922972,pi-test-01,img_6066,JPEG,-,37.469,0.9539,,,n/a,143.59,512.0,39588.0,23.28
2026-09-04T01:23:51.922972,pi-test-01,img_6066,JPEG2000-ROI,-,34.865,0.9276,0.5132,0.6783,sam_uploaded,1101.927,9568.0,160207.0,5.75
2026-09-04T01:23:55.088443,pi-test-01,img_6067,JPEG,-,37.469,0.9539,,,n/a,144.226,512.0,39564.0,23.29
2026-09-04T01:23:55.088443,pi-test-01,img_6067,JPEG2000-ROI,-,34.82,0.9272,0.5087,0.6743,sam_uploaded,1075.126,9568.0,160439.0,5.74
2026-09-04T01:23:58.314529,pi-test-01,img_6068,JPEG,-,37.464,0.9539,,,n/a,142.141,512.0,39569.0,23.29
2026-09-04T01:23:58.314529,pi-test-01,img_6068,JPEG2000-ROI,-,34.856,0.9278,0.5063,0.6722,sam_uploaded,1072.716,9568.0,160628.0,5.74
2026-09-04T01:24:01.764328,pi-test-01,img_6069,JPEG,-,35.294,0.9561,,,n/a,148.304,512.0,58327.0,15.8
2026-09-04T01:24:01.764328,pi-test-01,img_6069,JPEG2000-ROI,-,30.95,0.8887,0.5645,0.7216,sam_uploaded,1170.703,9568.0,160519.0,5.74
2026-09-04T01:24:05.040770,pi-test-01,img_6070,JPEG,-,35.296,0.9561,,,n/a,150.452,512.0,58348.0,15.79
2026-09-04T01:24:05.040770,pi-test-01,img_6070,JPEG2000-ROI,-,30.926,0.89,0.56,0.718,sam_uploaded,1151.416,9568.0,160624.0,5.74
2026-09-04T01:24:08.429737,pi-test-01,img_6071,JPEG,-,35.296,0.9561,,,n/a,150.804,512.0,58414.0,15.78
2026-09-04T01:24:08.429737,pi-test-01,img_6071,JPEG2000-ROI,-,30.911,0.8879,0.5942,0.7455,sam_uploaded,1152.526,9728.0,160608.0,5.74
2026-09-04T01:24:11.842006,pi-test-01,img_6072,JPEG,-,35.294,0.9561,,,n/a,149.027,512.0,58394.0,15.78
2026-09-04T01:24:11.842006,pi-test-01,img_6072,JPEG2000-ROI,-,30.995,0.8912,0.5874,0.74,sam_uploaded,1149.018,9568.0,160439.0,5.74
2026-09-04T01:24:15.139436,pi-test-01,img_6073,JPEG,-,35.078,0.9513,,,n/a,149.447,512.0,56043.0,16.44
2026-09-04T01:24:15.139436,pi-test-01,img_6073,JPEG2000-ROI,-,32.023,0.8993,0.4949,0.6621,sam_uploaded,1137.949,9568.0,160316.0,5.75
2026-09-04T01:24:18.493451,pi-test-01,img_6074,JPEG,-,35.082,0.9514,,,n/a,148.492,512.0,56047.0,16.44
2026-09-04T01:24:18.493451,pi-test-01,img_6074,JPEG2000-ROI,-,32.102,0.8998,0.4956,0.6627,sam_uploaded,1138.016,9568.0,160428.0,5.74
2026-09-04T01:24:21.810757,pi-test-01,img_6075,JPEG,-,35.082,0.9514,,,n/a,148.618,512.0,56044.0,16.44
2026-09-04T01:24:21.810757,pi-test-01,img_6075,JPEG2000-ROI,-,32.123,0.9004,0.5116,0.6769,sam_uploaded,1136.603,9572.0,160235.0,5.75
2026-09-04T01:24:25.239059,pi-test-01,img_6076,JPEG,-,35.078,0.9513,,,n/a,149.73,512.0,56053.0,16.44
2026-09-04T01:24:25.239059,pi-test-01,img_6076,JPEG2000-ROI,-,32.084,0.8994,0.4887,0.6566,sam_uploaded,1136.191,9572.0,160445.0,5.74
2026-09-04T01:24:28.448767,pi-test-01,img_6077,JPEG,-,40.089,0.9582,,,n/a,139.302,512.0,25390.0,36.3
2026-09-04T01:24:28.448767,pi-test-01,img_6077,JPEG2000-ROI,-,40.343,0.9692,0.6924,0.8182,sam_uploaded,1059.288,9616.0,160519.0,5.74
2026-09-04T01:24:31.618344,pi-test-01,img_6078,JPEG,-,40.086,0.9582,,,n/a,138.819,512.0,25388.0,36.3
2026-09-04T01:24:31.618344,pi-test-01,img_6078,JPEG2000-ROI,-,40.279,0.9696,0.4578,0.6281,sam_uploaded,1067.65,9572.0,160613.0,5.74
2026-09-04T01:24:34.719382,pi-test-01,img_6079,JPEG,-,40.086,0.9582,,,n/a,154.752,512.0,25406.0,36.27
2026-09-04T01:24:34.719382,pi-test-01,img_6079,JPEG2000-ROI,-,40.247,0.9688,0.6876,0.8149,sam_uploaded,1061.404,9568.0,160436.0,5.74
2026-09-04T01:24:37.958013,pi-test-01,img_6080,JPEG,-,40.089,0.9582,,,n/a,139.398,512.0,25404.0,36.28
2026-09-04T01:24:37.958013,pi-test-01,img_6080,JPEG2000-ROI,-,40.25,0.9691,0.4664,0.6361,sam_uploaded,1091.839,9572.0,160472.0,5.74
2026-09-04T01:24:41.203179,pi-test-01,img_6081,JPEG,-,36.86,0.9538,,,n/a,146.856,512.0,48709.0,18.92
2026-09-04T01:24:41.203179,pi-test-01,img_6081,JPEG2000-ROI,-,33.295,0.9001,0.5257,0.6892,sam_uploaded,1104.881,9728.0,160373.0,5.75
2026-09-04T01:24:44.773862,pi-test-01,img_6082,JPEG,-,36.856,0.9538,,,n/a,147.253,512.0,48699.0,18.92
2026-09-04T01:24:44.773862,pi-test-01,img_6082,JPEG2000-ROI,-,33.345,0.8997,0.533,0.6954,sam_uploaded,1108.982,9568.0,160493.0,5.74
2026-09-04T01:24:47.992256,pi-test-01,img_6083,JPEG,-,36.856,0.9538,,,n/a,147.006,512.0,48760.0,18.9
2026-09-04T01:24:47.992256,pi-test-01,img_6083,JPEG2000-ROI,-,33.382,0.8998,0.5185,0.6829,sam_uploaded,1112.745,9568.0,160386.0,5.75
2026-09-04T01:24:51.243069,pi-test-01,img_6084,JPEG,-,36.86,0.9538,,,n/a,147.084,512.0,48753.0,18.9
2026-09-04T01:24:51.243069,pi-test-01,img_6084,JPEG2000-ROI,-,33.308,0.8995,0.5526,0.7119,sam_uploaded,1104.957,9568.0,160405.0,5.75
2026-09-04T01:24:54.535939,pi-test-01,img_6085,JPEG,-,36.753,0.9583,,,n/a,147.168,512.0,51087.0,18.04
2026-09-04T01:24:54.535939,pi-test-01,img_6085,JPEG2000-ROI,-,33.02,0.9171,0.5959,0.7468,sam_uploaded,1129.746,9568.0,160171.0,5.75
2026-09-04T01:24:57.791045,pi-test-01,img_6086,JPEG,-,36.753,0.9583,,,n/a,147.468,512.0,51113.0,18.03
2026-09-04T01:24:57.791045,pi-test-01,img_6086,JPEG2000-ROI,-,32.995,0.9171,0.5787,0.7331,sam_uploaded,1146.644,9568.0,160552.0,5.74
2026-09-04T01:25:01.113936,pi-test-01,img_6087,JPEG,-,36.753,0.9583,,,n/a,147.983,512.0,51165.0,18.01
2026-09-04T01:25:01.113936,pi-test-01,img_6087,JPEG2000-ROI,-,32.996,0.9163,0.6074,0.7558,sam_uploaded,1140.643,9404.0,160560.0,5.74
2026-09-04T01:25:04.357905,pi-test-01,img_6088,JPEG,-,36.753,0.9583,,,n/a,148.101,512.0,51119.0,18.03
2026-09-04T01:25:04.357905,pi-test-01,img_6088,JPEG2000-ROI,-,33.114,0.919,0.5616,0.7192,sam_uploaded,1136.504,9568.0,160635.0,5.74
2026-09-04T01:25:07.539344,pi-test-01,img_6089,JPEG,-,40.127,0.9567,,,n/a,138.507,512.0,22928.0,40.2
2026-09-04T01:25:07.539344,pi-test-01,img_6089,JPEG2000-ROI,-,41.701,0.9749,0.7341,0.8467,sam_uploaded,1068.177,9640.0,160625.0,5.74
2026-09-04T01:25:10.720498,pi-test-01,img_6090,JPEG,-,40.121,0.9567,,,n/a,161.515,512.0,22912.0,40.22
2026-09-04T01:25:10.720498,pi-test-01,img_6090,JPEG2000-ROI,-,41.669,0.9752,0.7388,0.8498,sam_uploaded,1055.557,9568.0,160509.0,5.74
2026-09-04T01:25:13.887663,pi-test-01,img_6091,JPEG,-,40.121,0.9567,,,n/a,140.624,512.0,22962.0,40.14
2026-09-04T01:25:13.887663,pi-test-01,img_6091,JPEG2000-ROI,-,41.739,0.9751,0.7366,0.8483,sam_uploaded,1076.84,9568.0,160525.0,5.74
2026-09-04T01:25:16.971365,pi-test-01,img_6092,JPEG,-,40.127,0.9567,,,n/a,138.794,512.0,22981.0,40.1
2026-09-04T01:25:16.971365,pi-test-01,img_6092,JPEG2000-ROI,-,41.764,0.9752,0.7306,0.8444,sam_uploaded,1057.707,9568.0,160554.0,5.74
2026-09-04T01:25:20.296150,pi-test-01,img_6093,JPEG,-,38.983,0.9559,,,n/a,141.129,512.0,31901.0,28.89
2026-09-04T01:25:20.296150,pi-test-01,img_6093,JPEG2000-ROI,-,37.856,0.9498,0.5154,0.6803,sam_uploaded,1047.601,9568.0,160403.0,5.75
2026-09-04T01:25:23.365921,pi-test-01,img_6094,JPEG,-,38.986,0.9559,,,n/a,148.559,512.0,31916.0,28.88
2026-09-04T01:25:23.365921,pi-test-01,img_6094,JPEG2000-ROI,-,37.792,0.949,0.5062,0.6721,sam_uploaded,1040.637,9572.0,160286.0,5.75
2026-09-04T01:25:26.830168,pi-test-01,img_6095,JPEG,-,38.986,0.9559,,,n/a,140.824,512.0,31940.0,28.85
2026-09-04T01:25:26.830168,pi-test-01,img_6095,JPEG2000-ROI,-,37.913,0.95,0.4953,0.6625,sam_uploaded,1045.597,9568.0,160425.0,5.74
2026-09-04T01:25:29.995002,pi-test-01,img_6096,JPEG,-,38.983,0.9559,,,n/a,140.723,512.0,31944.0,28.85
2026-09-04T01:25:29.995002,pi-test-01,img_6096,JPEG2000-ROI,-,37.887,0.9508,0.5016,0.668,sam_uploaded,1080.822,9572.0,160540.0,5.74
2026-09-04T01:25:33.309616,pi-test-01,img_6097,JPEG,-,37.671,0.9522,,,n/a,144.059,512.0,40278.0,22.88
2026-09-04T01:25:33.309616,pi-test-01,img_6097,JPEG2000-ROI,-,36.117,0.9402,0.5722,0.7279,sam_uploaded,1102.311,9568.0,160343.0,5.75
2026-09-04T01:25:36.526263,pi-test-01,img_6098,JPEG,-,37.671,0.9521,,,n/a,160.176,512.0,40289.0,22.87
2026-09-04T01:25:36.526263,pi-test-01,img_6098,JPEG2000-ROI,-,36.434,0.9435,0.5804,0.7345,sam_uploaded,1096.358,9572.0,160429.0,5.74
2026-09-04T01:25:39.779093,pi-test-01,img_6099,JPEG,-,37.671,0.9521,,,n/a,142.823,512.0,40345.0,22.84
2026-09-04T01:25:39.779093,pi-test-01,img_6099,JPEG2000-ROI,-,36.318,0.9427,0.5731,0.7286,sam_uploaded,1123.781,9572.0,160597.0,5.74
2026-09-04T01:25:42.936346,pi-test-01,img_6100,JPEG,-,37.671,0.9522,,,n/a,143.224,512.0,40330.0,22.85
2026-09-04T01:25:42.936346,pi-test-01,img_6100,JPEG2000-ROI,-,36.442,0.9442,0.5886,0.7411,sam_uploaded,1094.818,9568.0,160513.0,5.74
2026-09-04T01:25:46.236015,pi-test-01,img_6101,JPEG,-,35.832,0.9567,,,n/a,147.225,512.0,51322.0,17.96
2026-09-04T01:25:46.236015,pi-test-01,img_6101,JPEG2000-ROI,-,32.385,0.9056,0.5269,0.6902,sam_uploaded,1118.576,9568.0,160425.0,5.74
2026-09-04T01:25:49.437804,pi-test-01,img_6102,JPEG,-,35.833,0.9567,,,n/a,146.159,512.0,51307.0,17.96
2026-09-04T01:25:49.437804,pi-test-01,img_6102,JPEG2000-ROI,-,32.425,0.906,0.5285,0.6915,sam_uploaded,1123.538,9568.0,160525.0,5.74
2026-09-04T01:25:52.982010,pi-test-01,img_6103,JPEG,-,35.833,0.9567,,,n/a,147.768,512.0,51342.0,17.95
2026-09-04T01:25:52.982010,pi-test-01,img_6103,JPEG2000-ROI,-,32.485,0.907,0.5314,0.694,sam_uploaded,1123.77,9572.0,160322.0,5.75
2026-09-04T01:25:56.216648,pi-test-01,img_6104,JPEG,-,35.832,0.9567,,,n/a,146.283,512.0,51353.0,17.95
2026-09-04T01:25:56.216648,pi-test-01,img_6104,JPEG2000-ROI,-,32.443,0.9068,0.5814,0.7353,sam_uploaded,1118.139,9568.0,160563.0,5.74
2026-09-04T01:25:59.388675,pi-test-01,img_6105,JPEG,-,39.374,0.9513,,,n/a,141.097,512.0,28564.0,32.26
2026-09-04T01:25:59.388675,pi-test-01,img_6105,JPEG2000-ROI,-,38.311,0.9493,0.5448,0.7053,sam_uploaded,1051.653,9568.0,160473.0,5.74
2026-09-04T01:26:02.556099,pi-test-01,img_6106,JPEG,-,39.375,0.9513,,,n/a,140.413,512.0,28570.0,32.26
2026-09-04T01:26:02.556099,pi-test-01,img_6106,JPEG2000-ROI,-,38.433,0.9497,0.5271,0.6903,sam_uploaded,1050.441,9568.0,160568.0,5.74
2026-09-04T01:26:05.718549,pi-test-01,img_6107,JPEG,-,39.375,0.9513,,,n/a,140.963,512.0,28589.0,32.24
2026-09-04T01:26:05.718549,pi-test-01,img_6107,JPEG2000-ROI,-,38.399,0.9493,0.5488,0.7087,sam_uploaded,1081.295,9568.0,160153.0,5.75
2026-09-04T01:26:08.791381,pi-test-01,img_6108,JPEG,-,39.374,0.9513,,,n/a,140.316,512.0,28599.0,32.22
2026-09-04T01:26:08.791381,pi-test-01,img_6108,JPEG2000-ROI,-,38.386,0.9495,0.5408,0.7019,sam_uploaded,1044.483,9572.0,160091.0,5.76
2026-09-04T01:26:12.065991,pi-test-01,img_6109,JPEG,-,36.517,0.9555,,,n/a,155.372,512.0,50797.0,18.14
2026-09-04T01:26:12.065991,pi-test-01,img_6109,JPEG2000-ROI,-,32.492,0.8901,0.4283,0.5997,sam_uploaded,1108.241,9568.0,160611.0,5.74
2026-09-04T01:26:15.280728,pi-test-01,img_6110,JPEG,-,36.518,0.9555,,,n/a,153.513,512.0,50829.0,18.13
2026-09-04T01:26:15.280728,pi-test-01,img_6110,JPEG2000-ROI,-,32.464,0.8888,0.4261,0.5976,sam_uploaded,1109.424,9572.0,160510.0,5.74
2026-09-04T01:26:18.592049,pi-test-01,img_6111,JPEG,-,36.518,0.9555,,,n/a,147.487,512.0,50821.0,18.13
2026-09-04T01:26:18.592049,pi-test-01,img_6111,JPEG2000-ROI,-,32.531,0.8902,0.4336,0.605,sam_uploaded,1102.962,9728.0,160406.0,5.75
2026-09-04T01:26:22.269134,pi-test-01,img_6112,JPEG,-,36.517,0.9555,,,n/a,146.835,512.0,50814.0,18.14
2026-09-04T01:26:22.269134,pi-test-01,img_6112,JPEG2000-ROI,-,32.436,0.8899,0.4306,0.602,sam_uploaded,1117.851,9568.0,160296.0,5.75
2026-09-04T01:26:25.715516,pi-test-01,img_6113,JPEG,-,35.957,0.9625,,,n/a,148.091,512.0,57648.0,15.99
2026-09-04T01:26:25.715516,pi-test-01,img_6113,JPEG2000-ROI,-,31.527,0.9103,0.6058,0.7545,sam_uploaded,1137.546,9568.0,160520.0,5.74
2026-09-04T01:26:29.188998,pi-test-01,img_6114,JPEG,-,35.954,0.9625,,,n/a,149.329,512.0,57656.0,15.98
2026-09-04T01:26:29.188998,pi-test-01,img_6114,JPEG2000-ROI,-,31.475,0.912,0.6011,0.7509,sam_uploaded,1140.614,9568.0,160378.0,5.75
2026-09-04T01:26:32.490278,pi-test-01,img_6115,JPEG,-,35.954,0.9625,,,n/a,149.791,512.0,57651.0,15.99
2026-09-04T01:26:32.490278,pi-test-01,img_6115,JPEG2000-ROI,-,31.541,0.9119,0.6057,0.7545,sam_uploaded,1180.796,9572.0,160398.0,5.75
2026-09-04T01:26:36.223113,pi-test-01,img_6116,JPEG,-,35.957,0.9625,,,n/a,150.118,512.0,57642.0,15.99
2026-09-04T01:26:36.223113,pi-test-01,img_6116,JPEG2000-ROI,-,31.622,0.9124,0.5897,0.7419,sam_uploaded,1140.292,9568.0,160555.0,5.74
2026-09-04T01:26:39.410000,pi-test-01,img_6117,JPEG,-,39.408,0.9541,,,n/a,139.548,512.0,26793.0,34.4
2026-09-04T01:26:39.410000,pi-test-01,img_6117,JPEG2000-ROI,-,40.538,0.97,0.7688,0.8693,sam_uploaded,1070.79,9572.0,160592.0,5.74
2026-09-04T01:26:42.584764,pi-test-01,img_6118,JPEG,-,39.406,0.954,,,n/a,139.332,512.0,26787.0,34.4
2026-09-04T01:26:42.584764,pi-test-01,img_6118,JPEG2000-ROI,-,40.558,0.9706,0.7687,0.8692,sam_uploaded,1097.413,9572.0,160594.0,5.74
2026-09-04T01:26:45.704266,pi-test-01,img_6119,JPEG,-,39.406,0.954,,,n/a,139.349,512.0,26816.0,34.37
2026-09-04T01:26:45.704266,pi-test-01,img_6119,JPEG2000-ROI,-,40.516,0.9704,0.7553,0.8606,sam_uploaded,1073.478,9568.0,160341.0,5.75
2026-09-04T01:26:49.180368,pi-test-01,img_6120,JPEG,-,39.408,0.9541,,,n/a,139.979,512.0,26808.0,34.38
2026-09-04T01:26:49.180368,pi-test-01,img_6120,JPEG2000-ROI,-,40.626,0.9706,0.7734,0.8722,sam_uploaded,1064.536,9568.0,160601.0,5.74
2026-09-04T01:26:52.449728,pi-test-01,img_6121,JPEG,-,37.727,0.953,,,n/a,143.342,512.0,39372.0,23.41
2026-09-04T01:26:52.449728,pi-test-01,img_6121,JPEG2000-ROI,-,33.896,0.9053,0.4403,0.6114,sam_uploaded,1076.149,9568.0,160552.0,5.74
2026-09-04T01:26:55.554695,pi-test-01,img_6122,JPEG,-,37.725,0.9531,,,n/a,146.069,512.0,39370.0,23.41
2026-09-04T01:26:55.554695,pi-test-01,img_6122,JPEG2000-ROI,-,33.848,0.9042,0.4529,0.6235,sam_uploaded,1051.466,9568.0,160232.0,5.75
2026-09-04T01:26:58.693790,pi-test-01,img_6123,JPEG,-,37.725,0.9531,,,n/a,142.759,512.0,39328.0,23.43
2026-09-04T01:26:58.693790,pi-test-01,img_6123,JPEG2000-ROI,-,33.921,0.9041,0.426,0.5974,sam_uploaded,1060.679,9572.0,160138.0,5.76
2026-09-04T01:27:01.885117,pi-test-01,img_6124,JPEG,-,37.727,0.953,,,n/a,150.292,512.0,39332.0,23.43
2026-09-04T01:27:01.885117,pi-test-01,img_6124,JPEG2000-ROI,-,33.852,0.9054,0.4564,0.6268,sam_uploaded,1052.241,9572.0,160489.0,5.74
2026-09-04T01:27:05.190897,pi-test-01,img_6125,JPEG,-,35.791,0.9557,,,n/a,149.484,512.0,54190.0,17.01
2026-09-04T01:27:05.190897,pi-test-01,img_6125,JPEG2000-ROI,-,32.906,0.9186,0.5865,0.7393,sam_uploaded,1144.968,9572.0,160493.0,5.74
2026-09-04T01:27:08.759630,pi-test-01,img_6126,JPEG,-,35.788,0.9556,,,n/a,147.17,512.0,54195.0,17.01
2026-09-04T01:27:08.759630,pi-test-01,img_6126,JPEG2000-ROI,-,33.054,0.9205,0.5879,0.7405,sam_uploaded,1152.734,9568.0,160491.0,5.74
2026-09-04T01:27:12.233603,pi-test-01,img_6127,JPEG,-,35.788,0.9556,,,n/a,152.224,512.0,54183.0,17.01
2026-09-04T01:27:12.233603,pi-test-01,img_6127,JPEG2000-ROI,-,33.08,0.9208,0.5865,0.7394,sam_uploaded,1138.587,9568.0,160532.0,5.74
2026-09-04T01:27:15.592488,pi-test-01,img_6128,JPEG,-,35.791,0.9557,,,n/a,147.443,512.0,54201.0,17.0
2026-09-04T01:27:15.592488,pi-test-01,img_6128,JPEG2000-ROI,-,32.843,0.9188,0.5918,0.7435,sam_uploaded,1142.921,9568.0,160581.0,5.74
2026-09-04T01:27:19.017931,pi-test-01,img_6129,JPEG,-,34.383,0.9512,,,n/a,150.465,512.0,59447.0,15.5
2026-09-04T01:27:19.017931,pi-test-01,img_6129,JPEG2000-ROI,-,31.533,0.8966,0.5796,0.7338,sam_uploaded,1164.799,9572.0,160552.0,5.74
2026-09-04T01:27:22.351864,pi-test-01,img_6130,JPEG,-,34.383,0.9512,,,n/a,149.422,512.0,59441.0,15.5
2026-09-04T01:27:22.351864,pi-test-01,img_6130,JPEG2000-ROI,-,31.484,0.8969,0.5592,0.7173,sam_uploaded,1148.085,9520.0,160512.0,5.74
2026-09-04T01:27:25.719403,pi-test-01,img_6131,JPEG,-,34.383,0.9512,,,n/a,150.737,512.0,59443.0,15.5
2026-09-04T01:27:25.719403,pi-test-01,img_6131,JPEG2000-ROI,-,31.496,0.8953,0.5599,0.7178,sam_uploaded,1148.566,9520.0,160383.0,5.75
2026-09-04T01:27:29.040349,pi-test-01,img_6132,JPEG,-,34.383,0.9512,,,n/a,150.465,512.0,59425.0,15.51
2026-09-04T01:27:29.040349,pi-test-01,img_6132,JPEG2000-ROI,-,31.504,0.896,0.5454,0.7058,sam_uploaded,1151.894,9520.0,160584.0,5.74
2026-09-04T01:27:32.168678,pi-test-01,img_6133,JPEG,-,39.233,0.9489,,,n/a,141.285,512.0,29324.0,31.43
2026-09-04T01:27:32.168678,pi-test-01,img_6133,JPEG2000-ROI,-,37.954,0.9419,0.4961,0.6632,sam_uploaded,1049.07,9588.0,160440.0,5.74
2026-09-04T01:27:35.357503,pi-test-01,img_6134,JPEG,-,39.232,0.9489,,,n/a,158.793,512.0,29344.0,31.41
2026-09-04T01:27:35.357503,pi-test-01,img_6134,JPEG2000-ROI,-,38.07,0.9426,0.4884,0.6562,sam_uploaded,1048.797,9516.0,160216.0,5.75
2026-09-04T01:27:38.583923,pi-test-01,img_6135,JPEG,-,39.232,0.9489,,,n/a,141.319,512.0,29363.0,31.39
2026-09-04T01:27:38.583923,pi-test-01,img_6135,JPEG2000-ROI,-,38.018,0.9423,0.4956,0.6627,sam_uploaded,1062.97,9520.0,160560.0,5.74
2026-09-04T01:27:41.697586,pi-test-01,img_6136,JPEG,-,39.233,0.9489,,,n/a,143.292,512.0,29352.0,31.4
2026-09-04T01:27:41.697586,pi-test-01,img_6136,JPEG2000-ROI,-,38.016,0.9426,0.493,0.6604,sam_uploaded,1049.117,9516.0,160416.0,5.75
2026-09-04T01:27:45.081392,pi-test-01,img_6137,JPEG,-,36.547,0.9546,,,n/a,148.418,512.0,50455.0,18.27
2026-09-04T01:27:45.081392,pi-test-01,img_6137,JPEG2000-ROI,-,32.566,0.8974,0.4303,0.6017,sam_uploaded,1115.044,9516.0,160629.0,5.74
2026-09-04T01:27:48.312819,pi-test-01,img_6138,JPEG,-,36.545,0.9547,,,n/a,147.091,512.0,50445.0,18.27
2026-09-04T01:27:48.312819,pi-test-01,img_6138,JPEG2000-ROI,-,32.621,0.8965,0.4217,0.5932,sam_uploaded,1110.293,9524.0,160486.0,5.74
2026-09-04T01:27:51.754937,pi-test-01,img_6139,JPEG,-,36.545,0.9547,,,n/a,146.138,512.0,50431.0,18.27
2026-09-04T01:27:51.754937,pi-test-01,img_6139,JPEG2000-ROI,-,32.627,0.8972,0.434,0.6053,sam_uploaded,1117.711,9476.0,160520.0,5.74
2026-09-04T01:27:55.101003,pi-test-01,img_6140,JPEG,-,36.547,0.9546,,,n/a,146.803,512.0,50466.0,18.26
2026-09-04T01:27:55.101003,pi-test-01,img_6140,JPEG2000-ROI,-,32.494,0.8957,0.4206,0.5922,sam_uploaded,1141.075,9520.0,160563.0,5.74
2026-09-04T01:27:58.387216,pi-test-01,img_6141,JPEG,-,35.921,0.9609,,,n/a,148.809,512.0,57404.0,16.05
2026-09-04T01:27:58.387216,pi-test-01,img_6141,JPEG2000-ROI,-,31.527,0.9035,0.5541,0.7131,sam_uploaded,1135.558,9520.0,160486.0,5.74
2026-09-04T01:28:01.772650,pi-test-01,img_6142,JPEG,-,35.917,0.9609,,,n/a,156.042,512.0,57411.0,16.05
2026-09-04T01:28:01.772650,pi-test-01,img_6142,JPEG2000-ROI,-,31.381,0.9021,0.559,0.7172,sam_uploaded,1135.235,9520.0,160561.0,5.74
2026-09-04T01:28:05.204444,pi-test-01,img_6143,JPEG,-,35.917,0.9609,,,n/a,149.546,512.0,57402.0,16.06
2026-09-04T01:28:05.204444,pi-test-01,img_6143,JPEG2000-ROI,-,31.472,0.9029,0.5499,0.7096,sam_uploaded,1155.443,9520.0,160527.0,5.74
2026-09-04T01:28:08.573341,pi-test-01,img_6144,JPEG,-,35.921,0.9609,,,n/a,154.203,512.0,57418.0,16.05
2026-09-04T01:28:08.573341,pi-test-01,img_6144,JPEG2000-ROI,-,31.273,0.9009,0.5561,0.7148,sam_uploaded,1140.042,9508.0,160564.0,5.74
2026-09-04T01:28:11.710249,pi-test-01,img_6145,JPEG,-,39.515,0.9532,,,n/a,145.407,512.0,25405.0,36.28
2026-09-04T01:28:11.710249,pi-test-01,img_6145,JPEG2000-ROI,-,40.937,0.9705,0.7497,0.8569,sam_uploaded,1056.5,9512.0,160584.0,5.74
2026-09-04T01:28:14.864459,pi-test-01,img_6146,JPEG,-,39.514,0.9532,,,n/a,140.902,512.0,25387.0,36.3
2026-09-04T01:28:14.864459,pi-test-01,img_6146,JPEG2000-ROI,-,40.684,0.9694,0.7506,0.8576,sam_uploaded,1054.207,9524.0,160374.0,5.75
2026-09-04T01:28:18.065975,pi-test-01,img_6147,JPEG,-,39.514,0.9532,,,n/a,140.823,512.0,25383.0,36.31
2026-09-04T01:28:18.065975,pi-test-01,img_6147,JPEG2000-ROI,-,40.747,0.9698,0.7502,0.8572,sam_uploaded,1057.391,9516.0,160126.0,5.76
2026-09-04T01:28:21.262464,pi-test-01,img_6148,JPEG,-,39.515,0.9532,,,n/a,141.046,512.0,25405.0,36.28
2026-09-04T01:28:21.262464,pi-test-01,img_6148,JPEG2000-ROI,-,40.803,0.9702,0.7477,0.8557,sam_uploaded,1054.638,9524.0,160553.0,5.74
2026-09-04T01:28:24.539046,pi-test-01,img_6149,JPEG,-,37.348,0.9522,,,n/a,146.042,512.0,41303.0,22.31
2026-09-04T01:28:24.539046,pi-test-01,img_6149,JPEG2000-ROI,-,33.134,0.8878,0.4748,0.6439,sam_uploaded,1057.778,9508.0,160329.0,5.75
2026-09-04T01:28:27.784429,pi-test-01,img_6150,JPEG,-,37.346,0.9522,,,n/a,144.228,512.0,41258.0,22.34
2026-09-04T01:28:27.784429,pi-test-01,img_6150,JPEG2000-ROI,-,33.056,0.8844,0.491,0.6587,sam_uploaded,1053.949,9520.0,160241.0,5.75
2026-09-04T01:28:31.089935,pi-test-01,img_6151,JPEG,-,37.346,0.9522,,,n/a,145.591,512.0,41217.0,22.36
2026-09-04T01:28:31.089935,pi-test-01,img_6151,JPEG2000-ROI,-,33.108,0.8853,0.4724,0.6417,sam_uploaded,1085.74,9472.0,160525.0,5.74
2026-09-04T01:28:34.224661,pi-test-01,img_6152,JPEG,-,37.348,0.9522,,,n/a,144.105,512.0,41259.0,22.34
2026-09-04T01:28:34.224661,pi-test-01,img_6152,JPEG2000-ROI,-,33.147,0.8879,0.4902,0.6579,sam_uploaded,1058.177,9524.0,160263.0,5.75
2026-09-04T01:28:37.574255,pi-test-01,img_6153,JPEG,-,35.4,0.9586,,,n/a,148.988,512.0,58388.0,15.78
2026-09-04T01:28:37.574255,pi-test-01,img_6153,JPEG2000-ROI,-,31.899,0.9096,0.5865,0.7394,sam_uploaded,1148.198,9520.0,160591.0,5.74
2026-09-04T01:28:40.950182,pi-test-01,img_6154,JPEG,-,35.397,0.9586,,,n/a,149.258,512.0,58401.0,15.78
2026-09-04T01:28:40.950182,pi-test-01,img_6154,JPEG2000-ROI,-,32.071,0.9108,0.5587,0.7169,sam_uploaded,1171.553,9512.0,160620.0,5.74
2026-09-04T01:28:44.363575,pi-test-01,img_6155,JPEG,-,35.397,0.9586,,,n/a,150.906,512.0,58417.0,15.78
2026-09-04T01:28:44.363575,pi-test-01,img_6155,JPEG2000-ROI,-,31.972,0.9102,0.5734,0.7289,sam_uploaded,1222.331,9516.0,160579.0,5.74
2026-09-04T01:28:47.702772,pi-test-01,img_6156,JPEG,-,35.4,0.9586,,,n/a,148.11,512.0,58385.0,15.78
2026-09-04T01:28:47.702772,pi-test-01,img_6156,JPEG2000-ROI,-,31.978,0.9098,0.5652,0.7222,sam_uploaded,1141.59,9516.0,160288.0,5.75
2026-09-04T01:28:50.979407,pi-test-01,img_6157,JPEG,-,34.296,0.9507,,,n/a,150.236,512.0,60119.0,15.33
2026-09-04T01:28:50.979407,pi-test-01,img_6157,JPEG2000-ROI,-,31.034,0.8856,0.5488,0.7087,sam_uploaded,1148.199,9516.0,160534.0,5.74
2026-09-04T01:28:54.296925,pi-test-01,img_6158,JPEG,-,34.296,0.9507,,,n/a,151.249,512.0,60103.0,15.33
2026-09-04T01:28:54.296925,pi-test-01,img_6158,JPEG2000-ROI,-,31.058,0.8868,0.5443,0.705,sam_uploaded,1144.742,9516.0,160475.0,5.74
2026-09-04T01:28:57.636948,pi-test-01,img_6159,JPEG,-,34.296,0.9507,,,n/a,151.049,512.0,60106.0,15.33
2026-09-04T01:28:57.636948,pi-test-01,img_6159,JPEG2000-ROI,-,31.029,0.8853,0.5404,0.7016,sam_uploaded,1147.629,9352.0,160407.0,5.75
2026-09-04T01:29:01.028691,pi-test-01,img_6160,JPEG,-,34.296,0.9507,,,n/a,149.148,512.0,60094.0,15.34
2026-09-04T01:29:01.028691,pi-test-01,img_6160,JPEG2000-ROI,-,31.085,0.8857,0.5474,0.7075,sam_uploaded,1157.386,9520.0,160201.0,5.75
2026-09-04T01:29:04.143294,pi-test-01,img_6161,JPEG,-,38.365,0.953,,,n/a,143.172,512.0,38725.0,23.8
2026-09-04T01:29:04.143294,pi-test-01,img_6161,JPEG2000-ROI,-,36.337,0.9412,0.4209,0.5924,sam_uploaded,1059.767,9516.0,160611.0,5.74
2026-09-04T01:29:07.347443,pi-test-01,img_6162,JPEG,-,38.365,0.953,,,n/a,143.596,512.0,38711.0,23.81
2026-09-04T01:29:07.347443,pi-test-01,img_6162,JPEG2000-ROI,-,36.347,0.9425,0.3297,0.4959,sam_uploaded,1060.696,9516.0,160287.0,5.75
2026-09-04T01:29:10.474256,pi-test-01,img_6163,JPEG,-,38.365,0.953,,,n/a,144.4,512.0,38721.0,23.8
2026-09-04T01:29:10.474256,pi-test-01,img_6163,JPEG2000-ROI,-,36.392,0.9415,0.4506,0.6213,sam_uploaded,1066.93,9504.0,160200.0,5.75
2026-09-04T01:29:13.679209,pi-test-01,img_6164,JPEG,-,38.365,0.953,,,n/a,143.469,512.0,38711.0,23.81
2026-09-04T01:29:13.679209,pi-test-01,img_6164,JPEG2000-ROI,-,36.374,0.9416,0.378,0.5487,sam_uploaded,1062.943,9516.0,160091.0,5.76
2026-09-04T01:29:16.861518,pi-test-01,img_6165,JPEG,-,38.358,0.9546,,,n/a,145.14,512.0,39217.0,23.5
2026-09-04T01:29:16.861518,pi-test-01,img_6165,JPEG2000-ROI,-,34.481,0.9057,0.2999,0.4614,sam_uploaded,1067.667,9492.0,160478.0,5.74
2026-09-04T01:29:20.125556,pi-test-01,img_6166,JPEG,-,38.357,0.9546,,,n/a,143.551,512.0,39239.0,23.49
2026-09-04T01:29:20.125556,pi-test-01,img_6166,JPEG2000-ROI,-,34.344,0.9053,0.2941,0.4545,sam_uploaded,1038.195,9520.0,160468.0,5.74
2026-09-04T01:29:23.299207,pi-test-01,img_6167,JPEG,-,38.357,0.9546,,,n/a,144.836,512.0,39216.0,23.5
2026-09-04T01:29:23.299207,pi-test-01,img_6167,JPEG2000-ROI,-,34.425,0.9046,0.2917,0.4516,sam_uploaded,1066.551,9464.0,160432.0,5.74
2026-09-04T01:29:26.694929,pi-test-01,img_6168,JPEG,-,38.358,0.9546,,,n/a,144.933,512.0,39212.0,23.5
2026-09-04T01:29:26.694929,pi-test-01,img_6168,JPEG2000-ROI,-,34.522,0.9066,0.2963,0.4572,sam_uploaded,1070.714,9516.0,160545.0,5.74
2026-09-04T01:29:29.849296,pi-test-01,img_6169,JPEG,-,37.847,0.9548,,,n/a,145.019,512.0,41587.0,22.16
2026-09-04T01:29:29.849296,pi-test-01,img_6169,JPEG2000-ROI,-,33.999,0.9047,0.4047,0.5762,sam_uploaded,1067.744,9500.0,160132.0,5.76
2026-09-04T01:29:33.035899,pi-test-01,img_6170,JPEG,-,37.846,0.9547,,,n/a,144.016,512.0,41570.0,22.17
2026-09-04T01:29:33.035899,pi-test-01,img_6170,JPEG2000-ROI,-,33.884,0.9022,0.4301,0.6015,sam_uploaded,1062.157,9508.0,160293.0,5.75
2026-09-04T01:29:36.192138,pi-test-01,img_6171,JPEG,-,37.846,0.9547,,,n/a,146.52,512.0,41631.0,22.14
2026-09-04T01:29:36.192138,pi-test-01,img_6171,JPEG2000-ROI,-,33.982,0.9034,0.4097,0.5813,sam_uploaded,1058.566,9520.0,160397.0,5.75
2026-09-04T01:29:39.372721,pi-test-01,img_6172,JPEG,-,37.847,0.9548,,,n/a,145.592,512.0,41657.0,22.12
2026-09-04T01:29:39.372721,pi-test-01,img_6172,JPEG2000-ROI,-,34.117,0.9049,0.4297,0.6011,sam_uploaded,1061.105,9520.0,160467.0,5.74
2026-09-04T01:29:42.522763,pi-test-01,img_6173,JPEG,-,39.101,0.9504,,,n/a,141.271,512.0,31875.0,28.91
2026-09-04T01:29:42.522763,pi-test-01,img_6173,JPEG2000-ROI,-,40.331,0.9679,0.401,0.5725,sam_uploaded,1049.501,9500.0,160334.0,5.75
2026-09-04T01:29:45.697537,pi-test-01,img_6174,JPEG,-,39.1,0.9504,,,n/a,142.001,512.0,31885.0,28.9
2026-09-04T01:29:45.697537,pi-test-01,img_6174,JPEG2000-ROI,-,40.275,0.9678,0.5319,0.6945,sam_uploaded,1053.177,9520.0,160490.0,5.74
2026-09-04T01:29:48.803964,pi-test-01,img_6175,JPEG,-,39.1,0.9504,,,n/a,142.198,512.0,31811.0,28.97
2026-09-04T01:29:48.803964,pi-test-01,img_6175,JPEG2000-ROI,-,40.317,0.9683,0.2669,0.4213,sam_uploaded,1057.148,9520.0,160043.0,5.76
2026-09-04T01:29:52.050570,pi-test-01,img_6176,JPEG,-,39.101,0.9504,,,n/a,141.72,512.0,31829.0,28.95
2026-09-04T01:29:52.050570,pi-test-01,img_6176,JPEG2000-ROI,-,40.323,0.9679,0.5329,0.6953,sam_uploaded,1061.158,9516.0,160411.0,5.75
2026-09-04T01:29:55.362897,pi-test-01,img_6177,JPEG,-,38.651,0.9506,,,n/a,142.623,512.0,36293.0,25.39
2026-09-04T01:29:55.362897,pi-test-01,img_6177,JPEG2000-ROI,-,39.838,0.9683,0.3696,0.5397,sam_uploaded,1063.686,9516.0,160256.0,5.75
2026-09-04T01:29:58.543074,pi-test-01,img_6178,JPEG,-,38.653,0.9506,,,n/a,145.928,512.0,36291.0,25.39
2026-09-04T01:29:58.543074,pi-test-01,img_6178,JPEG2000-ROI,-,39.715,0.9676,0.4177,0.5893,sam_uploaded,1067.512,9420.0,160572.0,5.74
2026-09-04T01:30:01.708579,pi-test-01,img_6179,JPEG,-,38.653,0.9506,,,n/a,143.006,512.0,36370.0,25.34
2026-09-04T01:30:01.708579,pi-test-01,img_6179,JPEG2000-ROI,-,39.638,0.968,0.3438,0.5117,sam_uploaded,1066.533,9512.0,160582.0,5.74
2026-09-04T01:30:04.916238,pi-test-01,img_6180,JPEG,-,38.651,0.9506,,,n/a,147.743,512.0,36366.0,25.34
2026-09-04T01:30:04.916238,pi-test-01,img_6180,JPEG2000-ROI,-,39.783,0.9676,0.3968,0.5682,sam_uploaded,1065.429,9516.0,160135.0,5.76
2026-09-04T01:30:08.190840,pi-test-01,img_6181,JPEG,-,37.601,0.9502,,,n/a,144.32,512.0,42864.0,21.5
2026-09-04T01:30:08.190840,pi-test-01,img_6181,JPEG2000-ROI,-,35.279,0.9362,0.4071,0.5786,sam_uploaded,1108.166,9504.0,160511.0,5.74
2026-09-04T01:30:11.403479,pi-test-01,img_6182,JPEG,-,37.6,0.9502,,,n/a,145.17,512.0,42874.0,21.5
2026-09-04T01:30:11.403479,pi-test-01,img_6182,JPEG2000-ROI,-,35.304,0.9366,0.4101,0.5817,sam_uploaded,1087.201,9524.0,160400.0,5.75
2026-09-04T01:30:14.644166,pi-test-01,img_6183,JPEG,-,37.6,0.9502,,,n/a,144.104,512.0,42952.0,21.46
2026-09-04T01:30:14.644166,pi-test-01,img_6183,JPEG2000-ROI,-,35.243,0.9358,0.4287,0.6001,sam_uploaded,1086.043,9388.0,160149.0,5.75
2026-09-04T01:30:17.946040,pi-test-01,img_6184,JPEG,-,37.601,0.9502,,,n/a,146.162,512.0,42927.0,21.47
2026-09-04T01:30:17.946040,pi-test-01,img_6184,JPEG2000-ROI,-,35.215,0.9347,0.3927,0.564,sam_uploaded,1104.975,9520.0,160342.0,5.75
2026-09-04T01:30:21.267778,pi-test-01,img_6185,JPEG,-,36.157,0.947,,,n/a,147.799,512.0,51525.0,17.89
2026-09-04T01:30:21.267778,pi-test-01,img_6185,JPEG2000-ROI,-,32.8,0.9041,0.5337,0.696,sam_uploaded,1111.976,9524.0,160541.0,5.74
2026-09-04T01:30:24.592188,pi-test-01,img_6186,JPEG,-,36.158,0.947,,,n/a,147.562,512.0,51494.0,17.9
2026-09-04T01:30:24.592188,pi-test-01,img_6186,JPEG2000-ROI,-,32.669,0.9034,0.5132,0.6783,sam_uploaded,1098.757,9520.0,160114.0,5.76
2026-09-04T01:30:27.887900,pi-test-01,img_6187,JPEG,-,36.158,0.947,,,n/a,148.49,512.0,51501.0,17.89
2026-09-04T01:30:27.887900,pi-test-01,img_6187,JPEG2000-ROI,-,32.777,0.9055,0.5335,0.6958,sam_uploaded,1106.256,9524.0,160191.0,5.75
2026-09-04T01:30:31.242597,pi-test-01,img_6188,JPEG,-,36.157,0.947,,,n/a,148.286,512.0,51510.0,17.89
2026-09-04T01:30:31.242597,pi-test-01,img_6188,JPEG2000-ROI,-,32.669,0.903,0.4999,0.6666,sam_uploaded,1102.769,9496.0,160356.0,5.75
2026-09-04T01:30:34.521039,pi-test-01,img_6189,JPEG,-,37.962,0.9514,,,n/a,143.098,512.0,41008.0,22.47
2026-09-04T01:30:34.521039,pi-test-01,img_6189,JPEG2000-ROI,-,35.439,0.932,0.4358,0.607,sam_uploaded,1104.923,9500.0,160234.0,5.75
2026-09-04T01:30:37.705708,pi-test-01,img_6190,JPEG,-,37.96,0.9514,,,n/a,143.831,512.0,41001.0,22.48
2026-09-04T01:30:37.705708,pi-test-01,img_6190,JPEG2000-ROI,-,35.55,0.933,0.3782,0.5488,sam_uploaded,1078.353,9480.0,160401.0,5.75
2026-09-04T01:30:41.050238,pi-test-01,img_6191,JPEG,-,37.96,0.9514,,,n/a,165.38,512.0,41032.0,22.46
2026-09-04T01:30:41.050238,pi-test-01,img_6191,JPEG2000-ROI,-,35.432,0.9315,0.4906,0.6582,sam_uploaded,1074.402,9452.0,160463.0,5.74
2026-09-04T01:30:44.269594,pi-test-01,img_6192,JPEG,-,37.962,0.9514,,,n/a,144.65,512.0,41019.0,22.47
2026-09-04T01:30:44.269594,pi-test-01,img_6192,JPEG2000-ROI,-,35.631,0.9339,0.3692,0.5393,sam_uploaded,1092.488,9488.0,160358.0,5.75
2026-09-04T01:30:47.479732,pi-test-01,img_6193,JPEG,-,38.044,0.9528,,,n/a,145.465,512.0,40581.0,22.71
2026-09-04T01:30:47.479732,pi-test-01,img_6193,JPEG2000-ROI,-,34.193,0.9027,0.3252,0.4908,sam_uploaded,1049.69,9516.0,160501.0,5.74
2026-09-04T01:30:50.746761,pi-test-01,img_6194,JPEG,-,38.039,0.9528,,,n/a,146.06,512.0,40590.0,22.71
2026-09-04T01:30:50.746761,pi-test-01,img_6194,JPEG2000-ROI,-,34.156,0.9034,0.3221,0.4873,sam_uploaded,1050.449,9252.0,160384.0,5.75
2026-09-04T01:30:54.087294,pi-test-01,img_6195,JPEG,-,38.039,0.9528,,,n/a,143.871,512.0,40615.0,22.69
2026-09-04T01:30:54.087294,pi-test-01,img_6195,JPEG2000-ROI,-,34.167,0.9034,0.3138,0.4777,sam_uploaded,1054.672,9516.0,160466.0,5.74
2026-09-04T01:30:57.313833,pi-test-01,img_6196,JPEG,-,38.044,0.9528,,,n/a,144.147,512.0,40573.0,22.71
2026-09-04T01:30:57.313833,pi-test-01,img_6196,JPEG2000-ROI,-,34.228,0.9036,0.3156,0.4798,sam_uploaded,1046.525,9520.0,160433.0,5.74
2026-09-04T01:31:00.480192,pi-test-01,img_6197,JPEG,-,37.481,0.9535,,,n/a,145.036,512.0,43605.0,21.14
2026-09-04T01:31:00.480192,pi-test-01,img_6197,JPEG2000-ROI,-,33.508,0.8957,0.4421,0.6131,sam_uploaded,1063.962,9512.0,160573.0,5.74
2026-09-04T01:31:03.647049,pi-test-01,img_6198,JPEG,-,37.476,0.9534,,,n/a,143.847,512.0,43592.0,21.14
2026-09-04T01:31:03.647049,pi-test-01,img_6198,JPEG2000-ROI,-,33.388,0.8932,0.4427,0.6137,sam_uploaded,1068.601,9516.0,160270.0,5.75
2026-09-04T01:31:06.837648,pi-test-01,img_6199,JPEG,-,37.476,0.9534,,,n/a,146.612,512.0,43653.0,21.11
2026-09-04T01:31:06.837648,pi-test-01,img_6199,JPEG2000-ROI,-,33.437,0.8939,0.4287,0.6001,sam_uploaded,1068.784,9520.0,160449.0,5.74
2026-09-04T01:31:09.978648,pi-test-01,img_6200,JPEG,-,37.481,0.9535,,,n/a,144.29,512.0,43642.0,21.12
2026-09-04T01:31:09.978648,pi-test-01,img_6200,JPEG2000-ROI,-,33.474,0.8954,0.4322,0.6036,sam_uploaded,1066.655,9516.0,160571.0,5.74
2026-09-04T01:31:13.086502,pi-test-01,img_6201,JPEG,-,39.01,0.9512,,,n/a,141.137,512.0,32322.0,28.51
2026-09-04T01:31:13.086502,pi-test-01,img_6201,JPEG2000-ROI,-,39.909,0.9655,0.4019,0.5734,sam_uploaded,1066.171,9376.0,160117.0,5.76
2026-09-04T01:31:16.242712,pi-test-01,img_6202,JPEG,-,39.008,0.9512,,,n/a,142.263,512.0,32301.0,28.53
2026-09-04T01:31:16.242712,pi-test-01,img_6202,JPEG2000-ROI,-,39.879,0.9665,0.5504,0.71,sam_uploaded,1083.512,9520.0,160249.0,5.75
2026-09-04T01:31:19.363188,pi-test-01,img_6203,JPEG,-,39.008,0.9512,,,n/a,142.2,512.0,32248.0,28.58
2026-09-04T01:31:19.363188,pi-test-01,img_6203,JPEG2000-ROI,-,39.942,0.966,0.5476,0.7077,sam_uploaded,1062.91,9516.0,160298.0,5.75
2026-09-04T01:31:22.578433,pi-test-01,img_6204,JPEG,-,39.01,0.9512,,,n/a,141.261,512.0,32277.0,28.55
2026-09-04T01:31:22.578433,pi-test-01,img_6204,JPEG2000-ROI,-,39.84,0.9655,0.2679,0.4225,sam_uploaded,1064.838,9516.0,160031.0,5.76
2026-09-04T01:31:25.706783,pi-test-01,img_6205,JPEG,-,38.663,0.9509,,,n/a,142.174,512.0,35743.0,25.78
2026-09-04T01:31:25.706783,pi-test-01,img_6205,JPEG2000-ROI,-,40.01,0.9685,0.3863,0.5573,sam_uploaded,1071.686,9516.0,160392.0,5.75
2026-09-04T01:31:28.824542,pi-test-01,img_6206,JPEG,-,38.665,0.951,,,n/a,142.899,512.0,35754.0,25.78
2026-09-04T01:31:28.824542,pi-test-01,img_6206,JPEG2000-ROI,-,39.846,0.9691,0.3489,0.5173,sam_uploaded,1070.1,9496.0,160563.0,5.74
2026-09-04T01:31:31.967925,pi-test-01,img_6207,JPEG,-,38.665,0.951,,,n/a,142.435,512.0,35814.0,25.73
2026-09-04T01:31:31.967925,pi-test-01,img_6207,JPEG2000-ROI,-,39.969,0.9686,0.3268,0.4926,sam_uploaded,1071.401,9504.0,160468.0,5.74
2026-09-04T01:31:35.080266,pi-test-01,img_6208,JPEG,-,38.663,0.9509,,,n/a,143.945,512.0,35799.0,25.74
2026-09-04T01:31:35.080266,pi-test-01,img_6208,JPEG2000-ROI,-,39.88,0.9684,0.3468,0.515,sam_uploaded,1070.19,9516.0,160606.0,5.74
2026-09-04T01:31:38.375483,pi-test-01,img_6209,JPEG,-,37.562,0.9495,,,n/a,144.643,512.0,42287.0,21.79
2026-09-04T01:31:38.375483,pi-test-01,img_6209,JPEG2000-ROI,-,35.163,0.9323,0.4008,0.5723,sam_uploaded,1088.839,9504.0,160612.0,5.74
2026-09-04T01:31:41.559379,pi-test-01,img_6210,JPEG,-,37.561,0.9495,,,n/a,146.413,512.0,42308.0,21.78
2026-09-04T01:31:41.559379,pi-test-01,img_6210,JPEG2000-ROI,-,35.162,0.9329,0.3759,0.5464,sam_uploaded,1108.22,9520.0,160582.0,5.74
2026-09-04T01:31:44.734258,pi-test-01,img_6211,JPEG,-,37.561,0.9495,,,n/a,151.805,512.0,42385.0,21.74
2026-09-04T01:31:44.734258,pi-test-01,img_6211,JPEG2000-ROI,-,35.044,0.931,0.4148,0.5864,sam_uploaded,1090.395,9516.0,160403.0,5.75
2026-09-04T01:31:48.038748,pi-test-01,img_6212,JPEG,-,37.562,0.9495,,,n/a,146.274,512.0,42363.0,21.75
2026-09-04T01:31:48.038748,pi-test-01,img_6212,JPEG2000-ROI,-,35.192,0.9327,0.3604,0.5299,sam_uploaded,1092.885,9516.0,160607.0,5.74
2026-09-04T01:31:51.294140,pi-test-01,img_6213,JPEG,-,35.936,0.9465,,,n/a,148.479,512.0,52686.0,17.49
2026-09-04T01:31:51.294140,pi-test-01,img_6213,JPEG2000-ROI,-,32.304,0.8985,0.5553,0.7141,sam_uploaded,1127.361,9520.0,160554.0,5.74
2026-09-04T01:31:54.575765,pi-test-01,img_6214,JPEG,-,35.938,0.9465,,,n/a,147.648,512.0,52657.0,17.5
2026-09-04T01:31:54.575765,pi-test-01,img_6214,JPEG2000-ROI,-,32.288,0.8979,0.4946,0.6618,sam_uploaded,1110.155,9404.0,160546.0,5.74
2026-09-04T01:31:57.876397,pi-test-01,img_6215,JPEG,-,35.938,0.9465,,,n/a,148.72,512.0,52710.0,17.48
2026-09-04T01:31:57.876397,pi-test-01,img_6215,JPEG2000-ROI,-,32.204,0.897,0.504,0.6702,sam_uploaded,1116.682,9512.0,160559.0,5.74
2026-09-04T01:32:01.346899,pi-test-01,img_6216,JPEG,-,35.936,0.9465,,,n/a,148.076,512.0,52709.0,17.48
2026-09-04T01:32:01.346899,pi-test-01,img_6216,JPEG2000-ROI,-,32.255,0.8984,0.4732,0.6425,sam_uploaded,1111.364,9512.0,160612.0,5.74
2026-09-04T01:32:04.839497,pi-test-01,img_6217,JPEG,-,37.897,0.9508,,,n/a,144.148,512.0,40871.0,22.55
2026-09-04T01:32:04.839497,pi-test-01,img_6217,JPEG2000-ROI,-,35.802,0.9358,0.4557,0.6261,sam_uploaded,1091.427,9500.0,160381.0,5.75
2026-09-04T01:32:08.018253,pi-test-01,img_6218,JPEG,-,37.896,0.9508,,,n/a,148.342,512.0,40901.0,22.53
2026-09-04T01:32:08.018253,pi-test-01,img_6218,JPEG2000-ROI,-,35.736,0.9343,0.4145,0.5861,sam_uploaded,1076.045,9516.0,160541.0,5.74
2026-09-04T01:32:11.203360,pi-test-01,img_6219,JPEG,-,37.896,0.9508,,,n/a,143.99,512.0,40918.0,22.52
2026-09-04T01:32:11.203360,pi-test-01,img_6219,JPEG2000-ROI,-,35.728,0.9343,0.4438,0.6148,sam_uploaded,1079.615,9512.0,160498.0,5.74
2026-09-04T01:32:14.401831,pi-test-01,img_6220,JPEG,-,37.897,0.9508,,,n/a,148.007,512.0,40862.0,22.55
2026-09-04T01:32:14.401831,pi-test-01,img_6220,JPEG2000-ROI,-,35.763,0.9354,0.4141,0.5857,sam_uploaded,1078.162,9504.0,160482.0,5.74
2026-09-04T01:32:17.607053,pi-test-01,img_6221,JPEG,-,37.926,0.9519,,,n/a,145.586,512.0,41131.0,22.41
2026-09-04T01:32:17.607053,pi-test-01,img_6221,JPEG2000-ROI,-,34.202,0.9016,0.4106,0.5822,sam_uploaded,1071.784,9520.0,160593.0,5.74
2026-09-04T01:32:20.796919,pi-test-01,img_6222,JPEG,-,37.926,0.9519,,,n/a,146.289,512.0,41099.0,22.42
2026-09-04T01:32:20.796919,pi-test-01,img_6222,JPEG2000-ROI,-,34.033,0.897,0.363,0.5327,sam_uploaded,1058.418,9512.0,160247.0,5.75
2026-09-04T01:32:23.973907,pi-test-01,img_6223,JPEG,-,37.926,0.9519,,,n/a,145.777,512.0,41121.0,22.41
2026-09-04T01:32:23.973907,pi-test-01,img_6223,JPEG2000-ROI,-,34.169,0.901,0.302,0.464,sam_uploaded,1053.529,9504.0,160499.0,5.74
2026-09-04T01:32:27.150731,pi-test-01,img_6224,JPEG,-,37.926,0.9519,,,n/a,146.74,512.0,41140.0,22.4
2026-09-04T01:32:27.150731,pi-test-01,img_6224,JPEG2000-ROI,-,34.196,0.9003,0.2868,0.4457,sam_uploaded,1053.439,9516.0,160590.0,5.74
2026-09-04T01:32:30.393359,pi-test-01,img_6225,JPEG,-,37.448,0.9522,,,n/a,148.24,512.0,43425.0,21.22
2026-09-04T01:32:30.393359,pi-test-01,img_6225,JPEG2000-ROI,-,33.089,0.8868,0.4227,0.5942,sam_uploaded,1062.26,9512.0,160581.0,5.74
2026-09-04T01:32:33.561608,pi-test-01,img_6226,JPEG,-,37.445,0.9521,,,n/a,145.516,512.0,43407.0,21.23
2026-09-04T01:32:33.561608,pi-test-01,img_6226,JPEG2000-ROI,-,33.165,0.8866,0.4224,0.594,sam_uploaded,1082.123,9516.0,160105.0,5.76
2026-09-04T01:32:36.728575,pi-test-01,img_6227,JPEG,-,37.445,0.9521,,,n/a,146.315,512.0,43459.0,21.21
2026-09-04T01:32:36.728575,pi-test-01,img_6227,JPEG2000-ROI,-,33.244,0.8883,0.4307,0.6021,sam_uploaded,1068.447,9524.0,160525.0,5.74
2026-09-04T01:32:39.948162,pi-test-01,img_6228,JPEG,-,37.448,0.9522,,,n/a,145.326,512.0,43492.0,21.19
2026-09-04T01:32:39.948162,pi-test-01,img_6228,JPEG2000-ROI,-,33.075,0.8865,0.4082,0.5797,sam_uploaded,1065.524,9516.0,160324.0,5.75
2026-09-04T01:32:43.182267,pi-test-01,img_6229,JPEG,-,39.075,0.9512,,,n/a,142.395,512.0,31856.0,28.93
2026-09-04T01:32:43.182267,pi-test-01,img_6229,JPEG2000-ROI,-,40.054,0.9666,0.347,0.5152,sam_uploaded,1095.626,9524.0,160448.0,5.74
2026-09-04T01:32:46.370025,pi-test-01,img_6230,JPEG,-,39.075,0.9511,,,n/a,147.408,512.0,31834.0,28.95
2026-09-04T01:32:46.370025,pi-test-01,img_6230,JPEG2000-ROI,-,40.007,0.9665,0.2985,0.4598,sam_uploaded,1064.348,9520.0,160445.0,5.74
2026-09-04T01:32:49.481376,pi-test-01,img_6231,JPEG,-,39.075,0.9511,,,n/a,142.833,512.0,31752.0,29.02
2026-09-04T01:32:49.481376,pi-test-01,img_6231,JPEG2000-ROI,-,40.064,0.9665,0.3811,0.5519,sam_uploaded,1070.528,9520.0,160083.0,5.76
2026-09-04T01:32:52.600455,pi-test-01,img_6232,JPEG,-,39.075,0.9512,,,n/a,141.674,512.0,31756.0,29.02
2026-09-04T01:32:52.600455,pi-test-01,img_6232,JPEG2000-ROI,-,40.072,0.9667,0.3019,0.4638,sam_uploaded,1070.643,9520.0,160620.0,5.74
2026-09-04T01:32:55.771981,pi-test-01,img_6233,JPEG,-,38.631,0.9511,,,n/a,142.857,512.0,35874.0,25.69
2026-09-04T01:32:55.771981,pi-test-01,img_6233,JPEG2000-ROI,-,39.698,0.9683,0.3568,0.526,sam_uploaded,1073.544,9512.0,160506.0,5.74
2026-09-04T01:32:58.961099,pi-test-01,img_6234,JPEG,-,38.63,0.9511,,,n/a,143.112,512.0,35876.0,25.69
2026-09-04T01:32:58.961099,pi-test-01,img_6234,JPEG2000-ROI,-,39.696,0.9689,0.3687,0.5387,sam_uploaded,1075.493,9524.0,160225.0,5.75
2026-09-04T01:33:02.153555,pi-test-01,img_6235,JPEG,-,38.63,0.9511,,,n/a,142.711,512.0,35957.0,25.63
2026-09-04T01:33:02.153555,pi-test-01,img_6235,JPEG2000-ROI,-,39.809,0.9693,0.3892,0.5603,sam_uploaded,1074.459,9604.0,160233.0,5.75
2026-09-04T01:33:05.692759,pi-test-01,img_6236,JPEG,-,38.631,0.9511,,,n/a,142.685,512.0,35942.0,25.64
2026-09-04T01:33:05.692759,pi-test-01,img_6236,JPEG2000-ROI,-,39.942,0.9694,0.3836,0.5545,sam_uploaded,1074.597,9604.0,160580.0,5.74
2026-09-04T01:33:08.897554,pi-test-01,img_6237,JPEG,-,37.601,0.949,,,n/a,144.212,512.0,42137.0,21.87
2026-09-04T01:33:08.897554,pi-test-01,img_6237,JPEG2000-ROI,-,35.291,0.9334,0.3925,0.5637,sam_uploaded,1122.398,9520.0,160547.0,5.74
2026-09-04T01:33:12.153693,pi-test-01,img_6238,JPEG,-,37.602,0.949,,,n/a,145.1,512.0,42116.0,21.88
2026-09-04T01:33:12.153693,pi-test-01,img_6238,JPEG2000-ROI,-,35.329,0.9342,0.4041,0.5756,sam_uploaded,1082.55,9512.0,160503.0,5.74
2026-09-04T01:33:15.335232,pi-test-01,img_6239,JPEG,-,37.602,0.949,,,n/a,143.192,512.0,42189.0,21.84
2026-09-04T01:33:15.335232,pi-test-01,img_6239,JPEG2000-ROI,-,35.324,0.9334,0.4098,0.5813,sam_uploaded,1093.455,9516.0,160424.0,5.74
2026-09-04T01:33:18.529092,pi-test-01,img_6240,JPEG,-,37.601,0.949,,,n/a,144.723,512.0,42193.0,21.84
2026-09-04T01:33:18.529092,pi-test-01,img_6240,JPEG2000-ROI,-,35.275,0.9323,0.3805,0.5513,sam_uploaded,1086.457,9512.0,160187.0,5.75
2026-09-04T01:33:21.855667,pi-test-01,img_6241,JPEG,-,35.925,0.9465,,,n/a,149.211,512.0,52469.0,17.56
2026-09-04T01:33:21.855667,pi-test-01,img_6241,JPEG2000-ROI,-,32.213,0.8957,0.5026,0.6689,sam_uploaded,1108.943,9524.0,160574.0,5.74
2026-09-04T01:33:25.111213,pi-test-01,img_6242,JPEG,-,35.926,0.9465,,,n/a,147.413,512.0,52486.0,17.56
2026-09-04T01:33:25.111213,pi-test-01,img_6242,JPEG2000-ROI,-,32.147,0.8957,0.501,0.6675,sam_uploaded,1110.141,9492.0,160528.0,5.74
2026-09-04T01:33:28.345465,pi-test-01,img_6243,JPEG,-,35.926,0.9465,,,n/a,149.122,512.0,52500.0,17.55
2026-09-04T01:33:28.345465,pi-test-01,img_6243,JPEG2000-ROI,-,32.185,0.8953,0.5005,0.6671,sam_uploaded,1110.871,9516.0,160570.0,5.74
2026-09-04T01:33:31.596593,pi-test-01,img_6244,JPEG,-,35.925,0.9465,,,n/a,167.97,512.0,52516.0,17.55
2026-09-04T01:33:31.596593,pi-test-01,img_6244,JPEG2000-ROI,-,32.203,0.8969,0.4892,0.657,sam_uploaded,1108.395,9492.0,160547.0,5.74
2026-09-04T01:33:34.606157,pi-test-01,img_6245,JPEG,-,39.51,0.942,,,n/a,139.038,512.0,23599.0,39.05
2026-09-04T01:33:34.606157,pi-test-01,img_6245,JPEG2000-ROI,-,37.924,0.9196,0.1744,0.297,sam_uploaded,969.967,9520.0,83802.0,11.0
2026-09-04T01:33:37.549510,pi-test-01,img_6246,JPEG,-,39.511,0.9421,,,n/a,151.811,512.0,23592.0,39.06
2026-09-04T01:33:37.549510,pi-test-01,img_6246,JPEG2000-ROI,-,37.957,0.9196,0.1725,0.2943,sam_uploaded,938.205,9512.0,83596.0,11.02
2026-09-04T01:33:40.515320,pi-test-01,img_6247,JPEG,-,39.511,0.9421,,,n/a,139.261,512.0,23604.0,39.04
2026-09-04T01:33:40.515320,pi-test-01,img_6247,JPEG2000-ROI,-,37.853,0.919,0.1687,0.2886,sam_uploaded,944.84,9512.0,83696.0,11.01
2026-09-04T01:33:43.623605,pi-test-01,img_6248,JPEG,-,39.51,0.942,,,n/a,140.37,512.0,23611.0,39.03
2026-09-04T01:33:43.623605,pi-test-01,img_6248,JPEG2000-ROI,-,37.877,0.9188,0.1651,0.2834,sam_uploaded,937.498,9520.0,83642.0,11.02
2026-09-04T01:33:46.746562,pi-test-01,img_6249,JPEG,-,37.318,0.95,,,n/a,157.511,512.0,36519.0,25.24
2026-09-04T01:33:46.746562,pi-test-01,img_6249,JPEG2000-ROI,-,32.882,0.8813,0.19,0.3193,sam_uploaded,1026.868,9520.0,131318.0,7.02
2026-09-04T01:33:49.804482,pi-test-01,img_6250,JPEG,-,37.318,0.95,,,n/a,140.726,512.0,36549.0,25.22
2026-09-04T01:33:49.804482,pi-test-01,img_6250,JPEG2000-ROI,-,32.919,0.8815,0.1853,0.3127,sam_uploaded,1030.542,9524.0,130831.0,7.04
2026-09-04T01:33:52.904719,pi-test-01,img_6251,JPEG,-,37.318,0.95,,,n/a,142.215,512.0,36541.0,25.22
2026-09-04T01:33:52.904719,pi-test-01,img_6251,JPEG2000-ROI,-,32.915,0.8819,0.1935,0.3243,sam_uploaded,1021.873,9524.0,130951.0,7.04
2026-09-04T01:33:56.472791,pi-test-01,img_6252,JPEG,-,37.318,0.95,,,n/a,142.311,512.0,36531.0,25.23
2026-09-04T01:33:56.472791,pi-test-01,img_6252,JPEG2000-ROI,-,32.912,0.8815,0.1896,0.3188,sam_uploaded,1030.092,9516.0,131080.0,7.03
2026-09-04T01:33:59.393834,pi-test-01,img_6253,JPEG,-,38.823,0.9487,,,n/a,140.468,512.0,27446.0,33.58
2026-09-04T01:33:59.393834,pi-test-01,img_6253,JPEG2000-ROI,-,35.114,0.9065,0.1429,0.25,sam_uploaded,930.296,9520.0,71378.0,12.91
2026-09-04T01:34:02.365679,pi-test-01,img_6254,JPEG,-,38.826,0.9487,,,n/a,138.577,512.0,27470.0,33.55
2026-09-04T01:34:02.365679,pi-test-01,img_6254,JPEG2000-ROI,-,35.082,0.9061,0.1309,0.2315,sam_uploaded,924.516,9516.0,71298.0,12.93
2026-09-04T01:34:05.336170,pi-test-01,img_6255,JPEG,-,38.826,0.9487,,,n/a,139.476,512.0,27438.0,33.59
2026-09-04T01:34:05.336170,pi-test-01,img_6255,JPEG2000-ROI,-,35.073,0.9057,0.133,0.2348,sam_uploaded,945.529,9520.0,71182.0,12.95
2026-09-04T01:34:08.399846,pi-test-01,img_6256,JPEG,-,38.823,0.9487,,,n/a,140.208,512.0,27421.0,33.61
2026-09-04T01:34:08.399846,pi-test-01,img_6256,JPEG2000-ROI,-,35.12,0.9068,0.1726,0.2943,sam_uploaded,932.071,9520.0,71496.0,12.89
2026-09-04T01:34:11.530491,pi-test-01,img_6257,JPEG,-,40.592,0.9526,,,n/a,135.385,512.0,17288.0,53.31
2026-09-04T01:34:11.530491,pi-test-01,img_6257,JPEG2000-ROI,-,39.331,0.9377,0.022,0.0431,sam_uploaded,851.422,9508.0,37282.0,24.72
2026-09-04T01:34:14.371338,pi-test-01,img_6258,JPEG,-,40.593,0.9526,,,n/a,135.746,512.0,17276.0,53.35
2026-09-04T01:34:14.371338,pi-test-01,img_6258,JPEG2000-ROI,-,39.283,0.9377,0.0205,0.0402,sam_uploaded,839.738,9516.0,36936.0,24.95
2026-09-04T01:34:17.166186,pi-test-01,img_6259,JPEG,-,40.593,0.9526,,,n/a,154.489,512.0,17301.0,53.27
2026-09-04T01:34:17.166186,pi-test-01,img_6259,JPEG2000-ROI,-,39.312,0.9379,0.0214,0.042,sam_uploaded,849.078,9520.0,37311.0,24.7
2026-09-04T01:34:19.931628,pi-test-01,img_6260,JPEG,-,40.592,0.9526,,,n/a,136.223,512.0,17325.0,53.19
2026-09-04T01:34:19.931628,pi-test-01,img_6260,JPEG2000-ROI,-,39.309,0.9378,0.0197,0.0386,sam_uploaded,842.541,9516.0,37025.0,24.89
2026-09-04T01:34:22.839207,pi-test-01,img_6261,JPEG,-,38.756,0.9518,,,n/a,136.118,512.0,24306.0,37.92
2026-09-04T01:34:22.839207,pi-test-01,img_6261,JPEG2000-ROI,-,36.399,0.9194,0.1098,0.1978,sam_uploaded,918.771,9504.0,66268.0,13.91
2026-09-04T01:34:26.197595,pi-test-01,img_6262,JPEG,-,38.747,0.9518,,,n/a,136.422,512.0,24287.0,37.95
2026-09-04T01:34:26.197595,pi-test-01,img_6262,JPEG2000-ROI,-,36.534,0.9213,0.1034,0.1874,sam_uploaded,906.416,9504.0,65646.0,14.04
2026-09-04T01:34:29.063273,pi-test-01,img_6263,JPEG,-,38.747,0.9518,,,n/a,135.965,512.0,24261.0,37.99
2026-09-04T01:34:29.063273,pi-test-01,img_6263,JPEG2000-ROI,-,36.473,0.9201,0.1017,0.1847,sam_uploaded,909.708,9516.0,65900.0,13.98
2026-09-04T01:34:31.889955,pi-test-01,img_6264,JPEG,-,38.756,0.9518,,,n/a,135.779,512.0,24293.0,37.94
2026-09-04T01:34:31.889955,pi-test-01,img_6264,JPEG2000-ROI,-,36.522,0.9208,0.105,0.1901,sam_uploaded,901.825,9508.0,65897.0,13.99
2026-09-04T01:34:35.095594,pi-test-01,img_6265,JPEG,-,36.976,0.9461,,,n/a,141.824,512.0,39375.0,23.41
2026-09-04T01:34:35.095594,pi-test-01,img_6265,JPEG2000-ROI,-,32.944,0.8885,0.3408,0.5083,sam_uploaded,1069.434,9516.0,160089.0,5.76
2026-09-04T01:34:38.301396,pi-test-01,img_6266,JPEG,-,36.977,0.946,,,n/a,143.443,512.0,39367.0,23.41
2026-09-04T01:34:38.301396,pi-test-01,img_6266,JPEG2000-ROI,-,32.916,0.8886,0.366,0.5359,sam_uploaded,1052.909,9520.0,160295.0,5.75
2026-09-04T01:34:41.447415,pi-test-01,img_6267,JPEG,-,36.977,0.946,,,n/a,143.621,512.0,39352.0,23.42
2026-09-04T01:34:41.447415,pi-test-01,img_6267,JPEG2000-ROI,-,32.891,0.8883,0.3483,0.5166,sam_uploaded,1089.443,9508.0,160198.0,5.75
2026-09-04T01:34:44.604762,pi-test-01,img_6268,JPEG,-,36.976,0.9461,,,n/a,142.704,512.0,39367.0,23.41
2026-09-04T01:34:44.604762,pi-test-01,img_6268,JPEG2000-ROI,-,32.85,0.8879,0.3695,0.5397,sam_uploaded,1055.091,9524.0,160146.0,5.75
2026-09-04T01:34:47.662575,pi-test-01,img_6269,JPEG,-,36.241,0.9406,,,n/a,149.927,512.0,40321.0,22.86
2026-09-04T01:34:47.662575,pi-test-01,img_6269,JPEG2000-ROI,-,30.549,0.8405,0.1286,0.228,sam_uploaded,983.829,9512.0,95444.0,9.66
2026-09-04T01:34:50.678959,pi-test-01,img_6270,JPEG,-,36.241,0.9406,,,n/a,144.649,512.0,40323.0,22.86
2026-09-04T01:34:50.678959,pi-test-01,img_6270,JPEG2000-ROI,-,30.51,0.8411,0.1276,0.2263,sam_uploaded,1001.575,9516.0,96075.0,9.59
2026-09-04T01:34:53.741433,pi-test-01,img_6271,JPEG,-,36.241,0.9406,,,n/a,143.936,512.0,40273.0,22.88
2026-09-04T01:34:53.741433,pi-test-01,img_6271,JPEG2000-ROI,-,30.515,0.8405,0.1261,0.224,sam_uploaded,999.3,9512.0,95911.0,9.61
2026-09-04T01:34:56.893534,pi-test-01,img_6272,JPEG,-,36.241,0.9406,,,n/a,144.908,512.0,40311.0,22.86
2026-09-04T01:34:56.893534,pi-test-01,img_6272,JPEG2000-ROI,-,30.484,0.8393,0.1291,0.2287,sam_uploaded,1003.209,9516.0,95656.0,9.63
2026-09-04T01:35:00.077741,pi-test-01,img_6273,JPEG,-,38.206,0.9455,,,n/a,143.988,512.0,36421.0,25.3
2026-09-04T01:35:00.077741,pi-test-01,img_6273,JPEG2000-ROI,-,35.017,0.8997,0.3719,0.5421,sam_uploaded,1043.78,9504.0,160538.0,5.74
2026-09-04T01:35:03.290007,pi-test-01,img_6274,JPEG,-,38.204,0.9454,,,n/a,143.528,512.0,36404.0,25.32
2026-09-04T01:35:03.290007,pi-test-01,img_6274,JPEG2000-ROI,-,34.986,0.899,0.3803,0.551,sam_uploaded,1042.007,9516.0,160198.0,5.75
2026-09-04T01:35:06.430398,pi-test-01,img_6275,JPEG,-,38.204,0.9454,,,n/a,143.35,512.0,36407.0,25.31
2026-09-04T01:35:06.430398,pi-test-01,img_6275,JPEG2000-ROI,-,35.063,0.9017,0.3777,0.5483,sam_uploaded,1046.422,9396.0,160594.0,5.74
2026-09-04T01:35:09.596541,pi-test-01,img_6276,JPEG,-,38.206,0.9455,,,n/a,143.467,512.0,36445.0,25.29
2026-09-04T01:35:09.596541,pi-test-01,img_6276,JPEG2000-ROI,-,34.973,0.8982,0.3664,0.5363,sam_uploaded,1037.423,9520.0,160424.0,5.74
2026-09-04T01:35:12.791470,pi-test-01,img_6277,JPEG,-,37.611,0.9559,,,n/a,143.644,512.0,40837.0,22.57
2026-09-04T01:35:12.791470,pi-test-01,img_6277,JPEG2000-ROI,-,33.267,0.8985,0.2703,0.4256,sam_uploaded,1089.337,9512.0,160563.0,5.74
2026-09-04T01:35:15.964993,pi-test-01,img_6278,JPEG,-,37.612,0.9559,,,n/a,143.562,512.0,40847.0,22.56
2026-09-04T01:35:15.964993,pi-test-01,img_6278,JPEG2000-ROI,-,33.254,0.8989,0.2773,0.4342,sam_uploaded,1079.343,9520.0,160526.0,5.74
2026-09-04T01:35:19.243152,pi-test-01,img_6279,JPEG,-,37.612,0.9559,,,n/a,143.489,512.0,40863.0,22.55
2026-09-04T01:35:19.243152,pi-test-01,img_6279,JPEG2000-ROI,-,33.298,0.8988,0.2682,0.4229,sam_uploaded,1072.346,9376.0,160414.0,5.75
2026-09-04T01:35:22.397952,pi-test-01,img_6280,JPEG,-,37.611,0.9559,,,n/a,143.359,512.0,40849.0,22.56
2026-09-04T01:35:22.397952,pi-test-01,img_6280,JPEG2000-ROI,-,33.256,0.8991,0.2743,0.4305,sam_uploaded,1071.517,9520.0,160545.0,5.74
2026-09-04T01:35:25.540647,pi-test-01,img_6281,JPEG,-,37.628,0.9473,,,n/a,144.354,512.0,40452.0,22.78
2026-09-04T01:35:25.540647,pi-test-01,img_6281,JPEG2000-ROI,-,34.12,0.898,0.3755,0.546,sam_uploaded,1069.366,9520.0,160235.0,5.75
2026-09-04T01:35:28.767754,pi-test-01,img_6282,JPEG,-,37.633,0.9474,,,n/a,143.159,512.0,40444.0,22.79
2026-09-04T01:35:28.767754,pi-test-01,img_6282,JPEG2000-ROI,-,34.133,0.8999,0.3687,0.5387,sam_uploaded,1069.217,9520.0,160547.0,5.74
2026-09-04T01:35:31.941674,pi-test-01,img_6283,JPEG,-,37.633,0.9474,,,n/a,144.645,512.0,40458.0,22.78
2026-09-04T01:35:31.941674,pi-test-01,img_6283,JPEG2000-ROI,-,34.061,0.8992,0.3587,0.528,sam_uploaded,1064.216,9520.0,160176.0,5.75
2026-09-04T01:35:35.109593,pi-test-01,img_6284,JPEG,-,37.628,0.9473,,,n/a,143.666,512.0,40468.0,22.77
2026-09-04T01:35:35.109593,pi-test-01,img_6284,JPEG2000-ROI,-,34.27,0.9018,0.3761,0.5466,sam_uploaded,1069.592,9512.0,160272.0,5.75
2026-09-04T01:35:38.288431,pi-test-01,img_6285,JPEG,-,38.537,0.9424,,,n/a,140.99,512.0,30940.0,29.79
2026-09-04T01:35:38.288431,pi-test-01,img_6285,JPEG2000-ROI,-,37.416,0.9273,0.4742,0.6433,sam_uploaded,1082.661,9520.0,160590.0,5.74
2026-09-04T01:35:41.539884,pi-test-01,img_6286,JPEG,-,38.537,0.9424,,,n/a,141.002,512.0,30944.0,29.78
2026-09-04T01:35:41.539884,pi-test-01,img_6286,JPEG2000-ROI,-,37.451,0.9268,0.4833,0.6517,sam_uploaded,1053.267,9408.0,160575.0,5.74
2026-09-04T01:35:44.660815,pi-test-01,img_6287,JPEG,-,38.537,0.9424,,,n/a,140.808,512.0,30967.0,29.76
2026-09-04T01:35:44.660815,pi-test-01,img_6287,JPEG2000-ROI,-,37.489,0.9274,0.4862,0.6543,sam_uploaded,1067.011,9524.0,160621.0,5.74
2026-09-04T01:35:47.808185,pi-test-01,img_6288,JPEG,-,38.537,0.9424,,,n/a,140.669,512.0,30949.0,29.78
2026-09-04T01:35:47.808185,pi-test-01,img_6288,JPEG2000-ROI,-,37.388,0.9266,0.4459,0.6168,sam_uploaded,1052.176,9520.0,160557.0,5.74
2026-09-04T01:35:50.811180,pi-test-01,img_6289,JPEG,-,38.17,0.9528,,,n/a,148.666,512.0,32557.0,28.31
2026-09-04T01:35:50.811180,pi-test-01,img_6289,JPEG2000-ROI,-,34.229,0.8967,0.1062,0.192,sam_uploaded,959.78,9512.0,100066.0,9.21
2026-09-04T01:35:53.915910,pi-test-01,img_6290,JPEG,-,38.173,0.9528,,,n/a,141.263,512.0,32558.0,28.31
2026-09-04T01:35:53.915910,pi-test-01,img_6290,JPEG2000-ROI,-,34.155,0.8956,0.0974,0.1776,sam_uploaded,992.248,9516.0,99835.0,9.23
2026-09-04T01:35:56.998404,pi-test-01,img_6291,JPEG,-,38.173,0.9528,,,n/a,142.412,512.0,32519.0,28.34
2026-09-04T01:35:56.998404,pi-test-01,img_6291,JPEG2000-ROI,-,34.296,0.8972,0.1028,0.1865,sam_uploaded,957.564,9492.0,99664.0,9.25
2026-09-04T01:36:00.065152,pi-test-01,img_6292,JPEG,-,38.17,0.9528,,,n/a,142.799,512.0,32490.0,28.37
2026-09-04T01:36:00.065152,pi-test-01,img_6292,JPEG2000-ROI,-,34.31,0.8966,0.1021,0.1853,sam_uploaded,970.824,9428.0,100300.0,9.19
2026-09-04T01:36:03.261751,pi-test-01,img_6293,JPEG,-,37.211,0.9502,,,n/a,143.395,512.0,39790.0,23.16
2026-09-04T01:36:03.261751,pi-test-01,img_6293,JPEG2000-ROI,-,32.879,0.8887,0.2678,0.4225,sam_uploaded,1067.911,9520.0,160528.0,5.74
2026-09-04T01:36:06.442744,pi-test-01,img_6294,JPEG,-,37.21,0.9502,,,n/a,143.32,512.0,39774.0,23.17
2026-09-04T01:36:06.442744,pi-test-01,img_6294,JPEG2000-ROI,-,32.839,0.8884,0.2597,0.4123,sam_uploaded,1051.71,9288.0,160612.0,5.74
2026-09-04T01:36:09.701645,pi-test-01,img_6295,JPEG,-,37.21,0.9502,,,n/a,143.128,512.0,39768.0,23.17
2026-09-04T01:36:09.701645,pi-test-01,img_6295,JPEG2000-ROI,-,32.938,0.8889,0.2894,0.4488,sam_uploaded,1074.859,9516.0,160501.0,5.74
2026-09-04T01:36:12.824974,pi-test-01,img_6296,JPEG,-,37.211,0.9502,,,n/a,143.321,512.0,39768.0,23.17
2026-09-04T01:36:12.824974,pi-test-01,img_6296,JPEG2000-ROI,-,32.824,0.8889,0.271,0.4264,sam_uploaded,1047.238,9516.0,160566.0,5.74
2026-09-04T01:36:16.102842,pi-test-01,img_6297,JPEG,-,35.48,0.9466,,,n/a,148.724,512.0,51509.0,17.89
2026-09-04T01:36:16.102842,pi-test-01,img_6297,JPEG2000-ROI,-,29.898,0.8236,0.2416,0.3892,sam_uploaded,1086.903,9512.0,160596.0,5.74
2026-09-04T01:36:19.330313,pi-test-01,img_6298,JPEG,-,35.48,0.9466,,,n/a,146.778,512.0,51516.0,17.89
2026-09-04T01:36:19.330313,pi-test-01,img_6298,JPEG2000-ROI,-,30.029,0.8265,0.2379,0.3844,sam_uploaded,1080.353,9484.0,160514.0,5.74
2026-09-04T01:36:22.512704,pi-test-01,img_6299,JPEG,-,35.48,0.9466,,,n/a,147.892,512.0,51501.0,17.89
2026-09-04T01:36:22.512704,pi-test-01,img_6299,JPEG2000-ROI,-,29.909,0.8241,0.2472,0.3964,sam_uploaded,1085.943,9500.0,160491.0,5.74
2026-09-04T01:36:25.758648,pi-test-01,img_6300,JPEG,-,35.48,0.9466,,,n/a,147.319,512.0,51502.0,17.89
2026-09-04T01:36:25.758648,pi-test-01,img_6300,JPEG2000-ROI,-,29.94,0.824,0.2313,0.3757,sam_uploaded,1080.722,9516.0,160411.0,5.75
2026-09-04T01:36:28.883832,pi-test-01,img_6301,JPEG,-,38.396,0.9458,,,n/a,143.362,512.0,35422.0,26.02
2026-09-04T01:36:28.883832,pi-test-01,img_6301,JPEG2000-ROI,-,35.467,0.9088,0.3989,0.5703,sam_uploaded,1053.786,9520.0,160497.0,5.74
2026-09-04T01:36:32.038905,pi-test-01,img_6302,JPEG,-,38.397,0.9458,,,n/a,142.686,512.0,35435.0,26.01
2026-09-04T01:36:32.038905,pi-test-01,img_6302,JPEG2000-ROI,-,35.313,0.9063,0.385,0.556,sam_uploaded,1059.16,9400.0,160632.0,5.74
2026-09-04T01:36:35.225494,pi-test-01,img_6303,JPEG,-,38.397,0.9458,,,n/a,142.591,512.0,35427.0,26.01
2026-09-04T01:36:35.225494,pi-test-01,img_6303,JPEG2000-ROI,-,35.406,0.9081,0.3957,0.567,sam_uploaded,1069.367,9516.0,160528.0,5.74
2026-09-04T01:36:38.355928,pi-test-01,img_6304,JPEG,-,38.396,0.9458,,,n/a,142.499,512.0,35418.0,26.02
2026-09-04T01:36:38.355928,pi-test-01,img_6304,JPEG2000-ROI,-,35.494,0.9074,0.3763,0.5468,sam_uploaded,1053.777,9508.0,160620.0,5.74
2026-09-04T01:36:41.662427,pi-test-01,img_6305,JPEG,-,37.914,0.9538,,,n/a,142.974,512.0,37901.0,24.32
2026-09-04T01:36:41.662427,pi-test-01,img_6305,JPEG2000-ROI,-,33.074,0.8871,0.1394,0.2446,sam_uploaded,1009.861,9516.0,132149.0,6.97
2026-09-04T01:36:44.729420,pi-test-01,img_6306,JPEG,-,37.911,0.9538,,,n/a,143.132,512.0,37868.0,24.34
2026-09-04T01:36:44.729420,pi-test-01,img_6306,JPEG2000-ROI,-,33.046,0.8874,0.1752,0.2982,sam_uploaded,1010.37,9504.0,131539.0,7.01
2026-09-04T01:36:47.920454,pi-test-01,img_6307,JPEG,-,37.911,0.9538,,,n/a,142.571,512.0,37905.0,24.31
2026-09-04T01:36:47.920454,pi-test-01,img_6307,JPEG2000-ROI,-,33.154,0.8892,0.1416,0.248,sam_uploaded,1016.13,9524.0,131819.0,6.99
2026-09-04T01:36:50.995850,pi-test-01,img_6308,JPEG,-,37.914,0.9538,,,n/a,142.56,512.0,37916.0,24.31
2026-09-04T01:36:50.995850,pi-test-01,img_6308,JPEG2000-ROI,-,32.991,0.8862,0.1332,0.2351,sam_uploaded,1005.242,9516.0,132019.0,6.98
2026-09-04T01:36:54.126905,pi-test-01,img_6309,JPEG,-,37.543,0.9513,,,n/a,144.163,512.0,40744.0,22.62
2026-09-04T01:36:54.126905,pi-test-01,img_6309,JPEG2000-ROI,-,34.447,0.9158,0.3117,0.4752,sam_uploaded,1075.268,9500.0,160397.0,5.75
2026-09-04T01:36:57.338231,pi-test-01,img_6310,JPEG,-,37.541,0.9514,,,n/a,143.584,512.0,40762.0,22.61
2026-09-04T01:36:57.338231,pi-test-01,img_6310,JPEG2000-ROI,-,34.462,0.9149,0.3007,0.4624,sam_uploaded,1073.278,9520.0,160136.0,5.76
2026-09-04T01:37:00.519497,pi-test-01,img_6311,JPEG,-,37.541,0.9514,,,n/a,142.319,512.0,40739.0,22.62
2026-09-04T01:37:00.519497,pi-test-01,img_6311,JPEG2000-ROI,-,34.413,0.915,0.3229,0.4882,sam_uploaded,1072.482,9464.0,160249.0,5.75
2026-09-04T01:37:03.689195,pi-test-01,img_6312,JPEG,-,37.543,0.9513,,,n/a,143.067,512.0,40721.0,22.63
2026-09-04T01:37:03.689195,pi-test-01,img_6312,JPEG2000-ROI,-,34.497,0.9139,0.4086,0.5801,sam_uploaded,1079.426,9392.0,160463.0,5.74
2026-09-04T01:37:06.849771,pi-test-01,img_6313,JPEG,-,38.317,0.9418,,,n/a,141.276,512.0,32401.0,28.44
2026-09-04T01:37:06.849771,pi-test-01,img_6313,JPEG2000-ROI,-,36.6,0.9158,0.3648,0.5346,sam_uploaded,1050.862,9512.0,160101.0,5.76
2026-09-04T01:37:10.024085,pi-test-01,img_6314,JPEG,-,38.32,0.9418,,,n/a,141.457,512.0,32366.0,28.47
2026-09-04T01:37:10.024085,pi-test-01,img_6314,JPEG2000-ROI,-,36.622,0.9165,0.3383,0.5055,sam_uploaded,1055.028,9524.0,160579.0,5.74
2026-09-04T01:37:13.301658,pi-test-01,img_6315,JPEG,-,38.32,0.9418,,,n/a,140.884,512.0,32415.0,28.43
2026-09-04T01:37:13.301658,pi-test-01,img_6315,JPEG2000-ROI,-,36.554,0.9155,0.3556,0.5246,sam_uploaded,1104.74,9520.0,160318.0,5.75
2026-09-04T01:37:16.409113,pi-test-01,img_6316,JPEG,-,38.317,0.9418,,,n/a,141.854,512.0,32405.0,28.44
2026-09-04T01:37:16.409113,pi-test-01,img_6316,JPEG2000-ROI,-,36.509,0.9156,0.3554,0.5244,sam_uploaded,1066.207,9508.0,160600.0,5.74
2026-09-04T01:37:19.469136,pi-test-01,img_6317,JPEG,-,37.674,0.9531,,,n/a,142.246,512.0,35051.0,26.29
2026-09-04T01:37:19.469136,pi-test-01,img_6317,JPEG2000-ROI,-,33.889,0.9056,0.1726,0.2944,sam_uploaded,1010.795,9384.0,137068.0,6.72
2026-09-04T01:37:22.634321,pi-test-01,img_6318,JPEG,-,37.673,0.9531,,,n/a,147.126,512.0,35031.0,26.31
2026-09-04T01:37:22.634321,pi-test-01,img_6318,JPEG2000-ROI,-,33.768,0.9044,0.1621,0.279,sam_uploaded,1018.044,9492.0,136608.0,6.75
2026-09-04T01:37:25.710701,pi-test-01,img_6319,JPEG,-,37.673,0.9531,,,n/a,141.81,512.0,35009.0,26.32
2026-09-04T01:37:25.710701,pi-test-01,img_6319,JPEG2000-ROI,-,33.794,0.9052,0.1743,0.2969,sam_uploaded,1021.089,9516.0,136411.0,6.76
2026-09-04T01:37:28.789636,pi-test-01,img_6320,JPEG,-,37.674,0.9531,,,n/a,141.309,512.0,35027.0,26.31
2026-09-04T01:37:28.789636,pi-test-01,img_6320,JPEG2000-ROI,-,33.879,0.9069,0.1785,0.303,sam_uploaded,1014.616,9508.0,137313.0,6.71
2026-09-04T01:37:31.844006,pi-test-01,img_6321,JPEG,-,37.695,0.9467,,,n/a,141.903,512.0,35809.0,25.74
2026-09-04T01:37:31.844006,pi-test-01,img_6321,JPEG2000-ROI,-,33.347,0.8799,0.1742,0.2968,sam_uploaded,1037.601,9520.0,113181.0,8.14
2026-09-04T01:37:35.092825,pi-test-01,img_6322,JPEG,-,37.698,0.9467,,,n/a,143.587,512.0,35810.0,25.74
2026-09-04T01:37:35.092825,pi-test-01,img_6322,JPEG2000-ROI,-,33.38,0.881,0.1856,0.3131,sam_uploaded,1002.549,9520.0,112440.0,8.2
2026-09-04T01:37:38.162925,pi-test-01,img_6323,JPEG,-,37.698,0.9467,,,n/a,144.156,512.0,35772.0,25.76
2026-09-04T01:37:38.162925,pi-test-01,img_6323,JPEG2000-ROI,-,33.467,0.8808,0.1767,0.3003,sam_uploaded,995.08,9520.0,113014.0,8.15
2026-09-04T01:37:41.241028,pi-test-01,img_6324,JPEG,-,37.695,0.9467,,,n/a,143.333,512.0,35771.0,25.76
2026-09-04T01:37:41.241028,pi-test-01,img_6324,JPEG2000-ROI,-,33.315,0.8782,0.1726,0.2944,sam_uploaded,994.164,9516.0,112691.0,8.18
2026-09-04T01:37:44.474392,pi-test-01,img_6325,JPEG,-,35.556,0.9449,,,n/a,147.362,512.0,49972.0,18.44
2026-09-04T01:37:44.474392,pi-test-01,img_6325,JPEG2000-ROI,-,30.282,0.8287,0.2315,0.3759,sam_uploaded,1068.984,9504.0,160589.0,5.74
2026-09-04T01:37:47.767681,pi-test-01,img_6326,JPEG,-,35.558,0.9449,,,n/a,146.31,512.0,49974.0,18.44
2026-09-04T01:37:47.767681,pi-test-01,img_6326,JPEG2000-ROI,-,30.358,0.8287,0.214,0.3526,sam_uploaded,1101.335,9516.0,160485.0,5.74
2026-09-04T01:37:50.923177,pi-test-01,img_6327,JPEG,-,35.558,0.9449,,,n/a,147.257,512.0,49939.0,18.45
2026-09-04T01:37:50.923177,pi-test-01,img_6327,JPEG2000-ROI,-,30.322,0.8293,0.2237,0.3656,sam_uploaded,1072.797,9520.0,160360.0,5.75
2026-09-04T01:37:54.194161,pi-test-01,img_6328,JPEG,-,35.556,0.9449,,,n/a,150.493,512.0,49953.0,18.45
2026-09-04T01:37:54.194161,pi-test-01,img_6328,JPEG2000-ROI,-,30.338,0.8284,0.2121,0.35,sam_uploaded,1075.328,9516.0,160409.0,5.75
2026-09-04T01:37:57.483833,pi-test-01,img_6329,JPEG,-,36.07,0.9468,,,n/a,148.008,512.0,48053.0,19.18
2026-09-04T01:37:57.483833,pi-test-01,img_6329,JPEG2000-ROI,-,31.369,0.9124,0.1474,0.257,sam_uploaded,1089.949,9524.0,160555.0,5.74
2026-09-04T01:38:00.669061,pi-test-01,img_6330,JPEG,-,36.077,0.9468,,,n/a,148.073,512.0,48052.0,19.18
2026-09-04T01:38:00.669061,pi-test-01,img_6330,JPEG2000-ROI,-,31.407,0.9121,0.148,0.2578,sam_uploaded,1072.045,9512.0,160375.0,5.75
2026-09-04T01:38:03.902925,pi-test-01,img_6331,JPEG,-,36.077,0.9468,,,n/a,147.727,512.0,48052.0,19.18
2026-09-04T01:38:03.902925,pi-test-01,img_6331,JPEG2000-ROI,-,31.359,0.9118,0.1697,0.2902,sam_uploaded,1071.62,9504.0,160572.0,5.74
2026-09-04T01:38:07.148490,pi-test-01,img_6332,JPEG,-,36.07,0.9468,,,n/a,147.527,512.0,48033.0,19.19
2026-09-04T01:38:07.148490,pi-test-01,img_6332,JPEG2000-ROI,-,31.374,0.9121,0.1494,0.26,sam_uploaded,1064.691,9516.0,160431.0,5.74
2026-09-04T01:38:10.543343,pi-test-01,img_6333,JPEG,-,34.243,0.9457,,,n/a,152.473,512.0,65827.0,14.0
2026-09-04T01:38:10.543343,pi-test-01,img_6333,JPEG2000-ROI,-,30.073,0.8992,0.741,0.8513,sam_uploaded,1210.622,9520.0,160468.0,5.74
2026-09-04T01:38:13.882543,pi-test-01,img_6334,JPEG,-,34.238,0.9457,,,n/a,150.757,512.0,65853.0,13.99
2026-09-04T01:38:13.882543,pi-test-01,img_6334,JPEG2000-ROI,-,30.266,0.9006,0.7451,0.8539,sam_uploaded,1204.741,9520.0,160386.0,5.75
2026-09-04T01:38:17.228872,pi-test-01,img_6335,JPEG,-,34.238,0.9457,,,n/a,151.464,512.0,65754.0,14.02
2026-09-04T01:38:17.228872,pi-test-01,img_6335,JPEG2000-ROI,-,30.07,0.8986,0.7464,0.8548,sam_uploaded,1205.957,9388.0,160536.0,5.74
2026-09-04T01:38:20.637094,pi-test-01,img_6336,JPEG,-,34.243,0.9457,,,n/a,151.547,512.0,65730.0,14.02
2026-09-04T01:38:20.637094,pi-test-01,img_6336,JPEG2000-ROI,-,30.139,0.8998,0.7429,0.8525,sam_uploaded,1212.66,9520.0,160200.0,5.75
2026-09-04T01:38:24.021620,pi-test-01,img_6337,JPEG,-,35.567,0.942,,,n/a,148.805,512.0,55671.0,16.55
2026-09-04T01:38:24.021620,pi-test-01,img_6337,JPEG2000-ROI,-,32.086,0.8951,0.5917,0.7434,sam_uploaded,1169.573,9496.0,160579.0,5.74
2026-09-04T01:38:27.310443,pi-test-01,img_6338,JPEG,-,35.572,0.942,,,n/a,149.684,512.0,55680.0,16.55
2026-09-04T01:38:27.310443,pi-test-01,img_6338,JPEG2000-ROI,-,32.01,0.8945,0.6787,0.8086,sam_uploaded,1147.198,9508.0,160020.0,5.76
2026-09-04T01:38:30.661381,pi-test-01,img_6339,JPEG,-,35.572,0.942,,,n/a,148.733,512.0,55707.0,16.54
2026-09-04T01:38:30.661381,pi-test-01,img_6339,JPEG2000-ROI,-,32.064,0.8947,0.5891,0.7414,sam_uploaded,1151.742,9520.0,160477.0,5.74
2026-09-04T01:38:34.057640,pi-test-01,img_6340,JPEG,-,35.567,0.942,,,n/a,149.12,512.0,55660.0,16.56
2026-09-04T01:38:34.057640,pi-test-01,img_6340,JPEG2000-ROI,-,32.104,0.8953,0.5821,0.7359,sam_uploaded,1165.762,9516.0,160446.0,5.74
2026-09-04T01:38:37.436991,pi-test-01,img_6341,JPEG,-,34.648,0.9487,,,n/a,149.53,512.0,62466.0,14.75
2026-09-04T01:38:37.436991,pi-test-01,img_6341,JPEG2000-ROI,-,32.67,0.9426,0.7354,0.8475,sam_uploaded,1200.077,9516.0,160575.0,5.74
2026-09-04T01:38:40.842972,pi-test-01,img_6342,JPEG,-,34.65,0.9487,,,n/a,150.925,512.0,62498.0,14.75
2026-09-04T01:38:40.842972,pi-test-01,img_6342,JPEG2000-ROI,-,32.698,0.9417,0.7896,0.8824,sam_uploaded,1198.217,9520.0,160633.0,5.74
2026-09-04T01:38:44.201128,pi-test-01,img_6343,JPEG,-,34.65,0.9487,,,n/a,153.124,512.0,62310.0,14.79
2026-09-04T01:38:44.201128,pi-test-01,img_6343,JPEG2000-ROI,-,32.616,0.9416,0.7721,0.8714,sam_uploaded,1219.376,9508.0,160343.0,5.75
2026-09-04T01:38:47.566177,pi-test-01,img_6344,JPEG,-,34.648,0.9487,,,n/a,155.439,512.0,62332.0,14.79
2026-09-04T01:38:47.566177,pi-test-01,img_6344,JPEG2000-ROI,-,32.686,0.9425,0.7418,0.8518,sam_uploaded,1199.111,9516.0,160423.0,5.74
2026-09-04T01:38:50.997886,pi-test-01,img_6345,JPEG,-,35.009,0.9498,,,n/a,161.978,512.0,60486.0,15.24
2026-09-04T01:38:50.997886,pi-test-01,img_6345,JPEG2000-ROI,-,32.138,0.9251,0.8073,0.8934,sam_uploaded,1181.874,9604.0,160189.0,5.75
2026-09-04T01:38:54.449994,pi-test-01,img_6346,JPEG,-,35.009,0.9498,,,n/a,149.548,512.0,60482.0,15.24
2026-09-04T01:38:54.449994,pi-test-01,img_6346,JPEG2000-ROI,-,31.794,0.9228,0.8039,0.8913,sam_uploaded,1203.038,9500.0,160440.0,5.74
2026-09-04T01:38:57.821990,pi-test-01,img_6347,JPEG,-,35.009,0.9498,,,n/a,149.657,512.0,60572.0,15.21
2026-09-04T01:38:57.821990,pi-test-01,img_6347,JPEG2000-ROI,-,32.066,0.9243,0.804,0.8913,sam_uploaded,1192.441,9520.0,160413.0,5.75
2026-09-04T01:39:01.204451,pi-test-01,img_6348,JPEG,-,35.009,0.9498,,,n/a,149.526,512.0,60549.0,15.22
2026-09-04T01:39:01.204451,pi-test-01,img_6348,JPEG2000-ROI,-,32.082,0.9249,0.8001,0.8889,sam_uploaded,1185.63,9520.0,160302.0,5.75
2026-09-04T01:39:04.721488,pi-test-01,img_6349,JPEG,-,32.803,0.9598,,,n/a,155.609,512.0,80308.0,11.48
2026-09-04T01:39:04.721488,pi-test-01,img_6349,JPEG2000-ROI,-,24.272,0.7369,0.556,0.7147,sam_uploaded,1164.541,9520.0,160454.0,5.74
2026-09-04T01:39:08.051587,pi-test-01,img_6350,JPEG,-,32.802,0.9598,,,n/a,153.481,512.0,80326.0,11.47
2026-09-04T01:39:08.051587,pi-test-01,img_6350,JPEG2000-ROI,-,24.347,0.7445,0.563,0.7204,sam_uploaded,1150.847,9328.0,160439.0,5.74
2026-09-04T01:39:11.760686,pi-test-01,img_6351,JPEG,-,32.802,0.9598,,,n/a,153.205,512.0,80295.0,11.48
2026-09-04T01:39:11.760686,pi-test-01,img_6351,JPEG2000-ROI,-,24.324,0.7426,0.5631,0.7205,sam_uploaded,1152.443,9324.0,160394.0,5.75
2026-09-04T01:39:15.117425,pi-test-01,img_6352,JPEG,-,32.803,0.9598,,,n/a,153.269,512.0,80314.0,11.47
2026-09-04T01:39:15.117425,pi-test-01,img_6352,JPEG2000-ROI,-,24.357,0.7453,0.5675,0.724,sam_uploaded,1175.292,9328.0,160564.0,5.74
2026-09-04T01:39:18.716003,pi-test-01,img_6353,JPEG,-,30.924,0.9269,,,n/a,153.586,512.0,76536.0,12.04
2026-09-04T01:39:18.716003,pi-test-01,img_6353,JPEG2000-ROI,-,28.365,0.8736,0.7041,0.8264,sam_uploaded,1257.994,9320.0,160478.0,5.74
2026-09-04T01:39:22.224659,pi-test-01,img_6354,JPEG,-,30.929,0.9269,,,n/a,153.837,512.0,76538.0,12.04
2026-09-04T01:39:22.224659,pi-test-01,img_6354,JPEG2000-ROI,-,28.249,0.8699,0.6991,0.8229,sam_uploaded,1254.797,9332.0,160350.0,5.75
2026-09-04T01:39:25.707909,pi-test-01,img_6355,JPEG,-,30.929,0.9269,,,n/a,153.096,512.0,76500.0,12.05
2026-09-04T01:39:25.707909,pi-test-01,img_6355,JPEG2000-ROI,-,28.362,0.8726,0.7033,0.8258,sam_uploaded,1277.607,9328.0,160604.0,5.74
2026-09-04T01:39:29.144724,pi-test-01,img_6356,JPEG,-,30.924,0.9269,,,n/a,153.612,512.0,76503.0,12.05
2026-09-04T01:39:29.144724,pi-test-01,img_6356,JPEG2000-ROI,-,28.433,0.874,0.7018,0.8248,sam_uploaded,1255.454,9316.0,160567.0,5.74
2026-09-04T01:39:32.482426,pi-test-01,img_6357,JPEG,-,34.677,0.9425,,,n/a,150.851,512.0,61108.0,15.08
2026-09-04T01:39:32.482426,pi-test-01,img_6357,JPEG2000-ROI,-,30.773,0.9024,0.7411,0.8513,sam_uploaded,1177.085,9320.0,160535.0,5.74
2026-09-04T01:39:35.822671,pi-test-01,img_6358,JPEG,-,34.675,0.9425,,,n/a,149.663,512.0,61096.0,15.08
2026-09-04T01:39:35.822671,pi-test-01,img_6358,JPEG2000-ROI,-,31.0,0.9045,0.7485,0.8562,sam_uploaded,1186.369,9332.0,160294.0,5.75
2026-09-04T01:39:39.593531,pi-test-01,img_6359,JPEG,-,34.675,0.9425,,,n/a,149.432,512.0,61083.0,15.09
2026-09-04T01:39:39.593531,pi-test-01,img_6359,JPEG2000-ROI,-,30.865,0.9037,0.7385,0.8496,sam_uploaded,1177.09,9324.0,160602.0,5.74
2026-09-04T01:39:42.964937,pi-test-01,img_6360,JPEG,-,34.677,0.9425,,,n/a,151.344,512.0,61097.0,15.08
2026-09-04T01:39:42.964937,pi-test-01,img_6360,JPEG2000-ROI,-,30.958,0.9032,0.7389,0.8499,sam_uploaded,1184.362,9332.0,160197.0,5.75
2026-09-04T01:39:46.451782,pi-test-01,img_6361,JPEG,-,35.569,0.947,,,n/a,148.996,512.0,57317.0,16.08
2026-09-04T01:39:46.451782,pi-test-01,img_6361,JPEG2000-ROI,-,31.561,0.8997,0.7124,0.832,sam_uploaded,1193.51,9328.0,160170.0,5.75
2026-09-04T01:39:49.854498,pi-test-01,img_6362,JPEG,-,35.566,0.947,,,n/a,150.282,512.0,57312.0,16.08
2026-09-04T01:39:49.854498,pi-test-01,img_6362,JPEG2000-ROI,-,31.641,0.9,0.7151,0.8339,sam_uploaded,1190.074,9328.0,160194.0,5.75
2026-09-04T01:39:53.263871,pi-test-01,img_6363,JPEG,-,35.566,0.947,,,n/a,149.071,512.0,57348.0,16.07
2026-09-04T01:39:53.263871,pi-test-01,img_6363,JPEG2000-ROI,-,31.653,0.9007,0.7172,0.8353,sam_uploaded,1178.958,9328.0,160252.0,5.75
2026-09-04T01:39:56.703098,pi-test-01,img_6364,JPEG,-,35.569,0.947,,,n/a,150.041,512.0,57345.0,16.07
2026-09-04T01:39:56.703098,pi-test-01,img_6364,JPEG2000-ROI,-,31.713,0.9005,0.7148,0.8337,sam_uploaded,1206.119,9324.0,160442.0,5.74
2026-09-04T01:40:00.109019,pi-test-01,img_6365,JPEG,-,33.612,0.9396,,,n/a,151.689,512.0,68703.0,13.41
2026-09-04T01:40:00.109019,pi-test-01,img_6365,JPEG2000-ROI,-,29.263,0.8778,0.7115,0.8314,sam_uploaded,1219.91,9332.0,160355.0,5.75
2026-09-04T01:40:03.540135,pi-test-01,img_6366,JPEG,-,33.612,0.9396,,,n/a,151.433,512.0,68706.0,13.41
2026-09-04T01:40:03.540135,pi-test-01,img_6366,JPEG2000-ROI,-,29.359,0.8781,0.7257,0.8411,sam_uploaded,1204.658,9328.0,160423.0,5.74
2026-09-04T01:40:06.927732,pi-test-01,img_6367,JPEG,-,33.612,0.9396,,,n/a,152.016,512.0,68701.0,13.41
2026-09-04T01:40:06.927732,pi-test-01,img_6367,JPEG2000-ROI,-,29.261,0.8739,0.7094,0.83,sam_uploaded,1225.91,9328.0,160109.0,5.76
2026-09-04T01:40:10.443169,pi-test-01,img_6368,JPEG,-,33.612,0.9396,,,n/a,151.59,512.0,68703.0,13.41
2026-09-04T01:40:10.443169,pi-test-01,img_6368,JPEG2000-ROI,-,29.338,0.878,0.7154,0.8341,sam_uploaded,1210.159,9320.0,160631.0,5.74
2026-09-04T01:40:13.932261,pi-test-01,img_6369,JPEG,-,34.689,0.9394,,,n/a,151.602,512.0,61010.0,15.11
2026-09-04T01:40:13.932261,pi-test-01,img_6369,JPEG2000-ROI,-,30.668,0.8813,0.7091,0.8298,sam_uploaded,1175.961,9332.0,160545.0,5.74
2026-09-04T01:40:17.373960,pi-test-01,img_6370,JPEG,-,34.686,0.9393,,,n/a,149.65,512.0,60998.0,15.11
2026-09-04T01:40:17.373960,pi-test-01,img_6370,JPEG2000-ROI,-,30.509,0.8769,0.7025,0.8252,sam_uploaded,1211.918,9324.0,160516.0,5.74
2026-09-04T01:40:20.766319,pi-test-01,img_6371,JPEG,-,34.686,0.9393,,,n/a,151.394,512.0,60977.0,15.11
2026-09-04T01:40:20.766319,pi-test-01,img_6371,JPEG2000-ROI,-,30.554,0.8778,0.7027,0.8254,sam_uploaded,1176.124,9212.0,160517.0,5.74
2026-09-04T01:40:24.164156,pi-test-01,img_6372,JPEG,-,34.689,0.9394,,,n/a,154.792,512.0,60993.0,15.11
2026-09-04T01:40:24.164156,pi-test-01,img_6372,JPEG2000-ROI,-,30.589,0.8797,0.7006,0.8239,sam_uploaded,1164.285,9320.0,160459.0,5.74
2026-09-04T01:40:27.458144,pi-test-01,img_6373,JPEG,-,34.944,0.9413,,,n/a,149.43,512.0,59309.0,15.54
2026-09-04T01:40:27.458144,pi-test-01,img_6373,JPEG2000-ROI,-,30.314,0.8446,0.58,0.7342,sam_uploaded,1175.23,9316.0,160489.0,5.74
2026-09-04T01:40:30.843253,pi-test-01,img_6374,JPEG,-,34.942,0.9412,,,n/a,149.881,512.0,59289.0,15.54
2026-09-04T01:40:30.843253,pi-test-01,img_6374,JPEG2000-ROI,-,30.256,0.845,0.5737,0.7291,sam_uploaded,1143.897,9328.0,160435.0,5.74
2026-09-04T01:40:34.169051,pi-test-01,img_6375,JPEG,-,34.942,0.9412,,,n/a,150.499,512.0,59278.0,15.55
2026-09-04T01:40:34.169051,pi-test-01,img_6375,JPEG2000-ROI,-,30.23,0.8451,0.5794,0.7337,sam_uploaded,1145.287,9332.0,160624.0,5.74
2026-09-04T01:40:37.546583,pi-test-01,img_6376,JPEG,-,34.944,0.9413,,,n/a,149.058,512.0,59295.0,15.54
2026-09-04T01:40:37.546583,pi-test-01,img_6376,JPEG2000-ROI,-,30.273,0.8451,0.5705,0.7265,sam_uploaded,1164.443,9332.0,160476.0,5.74
2026-09-04T01:40:40.872646,pi-test-01,img_6377,JPEG,-,33.632,0.9388,,,n/a,151.085,512.0,67787.0,13.6
2026-09-04T01:40:40.872646,pi-test-01,img_6377,JPEG2000-ROI,-,28.409,0.8366,0.6198,0.7653,sam_uploaded,1176.604,9328.0,160631.0,5.74
2026-09-04T01:40:44.251143,pi-test-01,img_6378,JPEG,-,33.633,0.9388,,,n/a,167.758,512.0,67780.0,13.6
2026-09-04T01:40:44.251143,pi-test-01,img_6378,JPEG2000-ROI,-,28.547,0.8396,0.6172,0.7633,sam_uploaded,1172.3,9324.0,160498.0,5.74
2026-09-04T01:40:47.592107,pi-test-01,img_6379,JPEG,-,33.633,0.9388,,,n/a,151.241,512.0,67788.0,13.6
2026-09-04T01:40:47.592107,pi-test-01,img_6379,JPEG2000-ROI,-,28.615,0.8412,0.6212,0.7664,sam_uploaded,1179.027,9316.0,160516.0,5.74
2026-09-04T01:40:50.973924,pi-test-01,img_6380,JPEG,-,33.632,0.9388,,,n/a,152.01,512.0,67804.0,13.59
2026-09-04T01:40:50.973924,pi-test-01,img_6380,JPEG2000-ROI,-,28.458,0.8357,0.6169,0.763,sam_uploaded,1170.855,9320.0,160582.0,5.74
2026-09-04T01:40:54.527536,pi-test-01,img_6381,JPEG,-,31.28,0.92,,,n/a,166.431,512.0,76866.0,11.99
2026-09-04T01:40:54.527536,pi-test-01,img_6381,JPEG2000-ROI,-,29.113,0.875,0.7194,0.8368,sam_uploaded,1257.515,9324.0,160236.0,5.75
2026-09-04T01:40:57.983285,pi-test-01,img_6382,JPEG,-,31.278,0.92,,,n/a,152.259,512.0,76808.0,12.0
2026-09-04T01:40:57.983285,pi-test-01,img_6382,JPEG2000-ROI,-,29.009,0.873,0.7296,0.8437,sam_uploaded,1277.986,9236.0,160223.0,5.75
2026-09-04T01:41:01.590663,pi-test-01,img_6383,JPEG,-,31.278,0.92,,,n/a,152.524,512.0,76793.0,12.0
2026-09-04T01:41:01.590663,pi-test-01,img_6383,JPEG2000-ROI,-,29.132,0.8757,0.7261,0.8413,sam_uploaded,1255.906,9308.0,160537.0,5.74
2026-09-04T01:41:05.027716,pi-test-01,img_6384,JPEG,-,31.28,0.92,,,n/a,153.335,512.0,76793.0,12.0
2026-09-04T01:41:05.027716,pi-test-01,img_6384,JPEG2000-ROI,-,29.256,0.879,0.7201,0.8373,sam_uploaded,1257.169,9316.0,160510.0,5.74
2026-09-04T01:41:08.351130,pi-test-01,img_6385,JPEG,-,37.067,0.9524,,,n/a,145.69,512.0,47886.0,19.25
2026-09-04T01:41:08.351130,pi-test-01,img_6385,JPEG2000-ROI,-,32.6,0.9125,0.6123,0.7596,sam_uploaded,1160.942,9328.0,160404.0,5.75
2026-09-04T01:41:11.584743,pi-test-01,img_6386,JPEG,-,37.069,0.9523,,,n/a,146.857,512.0,47868.0,19.25
2026-09-04T01:41:11.584743,pi-test-01,img_6386,JPEG2000-ROI,-,32.536,0.9121,0.6905,0.8169,sam_uploaded,1140.759,9184.0,160510.0,5.74
2026-09-04T01:41:14.927074,pi-test-01,img_6387,JPEG,-,37.069,0.9523,,,n/a,151.02,512.0,47861.0,19.26
2026-09-04T01:41:14.927074,pi-test-01,img_6387,JPEG2000-ROI,-,32.585,0.9131,0.6128,0.7599,sam_uploaded,1135.832,9332.0,160615.0,5.74
2026-09-04T01:41:18.380362,pi-test-01,img_6388,JPEG,-,37.067,0.9524,,,n/a,147.229,512.0,47864.0,19.25
2026-09-04T01:41:18.380362,pi-test-01,img_6388,JPEG2000-ROI,-,32.549,0.9119,0.6883,0.8154,sam_uploaded,1166.436,9316.0,160619.0,5.74
2026-09-04T01:41:21.893863,pi-test-01,img_6389,JPEG,-,35.282,0.9484,,,n/a,148.692,512.0,60294.0,15.29
2026-09-04T01:41:21.893863,pi-test-01,img_6389,JPEG2000-ROI,-,31.494,0.9087,0.746,0.8545,sam_uploaded,1197.479,9412.0,160593.0,5.74
2026-09-04T01:41:25.250100,pi-test-01,img_6390,JPEG,-,35.279,0.9483,,,n/a,148.41,512.0,60298.0,15.28
2026-09-04T01:41:25.250100,pi-test-01,img_6390,JPEG2000-ROI,-,31.387,0.9089,0.7412,0.8514,sam_uploaded,1197.83,9308.0,160340.0,5.75
2026-09-04T01:41:28.625694,pi-test-01,img_6391,JPEG,-,35.279,0.9483,,,n/a,149.268,512.0,60274.0,15.29
2026-09-04T01:41:28.625694,pi-test-01,img_6391,JPEG2000-ROI,-,31.341,0.9085,0.7518,0.8583,sam_uploaded,1223.385,9296.0,160429.0,5.74
2026-09-04T01:41:32.006925,pi-test-01,img_6392,JPEG,-,35.282,0.9484,,,n/a,149.003,512.0,60279.0,15.29
2026-09-04T01:41:32.006925,pi-test-01,img_6392,JPEG2000-ROI,-,31.297,0.9067,0.7427,0.8523,sam_uploaded,1203.038,9276.0,160240.0,5.75
2026-09-04T01:41:35.321187,pi-test-01,img_6393,JPEG,-,35.92,0.948,,,n/a,148.856,512.0,55780.0,16.52
2026-09-04T01:41:35.321187,pi-test-01,img_6393,JPEG2000-ROI,-,31.001,0.8913,0.6578,0.7936,sam_uploaded,1187.012,9324.0,160499.0,5.74
2026-09-04T01:41:38.694345,pi-test-01,img_6394,JPEG,-,35.919,0.948,,,n/a,149.83,512.0,55777.0,16.52
2026-09-04T01:41:38.694345,pi-test-01,img_6394,JPEG2000-ROI,-,31.046,0.8912,0.6573,0.7932,sam_uploaded,1208.802,9408.0,160585.0,5.74
2026-09-04T01:41:42.057716,pi-test-01,img_6395,JPEG,-,35.919,0.948,,,n/a,147.324,512.0,55774.0,16.52
2026-09-04T01:41:42.057716,pi-test-01,img_6395,JPEG2000-ROI,-,30.927,0.8899,0.6567,0.7928,sam_uploaded,1186.144,9324.0,160308.0,5.75
2026-09-04T01:41:45.394929,pi-test-01,img_6396,JPEG,-,35.92,0.948,,,n/a,172.319,512.0,55787.0,16.52
2026-09-04T01:41:45.394929,pi-test-01,img_6396,JPEG2000-ROI,-,31.208,0.893,0.6575,0.7934,sam_uploaded,1194.283,9312.0,160362.0,5.75
2026-09-04T01:41:48.694863,pi-test-01,img_6397,JPEG,-,37.617,0.9474,,,n/a,145.601,512.0,43108.0,21.38
2026-09-04T01:41:48.694863,pi-test-01,img_6397,JPEG2000-ROI,-,35.932,0.9445,0.8002,0.889,sam_uploaded,1174.12,9188.0,160337.0,5.75
2026-09-04T01:41:51.968222,pi-test-01,img_6398,JPEG,-,37.619,0.9474,,,n/a,144.87,512.0,43102.0,21.38
2026-09-04T01:41:51.968222,pi-test-01,img_6398,JPEG2000-ROI,-,35.982,0.9442,0.7995,0.8886,sam_uploaded,1153.904,9328.0,160286.0,5.75
2026-09-04T01:41:55.278400,pi-test-01,img_6399,JPEG,-,37.619,0.9474,,,n/a,146.394,512.0,43082.0,21.39
2026-09-04T01:41:55.278400,pi-test-01,img_6399,JPEG2000-ROI,-,35.943,0.9446,0.7942,0.8853,sam_uploaded,1148.13,9320.0,160438.0,5.74
2026-09-04T01:41:58.545607,pi-test-01,img_6400,JPEG,-,37.617,0.9474,,,n/a,145.986,512.0,43091.0,21.39
2026-09-04T01:41:58.545607,pi-test-01,img_6400,JPEG2000-ROI,-,36.049,0.9448,0.7885,0.8818,sam_uploaded,1146.645,9324.0,160427.0,5.74
2026-09-04T01:42:01.794382,pi-test-01,img_6401,JPEG,-,37.457,0.9514,,,n/a,147.14,512.0,45115.0,20.43
2026-09-04T01:42:01.794382,pi-test-01,img_6401,JPEG2000-ROI,-,32.406,0.8895,0.5793,0.7336,sam_uploaded,1139.075,9324.0,160571.0,5.74
2026-09-04T01:42:05.138521,pi-test-01,img_6402,JPEG,-,37.456,0.9513,,,n/a,145.421,512.0,45092.0,20.44
2026-09-04T01:42:05.138521,pi-test-01,img_6402,JPEG2000-ROI,-,32.448,0.8909,0.5571,0.7156,sam_uploaded,1144.042,9324.0,160504.0,5.74
2026-09-04T01:42:08.568505,pi-test-01,img_6403,JPEG,-,37.456,0.9513,,,n/a,145.376,512.0,45115.0,20.43
2026-09-04T01:42:08.568505,pi-test-01,img_6403,JPEG2000-ROI,-,32.338,0.8881,0.5569,0.7154,sam_uploaded,1139.351,9328.0,160593.0,5.74
2026-09-04T01:42:12.036155,pi-test-01,img_6404,JPEG,-,37.457,0.9514,,,n/a,145.526,512.0,45121.0,20.43
2026-09-04T01:42:12.036155,pi-test-01,img_6404,JPEG2000-ROI,-,32.38,0.8891,0.5528,0.712,sam_uploaded,1138.118,9316.0,160492.0,5.74
2026-09-04T01:42:15.569126,pi-test-01,img_6405,JPEG,-,35.722,0.9457,,,n/a,148.077,512.0,56289.0,16.37
2026-09-04T01:42:15.569126,pi-test-01,img_6405,JPEG2000-ROI,-,29.366,0.8328,0.5022,0.6686,sam_uploaded,1168.181,9320.0,160558.0,5.74
2026-09-04T01:42:19.312176,pi-test-01,img_6406,JPEG,-,35.727,0.9458,,,n/a,148.306,512.0,56320.0,16.36
2026-09-04T01:42:19.312176,pi-test-01,img_6406,JPEG2000-ROI,-,29.571,0.8386,0.5033,0.6696,sam_uploaded,1145.673,9316.0,160564.0,5.74
2026-09-04T01:42:22.696462,pi-test-01,img_6407,JPEG,-,35.727,0.9458,,,n/a,149.361,512.0,56285.0,16.37
2026-09-04T01:42:22.696462,pi-test-01,img_6407,JPEG2000-ROI,-,29.558,0.8363,0.5028,0.6692,sam_uploaded,1149.519,9316.0,160566.0,5.74
2026-09-04T01:42:26.080846,pi-test-01,img_6408,JPEG,-,35.722,0.9457,,,n/a,147.934,512.0,56313.0,16.37
2026-09-04T01:42:26.080846,pi-test-01,img_6408,JPEG2000-ROI,-,29.49,0.837,0.5005,0.6671,sam_uploaded,1184.981,9316.0,160612.0,5.74
2026-09-04T01:42:29.491487,pi-test-01,img_6409,JPEG,-,32.023,0.9258,,,n/a,151.741,512.0,71390.0,12.91
2026-09-04T01:42:29.491487,pi-test-01,img_6409,JPEG2000-ROI,-,29.35,0.8861,0.7371,0.8487,sam_uploaded,1255.419,9276.0,160289.0,5.75
2026-09-04T01:42:32.955389,pi-test-01,img_6410,JPEG,-,32.022,0.9257,,,n/a,150.694,512.0,71382.0,12.91
2026-09-04T01:42:32.955389,pi-test-01,img_6410,JPEG2000-ROI,-,29.525,0.8893,0.7327,0.8457,sam_uploaded,1258.318,9324.0,160565.0,5.74
2026-09-04T01:42:36.472311,pi-test-01,img_6411,JPEG,-,32.022,0.9257,,,n/a,153.326,512.0,71397.0,12.91
2026-09-04T01:42:36.472311,pi-test-01,img_6411,JPEG2000-ROI,-,29.265,0.8845,0.7336,0.8463,sam_uploaded,1277.514,9324.0,160306.0,5.75
2026-09-04T01:42:39.886125,pi-test-01,img_6412,JPEG,-,32.023,0.9258,,,n/a,151.826,512.0,71415.0,12.9
2026-09-04T01:42:39.886125,pi-test-01,img_6412,JPEG2000-ROI,-,29.52,0.8885,0.7239,0.8398,sam_uploaded,1250.168,9328.0,160182.0,5.75
2026-09-04T01:42:43.555530,pi-test-01,img_6413,JPEG,-,33.339,0.9363,,,n/a,150.319,512.0,64641.0,14.26
2026-09-04T01:42:43.555530,pi-test-01,img_6413,JPEG2000-ROI,-,31.328,0.9362,0.8405,0.9133,sam_uploaded,1242.506,9312.0,159925.0,5.76
2026-09-04T01:42:47.032144,pi-test-01,img_6414,JPEG,-,33.343,0.9363,,,n/a,151.703,512.0,64632.0,14.26
2026-09-04T01:42:47.032144,pi-test-01,img_6414,JPEG2000-ROI,-,31.367,0.9357,0.8388,0.9123,sam_uploaded,1274.084,9324.0,160472.0,5.74
2026-09-04T01:42:50.585776,pi-test-01,img_6415,JPEG,-,33.343,0.9363,,,n/a,150.499,512.0,64641.0,14.26
2026-09-04T01:42:50.585776,pi-test-01,img_6415,JPEG2000-ROI,-,31.262,0.935,0.8384,0.9121,sam_uploaded,1313.375,9324.0,159952.0,5.76
2026-09-04T01:42:54.066937,pi-test-01,img_6416,JPEG,-,33.339,0.9363,,,n/a,149.732,512.0,64666.0,14.25
2026-09-04T01:42:54.066937,pi-test-01,img_6416,JPEG2000-ROI,-,31.416,0.9353,0.8429,0.9148,sam_uploaded,1245.392,9320.0,160354.0,5.75
2026-09-04T01:42:57.654751,pi-test-01,img_6417,JPEG,-,31.36,0.9307,,,n/a,153.755,512.0,74782.0,12.32
2026-09-04T01:42:57.654751,pi-test-01,img_6417,JPEG2000-ROI,-,29.963,0.9135,0.8127,0.8967,sam_uploaded,1296.773,9328.0,160400.0,5.75
2026-09-04T01:43:01.145682,pi-test-01,img_6418,JPEG,-,31.361,0.9306,,,n/a,153.071,512.0,74817.0,12.32
2026-09-04T01:43:01.145682,pi-test-01,img_6418,JPEG2000-ROI,-,30.049,0.9144,0.8049,0.8919,sam_uploaded,1293.733,9328.0,160621.0,5.74
2026-09-04T01:43:05.394022,pi-test-01,img_6419,JPEG,-,31.361,0.9306,,,n/a,152.704,512.0,74867.0,12.31
2026-09-04T01:43:05.394022,pi-test-01,img_6419,JPEG2000-ROI,-,30.088,0.916,0.8276,0.9057,sam_uploaded,1297.659,9332.0,160621.0,5.74
2026-09-04T01:43:08.981332,pi-test-01,img_6420,JPEG,-,31.36,0.9307,,,n/a,154.39,512.0,74821.0,12.32
2026-09-04T01:43:08.981332,pi-test-01,img_6420,JPEG2000-ROI,-,30.085,0.914,0.8284,0.9062,sam_uploaded,1299.381,9328.0,160474.0,5.74
2026-09-04T01:43:12.347283,pi-test-01,img_6421,JPEG,-,33.879,0.9414,,,n/a,151.813,512.0,60908.0,15.13
2026-09-04T01:43:12.347283,pi-test-01,img_6421,JPEG2000-ROI,-,29.58,0.8466,0.649,0.7871,sam_uploaded,1218.482,9264.0,160224.0,5.75
2026-09-04T01:43:15.938628,pi-test-01,img_6422,JPEG,-,33.88,0.9414,,,n/a,149.789,512.0,60923.0,15.13
2026-09-04T01:43:15.938628,pi-test-01,img_6422,JPEG2000-ROI,-,29.553,0.8445,0.6611,0.796,sam_uploaded,1200.616,9320.0,160083.0,5.76
2026-09-04T01:43:19.365486,pi-test-01,img_6423,JPEG,-,33.88,0.9414,,,n/a,149.532,512.0,60939.0,15.12
2026-09-04T01:43:19.365486,pi-test-01,img_6423,JPEG2000-ROI,-,29.655,0.8498,0.6552,0.7917,sam_uploaded,1207.802,9324.0,160434.0,5.74
2026-09-04T01:43:22.716009,pi-test-01,img_6424,JPEG,-,33.879,0.9414,,,n/a,150.711,512.0,60956.0,15.12
2026-09-04T01:43:22.716009,pi-test-01,img_6424,JPEG2000-ROI,-,29.635,0.846,0.6585,0.7941,sam_uploaded,1227.372,9240.0,160429.0,5.74
2026-09-04T01:43:26.136300,pi-test-01,img_6425,JPEG,-,33.37,0.9323,,,n/a,151.004,512.0,65634.0,14.04
2026-09-04T01:43:26.136300,pi-test-01,img_6425,JPEG2000-ROI,-,30.827,0.904,0.7706,0.8705,sam_uploaded,1251.874,9320.0,160409.0,5.75
2026-09-04T01:43:29.631410,pi-test-01,img_6426,JPEG,-,33.37,0.9323,,,n/a,151.755,512.0,65610.0,14.05
2026-09-04T01:43:29.631410,pi-test-01,img_6426,JPEG2000-ROI,-,30.902,0.9063,0.7815,0.8773,sam_uploaded,1253.792,9324.0,160367.0,5.75
2026-09-04T01:43:33.087709,pi-test-01,img_6427,JPEG,-,33.37,0.9323,,,n/a,152.061,512.0,65591.0,14.05
2026-09-04T01:43:33.087709,pi-test-01,img_6427,JPEG2000-ROI,-,30.849,0.9046,0.7795,0.8761,sam_uploaded,1266.099,9164.0,160279.0,5.75
2026-09-04T01:43:36.563587,pi-test-01,img_6428,JPEG,-,33.37,0.9323,,,n/a,151.292,512.0,65610.0,14.05
2026-09-04T01:43:36.563587,pi-test-01,img_6428,JPEG2000-ROI,-,30.846,0.9038,0.7754,0.8735,sam_uploaded,1255.277,9408.0,160422.0,5.74
2026-09-04T01:43:40.084042,pi-test-01,img_6429,JPEG,-,32.128,0.9222,,,n/a,169.408,512.0,70041.0,13.16
2026-09-04T01:43:40.084042,pi-test-01,img_6429,JPEG2000-ROI,-,29.077,0.8538,0.6751,0.806,sam_uploaded,1262.335,9324.0,160362.0,5.75
2026-09-04T01:43:43.549264,pi-test-01,img_6430,JPEG,-,32.131,0.9222,,,n/a,156.386,512.0,70079.0,13.15
2026-09-04T01:43:43.549264,pi-test-01,img_6430,JPEG2000-ROI,-,29.082,0.8529,0.6797,0.8093,sam_uploaded,1258.719,9324.0,160289.0,5.75
2026-09-04T01:43:47.080462,pi-test-01,img_6431,JPEG,-,32.131,0.9222,,,n/a,152.244,512.0,70069.0,13.15
2026-09-04T01:43:47.080462,pi-test-01,img_6431,JPEG2000-ROI,-,29.212,0.8557,0.676,0.8067,sam_uploaded,1263.779,9324.0,160439.0,5.74
2026-09-04T01:43:50.742857,pi-test-01,img_6432,JPEG,-,32.128,0.9222,,,n/a,152.21,512.0,70079.0,13.15
2026-09-04T01:43:50.742857,pi-test-01,img_6432,JPEG2000-ROI,-,29.127,0.8544,0.6789,0.8088,sam_uploaded,1262.704,9324.0,160403.0,5.75
2026-09-04T01:43:54.166519,pi-test-01,img_6433,JPEG,-,34.555,0.9389,,,n/a,148.947,512.0,55857.0,16.5
2026-09-04T01:43:54.166519,pi-test-01,img_6433,JPEG2000-ROI,-,30.286,0.8409,0.6822,0.8111,sam_uploaded,1176.057,9320.0,160474.0,5.74
2026-09-04T01:43:57.650811,pi-test-01,img_6434,JPEG,-,34.557,0.939,,,n/a,149.884,512.0,55834.0,16.51
2026-09-04T01:43:57.650811,pi-test-01,img_6434,JPEG2000-ROI,-,30.396,0.8435,0.6802,0.8097,sam_uploaded,1155.128,9320.0,160487.0,5.74
2026-09-04T01:44:01.032168,pi-test-01,img_6435,JPEG,-,34.557,0.939,,,n/a,149.507,512.0,55824.0,16.51
2026-09-04T01:44:01.032168,pi-test-01,img_6435,JPEG2000-ROI,-,30.38,0.8427,0.6832,0.8118,sam_uploaded,1180.949,9164.0,160340.0,5.75
2026-09-04T01:44:04.402469,pi-test-01,img_6436,JPEG,-,34.555,0.9389,,,n/a,150.06,512.0,55837.0,16.51
2026-09-04T01:44:04.402469,pi-test-01,img_6436,JPEG2000-ROI,-,30.353,0.8426,0.6547,0.7914,sam_uploaded,1194.347,9320.0,160169.0,5.75
2026-09-04T01:44:07.954265,pi-test-01,img_6437,JPEG,-,29.17,0.9037,,,n/a,154.553,512.0,84340.0,10.93
2026-09-04T01:44:07.954265,pi-test-01,img_6437,JPEG2000-ROI,-,27.484,0.8628,0.7397,0.8503,sam_uploaded,1337.047,9324.0,160399.0,5.75
2026-09-04T01:44:11.647541,pi-test-01,img_6438,JPEG,-,29.167,0.9036,,,n/a,154.054,512.0,84357.0,10.92
2026-09-04T01:44:11.647541,pi-test-01,img_6438,JPEG2000-ROI,-,27.606,0.8637,0.738,0.8493,sam_uploaded,1346.271,9308.0,160581.0,5.74
2026-09-04T01:44:15.340171,pi-test-01,img_6439,JPEG,-,29.167,0.9036,,,n/a,155.709,512.0,84378.0,10.92
2026-09-04T01:44:15.340171,pi-test-01,img_6439,JPEG2000-ROI,-,27.45,0.8626,0.7468,0.855,sam_uploaded,1362.11,9304.0,160610.0,5.74
2026-09-04T01:44:18.887864,pi-test-01,img_6440,JPEG,-,29.17,0.9037,,,n/a,154.954,512.0,84337.0,10.93
2026-09-04T01:44:18.887864,pi-test-01,img_6440,JPEG2000-ROI,-,27.559,0.8628,0.7452,0.854,sam_uploaded,1342.542,9332.0,160606.0,5.74
2026-09-04T01:44:22.567512,pi-test-01,img_6441,JPEG,-,30.206,0.9619,,,n/a,157.314,512.0,101480.0,9.08
2026-09-04T01:44:22.567512,pi-test-01,img_6441,JPEG2000-ROI,-,30.888,0.9667,0.3776,0.5482,sam_uploaded,1315.688,9324.0,160540.0,5.74
2026-09-04T01:44:26.196156,pi-test-01,img_6442,JPEG,-,30.207,0.9619,,,n/a,157.264,512.0,101518.0,9.08
2026-09-04T01:44:26.196156,pi-test-01,img_6442,JPEG2000-ROI,-,30.731,0.9663,0.2847,0.4433,sam_uploaded,1302.352,9032.0,160478.0,5.74
2026-09-04T01:44:29.783066,pi-test-01,img_6443,JPEG,-,30.207,0.9619,,,n/a,157.498,512.0,101470.0,9.08
2026-09-04T01:44:29.783066,pi-test-01,img_6443,JPEG2000-ROI,-,30.772,0.9665,0.3758,0.5463,sam_uploaded,1326.417,9036.0,160511.0,5.74
2026-09-04T01:44:33.357786,pi-test-01,img_6444,JPEG,-,30.206,0.9619,,,n/a,157.247,512.0,101451.0,9.08
2026-09-04T01:44:33.357786,pi-test-01,img_6444,JPEG2000-ROI,-,30.892,0.967,0.2824,0.4404,sam_uploaded,1315.323,9036.0,160546.0,5.74
2026-09-04T01:44:36.896974,pi-test-01,img_6445,JPEG,-,32.399,0.9287,,,n/a,150.536,512.0,63167.0,14.59
2026-09-04T01:44:36.896974,pi-test-01,img_6445,JPEG2000-ROI,-,30.534,0.9164,0.8542,0.9214,sam_uploaded,1255.826,8888.0,160570.0,5.74
2026-09-04T01:44:40.456339,pi-test-01,img_6446,JPEG,-,32.399,0.9288,,,n/a,151.97,512.0,63192.0,14.58
2026-09-04T01:44:40.456339,pi-test-01,img_6446,JPEG2000-ROI,-,30.48,0.9151,0.8534,0.9209,sam_uploaded,1282.36,9036.0,160376.0,5.75
2026-09-04T01:44:43.953045,pi-test-01,img_6447,JPEG,-,32.399,0.9288,,,n/a,150.16,512.0,63208.0,14.58
2026-09-04T01:44:43.953045,pi-test-01,img_6447,JPEG2000-ROI,-,30.551,0.9154,0.8547,0.9217,sam_uploaded,1260.698,9024.0,160576.0,5.74
2026-09-04T01:44:47.425401,pi-test-01,img_6448,JPEG,-,32.399,0.9287,,,n/a,150.545,512.0,63205.0,14.58
2026-09-04T01:44:47.425401,pi-test-01,img_6448,JPEG2000-ROI,-,30.556,0.916,0.8524,0.9203,sam_uploaded,1259.073,9036.0,160420.0,5.74
2026-09-04T01:44:50.928248,pi-test-01,img_6449,JPEG,-,32.632,0.9254,,,n/a,149.788,512.0,59664.0,15.45
2026-09-04T01:44:50.928248,pi-test-01,img_6449,JPEG2000-ROI,-,32.159,0.9424,0.9025,0.9488,sam_uploaded,1270.159,9032.0,160472.0,5.74
2026-09-04T01:44:54.372083,pi-test-01,img_6450,JPEG,-,32.627,0.9255,,,n/a,150.427,512.0,59650.0,15.45
2026-09-04T01:44:54.372083,pi-test-01,img_6450,JPEG2000-ROI,-,32.199,0.9426,0.8946,0.9444,sam_uploaded,1259.568,9116.0,160594.0,5.74
2026-09-04T01:44:57.852818,pi-test-01,img_6451,JPEG,-,32.627,0.9255,,,n/a,149.527,512.0,59651.0,15.45
2026-09-04T01:44:57.852818,pi-test-01,img_6451,JPEG2000-ROI,-,32.136,0.9426,0.9035,0.9493,sam_uploaded,1257.468,9032.0,160523.0,5.74
2026-09-04T01:45:01.335564,pi-test-01,img_6452,JPEG,-,32.632,0.9254,,,n/a,151.705,512.0,59664.0,15.45
2026-09-04T01:45:01.335564,pi-test-01,img_6452,JPEG2000-ROI,-,32.211,0.9426,0.8988,0.9467,sam_uploaded,1277.973,9040.0,160204.0,5.75
2026-09-04T01:45:04.864837,pi-test-01,img_6453,JPEG,-,31.93,0.9349,,,n/a,153.091,512.0,74782.0,12.32
2026-09-04T01:45:04.864837,pi-test-01,img_6453,JPEG2000-ROI,-,30.641,0.9428,0.8361,0.9107,sam_uploaded,1285.699,9032.0,160537.0,5.74
2026-09-04T01:45:08.340153,pi-test-01,img_6454,JPEG,-,31.932,0.9349,,,n/a,152.779,512.0,74765.0,12.33
2026-09-04T01:45:08.340153,pi-test-01,img_6454,JPEG2000-ROI,-,30.587,0.9429,0.8354,0.9103,sam_uploaded,1274.593,9032.0,160459.0,5.74
2026-09-04T01:45:12.094139,pi-test-01,img_6455,JPEG,-,31.932,0.9349,,,n/a,152.044,512.0,74757.0,12.33
2026-09-04T01:45:12.094139,pi-test-01,img_6455,JPEG2000-ROI,-,30.59,0.943,0.8387,0.9123,sam_uploaded,1296.154,9036.0,160291.0,5.75
2026-09-04T01:45:15.903786,pi-test-01,img_6456,JPEG,-,31.93,0.9349,,,n/a,153.365,512.0,74741.0,12.33
2026-09-04T01:45:15.903786,pi-test-01,img_6456,JPEG2000-ROI,-,30.568,0.9424,0.8302,0.9072,sam_uploaded,1286.349,9028.0,160498.0,5.74
2026-09-04T01:45:19.443791,pi-test-01,img_6457,JPEG,-,30.893,0.9229,,,n/a,155.87,512.0,82220.0,11.21
2026-09-04T01:45:19.443791,pi-test-01,img_6457,JPEG2000-ROI,-,27.816,0.8614,0.7409,0.8512,sam_uploaded,1307.139,9032.0,160468.0,5.74
2026-09-04T01:45:23.005547,pi-test-01,img_6458,JPEG,-,30.89,0.9229,,,n/a,154.691,512.0,82206.0,11.21
2026-09-04T01:45:23.005547,pi-test-01,img_6458,JPEG2000-ROI,-,27.799,0.8602,0.7441,0.8533,sam_uploaded,1318.827,8932.0,160432.0,5.74
2026-09-04T01:45:26.608316,pi-test-01,img_6459,JPEG,-,30.89,0.9229,,,n/a,154.378,512.0,82212.0,11.21
2026-09-04T01:45:26.608316,pi-test-01,img_6459,JPEG2000-ROI,-,27.812,0.8606,0.7428,0.8524,sam_uploaded,1306.528,8956.0,160530.0,5.74
2026-09-04T01:45:30.349191,pi-test-01,img_6460,JPEG,-,30.893,0.9229,,,n/a,157.418,512.0,82235.0,11.21
2026-09-04T01:45:30.349191,pi-test-01,img_6460,JPEG2000-ROI,-,27.845,0.8613,0.7415,0.8516,sam_uploaded,1300.438,9032.0,160533.0,5.74
2026-09-04T01:45:33.861945,pi-test-01,img_6461,JPEG,-,31.274,0.9529,,,n/a,155.268,512.0,91796.0,10.04
2026-09-04T01:45:33.861945,pi-test-01,img_6461,JPEG2000-ROI,-,28.9,0.9385,0.3909,0.5621,sam_uploaded,1280.431,9032.0,160360.0,5.75
2026-09-04T01:45:37.456474,pi-test-01,img_6462,JPEG,-,31.274,0.9528,,,n/a,158.151,512.0,91804.0,10.04
2026-09-04T01:45:37.456474,pi-test-01,img_6462,JPEG2000-ROI,-,28.909,0.9394,0.3865,0.5576,sam_uploaded,1287.182,9036.0,160258.0,5.75
2026-09-04T01:45:41.375741,pi-test-01,img_6463,JPEG,-,31.274,0.9528,,,n/a,156.803,512.0,91802.0,10.04
2026-09-04T01:45:41.375741,pi-test-01,img_6463,JPEG2000-ROI,-,28.999,0.9392,0.3901,0.5612,sam_uploaded,1276.939,8960.0,160439.0,5.74
2026-09-04T01:45:44.896419,pi-test-01,img_6464,JPEG,-,31.274,0.9529,,,n/a,155.999,512.0,91779.0,10.04
2026-09-04T01:45:44.896419,pi-test-01,img_6464,JPEG2000-ROI,-,28.977,0.9403,0.3892,0.5603,sam_uploaded,1277.355,9028.0,160229.0,5.75
2026-09-04T01:45:48.493341,pi-test-01,img_6465,JPEG,-,29.032,0.8935,,,n/a,154.051,512.0,84984.0,10.84
2026-09-04T01:45:48.493341,pi-test-01,img_6465,JPEG2000-ROI,-,28.221,0.8868,0.7492,0.8566,sam_uploaded,1351.568,9032.0,160476.0,5.74
2026-09-04T01:45:52.143612,pi-test-01,img_6466,JPEG,-,29.028,0.8935,,,n/a,154.796,512.0,84969.0,10.85
2026-09-04T01:45:52.143612,pi-test-01,img_6466,JPEG2000-ROI,-,28.214,0.887,0.7504,0.8574,sam_uploaded,1344.679,9020.0,160529.0,5.74
2026-09-04T01:45:55.717849,pi-test-01,img_6467,JPEG,-,29.028,0.8935,,,n/a,155.057,512.0,84973.0,10.85
2026-09-04T01:45:55.717849,pi-test-01,img_6467,JPEG2000-ROI,-,28.239,0.8873,0.7495,0.8568,sam_uploaded,1343.064,9032.0,160262.0,5.75
2026-09-04T01:45:59.372918,pi-test-01,img_6468,JPEG,-,29.032,0.8935,,,n/a,155.06,512.0,84986.0,10.84
2026-09-04T01:45:59.372918,pi-test-01,img_6468,JPEG2000-ROI,-,28.204,0.8868,0.7486,0.8562,sam_uploaded,1382.034,9020.0,160464.0,5.74
2026-09-04T01:46:02.741961,pi-test-01,img_6469,JPEG,-,34.537,0.928,,,n/a,144.593,512.0,43633.0,21.12
2026-09-04T01:46:02.741961,pi-test-01,img_6469,JPEG2000-ROI,-,37.216,0.9604,0.6971,0.8215,sam_uploaded,1203.828,9032.0,160502.0,5.74
2026-09-04T01:46:06.085676,pi-test-01,img_6470,JPEG,-,34.535,0.928,,,n/a,144.809,512.0,43616.0,21.13
2026-09-04T01:46:06.085676,pi-test-01,img_6470,JPEG2000-ROI,-,37.149,0.9601,0.8068,0.8931,sam_uploaded,1214.771,9104.0,160448.0,5.74
2026-09-04T01:46:09.390160,pi-test-01,img_6471,JPEG,-,34.535,0.928,,,n/a,144.219,512.0,43639.0,21.12
2026-09-04T01:46:09.390160,pi-test-01,img_6471,JPEG2000-ROI,-,37.166,0.9598,0.8229,0.9028,sam_uploaded,1216.675,9032.0,160618.0,5.74
2026-09-04T01:46:12.778299,pi-test-01,img_6472,JPEG,-,34.537,0.928,,,n/a,144.9,512.0,43640.0,21.12
2026-09-04T01:46:12.778299,pi-test-01,img_6472,JPEG2000-ROI,-,37.019,0.9594,0.8726,0.932,sam_uploaded,1205.28,8936.0,160322.0,5.75
2026-09-04T01:46:16.166083,pi-test-01,img_6473,JPEG,-,36.081,0.922,,,n/a,155.882,512.0,38369.0,24.02
2026-09-04T01:46:16.166083,pi-test-01,img_6473,JPEG2000-ROI,-,37.59,0.9493,0.8359,0.9106,sam_uploaded,1190.691,9024.0,160497.0,5.74
2026-09-04T01:46:19.555077,pi-test-01,img_6474,JPEG,-,36.077,0.9222,,,n/a,144.363,512.0,38356.0,24.03
2026-09-04T01:46:19.555077,pi-test-01,img_6474,JPEG2000-ROI,-,37.434,0.9476,0.834,0.9095,sam_uploaded,1210.323,9024.0,160125.0,5.76
2026-09-04T01:46:22.897719,pi-test-01,img_6475,JPEG,-,36.077,0.9222,,,n/a,145.416,512.0,38324.0,24.05
2026-09-04T01:46:22.897719,pi-test-01,img_6475,JPEG2000-ROI,-,37.759,0.949,0.8329,0.9088,sam_uploaded,1191.512,9032.0,160385.0,5.75
2026-09-04T01:46:26.287127,pi-test-01,img_6476,JPEG,-,36.081,0.922,,,n/a,160.462,512.0,38312.0,24.06
2026-09-04T01:46:26.287127,pi-test-01,img_6476,JPEG2000-ROI,-,37.588,0.9489,0.8323,0.9085,sam_uploaded,1189.116,9028.0,160092.0,5.76
2026-09-04T01:46:29.610086,pi-test-01,img_6477,JPEG,-,36.952,0.9181,,,n/a,143.7,512.0,35817.0,25.73
2026-09-04T01:46:29.610086,pi-test-01,img_6477,JPEG2000-ROI,-,37.714,0.9337,0.7012,0.8244,sam_uploaded,1178.958,8980.0,160524.0,5.74
2026-09-04T01:46:32.946007,pi-test-01,img_6478,JPEG,-,36.949,0.9181,,,n/a,143.469,512.0,35835.0,25.72
2026-09-04T01:46:32.946007,pi-test-01,img_6478,JPEG2000-ROI,-,37.682,0.9326,0.6639,0.798,sam_uploaded,1156.061,9064.0,160105.0,5.76
2026-09-04T01:46:36.218574,pi-test-01,img_6479,JPEG,-,36.949,0.9181,,,n/a,143.806,512.0,35920.0,25.66
2026-09-04T01:46:36.218574,pi-test-01,img_6479,JPEG2000-ROI,-,37.777,0.9322,0.6982,0.8223,sam_uploaded,1164.36,9036.0,160505.0,5.74
2026-09-04T01:46:39.490550,pi-test-01,img_6480,JPEG,-,36.952,0.9181,,,n/a,143.174,512.0,35921.0,25.66
2026-09-04T01:46:39.490550,pi-test-01,img_6480,JPEG2000-ROI,-,37.755,0.9328,0.6588,0.7943,sam_uploaded,1181.618,9036.0,160479.0,5.74
2026-09-04T01:46:42.783160,pi-test-01,img_6481,JPEG,-,35.903,0.9211,,,n/a,145.381,512.0,41867.0,22.01
2026-09-04T01:46:42.783160,pi-test-01,img_6481,JPEG2000-ROI,-,38.285,0.9518,0.8266,0.9051,sam_uploaded,1191.262,9036.0,160234.0,5.75
2026-09-04T01:46:46.083028,pi-test-01,img_6482,JPEG,-,35.904,0.9211,,,n/a,146.556,512.0,41882.0,22.0
2026-09-04T01:46:46.083028,pi-test-01,img_6482,JPEG2000-ROI,-,38.325,0.9509,0.7481,0.8559,sam_uploaded,1201.281,9028.0,160520.0,5.74
2026-09-04T01:46:49.456580,pi-test-01,img_6483,JPEG,-,35.904,0.9211,,,n/a,145.09,512.0,41819.0,22.04
2026-09-04T01:46:49.456580,pi-test-01,img_6483,JPEG2000-ROI,-,38.228,0.9514,0.7847,0.8794,sam_uploaded,1193.783,9032.0,160416.0,5.75
2026-09-04T01:46:52.948210,pi-test-01,img_6484,JPEG,-,35.903,0.9211,,,n/a,144.803,512.0,41824.0,22.04
2026-09-04T01:46:52.948210,pi-test-01,img_6484,JPEG2000-ROI,-,38.2,0.9495,0.7526,0.8588,sam_uploaded,1186.934,9028.0,160383.0,5.75
2026-09-04T01:46:56.418452,pi-test-01,img_6485,JPEG,-,31.925,0.8992,,,n/a,149.135,512.0,54750.0,16.83
2026-09-04T01:46:56.418452,pi-test-01,img_6485,JPEG2000-ROI,-,34.602,0.9441,0.8806,0.9365,sam_uploaded,1261.246,9028.0,160549.0,5.74
2026-09-04T01:46:59.915377,pi-test-01,img_6486,JPEG,-,31.924,0.8991,,,n/a,150.784,512.0,54750.0,16.83
2026-09-04T01:46:59.915377,pi-test-01,img_6486,JPEG2000-ROI,-,34.473,0.9431,0.8795,0.9359,sam_uploaded,1267.521,9032.0,160533.0,5.74
2026-09-04T01:47:03.728909,pi-test-01,img_6487,JPEG,-,31.924,0.8991,,,n/a,150.035,512.0,54742.0,16.84
2026-09-04T01:47:03.728909,pi-test-01,img_6487,JPEG2000-ROI,-,34.605,0.9444,0.883,0.9379,sam_uploaded,1265.675,9032.0,160457.0,5.74
2026-09-04T01:47:07.121893,pi-test-01,img_6488,JPEG,-,31.925,0.8992,,,n/a,148.56,512.0,54747.0,16.83
2026-09-04T01:47:07.121893,pi-test-01,img_6488,JPEG2000-ROI,-,34.457,0.9431,0.8839,0.9384,sam_uploaded,1262.666,9032.0,160628.0,5.74
2026-09-04T01:47:10.442510,pi-test-01,img_6489,JPEG,-,34.473,0.9078,,,n/a,147.153,512.0,45857.0,20.1
2026-09-04T01:47:10.442510,pi-test-01,img_6489,JPEG2000-ROI,-,34.52,0.9115,0.7159,0.8344,sam_uploaded,1198.496,9036.0,160078.0,5.76
2026-09-04T01:47:13.818420,pi-test-01,img_6490,JPEG,-,34.47,0.9078,,,n/a,146.594,512.0,45875.0,20.09
2026-09-04T01:47:13.818420,pi-test-01,img_6490,JPEG2000-ROI,-,34.535,0.9146,0.6972,0.8216,sam_uploaded,1210.34,9040.0,160628.0,5.74
2026-09-04T01:47:17.601777,pi-test-01,img_6491,JPEG,-,34.47,0.9078,,,n/a,146.112,512.0,45886.0,20.08
2026-09-04T01:47:17.601777,pi-test-01,img_6491,JPEG2000-ROI,-,34.429,0.9098,0.7371,0.8487,sam_uploaded,1221.973,9032.0,160501.0,5.74
2026-09-04T01:47:20.986443,pi-test-01,img_6492,JPEG,-,34.473,0.9078,,,n/a,147.874,512.0,45887.0,20.08
2026-09-04T01:47:20.986443,pi-test-01,img_6492,JPEG2000-ROI,-,34.598,0.9128,0.6575,0.7933,sam_uploaded,1200.862,9004.0,160599.0,5.74
2026-09-04T01:47:24.528031,pi-test-01,img_6493,JPEG,-,31.266,0.8783,,,n/a,148.825,512.0,57457.0,16.04
2026-09-04T01:47:24.528031,pi-test-01,img_6493,JPEG2000-ROI,-,32.655,0.9213,0.8418,0.9141,sam_uploaded,1299.561,9036.0,160565.0,5.74
2026-09-04T01:47:27.958461,pi-test-01,img_6494,JPEG,-,31.266,0.8783,,,n/a,148.662,512.0,57496.0,16.03
2026-09-04T01:47:27.958461,pi-test-01,img_6494,JPEG2000-ROI,-,32.648,0.9212,0.8397,0.9129,sam_uploaded,1337.19,9032.0,160607.0,5.74
2026-09-04T01:47:31.416140,pi-test-01,img_6495,JPEG,-,31.266,0.8783,,,n/a,149.519,512.0,57487.0,16.03
2026-09-04T01:47:31.416140,pi-test-01,img_6495,JPEG2000-ROI,-,32.74,0.9203,0.8444,0.9157,sam_uploaded,1312.131,9116.0,160554.0,5.74
2026-09-04T01:47:34.860936,pi-test-01,img_6496,JPEG,-,31.266,0.8783,,,n/a,148.922,512.0,57498.0,16.03
2026-09-04T01:47:34.860936,pi-test-01,img_6496,JPEG2000-ROI,-,32.736,0.9228,0.8437,0.9152,sam_uploaded,1312.403,9124.0,160573.0,5.74
2026-09-04T01:47:38.253401,pi-test-01,img_6497,JPEG,-,33.621,0.9181,,,n/a,148.536,512.0,49994.0,18.43
2026-09-04T01:47:38.253401,pi-test-01,img_6497,JPEG2000-ROI,-,34.08,0.9338,0.713,0.8324,sam_uploaded,1239.082,9036.0,160121.0,5.76
2026-09-04T01:47:41.724681,pi-test-01,img_6498,JPEG,-,33.619,0.918,,,n/a,148.021,512.0,49999.0,18.43
2026-09-04T01:47:41.724681,pi-test-01,img_6498,JPEG2000-ROI,-,34.239,0.9344,0.67,0.8024,sam_uploaded,1226.361,9032.0,160496.0,5.74
2026-09-04T01:47:45.256815,pi-test-01,img_6499,JPEG,-,33.619,0.918,,,n/a,148.127,512.0,50030.0,18.42
2026-09-04T01:47:45.256815,pi-test-01,img_6499,JPEG2000-ROI,-,34.053,0.9331,0.7078,0.8289,sam_uploaded,1229.787,9036.0,160227.0,5.75
2026-09-04T01:47:48.842572,pi-test-01,img_6500,JPEG,-,33.621,0.9181,,,n/a,149.186,512.0,50047.0,18.41
2026-09-04T01:47:48.842572,pi-test-01,img_6500,JPEG2000-ROI,-,34.125,0.9342,0.6767,0.8072,sam_uploaded,1335.31,9036.0,160564.0,5.74
2026-09-04T01:47:52.566148,pi-test-01,img_6501,JPEG,-,31.48,0.9072,,,n/a,155.712,512.0,65876.0,13.99
2026-09-04T01:47:52.566148,pi-test-01,img_6501,JPEG2000-ROI,-,30.829,0.8927,0.7783,0.8753,sam_uploaded,1282.829,8940.0,160540.0,5.74
2026-09-04T01:47:56.254365,pi-test-01,img_6502,JPEG,-,31.479,0.9072,,,n/a,211.123,512.0,65878.0,13.99
2026-09-04T01:47:56.254365,pi-test-01,img_6502,JPEG2000-ROI,-,30.855,0.8928,0.6498,0.7877,sam_uploaded,1284.593,9020.0,160519.0,5.74
2026-09-04T01:47:59.724422,pi-test-01,img_6503,JPEG,-,31.479,0.9072,,,n/a,150.727,512.0,65919.0,13.98
2026-09-04T01:47:59.724422,pi-test-01,img_6503,JPEG2000-ROI,-,30.91,0.8942,0.7116,0.8315,sam_uploaded,1303.373,9112.0,160520.0,5.74
2026-09-04T01:48:03.250668,pi-test-01,img_6504,JPEG,-,31.48,0.9072,,,n/a,153.454,512.0,65886.0,13.99
2026-09-04T01:48:03.250668,pi-test-01,img_6504,JPEG2000-ROI,-,30.712,0.8904,0.7291,0.8433,sam_uploaded,1286.883,9036.0,160398.0,5.75
2026-09-04T01:48:06.681965,pi-test-01,img_6505,JPEG,-,33.736,0.9187,,,n/a,158.602,512.0,53191.0,17.33
2026-09-04T01:48:06.681965,pi-test-01,img_6505,JPEG2000-ROI,-,33.941,0.9165,0.7841,0.879,sam_uploaded,1226.922,9020.0,160594.0,5.74
2026-09-04T01:48:10.263325,pi-test-01,img_6506,JPEG,-,33.737,0.9187,,,n/a,153.466,512.0,53187.0,17.33
2026-09-04T01:48:10.263325,pi-test-01,img_6506,JPEG2000-ROI,-,33.962,0.9176,0.7723,0.8715,sam_uploaded,1230.818,9028.0,160623.0,5.74
2026-09-04T01:48:13.680557,pi-test-01,img_6507,JPEG,-,33.737,0.9187,,,n/a,148.369,512.0,53218.0,17.32
2026-09-04T01:48:13.680557,pi-test-01,img_6507,JPEG2000-ROI,-,34.008,0.9172,0.7884,0.8817,sam_uploaded,1222.849,9120.0,160514.0,5.74
2026-09-04T01:48:17.034659,pi-test-01,img_6508,JPEG,-,33.736,0.9187,,,n/a,150.394,512.0,53236.0,17.31
2026-09-04T01:48:17.034659,pi-test-01,img_6508,JPEG2000-ROI,-,34.095,0.9166,0.7741,0.8726,sam_uploaded,1229.916,9036.0,160579.0,5.74
2026-09-04T01:48:20.659135,pi-test-01,img_6509,JPEG,-,35.044,0.9314,,,n/a,145.976,512.0,41180.0,22.38
2026-09-04T01:48:20.659135,pi-test-01,img_6509,JPEG2000-ROI,-,37.877,0.9637,0.886,0.9396,sam_uploaded,1202.194,9028.0,160315.0,5.75
2026-09-04T01:48:23.953284,pi-test-01,img_6510,JPEG,-,35.038,0.9314,,,n/a,151.006,512.0,41199.0,22.37
2026-09-04T01:48:23.953284,pi-test-01,img_6510,JPEG2000-ROI,-,38.148,0.9646,0.8269,0.9053,sam_uploaded,1221.762,9036.0,160348.0,5.75
2026-09-04T01:48:27.216361,pi-test-01,img_6511,JPEG,-,35.038,0.9314,,,n/a,145.314,512.0,41199.0,22.37
2026-09-04T01:48:27.216361,pi-test-01,img_6511,JPEG2000-ROI,-,38.0,0.9642,0.8039,0.8913,sam_uploaded,1192.497,9024.0,160567.0,5.74
2026-09-04T01:48:30.624754,pi-test-01,img_6512,JPEG,-,35.044,0.9314,,,n/a,146.988,512.0,41196.0,22.37
2026-09-04T01:48:30.624754,pi-test-01,img_6512,JPEG2000-ROI,-,38.076,0.9644,0.8433,0.915,sam_uploaded,1201.987,9036.0,160208.0,5.75
2026-09-04T01:48:34.123157,pi-test-01,img_6513,JPEG,-,33.648,0.9081,,,n/a,149.333,512.0,51845.0,17.78
2026-09-04T01:48:34.123157,pi-test-01,img_6513,JPEG2000-ROI,-,32.28,0.881,0.6813,0.8105,sam_uploaded,1166.479,9036.0,160611.0,5.74
2026-09-04T01:48:37.405390,pi-test-01,img_6514,JPEG,-,33.648,0.9081,,,n/a,151.131,512.0,51849.0,17.77
2026-09-04T01:48:37.405390,pi-test-01,img_6514,JPEG2000-ROI,-,32.265,0.8803,0.6362,0.7776,sam_uploaded,1176.804,8988.0,160473.0,5.74
2026-09-04T01:48:40.703678,pi-test-01,img_6515,JPEG,-,33.648,0.9081,,,n/a,148.582,512.0,51874.0,17.77
2026-09-04T01:48:40.703678,pi-test-01,img_6515,JPEG2000-ROI,-,32.213,0.8799,0.6804,0.8098,sam_uploaded,1169.38,9032.0,160541.0,5.74
2026-09-04T01:48:44.039591,pi-test-01,img_6516,JPEG,-,33.648,0.9081,,,n/a,148.851,512.0,51855.0,17.77
2026-09-04T01:48:44.039591,pi-test-01,img_6516,JPEG2000-ROI,-,32.273,0.8804,0.6463,0.7851,sam_uploaded,1174.491,9020.0,160289.0,5.75
2026-09-04T01:48:47.552361,pi-test-01,img_6517,JPEG,-,31.605,0.9028,,,n/a,153.236,512.0,66302.0,13.9
2026-09-04T01:48:47.552361,pi-test-01,img_6517,JPEG2000-ROI,-,32.217,0.9171,0.7452,0.854,sam_uploaded,1286.893,9044.0,160306.0,5.75
2026-09-04T01:48:51.153514,pi-test-01,img_6518,JPEG,-,31.599,0.9027,,,n/a,151.297,512.0,66277.0,13.91
2026-09-04T01:48:51.153514,pi-test-01,img_6518,JPEG2000-ROI,-,32.256,0.9175,0.7543,0.86,sam_uploaded,1285.19,9020.0,160444.0,5.74
2026-09-04T01:48:54.621409,pi-test-01,img_6519,JPEG,-,31.599,0.9027,,,n/a,151.691,512.0,66306.0,13.9
2026-09-04T01:48:54.621409,pi-test-01,img_6519,JPEG2000-ROI,-,32.228,0.9179,0.7658,0.8674,sam_uploaded,1295.072,9036.0,160565.0,5.74
2026-09-04T01:48:58.090987,pi-test-01,img_6520,JPEG,-,31.605,0.9028,,,n/a,151.473,512.0,66334.0,13.89
2026-09-04T01:48:58.090987,pi-test-01,img_6520,JPEG2000-ROI,-,32.148,0.9165,0.6566,0.7927,sam_uploaded,1289.37,9032.0,160587.0,5.74
2026-09-04T01:49:01.612844,pi-test-01,img_6521,JPEG,-,30.022,0.8826,,,n/a,153.57,512.0,68498.0,13.45
2026-09-04T01:49:01.612844,pi-test-01,img_6521,JPEG2000-ROI,-,31.075,0.9054,0.8017,0.8899,sam_uploaded,1345.708,9024.0,160371.0,5.75
2026-09-04T01:49:05.185462,pi-test-01,img_6522,JPEG,-,30.023,0.8825,,,n/a,151.933,512.0,68491.0,13.46
2026-09-04T01:49:05.185462,pi-test-01,img_6522,JPEG2000-ROI,-,31.077,0.9066,0.8014,0.8897,sam_uploaded,1322.37,9028.0,160291.0,5.75
2026-09-04T01:49:08.768057,pi-test-01,img_6523,JPEG,-,30.023,0.8825,,,n/a,151.432,512.0,68486.0,13.46
2026-09-04T01:49:08.768057,pi-test-01,img_6523,JPEG2000-ROI,-,31.042,0.9051,0.7987,0.8881,sam_uploaded,1322.889,9036.0,160538.0,5.74
2026-09-04T01:49:12.373325,pi-test-01,img_6524,JPEG,-,30.022,0.8826,,,n/a,151.169,512.0,68456.0,13.46
2026-09-04T01:49:12.373325,pi-test-01,img_6524,JPEG2000-ROI,-,31.117,0.9059,0.787,0.8808,sam_uploaded,1343.931,9032.0,160547.0,5.74
2026-09-04T01:49:15.708089,pi-test-01,img_6525,JPEG,-,35.175,0.9559,,,n/a,147.461,512.0,57984.0,15.89
2026-09-04T01:49:15.708089,pi-test-01,img_6525,JPEG2000-ROI,-,30.084,0.8825,0.5574,0.7158,sam_uploaded,1178.025,8896.0,160536.0,5.74
2026-09-04T01:49:19.149737,pi-test-01,img_6526,JPEG,-,35.175,0.9559,,,n/a,151.035,512.0,58003.0,15.89
2026-09-04T01:49:19.149737,pi-test-01,img_6526,JPEG2000-ROI,-,30.16,0.8849,0.5317,0.6942,sam_uploaded,1169.214,9040.0,160412.0,5.75
2026-09-04T01:49:22.568579,pi-test-01,img_6527,JPEG,-,35.175,0.9559,,,n/a,147.427,512.0,58029.0,15.88
2026-09-04T01:49:22.568579,pi-test-01,img_6527,JPEG2000-ROI,-,30.262,0.8881,0.555,0.7138,sam_uploaded,1213.162,9036.0,160601.0,5.74
2026-09-04T01:49:25.939996,pi-test-01,img_6528,JPEG,-,35.175,0.9559,,,n/a,148.752,512.0,58019.0,15.88
2026-09-04T01:49:25.939996,pi-test-01,img_6528,JPEG2000-ROI,-,30.059,0.8825,0.5502,0.7098,sam_uploaded,1178.237,8996.0,160478.0,5.74
2026-09-04T01:49:29.187378,pi-test-01,img_6529,JPEG,-,35.981,0.938,,,n/a,145.395,512.0,43038.0,21.41
2026-09-04T01:49:29.187378,pi-test-01,img_6529,JPEG2000-ROI,-,33.44,0.9284,0.7608,0.8642,sam_uploaded,1165.656,9036.0,160400.0,5.75
2026-09-04T01:49:33.477485,pi-test-01,img_6530,JPEG,-,35.982,0.9381,,,n/a,145.255,512.0,43059.0,21.4
2026-09-04T01:49:33.477485,pi-test-01,img_6530,JPEG2000-ROI,-,33.382,0.9289,0.6895,0.8162,sam_uploaded,1181.455,8880.0,160351.0,5.75
2026-09-04T01:49:36.754786,pi-test-01,img_6531,JPEG,-,35.982,0.9381,,,n/a,145.999,512.0,43081.0,21.39
2026-09-04T01:49:36.754786,pi-test-01,img_6531,JPEG2000-ROI,-,33.603,0.9295,0.7637,0.866,sam_uploaded,1173.229,9028.0,160546.0,5.74
2026-09-04T01:49:40.192665,pi-test-01,img_6532,JPEG,-,35.981,0.938,,,n/a,145.878,512.0,43055.0,21.41
2026-09-04T01:49:40.192665,pi-test-01,img_6532,JPEG2000-ROI,-,33.487,0.9284,0.6632,0.7975,sam_uploaded,1163.023,9028.0,160574.0,5.74
2026-09-04T01:49:43.722088,pi-test-01,img_6533,JPEG,-,34.106,0.9277,,,n/a,148.259,512.0,53528.0,17.22
2026-09-04T01:49:43.722088,pi-test-01,img_6533,JPEG2000-ROI,-,31.549,0.9136,0.7724,0.8716,sam_uploaded,1250.646,9028.0,160473.0,5.74
2026-09-04T01:49:47.159834,pi-test-01,img_6534,JPEG,-,34.1,0.9277,,,n/a,149.122,512.0,53501.0,17.23
2026-09-04T01:49:47.159834,pi-test-01,img_6534,JPEG2000-ROI,-,31.498,0.9141,0.7659,0.8675,sam_uploaded,1229.742,9036.0,160534.0,5.74
2026-09-04T01:49:50.533856,pi-test-01,img_6535,JPEG,-,34.1,0.9277,,,n/a,147.818,512.0,53580.0,17.2
2026-09-04T01:49:50.533856,pi-test-01,img_6535,JPEG2000-ROI,-,31.429,0.9113,0.7718,0.8712,sam_uploaded,1225.616,9032.0,160537.0,5.74
2026-09-04T01:49:54.946188,pi-test-01,img_6536,JPEG,-,34.106,0.9277,,,n/a,149.732,512.0,53618.0,17.19
2026-09-04T01:49:54.946188,pi-test-01,img_6536,JPEG2000-ROI,-,31.568,0.914,0.7657,0.8673,sam_uploaded,1261.153,9036.0,160496.0,5.74
2026-09-04T01:49:58.303037,pi-test-01,img_6537,JPEG,-,34.177,0.934,,,n/a,151.709,512.0,60031.0,15.35
2026-09-04T01:49:58.303037,pi-test-01,img_6537,JPEG2000-ROI,-,29.976,0.8881,0.8038,0.8912,sam_uploaded,1217.87,9028.0,160190.0,5.75
2026-09-04T01:50:01.618702,pi-test-01,img_6538,JPEG,-,34.18,0.9339,,,n/a,148.533,512.0,60034.0,15.35
2026-09-04T01:50:01.618702,pi-test-01,img_6538,JPEG2000-ROI,-,30.096,0.8923,0.8156,0.8984,sam_uploaded,1186.325,9036.0,160308.0,5.75
2026-09-04T01:50:05.069800,pi-test-01,img_6539,JPEG,-,34.18,0.9339,,,n/a,150.071,512.0,59951.0,15.37
2026-09-04T01:50:05.069800,pi-test-01,img_6539,JPEG2000-ROI,-,29.968,0.8897,0.809,0.8944,sam_uploaded,1189.449,8904.0,160513.0,5.74
2026-09-04T01:50:08.484648,pi-test-01,img_6540,JPEG,-,34.177,0.934,,,n/a,149.518,512.0,59957.0,15.37
2026-09-04T01:50:08.484648,pi-test-01,img_6540,JPEG2000-ROI,-,30.02,0.8891,0.811,0.8957,sam_uploaded,1212.207,9032.0,160211.0,5.75
2026-09-04T01:50:12.052690,pi-test-01,img_6541,JPEG,-,33.288,0.9227,,,n/a,150.122,512.0,60333.0,15.28
2026-09-04T01:50:12.052690,pi-test-01,img_6541,JPEG2000-ROI,-,31.114,0.8857,0.7445,0.8535,sam_uploaded,1228.0,9028.0,160414.0,5.75
2026-09-04T01:50:15.529338,pi-test-01,img_6542,JPEG,-,33.29,0.9228,,,n/a,151.495,512.0,60301.0,15.28
2026-09-04T01:50:15.529338,pi-test-01,img_6542,JPEG2000-ROI,-,31.207,0.8883,0.74,0.8505,sam_uploaded,1231.529,9028.0,160434.0,5.74
2026-09-04T01:50:18.987036,pi-test-01,img_6543,JPEG,-,33.29,0.9228,,,n/a,149.586,512.0,60299.0,15.28
2026-09-04T01:50:18.987036,pi-test-01,img_6543,JPEG2000-ROI,-,31.282,0.8889,0.7477,0.8557,sam_uploaded,1250.076,9032.0,160467.0,5.74
2026-09-04T01:50:22.370256,pi-test-01,img_6544,JPEG,-,33.288,0.9227,,,n/a,150.905,512.0,60305.0,15.28
2026-09-04T01:50:22.370256,pi-test-01,img_6544,JPEG2000-ROI,-,31.174,0.8884,0.7436,0.8529,sam_uploaded,1223.952,9036.0,160584.0,5.74
2026-09-04T01:50:25.682671,pi-test-01,img_6545,JPEG,-,34.634,0.9119,,,n/a,169.286,512.0,48017.0,19.19
2026-09-04T01:50:25.682671,pi-test-01,img_6545,JPEG2000-ROI,-,33.642,0.8972,0.7018,0.8248,sam_uploaded,1184.032,9036.0,160374.0,5.75
2026-09-04T01:50:29.034737,pi-test-01,img_6546,JPEG,-,34.635,0.9119,,,n/a,148.862,512.0,48000.0,19.2
2026-09-04T01:50:29.034737,pi-test-01,img_6546,JPEG2000-ROI,-,33.633,0.8984,0.708,0.8291,sam_uploaded,1211.191,9040.0,160299.0,5.75
2026-09-04T01:50:32.440468,pi-test-01,img_6547,JPEG,-,34.635,0.9119,,,n/a,147.088,512.0,48029.0,19.19
2026-09-04T01:50:32.440468,pi-test-01,img_6547,JPEG2000-ROI,-,33.583,0.8966,0.7103,0.8306,sam_uploaded,1182.062,9032.0,160359.0,5.75
2026-09-04T01:50:35.953748,pi-test-01,img_6548,JPEG,-,34.634,0.9119,,,n/a,157.04,512.0,48053.0,19.18
2026-09-04T01:50:35.953748,pi-test-01,img_6548,JPEG2000-ROI,-,33.539,0.8947,0.7152,0.834,sam_uploaded,1186.23,8932.0,160597.0,5.74
2026-09-04T01:50:39.519661,pi-test-01,img_6549,JPEG,-,30.922,0.8985,,,n/a,150.513,512.0,69160.0,13.33
2026-09-04T01:50:39.519661,pi-test-01,img_6549,JPEG2000-ROI,-,28.421,0.8678,0.716,0.8345,sam_uploaded,1321.099,9032.0,160572.0,5.74
2026-09-04T01:50:42.952778,pi-test-01,img_6550,JPEG,-,30.924,0.8985,,,n/a,151.544,512.0,69151.0,13.33
2026-09-04T01:50:42.952778,pi-test-01,img_6550,JPEG2000-ROI,-,28.454,0.8673,0.7133,0.8326,sam_uploaded,1288.78,9028.0,160433.0,5.74
2026-09-04T01:50:46.459042,pi-test-01,img_6551,JPEG,-,30.924,0.8985,,,n/a,156.065,512.0,69173.0,13.32
2026-09-04T01:50:46.459042,pi-test-01,img_6551,JPEG2000-ROI,-,28.341,0.8656,0.6957,0.8206,sam_uploaded,1294.279,9024.0,160574.0,5.74
2026-09-04T01:50:50.164382,pi-test-01,img_6552,JPEG,-,30.922,0.8985,,,n/a,151.52,512.0,69184.0,13.32
2026-09-04T01:50:50.164382,pi-test-01,img_6552,JPEG2000-ROI,-,28.52,0.8682,0.7108,0.831,sam_uploaded,1318.06,9028.0,160406.0,5.75
2026-09-04T01:50:53.464162,pi-test-01,img_6553,JPEG,-,37.543,0.9454,,,n/a,145.462,512.0,35242.0,26.15
2026-09-04T01:50:53.464162,pi-test-01,img_6553,JPEG2000-ROI,-,38.532,0.9592,0.2288,0.3724,sam_uploaded,1111.791,8880.0,160599.0,5.74
2026-09-04T01:50:56.633584,pi-test-01,img_6554,JPEG,-,37.54,0.9454,,,n/a,144.187,512.0,35252.0,26.14
2026-09-04T01:50:56.633584,pi-test-01,img_6554,JPEG2000-ROI,-,38.697,0.9598,0.2496,0.3995,sam_uploaded,1109.496,9024.0,160541.0,5.74
2026-09-04T01:50:59.931701,pi-test-01,img_6555,JPEG,-,37.54,0.9454,,,n/a,143.328,512.0,35273.0,26.13
2026-09-04T01:50:59.931701,pi-test-01,img_6555,JPEG2000-ROI,-,38.595,0.9595,0.2279,0.3713,sam_uploaded,1132.431,9012.0,160558.0,5.74
2026-09-04T01:51:03.177621,pi-test-01,img_6556,JPEG,-,37.543,0.9454,,,n/a,144.233,512.0,35277.0,26.12
2026-09-04T01:51:03.177621,pi-test-01,img_6556,JPEG2000-ROI,-,38.544,0.9588,0.1873,0.3155,sam_uploaded,1110.295,9032.0,160504.0,5.74
2026-09-04T01:51:06.568914,pi-test-01,img_6557,JPEG,-,37.21,0.936,,,n/a,152.4,512.0,38382.0,24.01
2026-09-04T01:51:06.568914,pi-test-01,img_6557,JPEG2000-ROI,-,35.486,0.9121,0.7136,0.8328,sam_uploaded,1112.752,9036.0,160463.0,5.74
2026-09-04T01:51:09.835311,pi-test-01,img_6558,JPEG,-,37.203,0.9359,,,n/a,145.602,512.0,38362.0,24.02
2026-09-04T01:51:09.835311,pi-test-01,img_6558,JPEG2000-ROI,-,35.468,0.9126,0.6606,0.7956,sam_uploaded,1113.4,9032.0,160636.0,5.74
2026-09-04T01:51:13.138948,pi-test-01,img_6559,JPEG,-,37.203,0.9359,,,n/a,143.789,512.0,38416.0,23.99
2026-09-04T01:51:13.138948,pi-test-01,img_6559,JPEG2000-ROI,-,35.46,0.9129,0.6851,0.8131,sam_uploaded,1114.285,9100.0,160382.0,5.75
2026-09-04T01:51:16.365618,pi-test-01,img_6560,JPEG,-,37.21,0.936,,,n/a,144.264,512.0,38395.0,24.0
2026-09-04T01:51:16.365618,pi-test-01,img_6560,JPEG2000-ROI,-,35.38,0.9115,0.7357,0.8477,sam_uploaded,1125.167,9020.0,160488.0,5.74
2026-09-04T01:51:19.693421,pi-test-01,img_6561,JPEG,-,36.028,0.9481,,,n/a,149.655,512.0,42717.0,21.57
2026-09-04T01:51:19.693421,pi-test-01,img_6561,JPEG2000-ROI,-,37.531,0.9577,0.8292,0.9066,sam_uploaded,1174.458,9032.0,160096.0,5.76
2026-09-04T01:51:22.925968,pi-test-01,img_6562,JPEG,-,36.017,0.9479,,,n/a,149.818,512.0,42752.0,21.56
2026-09-04T01:51:22.925968,pi-test-01,img_6562,JPEG2000-ROI,-,38.177,0.9602,0.9126,0.9543,sam_uploaded,1161.87,9024.0,160129.0,5.76
2026-09-04T01:51:26.231506,pi-test-01,img_6563,JPEG,-,36.017,0.9479,,,n/a,147.644,512.0,42706.0,21.58
2026-09-04T01:51:26.231506,pi-test-01,img_6563,JPEG2000-ROI,-,38.1,0.9604,0.9062,0.9508,sam_uploaded,1159.361,9032.0,160120.0,5.76
2026-09-04T01:51:29.563253,pi-test-01,img_6564,JPEG,-,36.028,0.9481,,,n/a,146.62,512.0,42704.0,21.58
2026-09-04T01:51:29.563253,pi-test-01,img_6564,JPEG2000-ROI,-,37.969,0.9597,0.8197,0.9009,sam_uploaded,1156.55,9040.0,160573.0,5.74
2026-09-04T01:51:32.781503,pi-test-01,img_6565,JPEG,-,37.552,0.9345,,,n/a,145.854,512.0,35533.0,25.94
2026-09-04T01:51:32.781503,pi-test-01,img_6565,JPEG2000-ROI,-,35.434,0.903,0.4818,0.6503,sam_uploaded,1055.181,9036.0,160375.0,5.75
2026-09-04T01:51:35.937936,pi-test-01,img_6566,JPEG,-,37.558,0.9345,,,n/a,145.273,512.0,35555.0,25.92
2026-09-04T01:51:35.937936,pi-test-01,img_6566,JPEG2000-ROI,-,35.542,0.9043,0.6193,0.7649,sam_uploaded,1062.098,8900.0,160368.0,5.75
2026-09-04T01:51:39.118932,pi-test-01,img_6567,JPEG,-,37.558,0.9345,,,n/a,143.929,512.0,35553.0,25.92
2026-09-04T01:51:39.118932,pi-test-01,img_6567,JPEG2000-ROI,-,35.441,0.9035,0.482,0.6505,sam_uploaded,1050.377,9032.0,160471.0,5.74
2026-09-04T01:51:42.389258,pi-test-01,img_6568,JPEG,-,37.552,0.9345,,,n/a,144.993,512.0,35559.0,25.92
2026-09-04T01:51:42.389258,pi-test-01,img_6568,JPEG2000-ROI,-,35.533,0.9046,0.4949,0.6621,sam_uploaded,1057.233,9020.0,160606.0,5.74
2026-09-04T01:51:45.654728,pi-test-01,img_6569,JPEG,-,37.136,0.9552,,,n/a,143.108,512.0,36197.0,25.46
2026-09-04T01:51:45.654728,pi-test-01,img_6569,JPEG2000-ROI,-,35.865,0.959,0.6858,0.8137,sam_uploaded,1177.453,9032.0,160252.0,5.75
2026-09-04T01:51:48.948614,pi-test-01,img_6570,JPEG,-,37.126,0.9551,,,n/a,143.087,512.0,36220.0,25.44
2026-09-04T01:51:48.948614,pi-test-01,img_6570,JPEG2000-ROI,-,35.871,0.9607,0.7525,0.8588,sam_uploaded,1174.519,9036.0,160584.0,5.74
2026-09-04T01:51:52.219228,pi-test-01,img_6571,JPEG,-,37.126,0.9551,,,n/a,144.015,512.0,36169.0,25.48
2026-09-04T01:51:52.219228,pi-test-01,img_6571,JPEG2000-ROI,-,35.961,0.9597,0.7324,0.8456,sam_uploaded,1176.638,9028.0,160525.0,5.74
2026-09-04T01:51:55.479094,pi-test-01,img_6572,JPEG,-,37.136,0.9552,,,n/a,144.009,512.0,36157.0,25.49
2026-09-04T01:51:55.479094,pi-test-01,img_6572,JPEG2000-ROI,-,35.878,0.9602,0.7412,0.8513,sam_uploaded,1177.073,9016.0,160329.0,5.75
2026-09-04T01:51:58.659346,pi-test-01,img_6573,JPEG,-,37.374,0.9634,,,n/a,144.418,512.0,37720.0,24.43
2026-09-04T01:51:58.659346,pi-test-01,img_6573,JPEG2000-ROI,-,39.792,0.9818,0.7329,0.8459,sam_uploaded,1120.89,9036.0,160492.0,5.74
2026-09-04T01:52:01.961522,pi-test-01,img_6574,JPEG,-,37.372,0.9634,,,n/a,146.888,512.0,37727.0,24.43
2026-09-04T01:52:01.961522,pi-test-01,img_6574,JPEG2000-ROI,-,39.67,0.9814,0.7319,0.8452,sam_uploaded,1137.517,9036.0,160467.0,5.74
2026-09-04T01:52:05.261240,pi-test-01,img_6575,JPEG,-,37.372,0.9634,,,n/a,144.127,512.0,37761.0,24.41
2026-09-04T01:52:05.261240,pi-test-01,img_6575,JPEG2000-ROI,-,39.6,0.9812,0.7334,0.8462,sam_uploaded,1131.806,9036.0,160332.0,5.75
2026-09-04T01:52:08.520834,pi-test-01,img_6576,JPEG,-,37.374,0.9634,,,n/a,144.272,512.0,37761.0,24.41
2026-09-04T01:52:08.520834,pi-test-01,img_6576,JPEG2000-ROI,-,39.863,0.9815,0.6035,0.7528,sam_uploaded,1121.205,9028.0,159954.0,5.76
2026-09-04T01:52:11.902924,pi-test-01,img_6577,JPEG,-,32.776,0.932,,,n/a,147.759,512.0,53226.0,17.31
2026-09-04T01:52:11.902924,pi-test-01,img_6577,JPEG2000-ROI,-,32.798,0.9208,0.6783,0.8083,sam_uploaded,1223.941,9036.0,160580.0,5.74
2026-09-04T01:52:15.288521,pi-test-01,img_6578,JPEG,-,32.782,0.9322,,,n/a,147.536,512.0,53219.0,17.32
2026-09-04T01:52:15.288521,pi-test-01,img_6578,JPEG2000-ROI,-,32.874,0.9214,0.6875,0.8148,sam_uploaded,1234.686,9036.0,160422.0,5.74
2026-09-04T01:52:18.672542,pi-test-01,img_6579,JPEG,-,32.782,0.9322,,,n/a,147.732,512.0,53205.0,17.32
2026-09-04T01:52:18.672542,pi-test-01,img_6579,JPEG2000-ROI,-,32.903,0.9208,0.5258,0.6892,sam_uploaded,1218.797,9036.0,160255.0,5.75
2026-09-04T01:52:22.182616,pi-test-01,img_6580,JPEG,-,32.776,0.932,,,n/a,152.937,512.0,53197.0,17.32
2026-09-04T01:52:22.182616,pi-test-01,img_6580,JPEG2000-ROI,-,32.781,0.9202,0.6044,0.7534,sam_uploaded,1250.333,9032.0,160438.0,5.74
2026-09-04T01:52:25.426302,pi-test-01,img_6581,JPEG,-,36.955,0.9445,,,n/a,147.053,512.0,38949.0,23.66
2026-09-04T01:52:25.426302,pi-test-01,img_6581,JPEG2000-ROI,-,36.461,0.9515,0.3739,0.5443,sam_uploaded,1151.906,9036.0,160510.0,5.74
2026-09-04T01:52:28.769178,pi-test-01,img_6582,JPEG,-,36.965,0.9444,,,n/a,145.145,512.0,38935.0,23.67
2026-09-04T01:52:28.769178,pi-test-01,img_6582,JPEG2000-ROI,-,36.461,0.9521,0.3834,0.5543,sam_uploaded,1150.566,9116.0,160218.0,5.75
2026-09-04T01:52:32.066402,pi-test-01,img_6583,JPEG,-,36.965,0.9444,,,n/a,145.214,512.0,39026.0,23.62
2026-09-04T01:52:32.066402,pi-test-01,img_6583,JPEG2000-ROI,-,36.51,0.9516,0.5505,0.7101,sam_uploaded,1180.707,9020.0,160249.0,5.75
2026-09-04T01:52:35.346524,pi-test-01,img_6584,JPEG,-,36.955,0.9445,,,n/a,143.467,512.0,39032.0,23.61
2026-09-04T01:52:35.346524,pi-test-01,img_6584,JPEG2000-ROI,-,36.302,0.9513,0.6019,0.7515,sam_uploaded,1148.543,8888.0,160266.0,5.75
2026-09-04T01:52:38.659355,pi-test-01,img_6585,JPEG,-,35.635,0.9369,,,n/a,146.888,512.0,45953.0,20.06
2026-09-04T01:52:38.659355,pi-test-01,img_6585,JPEG2000-ROI,-,32.861,0.9032,0.6021,0.7516,sam_uploaded,1170.053,9028.0,160412.0,5.75
2026-09-04T01:52:42.132042,pi-test-01,img_6586,JPEG,-,35.636,0.9369,,,n/a,148.817,512.0,45960.0,20.05
2026-09-04T01:52:42.132042,pi-test-01,img_6586,JPEG2000-ROI,-,32.907,0.903,0.5695,0.7257,sam_uploaded,1177.261,9032.0,160083.0,5.76
2026-09-04T01:52:45.668079,pi-test-01,img_6587,JPEG,-,35.636,0.9369,,,n/a,146.01,512.0,45954.0,20.05
2026-09-04T01:52:45.668079,pi-test-01,img_6587,JPEG2000-ROI,-,32.798,0.9017,0.6,0.75,sam_uploaded,1168.059,9036.0,160485.0,5.74
2026-09-04T01:52:49.109492,pi-test-01,img_6588,JPEG,-,35.635,0.9369,,,n/a,158.089,512.0,45965.0,20.05
2026-09-04T01:52:49.109492,pi-test-01,img_6588,JPEG2000-ROI,-,32.83,0.9024,0.5026,0.6689,sam_uploaded,1173.156,9032.0,159957.0,5.76
2026-09-04T01:52:52.672178,pi-test-01,img_6589,JPEG,-,36.838,0.937,,,n/a,144.166,512.0,38491.0,23.94
2026-09-04T01:52:52.672178,pi-test-01,img_6589,JPEG2000-ROI,-,35.688,0.9231,0.6515,0.789,sam_uploaded,1129.269,9012.0,160049.0,5.76
2026-09-04T01:52:55.876265,pi-test-01,img_6590,JPEG,-,36.832,0.937,,,n/a,145.545,512.0,38492.0,23.94
2026-09-04T01:52:55.876265,pi-test-01,img_6590,JPEG2000-ROI,-,35.903,0.9261,0.4083,0.5799,sam_uploaded,1115.246,9040.0,160231.0,5.75
2026-09-04T01:52:59.214806,pi-test-01,img_6591,JPEG,-,36.832,0.937,,,n/a,161.614,512.0,38399.0,24.0
2026-09-04T01:52:59.214806,pi-test-01,img_6591,JPEG2000-ROI,-,35.719,0.9236,0.653,0.7901,sam_uploaded,1132.31,9040.0,160437.0,5.74
2026-09-04T01:53:02.415676,pi-test-01,img_6592,JPEG,-,36.838,0.937,,,n/a,145.113,512.0,38393.0,24.0
2026-09-04T01:53:02.415676,pi-test-01,img_6592,JPEG2000-ROI,-,35.593,0.9222,0.3695,0.5396,sam_uploaded,1130.872,9020.0,160312.0,5.75
2026-09-04T01:53:05.639216,pi-test-01,img_6593,JPEG,-,37.898,0.9387,,,n/a,142.59,512.0,32659.0,28.22
2026-09-04T01:53:05.639216,pi-test-01,img_6593,JPEG2000-ROI,-,37.895,0.9522,0.7549,0.8603,sam_uploaded,1145.959,9036.0,160507.0,5.74
2026-09-04T01:53:08.981391,pi-test-01,img_6594,JPEG,-,37.898,0.9387,,,n/a,143.147,512.0,32646.0,28.23
2026-09-04T01:53:08.981391,pi-test-01,img_6594,JPEG2000-ROI,-,38.168,0.9541,0.7569,0.8617,sam_uploaded,1144.221,9036.0,160547.0,5.74
2026-09-04T01:53:12.196618,pi-test-01,img_6595,JPEG,-,37.898,0.9387,,,n/a,143.064,512.0,32693.0,28.19
2026-09-04T01:53:12.196618,pi-test-01,img_6595,JPEG2000-ROI,-,37.941,0.9525,0.7513,0.858,sam_uploaded,1142.973,9036.0,160595.0,5.74
2026-09-04T01:53:15.463273,pi-test-01,img_6596,JPEG,-,37.898,0.9387,,,n/a,143.13,512.0,32691.0,28.19
2026-09-04T01:53:15.463273,pi-test-01,img_6596,JPEG2000-ROI,-,37.981,0.9525,0.757,0.8617,sam_uploaded,1141.037,9032.0,160488.0,5.74
2026-09-04T01:53:18.820033,pi-test-01,img_6597,JPEG,-,36.255,0.9421,,,n/a,149.725,512.0,42336.0,21.77
2026-09-04T01:53:18.820033,pi-test-01,img_6597,JPEG2000-ROI,-,34.272,0.9311,0.6545,0.7912,sam_uploaded,1158.041,9028.0,160293.0,5.75
2026-09-04T01:53:22.144517,pi-test-01,img_6598,JPEG,-,36.258,0.9422,,,n/a,145.861,512.0,42323.0,21.78
2026-09-04T01:53:22.144517,pi-test-01,img_6598,JPEG2000-ROI,-,34.374,0.9309,0.6434,0.783,sam_uploaded,1165.39,9024.0,159468.0,5.78
2026-09-04T01:53:25.525121,pi-test-01,img_6599,JPEG,-,36.258,0.9422,,,n/a,145.587,512.0,42413.0,21.73
2026-09-04T01:53:25.525121,pi-test-01,img_6599,JPEG2000-ROI,-,34.347,0.9316,0.6771,0.8074,sam_uploaded,1161.35,9032.0,160317.0,5.75
2026-09-04T01:53:28.954848,pi-test-01,img_6600,JPEG,-,36.255,0.9421,,,n/a,147.85,512.0,42393.0,21.74
2026-09-04T01:53:28.954848,pi-test-01,img_6600,JPEG2000-ROI,-,34.404,0.9309,0.5733,0.7288,sam_uploaded,1166.28,9032.0,160418.0,5.74
2026-09-04T01:53:32.368993,pi-test-01,img_6601,JPEG,-,36.451,0.9408,,,n/a,145.952,512.0,39784.0,23.17
2026-09-04T01:53:32.368993,pi-test-01,img_6601,JPEG2000-ROI,-,38.968,0.9628,0.5623,0.7198,sam_uploaded,1149.463,9040.0,160198.0,5.75
2026-09-04T01:53:35.707425,pi-test-01,img_6602,JPEG,-,36.448,0.9408,,,n/a,146.574,512.0,39799.0,23.16
2026-09-04T01:53:35.707425,pi-test-01,img_6602,JPEG2000-ROI,-,38.937,0.964,0.4554,0.6258,sam_uploaded,1146.858,9016.0,160343.0,5.75
2026-09-04T01:53:39.040429,pi-test-01,img_6603,JPEG,-,36.448,0.9408,,,n/a,146.152,512.0,39888.0,23.1
2026-09-04T01:53:39.040429,pi-test-01,img_6603,JPEG2000-ROI,-,39.05,0.964,0.6023,0.7518,sam_uploaded,1175.573,8932.0,160474.0,5.74
2026-09-04T01:53:42.345982,pi-test-01,img_6604,JPEG,-,36.451,0.9408,,,n/a,146.295,512.0,39861.0,23.12
2026-09-04T01:53:42.345982,pi-test-01,img_6604,JPEG2000-ROI,-,39.027,0.9634,0.5505,0.7101,sam_uploaded,1153.794,9020.0,160326.0,5.75
2026-09-04T01:53:45.722872,pi-test-01,img_6605,JPEG,-,32.986,0.9339,,,n/a,156.373,512.0,54972.0,16.76
2026-09-04T01:53:45.722872,pi-test-01,img_6605,JPEG2000-ROI,-,31.823,0.9194,0.7713,0.8709,sam_uploaded,1236.959,9028.0,160581.0,5.74
2026-09-04T01:53:49.080170,pi-test-01,img_6606,JPEG,-,32.989,0.9339,,,n/a,148.729,512.0,54961.0,16.77
2026-09-04T01:53:49.080170,pi-test-01,img_6606,JPEG2000-ROI,-,31.6,0.9167,0.6923,0.8182,sam_uploaded,1259.938,9040.0,160602.0,5.74
2026-09-04T01:53:52.452701,pi-test-01,img_6607,JPEG,-,32.989,0.9339,,,n/a,149.095,512.0,55022.0,16.75
2026-09-04T01:53:52.452701,pi-test-01,img_6607,JPEG2000-ROI,-,31.683,0.919,0.7757,0.8737,sam_uploaded,1235.546,9032.0,160375.0,5.75
2026-09-04T01:53:55.873917,pi-test-01,img_6608,JPEG,-,32.986,0.9339,,,n/a,174.584,512.0,55018.0,16.75
2026-09-04T01:53:55.873917,pi-test-01,img_6608,JPEG2000-ROI,-,31.585,0.9172,0.7528,0.859,sam_uploaded,1237.419,9040.0,160595.0,5.74
2026-09-04T01:53:59.205763,pi-test-01,img_6609,JPEG,-,34.864,0.944,,,n/a,147.476,512.0,52182.0,17.66
2026-09-04T01:53:59.205763,pi-test-01,img_6609,JPEG2000-ROI,-,30.143,0.8915,0.6351,0.7768,sam_uploaded,1174.978,9020.0,160509.0,5.74
2026-09-04T01:54:02.531253,pi-test-01,img_6610,JPEG,-,34.861,0.9439,,,n/a,145.911,512.0,52188.0,17.66
2026-09-04T01:54:02.531253,pi-test-01,img_6610,JPEG2000-ROI,-,29.981,0.8917,0.6329,0.7752,sam_uploaded,1151.539,9032.0,160527.0,5.74
2026-09-04T01:54:05.917304,pi-test-01,img_6611,JPEG,-,34.861,0.9439,,,n/a,147.262,512.0,52277.0,17.63
2026-09-04T01:54:05.917304,pi-test-01,img_6611,JPEG2000-ROI,-,30.014,0.8908,0.6418,0.7818,sam_uploaded,1148.264,8884.0,160476.0,5.74
2026-09-04T01:54:09.357445,pi-test-01,img_6612,JPEG,-,34.864,0.944,,,n/a,147.135,512.0,52278.0,17.63
2026-09-04T01:54:09.357445,pi-test-01,img_6612,JPEG2000-ROI,-,30.079,0.8915,0.6395,0.7801,sam_uploaded,1149.735,9032.0,160459.0,5.74
2026-09-04T01:54:12.661231,pi-test-01,img_6613,JPEG,-,34.587,0.9402,,,n/a,152.291,512.0,58409.0,15.78
2026-09-04T01:54:12.661231,pi-test-01,img_6613,JPEG2000-ROI,-,29.511,0.8634,0.6065,0.7551,sam_uploaded,1157.863,8952.0,160277.0,5.75
2026-09-04T01:54:16.046717,pi-test-01,img_6614,JPEG,-,34.58,0.9401,,,n/a,156.745,512.0,58408.0,15.78
2026-09-04T01:54:16.046717,pi-test-01,img_6614,JPEG2000-ROI,-,29.582,0.8642,0.6037,0.7529,sam_uploaded,1163.849,9036.0,160322.0,5.75
2026-09-04T01:54:19.448796,pi-test-01,img_6615,JPEG,-,34.58,0.9401,,,n/a,151.747,512.0,58377.0,15.79
2026-09-04T01:54:19.448796,pi-test-01,img_6615,JPEG2000-ROI,-,29.533,0.8634,0.6015,0.7511,sam_uploaded,1177.294,9032.0,160225.0,5.75
2026-09-04T01:54:22.724850,pi-test-01,img_6616,JPEG,-,34.587,0.9402,,,n/a,152.017,512.0,58395.0,15.78
2026-09-04T01:54:22.724850,pi-test-01,img_6616,JPEG2000-ROI,-,29.422,0.8635,0.6044,0.7534,sam_uploaded,1164.14,9032.0,160200.0,5.75
2026-09-04T01:54:26.091609,pi-test-01,img_6617,JPEG,-,33.981,0.9159,,,n/a,154.237,512.0,57072.0,16.15
2026-09-04T01:54:26.091609,pi-test-01,img_6617,JPEG2000-ROI,-,32.943,0.9191,0.7717,0.8711,sam_uploaded,1198.294,9032.0,160583.0,5.74
2026-09-04T01:54:29.456522,pi-test-01,img_6618,JPEG,-,33.983,0.9158,,,n/a,153.809,512.0,57075.0,16.15
2026-09-04T01:54:29.456522,pi-test-01,img_6618,JPEG2000-ROI,-,32.946,0.9189,0.7704,0.8703,sam_uploaded,1227.039,9036.0,160576.0,5.74
2026-09-04T01:54:32.831126,pi-test-01,img_6619,JPEG,-,33.983,0.9158,,,n/a,149.047,512.0,57162.0,16.12
2026-09-04T01:54:32.831126,pi-test-01,img_6619,JPEG2000-ROI,-,32.828,0.9179,0.6499,0.7878,sam_uploaded,1199.108,9016.0,160589.0,5.74
2026-09-04T01:54:36.285223,pi-test-01,img_6620,JPEG,-,33.981,0.9159,,,n/a,148.823,512.0,57182.0,16.12
2026-09-04T01:54:36.285223,pi-test-01,img_6620,JPEG2000-ROI,-,32.905,0.9186,0.7631,0.8656,sam_uploaded,1204.946,9032.0,160583.0,5.74
2026-09-04T01:54:39.674067,pi-test-01,img_6621,JPEG,-,35.296,0.9388,,,n/a,149.145,512.0,53605.0,17.19
2026-09-04T01:54:39.674067,pi-test-01,img_6621,JPEG2000-ROI,-,31.409,0.8762,0.5007,0.6673,sam_uploaded,1170.515,9020.0,160560.0,5.74
2026-09-04T01:54:43.000200,pi-test-01,img_6622,JPEG,-,35.294,0.9388,,,n/a,149.008,512.0,53610.0,17.19
2026-09-04T01:54:43.000200,pi-test-01,img_6622,JPEG2000-ROI,-,31.354,0.8779,0.4846,0.6529,sam_uploaded,1158.858,9036.0,160118.0,5.76
2026-09-04T01:54:46.566543,pi-test-01,img_6623,JPEG,-,35.294,0.9388,,,n/a,147.87,512.0,53464.0,17.24
2026-09-04T01:54:46.566543,pi-test-01,img_6623,JPEG2000-ROI,-,31.298,0.875,0.5314,0.694,sam_uploaded,1150.925,9040.0,160363.0,5.75
2026-09-04T01:54:49.986749,pi-test-01,img_6624,JPEG,-,35.296,0.9388,,,n/a,148.249,512.0,53470.0,17.24
2026-09-04T01:54:49.986749,pi-test-01,img_6624,JPEG2000-ROI,-,31.421,0.877,0.609,0.757,sam_uploaded,1169.402,9032.0,160157.0,5.75
2026-09-04T01:54:53.666107,pi-test-01,img_6625,JPEG,-,37.218,0.95,,,n/a,146.41,512.0,38232.0,24.11
2026-09-04T01:54:53.666107,pi-test-01,img_6625,JPEG2000-ROI,-,34.979,0.9433,0.7075,0.8287,sam_uploaded,1117.209,9036.0,160519.0,5.74
2026-09-04T01:54:57.001815,pi-test-01,img_6626,JPEG,-,37.216,0.95,,,n/a,158.494,512.0,38238.0,24.1
2026-09-04T01:54:57.001815,pi-test-01,img_6626,JPEG2000-ROI,-,34.929,0.9419,0.8245,0.9038,sam_uploaded,1114.465,9096.0,160326.0,5.75
2026-09-04T01:55:00.238450,pi-test-01,img_6627,JPEG,-,37.216,0.95,,,n/a,144.776,512.0,38282.0,24.07
2026-09-04T01:55:00.238450,pi-test-01,img_6627,JPEG2000-ROI,-,34.932,0.9421,0.786,0.8802,sam_uploaded,1129.948,9040.0,160174.0,5.75
2026-09-04T01:55:03.628091,pi-test-01,img_6628,JPEG,-,37.218,0.95,,,n/a,144.469,512.0,38275.0,24.08
2026-09-04T01:55:03.628091,pi-test-01,img_6628,JPEG2000-ROI,-,34.923,0.9423,0.8277,0.9058,sam_uploaded,1106.391,9020.0,160461.0,5.74
2026-09-04T01:55:06.992184,pi-test-01,img_6629,JPEG,-,34.584,0.9525,,,n/a,150.776,512.0,58752.0,15.69
2026-09-04T01:55:06.992184,pi-test-01,img_6629,JPEG2000-ROI,-,30.086,0.8885,0.486,0.6541,sam_uploaded,1161.199,9032.0,160350.0,5.75
2026-09-04T01:55:10.330645,pi-test-01,img_6630,JPEG,-,34.584,0.9525,,,n/a,149.83,512.0,58756.0,15.69
2026-09-04T01:55:10.330645,pi-test-01,img_6630,JPEG2000-ROI,-,30.117,0.8858,0.467,0.6366,sam_uploaded,1157.153,9032.0,160530.0,5.74
2026-09-04T01:55:13.721627,pi-test-01,img_6631,JPEG,-,34.584,0.9525,,,n/a,151.52,512.0,58872.0,15.65
2026-09-04T01:55:13.721627,pi-test-01,img_6631,JPEG2000-ROI,-,30.158,0.8883,0.4887,0.6566,sam_uploaded,1157.713,9028.0,160363.0,5.75
2026-09-04T01:55:17.073991,pi-test-01,img_6632,JPEG,-,34.584,0.9525,,,n/a,149.21,512.0,58850.0,15.66
2026-09-04T01:55:17.073991,pi-test-01,img_6632,JPEG2000-ROI,-,30.204,0.8913,0.4771,0.646,sam_uploaded,1162.607,9032.0,160244.0,5.75
2026-09-04T01:55:20.480054,pi-test-01,img_6633,JPEG,-,31.785,0.9283,,,n/a,151.312,512.0,68874.0,13.38
2026-09-04T01:55:20.480054,pi-test-01,img_6633,JPEG2000-ROI,-,27.211,0.8486,0.6593,0.7947,sam_uploaded,1250.418,9032.0,160621.0,5.74
2026-09-04T01:55:23.952383,pi-test-01,img_6634,JPEG,-,31.788,0.9283,,,n/a,151.217,512.0,68899.0,13.38
2026-09-04T01:55:23.952383,pi-test-01,img_6634,JPEG2000-ROI,-,27.174,0.8487,0.6533,0.7903,sam_uploaded,1234.005,9032.0,160485.0,5.74
2026-09-04T01:55:27.410614,pi-test-01,img_6635,JPEG,-,31.788,0.9283,,,n/a,152.828,512.0,68954.0,13.37
2026-09-04T01:55:27.410614,pi-test-01,img_6635,JPEG2000-ROI,-,27.138,0.8476,0.6529,0.79,sam_uploaded,1234.481,9036.0,160444.0,5.74
2026-09-04T01:55:30.915750,pi-test-01,img_6636,JPEG,-,31.785,0.9283,,,n/a,150.782,512.0,68935.0,13.37
2026-09-04T01:55:30.915750,pi-test-01,img_6636,JPEG2000-ROI,-,27.278,0.8509,0.6587,0.7942,sam_uploaded,1259.035,9032.0,160499.0,5.74
2026-09-04T01:55:34.231515,pi-test-01,img_6637,JPEG,-,37.78,0.9546,,,n/a,143.486,512.0,38507.0,23.93
2026-09-04T01:55:34.231515,pi-test-01,img_6637,JPEG2000-ROI,-,40.692,0.9808,0.6231,0.7678,sam_uploaded,1126.824,9028.0,160479.0,5.74
2026-09-04T01:55:37.454751,pi-test-01,img_6638,JPEG,-,37.788,0.9548,,,n/a,144.161,512.0,38490.0,23.94
2026-09-04T01:55:37.454751,pi-test-01,img_6638,JPEG2000-ROI,-,40.956,0.9807,0.6457,0.7847,sam_uploaded,1123.933,9032.0,160262.0,5.75
2026-09-04T01:55:40.833938,pi-test-01,img_6639,JPEG,-,37.788,0.9548,,,n/a,143.44,512.0,38525.0,23.92
2026-09-04T01:55:40.833938,pi-test-01,img_6639,JPEG2000-ROI,-,40.655,0.9804,0.5944,0.7456,sam_uploaded,1163.691,9024.0,160136.0,5.76
2026-09-04T01:55:44.038724,pi-test-01,img_6640,JPEG,-,37.78,0.9546,,,n/a,145.555,512.0,38530.0,23.92
2026-09-04T01:55:44.038724,pi-test-01,img_6640,JPEG2000-ROI,-,40.793,0.9805,0.5446,0.7052,sam_uploaded,1126.562,9116.0,160153.0,5.75
2026-09-04T01:55:47.523787,pi-test-01,img_6641,JPEG,-,35.352,0.952,,,n/a,148.236,512.0,52224.0,17.65
2026-09-04T01:55:47.523787,pi-test-01,img_6641,JPEG2000-ROI,-,35.243,0.9458,0.7738,0.8725,sam_uploaded,1196.919,9032.0,160530.0,5.74
2026-09-04T01:55:50.847929,pi-test-01,img_6642,JPEG,-,35.354,0.9522,,,n/a,147.094,512.0,52250.0,17.64
2026-09-04T01:55:50.847929,pi-test-01,img_6642,JPEG2000-ROI,-,35.338,0.9466,0.7602,0.8638,sam_uploaded,1201.674,9036.0,160522.0,5.74
2026-09-04T01:55:54.246415,pi-test-01,img_6643,JPEG,-,35.354,0.9522,,,n/a,147.7,512.0,52201.0,17.65
2026-09-04T01:55:54.246415,pi-test-01,img_6643,JPEG2000-ROI,-,35.337,0.9481,0.7648,0.8667,sam_uploaded,1188.114,9040.0,160586.0,5.74
2026-09-04T01:55:57.712990,pi-test-01,img_6644,JPEG,-,35.352,0.952,,,n/a,148.309,512.0,52205.0,17.65
2026-09-04T01:55:57.712990,pi-test-01,img_6644,JPEG2000-ROI,-,35.309,0.9457,0.757,0.8617,sam_uploaded,1189.403,9024.0,160464.0,5.74
2026-09-04T01:56:01.191922,pi-test-01,img_6645,JPEG,-,36.008,0.951,,,n/a,147.402,512.0,49234.0,18.72
2026-09-04T01:56:01.191922,pi-test-01,img_6645,JPEG2000-ROI,-,34.976,0.9289,0.7023,0.8251,sam_uploaded,1162.206,9036.0,160406.0,5.75
2026-09-04T01:56:04.463957,pi-test-01,img_6646,JPEG,-,36.002,0.951,,,n/a,147.453,512.0,49218.0,18.72
2026-09-04T01:56:04.463957,pi-test-01,img_6646,JPEG2000-ROI,-,34.824,0.9302,0.701,0.8242,sam_uploaded,1153.48,9028.0,160141.0,5.75
2026-09-04T01:56:07.883626,pi-test-01,img_6647,JPEG,-,36.002,0.951,,,n/a,148.521,512.0,49266.0,18.71
2026-09-04T01:56:07.883626,pi-test-01,img_6647,JPEG2000-ROI,-,34.816,0.928,0.7309,0.8445,sam_uploaded,1153.216,9040.0,160254.0,5.75
2026-09-04T01:56:11.228197,pi-test-01,img_6648,JPEG,-,36.008,0.951,,,n/a,146.474,512.0,49288.0,18.7
2026-09-04T01:56:11.228197,pi-test-01,img_6648,JPEG2000-ROI,-,35.06,0.9311,0.7022,0.825,sam_uploaded,1154.576,9036.0,160426.0,5.74
2026-09-04T01:56:14.473220,pi-test-01,img_6649,JPEG,-,38.874,0.9559,,,n/a,144.528,512.0,32365.0,28.48
2026-09-04T01:56:14.473220,pi-test-01,img_6649,JPEG2000-ROI,-,39.172,0.9616,0.8176,0.8996,sam_uploaded,1091.236,9032.0,160005.0,5.76
2026-09-04T01:56:17.751593,pi-test-01,img_6650,JPEG,-,38.878,0.9559,,,n/a,145.384,512.0,32376.0,28.47
2026-09-04T01:56:17.751593,pi-test-01,img_6650,JPEG2000-ROI,-,39.179,0.9612,0.2961,0.457,sam_uploaded,1096.964,9020.0,160232.0,5.75
2026-09-04T01:56:21.234670,pi-test-01,img_6651,JPEG,-,38.878,0.9559,,,n/a,143.448,512.0,32303.0,28.53
2026-09-04T01:56:21.234670,pi-test-01,img_6651,JPEG2000-ROI,-,39.167,0.9612,0.8163,0.8989,sam_uploaded,1095.978,9032.0,159982.0,5.76
2026-09-04T01:56:24.496604,pi-test-01,img_6652,JPEG,-,38.874,0.9559,,,n/a,143.486,512.0,32276.0,28.55
2026-09-04T01:56:24.496604,pi-test-01,img_6652,JPEG2000-ROI,-,39.177,0.961,0.3294,0.4956,sam_uploaded,1099.197,9040.0,160460.0,5.74
2026-09-04T01:56:27.816959,pi-test-01,img_6653,JPEG,-,37.484,0.9551,,,n/a,146.728,512.0,41369.0,22.28
2026-09-04T01:56:27.816959,pi-test-01,img_6653,JPEG2000-ROI,-,37.466,0.9607,0.5634,0.7207,sam_uploaded,1151.99,9020.0,160237.0,5.75
2026-09-04T01:56:31.029086,pi-test-01,img_6654,JPEG,-,37.489,0.9551,,,n/a,150.597,512.0,41388.0,22.27
2026-09-04T01:56:31.029086,pi-test-01,img_6654,JPEG2000-ROI,-,37.447,0.9609,0.5957,0.7466,sam_uploaded,1144.105,8892.0,160489.0,5.74
2026-09-04T01:56:34.391193,pi-test-01,img_6655,JPEG,-,37.489,0.9551,,,n/a,168.826,512.0,41513.0,22.2
2026-09-04T01:56:34.391193,pi-test-01,img_6655,JPEG2000-ROI,-,37.522,0.9607,0.5872,0.7399,sam_uploaded,1143.654,9116.0,160284.0,5.75
2026-09-04T01:56:37.681107,pi-test-01,img_6656,JPEG,-,37.484,0.9551,,,n/a,144.912,512.0,41527.0,22.19
2026-09-04T01:56:37.681107,pi-test-01,img_6656,JPEG2000-ROI,-,37.373,0.9607,0.6737,0.805,sam_uploaded,1153.397,9028.0,160004.0,5.76
2026-09-04T01:56:40.929069,pi-test-01,img_6657,JPEG,-,36.968,0.9432,,,n/a,147.098,512.0,40563.0,22.72
2026-09-04T01:56:40.929069,pi-test-01,img_6657,JPEG2000-ROI,-,35.007,0.9175,0.6777,0.8079,sam_uploaded,1093.203,9036.0,160579.0,5.74
2026-09-04T01:56:44.113435,pi-test-01,img_6658,JPEG,-,36.967,0.9431,,,n/a,145.432,512.0,40568.0,22.72
2026-09-04T01:56:44.113435,pi-test-01,img_6658,JPEG2000-ROI,-,34.966,0.9166,0.6797,0.8093,sam_uploaded,1089.614,9032.0,160330.0,5.75
2026-09-04T01:56:47.415673,pi-test-01,img_6659,JPEG,-,36.967,0.9431,,,n/a,145.332,512.0,40610.0,22.69
2026-09-04T01:56:47.415673,pi-test-01,img_6659,JPEG2000-ROI,-,34.929,0.9165,0.6779,0.808,sam_uploaded,1098.976,9028.0,160314.0,5.75
2026-09-04T01:56:50.633990,pi-test-01,img_6660,JPEG,-,36.968,0.9432,,,n/a,146.564,512.0,40576.0,22.71
2026-09-04T01:56:50.633990,pi-test-01,img_6660,JPEG2000-ROI,-,35.013,0.9164,0.6839,0.8123,sam_uploaded,1087.223,9032.0,160554.0,5.74
2026-09-04T01:56:54.052517,pi-test-01,img_6661,JPEG,-,32.701,0.9417,,,n/a,149.45,512.0,59722.0,15.43
2026-09-04T01:56:54.052517,pi-test-01,img_6661,JPEG2000-ROI,-,33.316,0.9439,0.8527,0.9205,sam_uploaded,1268.003,9036.0,160591.0,5.74
2026-09-04T01:56:57.554221,pi-test-01,img_6662,JPEG,-,32.697,0.9417,,,n/a,149.299,512.0,59732.0,15.43
2026-09-04T01:56:57.554221,pi-test-01,img_6662,JPEG2000-ROI,-,33.327,0.9439,0.8493,0.9185,sam_uploaded,1252.081,9024.0,160441.0,5.74
2026-09-04T01:57:01.554295,pi-test-01,img_6663,JPEG,-,32.697,0.9417,,,n/a,150.534,512.0,59763.0,15.42
2026-09-04T01:57:01.554295,pi-test-01,img_6663,JPEG2000-ROI,-,33.182,0.9427,0.8533,0.9208,sam_uploaded,1246.942,9032.0,160573.0,5.74
2026-09-04T01:57:05.119098,pi-test-01,img_6664,JPEG,-,32.701,0.9417,,,n/a,149.201,512.0,59750.0,15.42
2026-09-04T01:57:05.119098,pi-test-01,img_6664,JPEG2000-ROI,-,33.45,0.944,0.8538,0.9212,sam_uploaded,1247.316,9036.0,160421.0,5.74
2026-09-04T01:57:08.524053,pi-test-01,img_6665,JPEG,-,34.261,0.9577,,,n/a,149.634,512.0,63844.0,14.44
2026-09-04T01:57:08.524053,pi-test-01,img_6665,JPEG2000-ROI,-,32.464,0.951,0.5355,0.6975,sam_uploaded,1224.236,8924.0,160205.0,5.75
2026-09-04T01:57:12.014484,pi-test-01,img_6666,JPEG,-,34.253,0.9577,,,n/a,150.572,512.0,63855.0,14.43
2026-09-04T01:57:12.014484,pi-test-01,img_6666,JPEG2000-ROI,-,32.539,0.9517,0.5364,0.6982,sam_uploaded,1219.544,8988.0,160517.0,5.74
2026-09-04T01:57:15.697168,pi-test-01,img_6667,JPEG,-,34.253,0.9577,,,n/a,150.162,512.0,63819.0,14.44
2026-09-04T01:57:15.697168,pi-test-01,img_6667,JPEG2000-ROI,-,32.507,0.9509,0.5381,0.6997,sam_uploaded,1217.274,8684.0,160411.0,5.75
2026-09-04T01:57:19.079102,pi-test-01,img_6668,JPEG,-,34.261,0.9577,,,n/a,153.191,512.0,63803.0,14.44
2026-09-04T01:57:19.079102,pi-test-01,img_6668,JPEG2000-ROI,-,32.617,0.9517,0.5378,0.6995,sam_uploaded,1240.483,9028.0,160383.0,5.75
2026-09-04T01:57:22.676730,pi-test-01,img_6669,JPEG,-,34.806,0.9547,,,n/a,152.074,512.0,56803.0,16.22
2026-09-04T01:57:22.676730,pi-test-01,img_6669,JPEG2000-ROI,-,32.935,0.9306,0.3402,0.5077,sam_uploaded,1209.556,9040.0,160472.0,5.74
2026-09-04T01:57:26.069917,pi-test-01,img_6670,JPEG,-,34.804,0.9547,,,n/a,149.467,512.0,56808.0,16.22
2026-09-04T01:57:26.069917,pi-test-01,img_6670,JPEG2000-ROI,-,32.656,0.9293,0.3398,0.5072,sam_uploaded,1202.028,9032.0,160586.0,5.74
2026-09-04T01:57:29.626758,pi-test-01,img_6671,JPEG,-,34.804,0.9547,,,n/a,150.515,512.0,56826.0,16.22
2026-09-04T01:57:29.626758,pi-test-01,img_6671,JPEG2000-ROI,-,32.93,0.9309,0.3436,0.5115,sam_uploaded,1231.424,9028.0,160466.0,5.74
2026-09-04T01:57:33.053187,pi-test-01,img_6672,JPEG,-,34.806,0.9547,,,n/a,149.947,512.0,56827.0,16.22
2026-09-04T01:57:33.053187,pi-test-01,img_6672,JPEG2000-ROI,-,32.931,0.9318,0.3371,0.5042,sam_uploaded,1200.027,9016.0,160208.0,5.75
2026-09-04T01:57:36.649147,pi-test-01,img_6673,JPEG,-,33.423,0.9441,,,n/a,161.182,512.0,67058.0,13.74
2026-09-04T01:57:36.649147,pi-test-01,img_6673,JPEG2000-ROI,-,29.105,0.8823,0.5968,0.7475,sam_uploaded,1213.232,9028.0,160307.0,5.75
2026-09-04T01:57:40.332363,pi-test-01,img_6674,JPEG,-,33.423,0.9441,,,n/a,151.664,512.0,67072.0,13.74
2026-09-04T01:57:40.332363,pi-test-01,img_6674,JPEG2000-ROI,-,29.186,0.8829,0.5553,0.7141,sam_uploaded,1236.794,9032.0,160488.0,5.74
2026-09-04T01:57:43.762902,pi-test-01,img_6675,JPEG,-,33.423,0.9441,,,n/a,151.031,512.0,67060.0,13.74
2026-09-04T01:57:43.762902,pi-test-01,img_6675,JPEG2000-ROI,-,29.172,0.882,0.5806,0.7347,sam_uploaded,1216.823,9036.0,160458.0,5.74
2026-09-04T01:57:47.225038,pi-test-01,img_6676,JPEG,-,33.423,0.9441,,,n/a,151.407,512.0,67069.0,13.74
2026-09-04T01:57:47.225038,pi-test-01,img_6676,JPEG2000-ROI,-,29.042,0.88,0.5559,0.7146,sam_uploaded,1225.075,9032.0,160450.0,5.74
2026-09-04T01:57:50.525100,pi-test-01,img_6677,JPEG,-,35.466,0.9584,,,n/a,147.461,512.0,53397.0,17.26
2026-09-04T01:57:50.525100,pi-test-01,img_6677,JPEG2000-ROI,-,30.091,0.9054,0.6589,0.7944,sam_uploaded,1186.556,9020.0,160366.0,5.75
2026-09-04T01:57:53.832137,pi-test-01,img_6678,JPEG,-,35.466,0.9584,,,n/a,150.151,512.0,53401.0,17.26
2026-09-04T01:57:53.832137,pi-test-01,img_6678,JPEG2000-ROI,-,30.235,0.9063,0.6619,0.7965,sam_uploaded,1169.01,9032.0,160397.0,5.75
2026-09-04T01:57:57.216935,pi-test-01,img_6679,JPEG,-,35.466,0.9584,,,n/a,147.953,512.0,53376.0,17.27
2026-09-04T01:57:57.216935,pi-test-01,img_6679,JPEG2000-ROI,-,30.197,0.9054,0.6597,0.795,sam_uploaded,1165.938,9036.0,160136.0,5.76
2026-09-04T01:58:00.698379,pi-test-01,img_6680,JPEG,-,35.466,0.9584,,,n/a,150.692,512.0,53367.0,17.27
2026-09-04T01:58:00.698379,pi-test-01,img_6680,JPEG2000-ROI,-,30.243,0.9064,0.6619,0.7966,sam_uploaded,1160.963,9036.0,160350.0,5.75
2026-09-04T01:58:04.228639,pi-test-01,img_6681,JPEG,-,35.12,0.9377,,,n/a,147.275,512.0,51594.0,17.86
2026-09-04T01:58:04.228639,pi-test-01,img_6681,JPEG2000-ROI,-,29.365,0.8631,0.5942,0.7455,sam_uploaded,1176.996,9032.0,160584.0,5.74
2026-09-04T01:58:07.550255,pi-test-01,img_6682,JPEG,-,35.122,0.9376,,,n/a,148.444,512.0,51616.0,17.85
2026-09-04T01:58:07.550255,pi-test-01,img_6682,JPEG2000-ROI,-,29.512,0.866,0.5912,0.7431,sam_uploaded,1172.09,9020.0,160611.0,5.74
2026-09-04T01:58:10.964599,pi-test-01,img_6683,JPEG,-,35.122,0.9376,,,n/a,147.738,512.0,51641.0,17.85
2026-09-04T01:58:10.964599,pi-test-01,img_6683,JPEG2000-ROI,-,29.403,0.864,0.592,0.7437,sam_uploaded,1197.613,9020.0,160591.0,5.74
2026-09-04T01:58:14.439387,pi-test-01,img_6684,JPEG,-,35.12,0.9377,,,n/a,149.524,512.0,51626.0,17.85
2026-09-04T01:58:14.439387,pi-test-01,img_6684,JPEG2000-ROI,-,29.49,0.8657,0.5947,0.7458,sam_uploaded,1170.458,9020.0,160560.0,5.74
2026-09-04T01:58:17.951161,pi-test-01,img_6685,JPEG,-,33.819,0.9547,,,n/a,152.653,512.0,68861.0,13.38
2026-09-04T01:58:17.951161,pi-test-01,img_6685,JPEG2000-ROI,-,29.345,0.8893,0.5601,0.718,sam_uploaded,1201.78,8996.0,160490.0,5.74
2026-09-04T01:58:21.482191,pi-test-01,img_6686,JPEG,-,33.819,0.9547,,,n/a,152.055,512.0,68870.0,13.38
2026-09-04T01:58:21.482191,pi-test-01,img_6686,JPEG2000-ROI,-,29.402,0.8906,0.5474,0.7075,sam_uploaded,1234.566,9032.0,160605.0,5.74
2026-09-04T01:58:24.857081,pi-test-01,img_6687,JPEG,-,33.819,0.9547,,,n/a,151.651,512.0,68922.0,13.37
2026-09-04T01:58:24.857081,pi-test-01,img_6687,JPEG2000-ROI,-,29.332,0.8889,0.5707,0.7267,sam_uploaded,1201.765,9036.0,160323.0,5.75
2026-09-04T01:58:28.393953,pi-test-01,img_6688,JPEG,-,33.819,0.9547,,,n/a,152.339,512.0,68926.0,13.37
2026-09-04T01:58:28.393953,pi-test-01,img_6688,JPEG2000-ROI,-,29.295,0.8892,0.526,0.6894,sam_uploaded,1209.878,9036.0,160491.0,5.74
2026-09-04T01:58:31.848175,pi-test-01,img_6689,JPEG,-,30.481,0.9292,,,n/a,153.001,512.0,80843.0,11.4
2026-09-04T01:58:31.848175,pi-test-01,img_6689,JPEG2000-ROI,-,27.388,0.8781,0.5746,0.7298,sam_uploaded,1309.555,9016.0,160535.0,5.74
2026-09-04T01:58:35.403195,pi-test-01,img_6690,JPEG,-,30.485,0.9292,,,n/a,154.613,512.0,80858.0,11.4
2026-09-04T01:58:35.403195,pi-test-01,img_6690,JPEG2000-ROI,-,27.348,0.8771,0.5671,0.7237,sam_uploaded,1292.067,8888.0,160495.0,5.74
2026-09-04T01:58:38.984663,pi-test-01,img_6691,JPEG,-,30.485,0.9292,,,n/a,153.732,512.0,80839.0,11.4
2026-09-04T01:58:38.984663,pi-test-01,img_6691,JPEG2000-ROI,-,27.309,0.8769,0.5738,0.7292,sam_uploaded,1294.47,9036.0,160601.0,5.74
2026-09-04T01:58:42.577091,pi-test-01,img_6692,JPEG,-,30.481,0.9292,,,n/a,157.752,512.0,80838.0,11.4
2026-09-04T01:58:42.577091,pi-test-01,img_6692,JPEG2000-ROI,-,27.371,0.8767,0.5664,0.7232,sam_uploaded,1306.452,9036.0,160617.0,5.74
2026-09-04T01:58:46.006212,pi-test-01,img_6693,JPEG,-,32.477,0.9393,,,n/a,150.897,512.0,64144.0,14.37
2026-09-04T01:58:46.006212,pi-test-01,img_6693,JPEG2000-ROI,-,28.828,0.8844,0.6551,0.7916,sam_uploaded,1250.371,9028.0,160458.0,5.74
2026-09-04T01:58:49.398741,pi-test-01,img_6694,JPEG,-,32.477,0.9394,,,n/a,150.75,512.0,64124.0,14.37
2026-09-04T01:58:49.398741,pi-test-01,img_6694,JPEG2000-ROI,-,28.712,0.8851,0.6394,0.7801,sam_uploaded,1250.178,9032.0,160593.0,5.74
2026-09-04T01:58:52.845182,pi-test-01,img_6695,JPEG,-,32.477,0.9394,,,n/a,151.395,512.0,64080.0,14.38
2026-09-04T01:58:52.845182,pi-test-01,img_6695,JPEG2000-ROI,-,28.813,0.8866,0.6595,0.7948,sam_uploaded,1246.588,9036.0,160589.0,5.74
2026-09-04T01:58:56.367368,pi-test-01,img_6696,JPEG,-,32.477,0.9393,,,n/a,150.778,512.0,64069.0,14.38
2026-09-04T01:58:56.367368,pi-test-01,img_6696,JPEG2000-ROI,-,28.757,0.8836,0.6477,0.7862,sam_uploaded,1240.035,9020.0,160558.0,5.74
2026-09-04T01:58:59.735952,pi-test-01,img_6697,JPEG,-,34.532,0.9416,,,n/a,148.389,512.0,53189.0,17.33
2026-09-04T01:58:59.735952,pi-test-01,img_6697,JPEG2000-ROI,-,28.162,0.8569,0.5756,0.7306,sam_uploaded,1169.194,9000.0,160293.0,5.75
2026-09-04T01:59:03.194012,pi-test-01,img_6698,JPEG,-,34.537,0.9416,,,n/a,149.757,512.0,53175.0,17.33
2026-09-04T01:59:03.194012,pi-test-01,img_6698,JPEG2000-ROI,-,28.189,0.8538,0.5818,0.7356,sam_uploaded,1179.036,9028.0,160375.0,5.75
2026-09-04T01:59:06.734273,pi-test-01,img_6699,JPEG,-,34.537,0.9416,,,n/a,150.066,512.0,53142.0,17.34
2026-09-04T01:59:06.734273,pi-test-01,img_6699,JPEG2000-ROI,-,28.207,0.8592,0.5818,0.7356,sam_uploaded,1159.716,9028.0,160516.0,5.74
2026-09-04T01:59:10.361324,pi-test-01,img_6700,JPEG,-,34.532,0.9416,,,n/a,147.682,512.0,53109.0,17.35
2026-09-04T01:59:10.361324,pi-test-01,img_6700,JPEG2000-ROI,-,28.185,0.86,0.5761,0.731,sam_uploaded,1168.967,9020.0,160345.0,5.75
2026-09-04T01:59:13.779196,pi-test-01,img_6701,JPEG,-,33.18,0.9457,,,n/a,151.83,512.0,70538.0,13.07
2026-09-04T01:59:13.779196,pi-test-01,img_6701,JPEG2000-ROI,-,27.522,0.8447,0.5308,0.6935,sam_uploaded,1199.047,9028.0,160419.0,5.74
2026-09-04T01:59:17.124211,pi-test-01,img_6702,JPEG,-,33.18,0.9457,,,n/a,153.076,512.0,70546.0,13.06
2026-09-04T01:59:17.124211,pi-test-01,img_6702,JPEG2000-ROI,-,27.569,0.8484,0.5333,0.6956,sam_uploaded,1183.209,9036.0,160341.0,5.75
2026-09-04T01:59:20.508123,pi-test-01,img_6703,JPEG,-,33.18,0.9457,,,n/a,151.995,512.0,70419.0,13.09
2026-09-04T01:59:20.508123,pi-test-01,img_6703,JPEG2000-ROI,-,27.579,0.8483,0.5331,0.6954,sam_uploaded,1179.22,9016.0,160428.0,5.74
2026-09-04T01:59:23.897494,pi-test-01,img_6704,JPEG,-,33.18,0.9457,,,n/a,151.809,512.0,70391.0,13.09
2026-09-04T01:59:23.897494,pi-test-01,img_6704,JPEG2000-ROI,-,27.52,0.8456,0.5343,0.6964,sam_uploaded,1201.067,9036.0,160035.0,5.76
2026-09-04T01:59:27.362734,pi-test-01,img_6705,JPEG,-,32.15,0.9362,,,n/a,150.929,512.0,66206.0,13.92
2026-09-04T01:59:27.362734,pi-test-01,img_6705,JPEG2000-ROI,-,27.194,0.8437,0.6244,0.7688,sam_uploaded,1235.287,9016.0,160615.0,5.74
2026-09-04T01:59:30.846849,pi-test-01,img_6706,JPEG,-,32.153,0.9362,,,n/a,152.761,512.0,66210.0,13.92
2026-09-04T01:59:30.846849,pi-test-01,img_6706,JPEG2000-ROI,-,27.188,0.8453,0.6267,0.7705,sam_uploaded,1243.758,9024.0,160567.0,5.74
2026-09-04T01:59:34.327173,pi-test-01,img_6707,JPEG,-,32.153,0.9362,,,n/a,150.652,512.0,66206.0,13.92
2026-09-04T01:59:34.327173,pi-test-01,img_6707,JPEG2000-ROI,-,27.257,0.8484,0.6243,0.7687,sam_uploaded,1254.756,9040.0,160585.0,5.74
2026-09-04T01:59:37.813219,pi-test-01,img_6708,JPEG,-,32.15,0.9362,,,n/a,150.851,512.0,66192.0,13.92
2026-09-04T01:59:37.813219,pi-test-01,img_6708,JPEG2000-ROI,-,27.271,0.8465,0.6262,0.7701,sam_uploaded,1238.166,9012.0,160584.0,5.74
2026-09-04T01:59:41.186488,pi-test-01,img_6709,JPEG,-,33.507,0.9402,,,n/a,150.614,512.0,61038.0,15.1
2026-09-04T01:59:41.186488,pi-test-01,img_6709,JPEG2000-ROI,-,28.262,0.8586,0.6414,0.7815,sam_uploaded,1214.682,8848.0,160524.0,5.74
2026-09-04T01:59:44.546630,pi-test-01,img_6710,JPEG,-,33.501,0.9401,,,n/a,150.154,512.0,61051.0,15.1
2026-09-04T01:59:44.546630,pi-test-01,img_6710,JPEG2000-ROI,-,28.145,0.8547,0.6136,0.7606,sam_uploaded,1232.855,9036.0,160550.0,5.74
2026-09-04T01:59:47.901687,pi-test-01,img_6711,JPEG,-,33.501,0.9401,,,n/a,151.016,512.0,60960.0,15.12
2026-09-04T01:59:47.901687,pi-test-01,img_6711,JPEG2000-ROI,-,28.26,0.8579,0.5991,0.7493,sam_uploaded,1207.421,8880.0,160524.0,5.74
2026-09-04T01:59:51.331817,pi-test-01,img_6712,JPEG,-,33.507,0.9402,,,n/a,150.569,512.0,60967.0,15.12
2026-09-04T01:59:51.331817,pi-test-01,img_6712,JPEG2000-ROI,-,28.159,0.8556,0.5989,0.7492,sam_uploaded,1213.763,8860.0,160538.0,5.74
2026-09-04T01:59:54.722453,pi-test-01,img_6713,JPEG,-,33.324,0.9435,,,n/a,151.179,512.0,68959.0,13.36
2026-09-04T01:59:54.722453,pi-test-01,img_6713,JPEG2000-ROI,-,28.056,0.8572,0.4254,0.5969,sam_uploaded,1198.076,8940.0,160241.0,5.75
2026-09-04T01:59:58.090404,pi-test-01,img_6714,JPEG,-,33.323,0.9435,,,n/a,151.506,512.0,68919.0,13.37
2026-09-04T01:59:58.090404,pi-test-01,img_6714,JPEG2000-ROI,-,28.108,0.8602,0.4211,0.5927,sam_uploaded,1184.71,8816.0,160512.0,5.74
2026-09-04T02:00:01.462019,pi-test-01,img_6715,JPEG,-,33.323,0.9435,,,n/a,151.101,512.0,68893.0,13.38
2026-09-04T02:00:01.462019,pi-test-01,img_6715,JPEG2000-ROI,-,27.892,0.8495,0.4255,0.5969,sam_uploaded,1188.321,9040.0,160100.0,5.76
2026-09-04T02:00:04.869531,pi-test-01,img_6716,JPEG,-,33.324,0.9435,,,n/a,152.951,512.0,68927.0,13.37
2026-09-04T02:00:04.869531,pi-test-01,img_6716,JPEG2000-ROI,-,28.118,0.8557,0.4284,0.5999,sam_uploaded,1208.081,9020.0,160598.0,5.74
2026-09-04T02:00:08.332756,pi-test-01,img_6717,JPEG,-,29.866,0.9222,,,n/a,153.909,512.0,81962.0,11.24
2026-09-04T02:00:08.332756,pi-test-01,img_6717,JPEG2000-ROI,-,25.339,0.8393,0.6186,0.7644,sam_uploaded,1286.119,9024.0,160630.0,5.74
2026-09-04T02:00:11.820994,pi-test-01,img_6718,JPEG,-,29.868,0.9222,,,n/a,153.533,512.0,81987.0,11.24
2026-09-04T02:00:11.820994,pi-test-01,img_6718,JPEG2000-ROI,-,25.316,0.8408,0.6224,0.7673,sam_uploaded,1285.838,9040.0,160568.0,5.74
2026-09-04T02:00:15.310108,pi-test-01,img_6719,JPEG,-,29.868,0.9222,,,n/a,154.735,512.0,81876.0,11.26
2026-09-04T02:00:15.310108,pi-test-01,img_6719,JPEG2000-ROI,-,25.283,0.839,0.6252,0.7694,sam_uploaded,1319.418,9040.0,160568.0,5.74
2026-09-04T02:00:18.835324,pi-test-01,img_6720,JPEG,-,29.866,0.9222,,,n/a,154.097,512.0,81868.0,11.26
2026-09-04T02:00:18.835324,pi-test-01,img_6720,JPEG2000-ROI,-,25.387,0.8408,0.6328,0.7751,sam_uploaded,1287.914,8984.0,160575.0,5.74
2026-09-04T02:00:22.176318,pi-test-01,img_6721,JPEG,-,33.891,0.9406,,,n/a,154.46,512.0,61318.0,15.03
2026-09-04T02:00:22.176318,pi-test-01,img_6721,JPEG2000-ROI,-,26.697,0.7749,0.4621,0.6321,sam_uploaded,1097.774,9036.0,160141.0,5.75
2026-09-04T02:00:25.412602,pi-test-01,img_6722,JPEG,-,33.894,0.9405,,,n/a,153.607,512.0,61337.0,15.03
2026-09-04T02:00:25.412602,pi-test-01,img_6722,JPEG2000-ROI,-,26.701,0.7743,0.4412,0.6122,sam_uploaded,1107.192,9028.0,160163.0,5.75
2026-09-04T02:00:28.711822,pi-test-01,img_6723,JPEG,-,33.894,0.9405,,,n/a,155.529,512.0,61356.0,15.02
2026-09-04T02:00:28.711822,pi-test-01,img_6723,JPEG2000-ROI,-,26.694,0.7749,0.4616,0.6317,sam_uploaded,1107.838,9028.0,160194.0,5.75
2026-09-04T02:00:31.968875,pi-test-01,img_6724,JPEG,-,33.891,0.9406,,,n/a,153.963,512.0,61317.0,15.03
2026-09-04T02:00:31.968875,pi-test-01,img_6724,JPEG2000-ROI,-,26.682,0.7734,0.4693,0.6388,sam_uploaded,1097.091,9032.0,160480.0,5.74
2026-09-04T02:00:35.401143,pi-test-01,img_6725,JPEG,-,33.817,0.9331,,,n/a,149.77,512.0,58352.0,15.79
2026-09-04T02:00:35.401143,pi-test-01,img_6725,JPEG2000-ROI,-,28.442,0.8423,0.6199,0.7654,sam_uploaded,1207.202,9032.0,160482.0,5.74
2026-09-04T02:00:38.745676,pi-test-01,img_6726,JPEG,-,33.818,0.9331,,,n/a,155.414,512.0,58361.0,15.79
2026-09-04T02:00:38.745676,pi-test-01,img_6726,JPEG2000-ROI,-,28.538,0.8461,0.6212,0.7664,sam_uploaded,1182.544,9036.0,160564.0,5.74
2026-09-04T02:00:42.271869,pi-test-01,img_6727,JPEG,-,33.818,0.9331,,,n/a,183.836,512.0,58357.0,15.79
2026-09-04T02:00:42.271869,pi-test-01,img_6727,JPEG2000-ROI,-,28.248,0.8373,0.6235,0.7681,sam_uploaded,1183.19,9108.0,160268.0,5.75
2026-09-04T02:00:45.915725,pi-test-01,img_6728,JPEG,-,33.817,0.9331,,,n/a,150.573,512.0,58389.0,15.78
2026-09-04T02:00:45.915725,pi-test-01,img_6728,JPEG2000-ROI,-,28.433,0.844,0.6231,0.7678,sam_uploaded,1199.918,9036.0,160217.0,5.75
2026-09-04T02:00:49.326866,pi-test-01,img_6729,JPEG,-,33.322,0.9344,,,n/a,149.781,512.0,60813.0,15.15
2026-09-04T02:00:49.326866,pi-test-01,img_6729,JPEG2000-ROI,-,27.502,0.8371,0.617,0.7632,sam_uploaded,1199.715,8984.0,160478.0,5.74
2026-09-04T02:00:52.845654,pi-test-01,img_6730,JPEG,-,33.321,0.9343,,,n/a,149.381,512.0,60815.0,15.15
2026-09-04T02:00:52.845654,pi-test-01,img_6730,JPEG2000-ROI,-,27.592,0.8382,0.6157,0.7622,sam_uploaded,1201.655,9028.0,160587.0,5.74
2026-09-04T02:00:56.170967,pi-test-01,img_6731,JPEG,-,33.321,0.9343,,,n/a,150.444,512.0,60790.0,15.16
2026-09-04T02:00:56.170967,pi-test-01,img_6731,JPEG2000-ROI,-,27.546,0.8379,0.6138,0.7607,sam_uploaded,1206.049,9000.0,160501.0,5.74
2026-09-04T02:00:59.521830,pi-test-01,img_6732,JPEG,-,33.322,0.9344,,,n/a,149.48,512.0,60807.0,15.16
2026-09-04T02:00:59.521830,pi-test-01,img_6732,JPEG2000-ROI,-,27.534,0.8357,0.62,0.7655,sam_uploaded,1205.664,9036.0,160563.0,5.74
2026-09-04T02:01:02.895013,pi-test-01,img_6733,JPEG,-,34.075,0.9364,,,n/a,148.418,512.0,56360.0,16.35
2026-09-04T02:01:02.895013,pi-test-01,img_6733,JPEG2000-ROI,-,30.069,0.9029,0.6918,0.8178,sam_uploaded,1207.037,9016.0,160567.0,5.74
2026-09-04T02:01:06.298688,pi-test-01,img_6734,JPEG,-,34.073,0.9363,,,n/a,148.704,512.0,56357.0,16.35
2026-09-04T02:01:06.298688,pi-test-01,img_6734,JPEG2000-ROI,-,30.174,0.9019,0.7185,0.8362,sam_uploaded,1224.092,9032.0,160574.0,5.74
2026-09-04T02:01:09.724759,pi-test-01,img_6735,JPEG,-,34.073,0.9363,,,n/a,149.73,512.0,56304.0,16.37
2026-09-04T02:01:09.724759,pi-test-01,img_6735,JPEG2000-ROI,-,30.175,0.9051,0.7018,0.8247,sam_uploaded,1200.348,8932.0,160365.0,5.75
2026-09-04T02:01:13.071678,pi-test-01,img_6736,JPEG,-,34.075,0.9364,,,n/a,148.937,512.0,56298.0,16.37
2026-09-04T02:01:13.071678,pi-test-01,img_6736,JPEG2000-ROI,-,30.124,0.9043,0.7329,0.8458,sam_uploaded,1200.528,9032.0,160517.0,5.74
2026-09-04T02:01:16.389236,pi-test-01,img_6737,JPEG,-,34.17,0.939,,,n/a,149.536,512.0,53636.0,17.18
2026-09-04T02:01:16.389236,pi-test-01,img_6737,JPEG2000-ROI,-,29.35,0.8617,0.6418,0.7818,sam_uploaded,1179.545,9032.0,160573.0,5.74
2026-09-04T02:01:19.931479,pi-test-01,img_6738,JPEG,-,34.168,0.939,,,n/a,148.084,512.0,53634.0,17.18
2026-09-04T02:01:19.931479,pi-test-01,img_6738,JPEG2000-ROI,-,29.352,0.8649,0.6532,0.7902,sam_uploaded,1171.489,9036.0,160086.0,5.76
2026-09-04T02:01:23.585204,pi-test-01,img_6739,JPEG,-,34.168,0.939,,,n/a,149.156,512.0,53628.0,17.19
2026-09-04T02:01:23.585204,pi-test-01,img_6739,JPEG2000-ROI,-,29.285,0.864,0.6412,0.7814,sam_uploaded,1177.954,9032.0,160441.0,5.74
2026-09-04T02:01:26.990113,pi-test-01,img_6740,JPEG,-,34.17,0.939,,,n/a,148.142,512.0,53637.0,17.18
2026-09-04T02:01:26.990113,pi-test-01,img_6740,JPEG2000-ROI,-,29.261,0.8615,0.6445,0.7838,sam_uploaded,1209.551,9028.0,160012.0,5.76
2026-09-04T02:01:30.505643,pi-test-01,img_6741,JPEG,-,33.354,0.9327,,,n/a,149.937,512.0,59319.0,15.54
2026-09-04T02:01:30.505643,pi-test-01,img_6741,JPEG2000-ROI,-,28.378,0.8697,0.7234,0.8395,sam_uploaded,1222.871,9032.0,160362.0,5.75
2026-09-04T02:01:34.114868,pi-test-01,img_6742,JPEG,-,33.354,0.9327,,,n/a,149.091,512.0,59291.0,15.54
2026-09-04T02:01:34.114868,pi-test-01,img_6742,JPEG2000-ROI,-,28.253,0.8697,0.719,0.8365,sam_uploaded,1224.916,9036.0,160249.0,5.75
2026-09-04T02:01:37.621042,pi-test-01,img_6743,JPEG,-,33.354,0.9327,,,n/a,149.593,512.0,59304.0,15.54
2026-09-04T02:01:37.621042,pi-test-01,img_6743,JPEG2000-ROI,-,28.436,0.873,0.7133,0.8327,sam_uploaded,1242.377,9124.0,160391.0,5.75
2026-09-04T02:01:41.190110,pi-test-01,img_6744,JPEG,-,33.354,0.9327,,,n/a,148.983,512.0,59305.0,15.54
2026-09-04T02:01:41.190110,pi-test-01,img_6744,JPEG2000-ROI,-,28.218,0.869,0.7185,0.8362,sam_uploaded,1229.799,9016.0,160461.0,5.74
2026-09-04T02:01:44.714726,pi-test-01,img_6745,JPEG,-,29.838,0.9106,,,n/a,153.602,512.0,78552.0,11.73
2026-09-04T02:01:44.714726,pi-test-01,img_6745,JPEG2000-ROI,-,25.344,0.822,0.6952,0.8202,sam_uploaded,1289.617,9032.0,160637.0,5.74
2026-09-04T02:01:48.326834,pi-test-01,img_6746,JPEG,-,29.842,0.9107,,,n/a,153.734,512.0,78531.0,11.74
2026-09-04T02:01:48.326834,pi-test-01,img_6746,JPEG2000-ROI,-,25.375,0.823,0.6933,0.8189,sam_uploaded,1315.463,9112.0,160445.0,5.74
2026-09-04T02:01:51.856145,pi-test-01,img_6747,JPEG,-,29.842,0.9107,,,n/a,155.107,512.0,78548.0,11.73
2026-09-04T02:01:51.856145,pi-test-01,img_6747,JPEG2000-ROI,-,25.384,0.8239,0.6933,0.8189,sam_uploaded,1293.055,9000.0,160515.0,5.74
2026-09-04T02:01:55.527789,pi-test-01,img_6748,JPEG,-,29.838,0.9106,,,n/a,154.989,512.0,78548.0,11.73
2026-09-04T02:01:55.527789,pi-test-01,img_6748,JPEG2000-ROI,-,25.331,0.8229,0.692,0.818,sam_uploaded,1289.777,9040.0,160595.0,5.74
2026-09-04T02:01:58.884564,pi-test-01,img_6749,JPEG,-,34.856,0.9357,,,n/a,149.051,512.0,48313.0,19.08
2026-09-04T02:01:58.884564,pi-test-01,img_6749,JPEG2000-ROI,-,29.622,0.8634,0.5991,0.7493,sam_uploaded,1176.645,9016.0,160547.0,5.74
2026-09-04T02:02:02.322030,pi-test-01,img_6750,JPEG,-,34.857,0.9357,,,n/a,146.426,512.0,48318.0,19.07
2026-09-04T02:02:02.322030,pi-test-01,img_6750,JPEG2000-ROI,-,29.495,0.8605,0.599,0.7493,sam_uploaded,1153.086,9040.0,160144.0,5.75
2026-09-04T02:02:05.669861,pi-test-01,img_6751,JPEG,-,34.857,0.9357,,,n/a,149.106,512.0,48314.0,19.08
2026-09-04T02:02:05.669861,pi-test-01,img_6751,JPEG2000-ROI,-,29.425,0.86,0.6003,0.7502,sam_uploaded,1147.253,9032.0,160211.0,5.75
2026-09-04T02:02:09.062713,pi-test-01,img_6752,JPEG,-,34.856,0.9357,,,n/a,146.926,512.0,48309.0,19.08
2026-09-04T02:02:09.062713,pi-test-01,img_6752,JPEG2000-ROI,-,29.486,0.8599,0.5951,0.7462,sam_uploaded,1188.921,9028.0,160162.0,5.75
2026-09-04T02:02:12.392683,pi-test-01,img_6753,JPEG,-,34.661,0.9348,,,n/a,147.838,512.0,49314.0,18.69
2026-09-04T02:02:12.392683,pi-test-01,img_6753,JPEG2000-ROI,-,31.15,0.8916,0.728,0.8426,sam_uploaded,1178.814,9036.0,160602.0,5.74
2026-09-04T02:02:15.860694,pi-test-01,img_6754,JPEG,-,34.662,0.9349,,,n/a,146.743,512.0,49309.0,18.69
2026-09-04T02:02:15.860694,pi-test-01,img_6754,JPEG2000-ROI,-,31.209,0.8918,0.7259,0.8412,sam_uploaded,1185.853,9032.0,160457.0,5.74
2026-09-04T02:02:19.343468,pi-test-01,img_6755,JPEG,-,34.662,0.9349,,,n/a,146.877,512.0,49358.0,18.67
2026-09-04T02:02:19.343468,pi-test-01,img_6755,JPEG2000-ROI,-,31.202,0.8924,0.7228,0.8391,sam_uploaded,1208.89,9036.0,160589.0,5.74
2026-09-04T02:02:23.108982,pi-test-01,img_6756,JPEG,-,34.661,0.9348,,,n/a,146.889,512.0,49338.0,18.68
2026-09-04T02:02:23.108982,pi-test-01,img_6756,JPEG2000-ROI,-,31.166,0.8912,0.7172,0.8353,sam_uploaded,1185.429,9036.0,160330.0,5.75
2026-09-04T02:02:26.936445,pi-test-01,img_6757,JPEG,-,33.968,0.9353,,,n/a,151.059,512.0,55759.0,16.53
2026-09-04T02:02:26.936445,pi-test-01,img_6757,JPEG2000-ROI,-,28.355,0.8392,0.5926,0.7442,sam_uploaded,1173.139,9040.0,160475.0,5.74
2026-09-04T02:02:30.266985,pi-test-01,img_6758,JPEG,-,33.968,0.9351,,,n/a,148.217,512.0,55795.0,16.52
2026-09-04T02:02:30.266985,pi-test-01,img_6758,JPEG2000-ROI,-,28.491,0.8435,0.5808,0.7348,sam_uploaded,1189.778,8932.0,160317.0,5.75
2026-09-04T02:02:33.551349,pi-test-01,img_6759,JPEG,-,33.968,0.9351,,,n/a,149.298,512.0,55734.0,16.54
2026-09-04T02:02:33.551349,pi-test-01,img_6759,JPEG2000-ROI,-,28.399,0.8426,0.5824,0.7361,sam_uploaded,1172.279,9032.0,160512.0,5.74
2026-09-04T02:02:36.942475,pi-test-01,img_6760,JPEG,-,33.968,0.9353,,,n/a,150.342,512.0,55720.0,16.54
2026-09-04T02:02:36.942475,pi-test-01,img_6760,JPEG2000-ROI,-,28.446,0.8424,0.586,0.739,sam_uploaded,1173.548,9028.0,160162.0,5.75
2026-09-04T02:02:40.298494,pi-test-01,img_6761,JPEG,-,34.751,0.9329,,,n/a,146.775,512.0,48366.0,19.05
2026-09-04T02:02:40.298494,pi-test-01,img_6761,JPEG2000-ROI,-,32.968,0.9288,0.7935,0.8849,sam_uploaded,1224.744,9124.0,160373.0,5.75
2026-09-04T02:02:43.723621,pi-test-01,img_6762,JPEG,-,34.761,0.9328,,,n/a,148.268,512.0,48351.0,19.06
2026-09-04T02:02:43.723621,pi-test-01,img_6762,JPEG2000-ROI,-,32.881,0.9273,0.7953,0.886,sam_uploaded,1203.305,9008.0,160465.0,5.74
2026-09-04T02:02:47.317219,pi-test-01,img_6763,JPEG,-,34.761,0.9328,,,n/a,147.545,512.0,48306.0,19.08
2026-09-04T02:02:47.317219,pi-test-01,img_6763,JPEG2000-ROI,-,32.946,0.9289,0.7953,0.886,sam_uploaded,1202.668,9036.0,160383.0,5.75
2026-09-04T02:02:50.786391,pi-test-01,img_6764,JPEG,-,34.751,0.9329,,,n/a,147.25,512.0,48321.0,19.07
2026-09-04T02:02:50.786391,pi-test-01,img_6764,JPEG2000-ROI,-,32.856,0.9275,0.7937,0.885,sam_uploaded,1202.994,9036.0,160601.0,5.74
2026-09-04T02:02:54.170431,pi-test-01,img_6765,JPEG,-,34.444,0.9328,,,n/a,148.333,512.0,48916.0,18.84
2026-09-04T02:02:54.170431,pi-test-01,img_6765,JPEG2000-ROI,-,30.131,0.8897,0.672,0.8038,sam_uploaded,1164.295,9036.0,160543.0,5.74
2026-09-04T02:02:57.635917,pi-test-01,img_6766,JPEG,-,34.447,0.9327,,,n/a,146.445,512.0,48916.0,18.84
2026-09-04T02:02:57.635917,pi-test-01,img_6766,JPEG2000-ROI,-,30.233,0.891,0.6713,0.8034,sam_uploaded,1187.387,9036.0,160466.0,5.74
2026-09-04T02:03:00.901636,pi-test-01,img_6767,JPEG,-,34.447,0.9327,,,n/a,147.36,512.0,48935.0,18.83
2026-09-04T02:03:00.901636,pi-test-01,img_6767,JPEG2000-ROI,-,30.113,0.8898,0.6822,0.811,sam_uploaded,1162.791,8968.0,160493.0,5.74
2026-09-04T02:03:04.274816,pi-test-01,img_6768,JPEG,-,34.444,0.9328,,,n/a,147.181,512.0,48946.0,18.83
2026-09-04T02:03:04.274816,pi-test-01,img_6768,JPEG2000-ROI,-,30.257,0.8897,0.6669,0.8002,sam_uploaded,1173.295,9032.0,160025.0,5.76
2026-09-04T02:03:07.787956,pi-test-01,img_6769,JPEG,-,33.5,0.9269,,,n/a,149.158,512.0,57822.0,15.94
2026-09-04T02:03:07.787956,pi-test-01,img_6769,JPEG2000-ROI,-,28.818,0.8652,0.6866,0.8141,sam_uploaded,1203.302,9032.0,160214.0,5.75
2026-09-04T02:03:11.260655,pi-test-01,img_6770,JPEG,-,33.493,0.9267,,,n/a,148.654,512.0,57825.0,15.94
2026-09-04T02:03:11.260655,pi-test-01,img_6770,JPEG2000-ROI,-,28.819,0.861,0.6515,0.789,sam_uploaded,1218.803,9032.0,160443.0,5.74
2026-09-04T02:03:14.579028,pi-test-01,img_6771,JPEG,-,33.493,0.9267,,,n/a,149.294,512.0,57816.0,15.94
2026-09-04T02:03:14.579028,pi-test-01,img_6771,JPEG2000-ROI,-,28.749,0.8605,0.6601,0.7952,sam_uploaded,1201.101,9040.0,160152.0,5.75
2026-09-04T02:03:17.956872,pi-test-01,img_6772,JPEG,-,33.5,0.9269,,,n/a,148.774,512.0,57812.0,15.94
2026-09-04T02:03:17.956872,pi-test-01,img_6772,JPEG2000-ROI,-,28.836,0.8649,0.6863,0.8139,sam_uploaded,1201.945,9036.0,160482.0,5.74
2026-09-04T02:03:21.586492,pi-test-01,img_6773,JPEG,-,30.564,0.907,,,n/a,151.757,512.0,68571.0,13.44
2026-09-04T02:03:21.586492,pi-test-01,img_6773,JPEG2000-ROI,-,26.92,0.844,0.7193,0.8368,sam_uploaded,1297.961,9032.0,160278.0,5.75
2026-09-04T02:03:25.024904,pi-test-01,img_6774,JPEG,-,30.557,0.907,,,n/a,152.688,512.0,68534.0,13.45
2026-09-04T02:03:25.024904,pi-test-01,img_6774,JPEG2000-ROI,-,26.856,0.8449,0.7136,0.8329,sam_uploaded,1277.989,8924.0,160407.0,5.75
2026-09-04T02:03:28.470538,pi-test-01,img_6775,JPEG,-,30.557,0.907,,,n/a,150.708,512.0,68564.0,13.44
2026-09-04T02:03:28.470538,pi-test-01,img_6775,JPEG2000-ROI,-,26.919,0.8466,0.7208,0.8377,sam_uploaded,1283.513,9036.0,160577.0,5.74
2026-09-04T02:03:32.041565,pi-test-01,img_6776,JPEG,-,30.564,0.907,,,n/a,156.6,512.0,68592.0,13.44
2026-09-04T02:03:32.041565,pi-test-01,img_6776,JPEG2000-ROI,-,26.837,0.8448,0.7163,0.8347,sam_uploaded,1305.099,9020.0,160513.0,5.74
2026-09-04T02:03:35.300633,pi-test-01,img_6777,JPEG,-,35.919,0.9059,,,n/a,143.781,512.0,37895.0,24.32
2026-09-04T02:03:35.300633,pi-test-01,img_6777,JPEG2000-ROI,-,35.285,0.9285,0.7832,0.8784,sam_uploaded,1190.745,8976.0,160580.0,5.74
2026-09-04T02:03:38.600333,pi-test-01,img_6778,JPEG,-,35.928,0.9062,,,n/a,143.957,512.0,37897.0,24.32
2026-09-04T02:03:38.600333,pi-test-01,img_6778,JPEG2000-ROI,-,35.271,0.9277,0.7809,0.877,sam_uploaded,1199.823,9040.0,160340.0,5.75
2026-09-04T02:03:41.997342,pi-test-01,img_6779,JPEG,-,35.928,0.9062,,,n/a,143.111,512.0,37918.0,24.31
2026-09-04T02:03:41.997342,pi-test-01,img_6779,JPEG2000-ROI,-,35.287,0.929,0.7849,0.8795,sam_uploaded,1222.657,9036.0,160420.0,5.74
2026-09-04T02:03:45.347135,pi-test-01,img_6780,JPEG,-,35.919,0.9059,,,n/a,145.391,512.0,37917.0,24.31
2026-09-04T02:03:45.347135,pi-test-01,img_6780,JPEG2000-ROI,-,35.302,0.9284,0.784,0.8789,sam_uploaded,1188.308,9036.0,160529.0,5.74
2026-09-04T02:03:48.723156,pi-test-01,img_6781,JPEG,-,34.837,0.9025,,,n/a,144.855,512.0,43250.0,21.31
2026-09-04T02:03:48.723156,pi-test-01,img_6781,JPEG2000-ROI,-,33.74,0.9268,0.8178,0.8998,sam_uploaded,1217.025,9036.0,160609.0,5.74
2026-09-04T02:03:52.117873,pi-test-01,img_6782,JPEG,-,34.835,0.9025,,,n/a,144.476,512.0,43255.0,21.31
2026-09-04T02:03:52.117873,pi-test-01,img_6782,JPEG2000-ROI,-,33.736,0.9268,0.8187,0.9003,sam_uploaded,1239.224,9032.0,160617.0,5.74
2026-09-04T02:03:55.441353,pi-test-01,img_6783,JPEG,-,34.835,0.9025,,,n/a,144.498,512.0,43247.0,21.31
2026-09-04T02:03:55.441353,pi-test-01,img_6783,JPEG2000-ROI,-,33.756,0.9258,0.8149,0.898,sam_uploaded,1216.13,9036.0,160497.0,5.74
2026-09-04T02:03:58.771977,pi-test-01,img_6784,JPEG,-,34.837,0.9025,,,n/a,154.334,512.0,43231.0,21.32
2026-09-04T02:03:58.771977,pi-test-01,img_6784,JPEG2000-ROI,-,33.887,0.9276,0.8229,0.9028,sam_uploaded,1220.086,9032.0,160580.0,5.74
2026-09-04T02:04:02.102713,pi-test-01,img_6785,JPEG,-,34.41,0.9063,,,n/a,147.833,512.0,45805.0,20.12
2026-09-04T02:04:02.102713,pi-test-01,img_6785,JPEG2000-ROI,-,32.559,0.8937,0.6971,0.8216,sam_uploaded,1228.611,9024.0,160575.0,5.74
2026-09-04T02:04:05.411062,pi-test-01,img_6786,JPEG,-,34.407,0.9062,,,n/a,146.654,512.0,45785.0,20.13
2026-09-04T02:04:05.411062,pi-test-01,img_6786,JPEG2000-ROI,-,32.702,0.8926,0.6998,0.8234,sam_uploaded,1211.892,9032.0,160217.0,5.75
2026-09-04T02:04:08.799298,pi-test-01,img_6787,JPEG,-,34.407,0.9062,,,n/a,145.836,512.0,45753.0,20.14
2026-09-04T02:04:08.799298,pi-test-01,img_6787,JPEG2000-ROI,-,32.627,0.894,0.6983,0.8224,sam_uploaded,1211.782,9020.0,160376.0,5.75
2026-09-04T02:04:12.285495,pi-test-01,img_6788,JPEG,-,34.41,0.9063,,,n/a,147.34,512.0,45752.0,20.14
2026-09-04T02:04:12.285495,pi-test-01,img_6788,JPEG2000-ROI,-,32.749,0.8945,0.7031,0.8257,sam_uploaded,1207.731,8952.0,160517.0,5.74
2026-09-04T02:04:15.717925,pi-test-01,img_6789,JPEG,-,34.381,0.9132,,,n/a,146.052,512.0,47279.0,19.49
2026-09-04T02:04:15.717925,pi-test-01,img_6789,JPEG2000-ROI,-,34.002,0.9345,0.7813,0.8772,sam_uploaded,1235.281,9032.0,160582.0,5.74
2026-09-04T02:04:19.059829,pi-test-01,img_6790,JPEG,-,34.378,0.9131,,,n/a,168.709,512.0,47287.0,19.49
2026-09-04T02:04:19.059829,pi-test-01,img_6790,JPEG2000-ROI,-,33.742,0.9324,0.8259,0.9047,sam_uploaded,1226.507,9036.0,160166.0,5.75
2026-09-04T02:04:22.540674,pi-test-01,img_6791,JPEG,-,34.378,0.9131,,,n/a,146.559,512.0,47271.0,19.5
2026-09-04T02:04:22.540674,pi-test-01,img_6791,JPEG2000-ROI,-,33.853,0.9324,0.7923,0.8841,sam_uploaded,1246.356,9116.0,160470.0,5.74
2026-09-04T02:04:25.924859,pi-test-01,img_6792,JPEG,-,34.381,0.9132,,,n/a,146.44,512.0,47244.0,19.51
2026-09-04T02:04:25.924859,pi-test-01,img_6792,JPEG2000-ROI,-,33.954,0.9348,0.8297,0.9069,sam_uploaded,1241.414,9032.0,160407.0,5.75
2026-09-04T02:04:29.304537,pi-test-01,img_6793,JPEG,-,34.894,0.8971,,,n/a,155.972,512.0,44298.0,20.8
2026-09-04T02:04:29.304537,pi-test-01,img_6793,JPEG2000-ROI,-,33.869,0.9053,0.7079,0.829,sam_uploaded,1215.158,9036.0,160606.0,5.74
2026-09-04T02:04:32.768566,pi-test-01,img_6794,JPEG,-,34.891,0.8969,,,n/a,145.127,512.0,44315.0,20.8
2026-09-04T02:04:32.768566,pi-test-01,img_6794,JPEG2000-ROI,-,34.046,0.9047,0.7084,0.8293,sam_uploaded,1217.66,8876.0,160586.0,5.74
2026-09-04T02:04:36.274219,pi-test-01,img_6795,JPEG,-,34.891,0.8969,,,n/a,144.516,512.0,44268.0,20.82
2026-09-04T02:04:36.274219,pi-test-01,img_6795,JPEG2000-ROI,-,33.942,0.9064,0.7078,0.8289,sam_uploaded,1210.847,9028.0,160524.0,5.74
2026-09-04T02:04:39.666773,pi-test-01,img_6796,JPEG,-,34.894,0.8971,,,n/a,145.257,512.0,44274.0,20.82
2026-09-04T02:04:39.666773,pi-test-01,img_6796,JPEG2000-ROI,-,33.888,0.9054,0.7069,0.8283,sam_uploaded,1215.501,9024.0,160515.0,5.74
2026-09-04T02:04:43.008360,pi-test-01,img_6797,JPEG,-,34.083,0.9112,,,n/a,147.25,512.0,46698.0,19.74
2026-09-04T02:04:43.008360,pi-test-01,img_6797,JPEG2000-ROI,-,32.899,0.9187,0.7871,0.8809,sam_uploaded,1238.203,9028.0,160554.0,5.74
2026-09-04T02:04:46.390929,pi-test-01,img_6798,JPEG,-,34.069,0.9111,,,n/a,146.166,512.0,46707.0,19.73
2026-09-04T02:04:46.390929,pi-test-01,img_6798,JPEG2000-ROI,-,32.928,0.9189,0.7694,0.8697,sam_uploaded,1245.746,9028.0,160377.0,5.75
2026-09-04T02:04:49.760133,pi-test-01,img_6799,JPEG,-,34.069,0.9111,,,n/a,146.179,512.0,46783.0,19.7
2026-09-04T02:04:49.760133,pi-test-01,img_6799,JPEG2000-ROI,-,32.873,0.9191,0.7903,0.8829,sam_uploaded,1237.395,9032.0,160590.0,5.74
2026-09-04T02:04:53.246017,pi-test-01,img_6800,JPEG,-,34.083,0.9112,,,n/a,146.252,512.0,46806.0,19.69
2026-09-04T02:04:53.246017,pi-test-01,img_6800,JPEG2000-ROI,-,32.713,0.9165,0.7869,0.8807,sam_uploaded,1261.182,9020.0,160379.0,5.75
2026-09-04T02:04:56.705817,pi-test-01,img_6801,JPEG,-,30.49,0.8543,,,n/a,152.215,512.0,65139.0,14.15
2026-09-04T02:04:56.705817,pi-test-01,img_6801,JPEG2000-ROI,-,29.749,0.8962,0.8161,0.8987,sam_uploaded,1331.954,9112.0,160600.0,5.74
2026-09-04T02:05:00.205287,pi-test-01,img_6802,JPEG,-,30.491,0.8543,,,n/a,149.324,512.0,65151.0,14.15
2026-09-04T02:05:00.205287,pi-test-01,img_6802,JPEG2000-ROI,-,29.864,0.8955,0.8126,0.8966,sam_uploaded,1321.371,9032.0,160494.0,5.74
2026-09-04T02:05:03.749802,pi-test-01,img_6803,JPEG,-,30.491,0.8543,,,n/a,148.803,512.0,65151.0,14.15
2026-09-04T02:05:03.749802,pi-test-01,img_6803,JPEG2000-ROI,-,29.766,0.895,0.811,0.8956,sam_uploaded,1341.447,9024.0,160611.0,5.74
2026-09-04T02:05:07.335744,pi-test-01,img_6804,JPEG,-,30.49,0.8543,,,n/a,149.449,512.0,65133.0,14.15
2026-09-04T02:05:07.335744,pi-test-01,img_6804,JPEG2000-ROI,-,29.739,0.8957,0.8149,0.898,sam_uploaded,1328.751,9032.0,160591.0,5.74
2026-09-04T02:05:10.517382,pi-test-01,img_6805,JPEG,-,41.767,0.9698,,,n/a,140.019,512.0,25396.0,36.29
2026-09-04T02:05:10.517382,pi-test-01,img_6805,JPEG2000-ROI,-,43.967,0.9865,0.6491,0.7872,sam_uploaded,1046.472,9036.0,160358.0,5.75
2026-09-04T02:05:13.625152,pi-test-01,img_6806,JPEG,-,41.771,0.9698,,,n/a,142.132,512.0,25386.0,36.3
2026-09-04T02:05:13.625152,pi-test-01,img_6806,JPEG2000-ROI,-,43.957,0.9864,0.6439,0.7834,sam_uploaded,1087.542,9120.0,160547.0,5.74
2026-09-04T02:05:16.779805,pi-test-01,img_6807,JPEG,-,41.771,0.9698,,,n/a,141.398,512.0,25331.0,36.38
2026-09-04T02:05:16.779805,pi-test-01,img_6807,JPEG2000-ROI,-,44.02,0.9865,0.6386,0.7795,sam_uploaded,1047.407,9040.0,160445.0,5.74
2026-09-04T02:05:19.936684,pi-test-01,img_6808,JPEG,-,41.767,0.9698,,,n/a,140.185,512.0,25331.0,36.38
2026-09-04T02:05:19.936684,pi-test-01,img_6808,JPEG2000-ROI,-,44.073,0.9868,0.6392,0.7799,sam_uploaded,1044.654,9036.0,160539.0,5.74
2026-09-04T02:05:23.042681,pi-test-01,img_6809,JPEG,-,41.652,0.9703,,,n/a,140.702,512.0,26963.0,34.18
2026-09-04T02:05:23.042681,pi-test-01,img_6809,JPEG2000-ROI,-,40.319,0.9689,0.3682,0.5382,sam_uploaded,1046.66,9120.0,160522.0,5.74
2026-09-04T02:05:26.237701,pi-test-01,img_6810,JPEG,-,41.645,0.9703,,,n/a,141.597,512.0,26969.0,34.17
2026-09-04T02:05:26.237701,pi-test-01,img_6810,JPEG2000-ROI,-,40.225,0.9681,0.3644,0.5342,sam_uploaded,1043.758,9028.0,160273.0,5.75
2026-09-04T02:05:29.380512,pi-test-01,img_6811,JPEG,-,41.645,0.9703,,,n/a,140.599,512.0,27059.0,34.06
2026-09-04T02:05:29.380512,pi-test-01,img_6811,JPEG2000-ROI,-,40.229,0.9684,0.3639,0.5336,sam_uploaded,1035.517,9040.0,160377.0,5.75
2026-09-04T02:05:32.552893,pi-test-01,img_6812,JPEG,-,41.652,0.9703,,,n/a,140.429,512.0,27032.0,34.09
2026-09-04T02:05:32.552893,pi-test-01,img_6812,JPEG2000-ROI,-,40.16,0.9681,0.358,0.5272,sam_uploaded,1041.759,9036.0,160599.0,5.74
2026-09-04T02:05:35.816625,pi-test-01,img_6813,JPEG,-,41.378,0.9713,,,n/a,140.752,512.0,27815.0,33.13
2026-09-04T02:05:35.816625,pi-test-01,img_6813,JPEG2000-ROI,-,40.358,0.9729,0.5419,0.7029,sam_uploaded,1047.998,9016.0,160450.0,5.74
2026-09-04T02:05:38.907142,pi-test-01,img_6814,JPEG,-,41.372,0.9713,,,n/a,141.034,512.0,27817.0,33.13
2026-09-04T02:05:38.907142,pi-test-01,img_6814,JPEG2000-ROI,-,40.252,0.973,0.5247,0.6882,sam_uploaded,1065.806,8896.0,160370.0,5.75
2026-09-04T02:05:42.317689,pi-test-01,img_6815,JPEG,-,41.372,0.9713,,,n/a,142.013,512.0,27794.0,33.16
2026-09-04T02:05:42.317689,pi-test-01,img_6815,JPEG2000-ROI,-,40.416,0.9729,0.5358,0.6977,sam_uploaded,1047.977,9036.0,160432.0,5.74
2026-09-04T02:05:45.444288,pi-test-01,img_6816,JPEG,-,41.378,0.9713,,,n/a,140.871,512.0,27799.0,33.15
2026-09-04T02:05:45.444288,pi-test-01,img_6816,JPEG2000-ROI,-,40.223,0.9728,0.5418,0.7028,sam_uploaded,1055.494,9036.0,160493.0,5.74
2026-09-04T02:05:48.521438,pi-test-01,img_6817,JPEG,-,41.224,0.9643,,,n/a,141.268,512.0,27918.0,33.01
2026-09-04T02:05:48.521438,pi-test-01,img_6817,JPEG2000-ROI,-,39.486,0.9546,0.5598,0.7178,sam_uploaded,1031.424,9032.0,160326.0,5.75
2026-09-04T02:05:51.597126,pi-test-01,img_6818,JPEG,-,41.229,0.9643,,,n/a,143.076,512.0,27919.0,33.01
2026-09-04T02:05:51.597126,pi-test-01,img_6818,JPEG2000-ROI,-,39.486,0.9541,0.5649,0.722,sam_uploaded,1019.77,9032.0,160270.0,5.75
2026-09-04T02:05:54.866213,pi-test-01,img_6819,JPEG,-,41.229,0.9643,,,n/a,144.198,512.0,27875.0,33.06
2026-09-04T02:05:54.866213,pi-test-01,img_6819,JPEG2000-ROI,-,39.586,0.9553,0.5713,0.7271,sam_uploaded,1041.558,9120.0,160336.0,5.75
2026-09-04T02:05:57.955127,pi-test-01,img_6820,JPEG,-,41.224,0.9643,,,n/a,141.683,512.0,27877.0,33.06
2026-09-04T02:05:57.955127,pi-test-01,img_6820,JPEG2000-ROI,-,39.482,0.9549,0.5621,0.7196,sam_uploaded,1018.387,9032.0,160369.0,5.75
2026-09-04T02:06:01.240876,pi-test-01,img_6821,JPEG,-,40.316,0.9658,,,n/a,143.039,512.0,33210.0,27.75
2026-09-04T02:06:01.240876,pi-test-01,img_6821,JPEG2000-ROI,-,38.395,0.9548,0.5847,0.7379,sam_uploaded,1052.907,8876.0,160410.0,5.75
2026-09-04T02:06:04.512621,pi-test-01,img_6822,JPEG,-,40.314,0.9658,,,n/a,142.577,512.0,33178.0,27.78
2026-09-04T02:06:04.512621,pi-test-01,img_6822,JPEG2000-ROI,-,38.47,0.955,0.6831,0.8117,sam_uploaded,1081.502,9032.0,160317.0,5.75
2026-09-04T02:06:07.872368,pi-test-01,img_6823,JPEG,-,40.314,0.9658,,,n/a,143.561,512.0,33173.0,27.78
2026-09-04T02:06:07.872368,pi-test-01,img_6823,JPEG2000-ROI,-,38.449,0.955,0.494,0.6613,sam_uploaded,1054.353,9036.0,160614.0,5.74
2026-09-04T02:06:11.063588,pi-test-01,img_6824,JPEG,-,40.316,0.9658,,,n/a,142.53,512.0,33190.0,27.77
2026-09-04T02:06:11.063588,pi-test-01,img_6824,JPEG2000-ROI,-,38.466,0.9548,0.5823,0.736,sam_uploaded,1058.657,8888.0,160374.0,5.75
2026-09-04T02:06:14.174500,pi-test-01,img_6825,JPEG,-,40.756,0.9689,,,n/a,142.587,512.0,30858.0,29.87
2026-09-04T02:06:14.174500,pi-test-01,img_6825,JPEG2000-ROI,-,40.423,0.9722,0.6234,0.768,sam_uploaded,1062.306,9036.0,160590.0,5.74
2026-09-04T02:06:17.299236,pi-test-01,img_6826,JPEG,-,40.758,0.9689,,,n/a,141.797,512.0,30878.0,29.85
2026-09-04T02:06:17.299236,pi-test-01,img_6826,JPEG2000-ROI,-,40.35,0.9725,0.5848,0.738,sam_uploaded,1062.18,8872.0,160388.0,5.75
2026-09-04T02:06:20.445715,pi-test-01,img_6827,JPEG,-,40.758,0.9689,,,n/a,142.737,512.0,30882.0,29.84
2026-09-04T02:06:20.445715,pi-test-01,img_6827,JPEG2000-ROI,-,40.323,0.9722,0.6167,0.7629,sam_uploaded,1064.711,9036.0,160477.0,5.74
2026-09-04T02:06:23.675133,pi-test-01,img_6828,JPEG,-,40.756,0.9689,,,n/a,141.962,512.0,30873.0,29.85
2026-09-04T02:06:23.675133,pi-test-01,img_6828,JPEG2000-ROI,-,40.245,0.9719,0.4652,0.635,sam_uploaded,1066.047,9028.0,160539.0,5.74
2026-09-04T02:06:27.065135,pi-test-01,img_6829,JPEG,-,37.953,0.9611,,,n/a,146.683,512.0,43353.0,21.26
2026-09-04T02:06:27.065135,pi-test-01,img_6829,JPEG2000-ROI,-,36.393,0.9587,0.6913,0.8175,sam_uploaded,1130.081,9036.0,159952.0,5.76
2026-09-04T02:06:30.336233,pi-test-01,img_6830,JPEG,-,37.955,0.9611,,,n/a,145.84,512.0,43330.0,21.27
2026-09-04T02:06:30.336233,pi-test-01,img_6830,JPEG2000-ROI,-,36.228,0.9576,0.6939,0.8193,sam_uploaded,1152.697,9032.0,159883.0,5.76
2026-09-04T02:06:34.125565,pi-test-01,img_6831,JPEG,-,37.955,0.9611,,,n/a,145.003,512.0,43342.0,21.26
2026-09-04T02:06:34.125565,pi-test-01,img_6831,JPEG2000-ROI,-,36.335,0.9581,0.6857,0.8135,sam_uploaded,1126.374,9040.0,160288.0,5.75
2026-09-04T02:06:37.359743,pi-test-01,img_6832,JPEG,-,37.953,0.9611,,,n/a,146.928,512.0,43357.0,21.26
2026-09-04T02:06:37.359743,pi-test-01,img_6832,JPEG2000-ROI,-,36.49,0.9606,0.6961,0.8208,sam_uploaded,1131.095,9028.0,160364.0,5.75
2026-09-04T02:06:40.567473,pi-test-01,img_6833,JPEG,-,38.523,0.9587,,,n/a,146.262,512.0,38722.0,23.8
2026-09-04T02:06:40.567473,pi-test-01,img_6833,JPEG2000-ROI,-,35.976,0.9482,0.4402,0.6113,sam_uploaded,1102.875,8912.0,160475.0,5.74
2026-09-04T02:06:43.741310,pi-test-01,img_6834,JPEG,-,38.529,0.9587,,,n/a,144.915,512.0,38752.0,23.78
2026-09-04T02:06:43.741310,pi-test-01,img_6834,JPEG2000-ROI,-,36.001,0.9484,0.4362,0.6074,sam_uploaded,1085.224,9032.0,160567.0,5.74
2026-09-04T02:06:46.911009,pi-test-01,img_6835,JPEG,-,38.529,0.9587,,,n/a,145.773,512.0,38827.0,23.74
2026-09-04T02:06:46.911009,pi-test-01,img_6835,JPEG2000-ROI,-,36.005,0.948,0.4395,0.6106,sam_uploaded,1085.387,9116.0,160540.0,5.74
2026-09-04T02:06:50.086719,pi-test-01,img_6836,JPEG,-,38.523,0.9587,,,n/a,144.177,512.0,38821.0,23.74
2026-09-04T02:06:50.086719,pi-test-01,img_6836,JPEG2000-ROI,-,36.094,0.9495,0.4404,0.6115,sam_uploaded,1089.924,9032.0,160457.0,5.74
2026-09-04T02:06:53.249490,pi-test-01,img_6837,JPEG,-,38.832,0.962,,,n/a,144.383,512.0,38503.0,23.94
2026-09-04T02:06:53.249490,pi-test-01,img_6837,JPEG2000-ROI,-,35.818,0.944,0.4899,0.6576,sam_uploaded,1093.726,9024.0,160460.0,5.74
2026-09-04T02:06:56.554600,pi-test-01,img_6838,JPEG,-,38.831,0.962,,,n/a,144.087,512.0,38492.0,23.94
2026-09-04T02:06:56.554600,pi-test-01,img_6838,JPEG2000-ROI,-,35.788,0.9437,0.4982,0.6651,sam_uploaded,1097.933,9036.0,160439.0,5.74
2026-09-04T02:06:59.803925,pi-test-01,img_6839,JPEG,-,38.831,0.962,,,n/a,145.893,512.0,38501.0,23.94
2026-09-04T02:06:59.803925,pi-test-01,img_6839,JPEG2000-ROI,-,35.627,0.941,0.4896,0.6574,sam_uploaded,1095.093,9032.0,160272.0,5.75
2026-09-04T02:07:03.099247,pi-test-01,img_6840,JPEG,-,38.832,0.962,,,n/a,144.965,512.0,38499.0,23.94
2026-09-04T02:07:03.099247,pi-test-01,img_6840,JPEG2000-ROI,-,35.673,0.9431,0.4915,0.659,sam_uploaded,1094.962,9036.0,160525.0,5.74
2026-09-04T02:07:06.264129,pi-test-01,img_6841,JPEG,-,39.331,0.9615,,,n/a,142.486,512.0,33473.0,27.53
2026-09-04T02:07:06.264129,pi-test-01,img_6841,JPEG2000-ROI,-,38.327,0.9672,0.7899,0.8826,sam_uploaded,1114.033,9032.0,160245.0,5.75
2026-09-04T02:07:09.416994,pi-test-01,img_6842,JPEG,-,39.328,0.9615,,,n/a,143.283,512.0,33477.0,27.53
2026-09-04T02:07:09.416994,pi-test-01,img_6842,JPEG2000-ROI,-,38.124,0.9668,0.7802,0.8765,sam_uploaded,1087.627,9032.0,160506.0,5.74
2026-09-04T02:07:12.607477,pi-test-01,img_6843,JPEG,-,39.328,0.9615,,,n/a,141.64,512.0,33540.0,27.48
2026-09-04T02:07:12.607477,pi-test-01,img_6843,JPEG2000-ROI,-,38.304,0.9673,0.7936,0.8849,sam_uploaded,1091.052,9040.0,160210.0,5.75
2026-09-04T02:07:15.782974,pi-test-01,img_6844,JPEG,-,39.331,0.9615,,,n/a,143.731,512.0,33529.0,27.49
2026-09-04T02:07:15.782974,pi-test-01,img_6844,JPEG2000-ROI,-,38.274,0.9677,0.7771,0.8745,sam_uploaded,1085.836,9032.0,160600.0,5.74
2026-09-04T02:07:18.904378,pi-test-01,img_6845,JPEG,-,39.507,0.9527,,,n/a,143.79,512.0,32588.0,28.28
2026-09-04T02:07:18.904378,pi-test-01,img_6845,JPEG2000-ROI,-,39.795,0.9671,0.5383,0.6998,sam_uploaded,1073.025,9040.0,160543.0,5.74
2026-09-04T02:07:22.160839,pi-test-01,img_6846,JPEG,-,39.504,0.9527,,,n/a,143.71,512.0,32575.0,28.29
2026-09-04T02:07:22.160839,pi-test-01,img_6846,JPEG2000-ROI,-,39.96,0.9673,0.589,0.7414,sam_uploaded,1070.143,9016.0,160548.0,5.74
2026-09-04T02:07:25.515732,pi-test-01,img_6847,JPEG,-,39.504,0.9527,,,n/a,144.395,512.0,32604.0,28.27
2026-09-04T02:07:25.515732,pi-test-01,img_6847,JPEG2000-ROI,-,39.993,0.968,0.5236,0.6874,sam_uploaded,1072.208,9032.0,160407.0,5.75
2026-09-04T02:07:28.810246,pi-test-01,img_6848,JPEG,-,39.507,0.9527,,,n/a,141.977,512.0,32584.0,28.28
2026-09-04T02:07:28.810246,pi-test-01,img_6848,JPEG2000-ROI,-,39.898,0.9671,0.5463,0.7066,sam_uploaded,1073.246,8912.0,160345.0,5.75
2026-09-04T02:07:32.043968,pi-test-01,img_6849,JPEG,-,38.674,0.9606,,,n/a,145.303,512.0,39889.0,23.1
2026-09-04T02:07:32.043968,pi-test-01,img_6849,JPEG2000-ROI,-,38.154,0.9676,0.509,0.6746,sam_uploaded,1126.202,9036.0,160050.0,5.76
2026-09-04T02:07:35.258091,pi-test-01,img_6850,JPEG,-,38.669,0.9606,,,n/a,144.69,512.0,39902.0,23.1
2026-09-04T02:07:35.258091,pi-test-01,img_6850,JPEG2000-ROI,-,38.319,0.9684,0.5157,0.6805,sam_uploaded,1108.698,9020.0,160589.0,5.74
2026-09-04T02:07:38.498795,pi-test-01,img_6851,JPEG,-,38.669,0.9606,,,n/a,145.194,512.0,39837.0,23.13
2026-09-04T02:07:38.498795,pi-test-01,img_6851,JPEG2000-ROI,-,38.376,0.9679,0.7716,0.8711,sam_uploaded,1108.673,9024.0,160545.0,5.74
2026-09-04T02:07:41.963689,pi-test-01,img_6852,JPEG,-,38.674,0.9606,,,n/a,145.225,512.0,39825.0,23.14
2026-09-04T02:07:41.963689,pi-test-01,img_6852,JPEG2000-ROI,-,38.374,0.9694,0.5127,0.6779,sam_uploaded,1136.048,9028.0,160602.0,5.74
2026-09-04T02:07:45.193166,pi-test-01,img_6853,JPEG,-,39.584,0.9673,,,n/a,143.106,512.0,35517.0,25.95
2026-09-04T02:07:45.193166,pi-test-01,img_6853,JPEG2000-ROI,-,39.879,0.9795,0.3745,0.5449,sam_uploaded,1095.201,9032.0,160149.0,5.75
2026-09-04T02:07:48.460102,pi-test-01,img_6854,JPEG,-,39.583,0.9673,,,n/a,146.488,512.0,35517.0,25.95
2026-09-04T02:07:48.460102,pi-test-01,img_6854,JPEG2000-ROI,-,39.739,0.979,0.4098,0.5814,sam_uploaded,1085.845,9036.0,160538.0,5.74
2026-09-04T02:07:51.883584,pi-test-01,img_6855,JPEG,-,39.583,0.9673,,,n/a,143.321,512.0,35572.0,25.91
2026-09-04T02:07:51.883584,pi-test-01,img_6855,JPEG2000-ROI,-,39.806,0.9793,0.4185,0.5901,sam_uploaded,1090.956,9124.0,160433.0,5.74
2026-09-04T02:07:55.137027,pi-test-01,img_6856,JPEG,-,39.584,0.9673,,,n/a,144.055,512.0,35553.0,25.92
2026-09-04T02:07:55.137027,pi-test-01,img_6856,JPEG2000-ROI,-,39.784,0.9791,0.4278,0.5993,sam_uploaded,1088.25,9032.0,160573.0,5.74
2026-09-04T02:07:58.550395,pi-test-01,img_6857,JPEG,-,35.685,0.9544,,,n/a,147.768,512.0,52294.0,17.62
2026-09-04T02:07:58.550395,pi-test-01,img_6857,JPEG2000-ROI,-,34.082,0.9488,0.7044,0.8266,sam_uploaded,1166.391,9032.0,160405.0,5.75
2026-09-04T02:08:01.903630,pi-test-01,img_6858,JPEG,-,35.684,0.9544,,,n/a,150.074,512.0,52286.0,17.63
2026-09-04T02:08:01.903630,pi-test-01,img_6858,JPEG2000-ROI,-,33.988,0.9482,0.7333,0.8461,sam_uploaded,1165.038,9040.0,160467.0,5.74
2026-09-04T02:08:05.386271,pi-test-01,img_6859,JPEG,-,35.684,0.9544,,,n/a,147.649,512.0,52316.0,17.62
2026-09-04T02:08:05.386271,pi-test-01,img_6859,JPEG2000-ROI,-,34.073,0.9483,0.7307,0.8444,sam_uploaded,1168.326,9036.0,160542.0,5.74
2026-09-04T02:08:08.766737,pi-test-01,img_6860,JPEG,-,35.685,0.9544,,,n/a,148.786,512.0,52311.0,17.62
2026-09-04T02:08:08.766737,pi-test-01,img_6860,JPEG2000-ROI,-,34.167,0.9496,0.737,0.8486,sam_uploaded,1194.79,9040.0,160608.0,5.74
2026-09-04T02:08:11.917569,pi-test-01,img_6861,JPEG,-,39.003,0.9626,,,n/a,142.561,512.0,31814.0,28.97
2026-09-04T02:08:11.917569,pi-test-01,img_6861,JPEG2000-ROI,-,39.003,0.9752,0.4691,0.6387,sam_uploaded,1095.193,9028.0,160262.0,5.75
2026-09-04T02:08:15.159988,pi-test-01,img_6862,JPEG,-,39.004,0.9626,,,n/a,142.855,512.0,31826.0,28.96
2026-09-04T02:08:15.159988,pi-test-01,img_6862,JPEG2000-ROI,-,39.13,0.9751,0.8031,0.8908,sam_uploaded,1100.656,9036.0,160565.0,5.74
2026-09-04T02:08:18.505872,pi-test-01,img_6863,JPEG,-,39.004,0.9626,,,n/a,142.822,512.0,31715.0,29.06
2026-09-04T02:08:18.505872,pi-test-01,img_6863,JPEG2000-ROI,-,39.0,0.9753,0.5988,0.749,sam_uploaded,1134.168,9040.0,160494.0,5.74
2026-09-04T02:08:21.717346,pi-test-01,img_6864,JPEG,-,39.003,0.9626,,,n/a,142.565,512.0,31718.0,29.06
2026-09-04T02:08:21.717346,pi-test-01,img_6864,JPEG2000-ROI,-,38.994,0.975,0.425,0.5965,sam_uploaded,1099.136,9020.0,160584.0,5.74
2026-09-04T02:08:24.930179,pi-test-01,img_6865,JPEG,-,38.053,0.9609,,,n/a,144.828,512.0,38511.0,23.93
2026-09-04T02:08:24.930179,pi-test-01,img_6865,JPEG2000-ROI,-,35.875,0.955,0.6712,0.8033,sam_uploaded,1137.856,9036.0,160527.0,5.74
2026-09-04T02:08:28.295957,pi-test-01,img_6866,JPEG,-,38.057,0.9608,,,n/a,144.175,512.0,38483.0,23.95
2026-09-04T02:08:28.295957,pi-test-01,img_6866,JPEG2000-ROI,-,35.776,0.9547,0.634,0.776,sam_uploaded,1142.953,9028.0,160302.0,5.75
2026-09-04T02:08:31.890907,pi-test-01,img_6867,JPEG,-,38.057,0.9608,,,n/a,144.885,512.0,38455.0,23.97
2026-09-04T02:08:31.890907,pi-test-01,img_6867,JPEG2000-ROI,-,35.74,0.9543,0.6585,0.7941,sam_uploaded,1141.643,9028.0,160233.0,5.75
2026-09-04T02:08:35.556445,pi-test-01,img_6868,JPEG,-,38.053,0.9609,,,n/a,145.383,512.0,38478.0,23.95
2026-09-04T02:08:35.556445,pi-test-01,img_6868,JPEG2000-ROI,-,35.896,0.9549,0.6291,0.7723,sam_uploaded,1135.272,9036.0,160153.0,5.75
2026-09-04T02:08:38.844097,pi-test-01,img_6869,JPEG,-,36.949,0.9507,,,n/a,145.68,512.0,43095.0,21.39
2026-09-04T02:08:38.844097,pi-test-01,img_6869,JPEG2000-ROI,-,35.776,0.9471,0.7295,0.8436,sam_uploaded,1163.058,9032.0,160444.0,5.74
2026-09-04T02:08:42.542010,pi-test-01,img_6870,JPEG,-,36.957,0.9507,,,n/a,145.552,512.0,43087.0,21.39
2026-09-04T02:08:42.542010,pi-test-01,img_6870,JPEG2000-ROI,-,35.943,0.948,0.6465,0.7853,sam_uploaded,1146.067,9028.0,160615.0,5.74
2026-09-04T02:08:45.958520,pi-test-01,img_6871,JPEG,-,36.957,0.9507,,,n/a,146.291,512.0,43030.0,21.42
2026-09-04T02:08:45.958520,pi-test-01,img_6871,JPEG2000-ROI,-,35.781,0.947,0.6685,0.8013,sam_uploaded,1145.763,9020.0,160628.0,5.74
2026-09-04T02:08:49.304934,pi-test-01,img_6872,JPEG,-,36.949,0.9507,,,n/a,145.399,512.0,42993.0,21.44
2026-09-04T02:08:49.304934,pi-test-01,img_6872,JPEG2000-ROI,-,35.84,0.9471,0.7473,0.8553,sam_uploaded,1167.244,9024.0,160088.0,5.76
2026-09-04T02:08:52.795132,pi-test-01,img_6873,JPEG,-,38.328,0.9555,,,n/a,144.262,512.0,36261.0,25.42
2026-09-04T02:08:52.795132,pi-test-01,img_6873,JPEG2000-ROI,-,36.473,0.9454,0.6216,0.7666,sam_uploaded,1099.233,9120.0,160613.0,5.74
2026-09-04T02:08:56.031709,pi-test-01,img_6874,JPEG,-,38.327,0.9556,,,n/a,143.897,512.0,36260.0,25.42
2026-09-04T02:08:56.031709,pi-test-01,img_6874,JPEG2000-ROI,-,36.345,0.9452,0.6266,0.7704,sam_uploaded,1122.221,9116.0,160464.0,5.74
2026-09-04T02:08:59.326029,pi-test-01,img_6875,JPEG,-,38.327,0.9556,,,n/a,144.417,512.0,36175.0,25.48
2026-09-04T02:08:59.326029,pi-test-01,img_6875,JPEG2000-ROI,-,36.327,0.9455,0.6202,0.7656,sam_uploaded,1129.583,9032.0,160488.0,5.74
2026-09-04T02:09:02.504576,pi-test-01,img_6876,JPEG,-,38.328,0.9555,,,n/a,144.089,512.0,36177.0,25.47
2026-09-04T02:09:02.504576,pi-test-01,img_6876,JPEG2000-ROI,-,36.395,0.9453,0.6023,0.7518,sam_uploaded,1105.261,9032.0,160518.0,5.74
2026-09-04T02:09:05.818980,pi-test-01,img_6877,JPEG,-,39.538,0.9594,,,n/a,141.795,512.0,30313.0,30.4
2026-09-04T02:09:05.818980,pi-test-01,img_6877,JPEG2000-ROI,-,38.884,0.9592,0.6827,0.8115,sam_uploaded,1073.694,9024.0,160561.0,5.74
2026-09-04T02:09:09.025249,pi-test-01,img_6878,JPEG,-,39.538,0.9595,,,n/a,147.393,512.0,30302.0,30.41
2026-09-04T02:09:09.025249,pi-test-01,img_6878,JPEG2000-ROI,-,39.074,0.9596,0.6418,0.7818,sam_uploaded,1095.967,9036.0,160127.0,5.76
2026-09-04T02:09:12.167551,pi-test-01,img_6879,JPEG,-,39.538,0.9595,,,n/a,143.343,512.0,30252.0,30.46
2026-09-04T02:09:12.167551,pi-test-01,img_6879,JPEG2000-ROI,-,38.873,0.9589,0.6888,0.8157,sam_uploaded,1076.945,9036.0,160446.0,5.74
2026-09-04T02:09:15.400143,pi-test-01,img_6880,JPEG,-,39.539,0.9594,,,n/a,142.019,512.0,30247.0,30.47
2026-09-04T02:09:15.400143,pi-test-01,img_6880,JPEG2000-ROI,-,38.87,0.9586,0.6456,0.7846,sam_uploaded,1075.069,9028.0,160187.0,5.75
2026-09-04T02:09:18.966330,pi-test-01,img_6881,JPEG,-,37.933,0.953,,,n/a,145.671,512.0,38809.0,23.75
2026-09-04T02:09:18.966330,pi-test-01,img_6881,JPEG2000-ROI,-,35.812,0.9411,0.6097,0.7575,sam_uploaded,1100.398,8812.0,160539.0,5.74
2026-09-04T02:09:22.276040,pi-test-01,img_6882,JPEG,-,37.938,0.9531,,,n/a,144.878,512.0,38813.0,23.74
2026-09-04T02:09:22.276040,pi-test-01,img_6882,JPEG2000-ROI,-,35.847,0.9412,0.6098,0.7576,sam_uploaded,1099.434,9040.0,160450.0,5.74
2026-09-04T02:09:25.574898,pi-test-01,img_6883,JPEG,-,37.938,0.9531,,,n/a,146.963,512.0,38754.0,23.78
2026-09-04T02:09:25.574898,pi-test-01,img_6883,JPEG2000-ROI,-,35.579,0.9382,0.6167,0.7629,sam_uploaded,1119.898,9028.0,160313.0,5.75
2026-09-04T02:09:29.027264,pi-test-01,img_6884,JPEG,-,37.933,0.953,,,n/a,145.32,512.0,38745.0,23.79
2026-09-04T02:09:29.027264,pi-test-01,img_6884,JPEG2000-ROI,-,35.871,0.9414,0.6059,0.7546,sam_uploaded,1110.472,8980.0,160522.0,5.74
2026-09-04T02:09:32.449975,pi-test-01,img_6885,JPEG,-,34.421,0.9576,,,n/a,149.262,512.0,55435.0,16.62
2026-09-04T02:09:32.449975,pi-test-01,img_6885,JPEG2000-ROI,-,30.295,0.9168,0.7079,0.8289,sam_uploaded,1206.189,9040.0,160582.0,5.74
2026-09-04T02:09:35.845730,pi-test-01,img_6886,JPEG,-,34.423,0.9576,,,n/a,149.271,512.0,55455.0,16.62
2026-09-04T02:09:35.845730,pi-test-01,img_6886,JPEG2000-ROI,-,30.265,0.9173,0.7237,0.8397,sam_uploaded,1225.097,9040.0,160285.0,5.75
2026-09-04T02:09:39.236453,pi-test-01,img_6887,JPEG,-,34.423,0.9576,,,n/a,150.913,512.0,55348.0,16.65
2026-09-04T02:09:39.236453,pi-test-01,img_6887,JPEG2000-ROI,-,30.121,0.9141,0.7269,0.8419,sam_uploaded,1210.377,9032.0,160239.0,5.75
2026-09-04T02:09:42.667165,pi-test-01,img_6888,JPEG,-,34.421,0.9576,,,n/a,148.412,512.0,55329.0,16.66
2026-09-04T02:09:42.667165,pi-test-01,img_6888,JPEG2000-ROI,-,30.281,0.9161,0.7223,0.8388,sam_uploaded,1205.548,8944.0,160497.0,5.74
2026-09-04T02:09:45.907563,pi-test-01,img_6889,JPEG,-,38.394,0.9618,,,n/a,144.887,512.0,34280.0,26.88
2026-09-04T02:09:45.907563,pi-test-01,img_6889,JPEG2000-ROI,-,38.437,0.9759,0.8145,0.8978,sam_uploaded,1145.167,9032.0,160019.0,5.76
2026-09-04T02:09:49.185243,pi-test-01,img_6890,JPEG,-,38.396,0.9618,,,n/a,143.846,512.0,34308.0,26.86
2026-09-04T02:09:49.185243,pi-test-01,img_6890,JPEG2000-ROI,-,38.336,0.9759,0.7811,0.8771,sam_uploaded,1128.858,9040.0,160330.0,5.75
2026-09-04T02:09:52.564875,pi-test-01,img_6891,JPEG,-,38.396,0.9618,,,n/a,162.503,512.0,34163.0,26.98
2026-09-04T02:09:52.564875,pi-test-01,img_6891,JPEG2000-ROI,-,38.484,0.9766,0.627,0.7708,sam_uploaded,1124.421,9032.0,160551.0,5.74
2026-09-04T02:09:55.760319,pi-test-01,img_6892,JPEG,-,38.394,0.9618,,,n/a,141.91,512.0,34151.0,26.99
2026-09-04T02:09:55.760319,pi-test-01,img_6892,JPEG2000-ROI,-,38.347,0.976,0.4511,0.6217,sam_uploaded,1144.164,9032.0,160320.0,5.75
2026-09-04T02:09:59.035287,pi-test-01,img_6893,JPEG,-,37.327,0.9585,,,n/a,144.892,512.0,40953.0,22.5
2026-09-04T02:09:59.035287,pi-test-01,img_6893,JPEG2000-ROI,-,34.657,0.9513,0.596,0.7469,sam_uploaded,1140.942,9024.0,160464.0,5.74
2026-09-04T02:10:02.311551,pi-test-01,img_6894,JPEG,-,37.33,0.9585,,,n/a,144.918,512.0,40952.0,22.5
2026-09-04T02:10:02.311551,pi-test-01,img_6894,JPEG2000-ROI,-,34.74,0.9527,0.5804,0.7345,sam_uploaded,1150.753,9024.0,160534.0,5.74
2026-09-04T02:10:05.543893,pi-test-01,img_6895,JPEG,-,37.33,0.9585,,,n/a,147.416,512.0,40919.0,22.52
2026-09-04T02:10:05.543893,pi-test-01,img_6895,JPEG2000-ROI,-,34.733,0.9539,0.6177,0.7637,sam_uploaded,1140.942,9032.0,160574.0,5.74
2026-09-04T02:10:08.774737,pi-test-01,img_6896,JPEG,-,37.327,0.9585,,,n/a,144.479,512.0,40924.0,22.52
2026-09-04T02:10:08.774737,pi-test-01,img_6896,JPEG2000-ROI,-,34.734,0.953,0.6177,0.7636,sam_uploaded,1146.425,9036.0,160573.0,5.74
2026-09-04T02:10:12.443746,pi-test-01,img_6897,JPEG,-,36.512,0.9516,,,n/a,145.722,512.0,44919.0,20.52
2026-09-04T02:10:12.443746,pi-test-01,img_6897,JPEG2000-ROI,-,34.943,0.9448,0.6656,0.7993,sam_uploaded,1155.113,9036.0,160258.0,5.75
2026-09-04T02:10:15.937900,pi-test-01,img_6898,JPEG,-,36.51,0.9515,,,n/a,146.084,512.0,44882.0,20.53
2026-09-04T02:10:15.937900,pi-test-01,img_6898,JPEG2000-ROI,-,34.801,0.9441,0.6624,0.7969,sam_uploaded,1157.755,9028.0,160393.0,5.75
2026-09-04T02:10:19.242842,pi-test-01,img_6899,JPEG,-,36.51,0.9515,,,n/a,146.172,512.0,44848.0,20.55
2026-09-04T02:10:19.242842,pi-test-01,img_6899,JPEG2000-ROI,-,34.916,0.9444,0.6623,0.7968,sam_uploaded,1168.732,9032.0,160630.0,5.74
2026-09-04T02:10:22.573024,pi-test-01,img_6900,JPEG,-,36.512,0.9516,,,n/a,145.534,512.0,44835.0,20.56
2026-09-04T02:10:22.573024,pi-test-01,img_6900,JPEG2000-ROI,-,34.785,0.9443,0.67,0.8024,sam_uploaded,1196.156,9028.0,160110.0,5.76
2026-09-04T02:10:25.850272,pi-test-01,img_6901,JPEG,-,37.845,0.958,,,n/a,144.679,512.0,37509.0,24.57
2026-09-04T02:10:25.850272,pi-test-01,img_6901,JPEG2000-ROI,-,35.081,0.9416,0.6599,0.7951,sam_uploaded,1100.651,9036.0,160173.0,5.75
2026-09-04T02:10:29.230480,pi-test-01,img_6902,JPEG,-,37.85,0.9581,,,n/a,162.557,512.0,37486.0,24.59
2026-09-04T02:10:29.230480,pi-test-01,img_6902,JPEG2000-ROI,-,35.038,0.9414,0.6653,0.799,sam_uploaded,1106.209,9028.0,160447.0,5.74
2026-09-04T02:10:32.614256,pi-test-01,img_6903,JPEG,-,37.85,0.9581,,,n/a,144.826,512.0,37406.0,24.64
2026-09-04T02:10:32.614256,pi-test-01,img_6903,JPEG2000-ROI,-,34.969,0.9418,0.6346,0.7765,sam_uploaded,1125.51,9028.0,160451.0,5.74
2026-09-04T02:10:35.880464,pi-test-01,img_6904,JPEG,-,37.845,0.958,,,n/a,144.238,512.0,37423.0,24.63
2026-09-04T02:10:35.880464,pi-test-01,img_6904,JPEG2000-ROI,-,35.049,0.9419,0.6382,0.7791,sam_uploaded,1097.43,9024.0,160539.0,5.74
2026-09-04T02:10:39.168367,pi-test-01,img_6905,JPEG,-,38.854,0.9573,,,n/a,144.011,512.0,32414.0,28.43
2026-09-04T02:10:39.168367,pi-test-01,img_6905,JPEG2000-ROI,-,37.355,0.9514,0.6547,0.7913,sam_uploaded,1095.49,8968.0,160627.0,5.74
2026-09-04T02:10:42.426547,pi-test-01,img_6906,JPEG,-,38.866,0.9573,,,n/a,144.688,512.0,32440.0,28.41
2026-09-04T02:10:42.426547,pi-test-01,img_6906,JPEG2000-ROI,-,37.223,0.9501,0.6492,0.7873,sam_uploaded,1110.681,9012.0,160555.0,5.74
2026-09-04T02:10:45.590615,pi-test-01,img_6907,JPEG,-,38.866,0.9573,,,n/a,142.557,512.0,32374.0,28.47
2026-09-04T02:10:45.590615,pi-test-01,img_6907,JPEG2000-ROI,-,37.173,0.9505,0.6568,0.7929,sam_uploaded,1090.82,9036.0,160419.0,5.74
2026-09-04T02:10:48.773991,pi-test-01,img_6908,JPEG,-,38.854,0.9573,,,n/a,144.115,512.0,32358.0,28.48
2026-09-04T02:10:48.773991,pi-test-01,img_6908,JPEG2000-ROI,-,37.245,0.9506,0.6529,0.79,sam_uploaded,1090.489,9000.0,160544.0,5.74
2026-09-04T02:10:52.069991,pi-test-01,img_6909,JPEG,-,37.04,0.9527,,,n/a,147.122,512.0,42780.0,21.54
2026-09-04T02:10:52.069991,pi-test-01,img_6909,JPEG2000-ROI,-,33.78,0.9242,0.6063,0.7549,sam_uploaded,1118.716,9028.0,160492.0,5.74
2026-09-04T02:10:55.291115,pi-test-01,img_6910,JPEG,-,37.039,0.9527,,,n/a,145.719,512.0,42766.0,21.55
2026-09-04T02:10:55.291115,pi-test-01,img_6910,JPEG2000-ROI,-,33.741,0.9234,0.6125,0.7597,sam_uploaded,1116.181,9024.0,160368.0,5.75
2026-09-04T02:10:58.636019,pi-test-01,img_6911,JPEG,-,37.039,0.9527,,,n/a,144.99,512.0,42749.0,21.56
2026-09-04T02:10:58.636019,pi-test-01,img_6911,JPEG2000-ROI,-,33.773,0.9241,0.6183,0.7641,sam_uploaded,1149.027,9028.0,160327.0,5.75
2026-09-04T02:11:02.110193,pi-test-01,img_6912,JPEG,-,37.04,0.9527,,,n/a,145.61,512.0,42731.0,21.57
2026-09-04T02:11:02.110193,pi-test-01,img_6912,JPEG2000-ROI,-,33.792,0.9247,0.5982,0.7486,sam_uploaded,1122.716,8748.0,160350.0,5.75
2026-09-04T02:11:05.730460,pi-test-01,img_6913,JPEG,-,33.336,0.9522,,,n/a,149.918,512.0,59559.0,15.47
2026-09-04T02:11:05.730460,pi-test-01,img_6913,JPEG2000-ROI,-,29.445,0.9075,0.7161,0.8346,sam_uploaded,1226.345,9016.0,160324.0,5.75
2026-09-04T02:11:09.111573,pi-test-01,img_6914,JPEG,-,33.33,0.9522,,,n/a,149.442,512.0,59546.0,15.48
2026-09-04T02:11:09.111573,pi-test-01,img_6914,JPEG2000-ROI,-,29.734,0.9121,0.6956,0.8205,sam_uploaded,1246.928,9028.0,160264.0,5.75
2026-09-04T02:11:12.494221,pi-test-01,img_6915,JPEG,-,33.33,0.9522,,,n/a,150.542,512.0,59442.0,15.5
2026-09-04T02:11:12.494221,pi-test-01,img_6915,JPEG2000-ROI,-,29.47,0.9083,0.7213,0.8381,sam_uploaded,1233.174,9032.0,160179.0,5.75
2026-09-04T02:11:15.973485,pi-test-01,img_6916,JPEG,-,33.336,0.9522,,,n/a,148.633,512.0,59456.0,15.5
2026-09-04T02:11:15.973485,pi-test-01,img_6916,JPEG2000-ROI,-,29.544,0.9094,0.7155,0.8342,sam_uploaded,1242.242,9020.0,160218.0,5.75
2026-09-04T02:11:19.218144,pi-test-01,img_6917,JPEG,-,37.202,0.9497,,,n/a,148.365,512.0,42724.0,21.57
2026-09-04T02:11:19.218144,pi-test-01,img_6917,JPEG2000-ROI,-,33.228,0.9009,0.4086,0.5801,sam_uploaded,1126.199,9036.0,160477.0,5.74
2026-09-04T02:11:22.492412,pi-test-01,img_6918,JPEG,-,37.203,0.9499,,,n/a,145.033,512.0,42704.0,21.58
2026-09-04T02:11:22.492412,pi-test-01,img_6918,JPEG2000-ROI,-,33.175,0.9002,0.4158,0.5873,sam_uploaded,1115.769,9040.0,160574.0,5.74
2026-09-04T02:11:26.404715,pi-test-01,img_6919,JPEG,-,37.203,0.9499,,,n/a,146.189,512.0,42710.0,21.58
2026-09-04T02:11:26.404715,pi-test-01,img_6919,JPEG2000-ROI,-,33.268,0.9001,0.4135,0.5851,sam_uploaded,1111.128,9036.0,160566.0,5.74
2026-09-04T02:11:29.619259,pi-test-01,img_6920,JPEG,-,37.202,0.9497,,,n/a,146.539,512.0,42713.0,21.58
2026-09-04T02:11:29.619259,pi-test-01,img_6920,JPEG2000-ROI,-,33.156,0.9003,0.4095,0.5811,sam_uploaded,1135.964,9032.0,160457.0,5.74
2026-09-04T02:11:32.998690,pi-test-01,img_6921,JPEG,-,35.213,0.9462,,,n/a,149.378,512.0,53744.0,17.15
2026-09-04T02:11:32.998690,pi-test-01,img_6921,JPEG2000-ROI,-,30.995,0.9048,0.663,0.7973,sam_uploaded,1194.469,9036.0,160551.0,5.74
2026-09-04T02:11:36.419710,pi-test-01,img_6922,JPEG,-,35.205,0.9462,,,n/a,147.832,512.0,53697.0,17.16
2026-09-04T02:11:36.419710,pi-test-01,img_6922,JPEG2000-ROI,-,31.071,0.9061,0.661,0.7959,sam_uploaded,1191.451,9020.0,160603.0,5.74
2026-09-04T02:11:39.904003,pi-test-01,img_6923,JPEG,-,35.205,0.9462,,,n/a,149.777,512.0,53668.0,17.17
2026-09-04T02:11:39.904003,pi-test-01,img_6923,JPEG2000-ROI,-,31.005,0.9043,0.6145,0.7613,sam_uploaded,1214.121,9032.0,160614.0,5.74
2026-09-04T02:11:43.223905,pi-test-01,img_6924,JPEG,-,35.213,0.9462,,,n/a,148.36,512.0,53664.0,17.17
2026-09-04T02:11:43.223905,pi-test-01,img_6924,JPEG2000-ROI,-,31.038,0.9063,0.6672,0.8004,sam_uploaded,1192.84,9124.0,160607.0,5.74
2026-09-04T02:11:46.658184,pi-test-01,img_6925,JPEG,-,35.555,0.9421,,,n/a,147.015,512.0,47046.0,19.59
2026-09-04T02:11:46.658184,pi-test-01,img_6925,JPEG2000-ROI,-,33.922,0.9379,0.7696,0.8698,sam_uploaded,1197.842,9040.0,160553.0,5.74
2026-09-04T02:11:50.136659,pi-test-01,img_6926,JPEG,-,35.555,0.9421,,,n/a,146.151,512.0,47061.0,19.58
2026-09-04T02:11:50.136659,pi-test-01,img_6926,JPEG2000-ROI,-,33.856,0.9371,0.7619,0.8648,sam_uploaded,1227.911,8936.0,160542.0,5.74
2026-09-04T02:11:53.517825,pi-test-01,img_6927,JPEG,-,35.555,0.9421,,,n/a,146.537,512.0,47099.0,19.57
2026-09-04T02:11:53.517825,pi-test-01,img_6927,JPEG2000-ROI,-,34.077,0.9387,0.7727,0.8718,sam_uploaded,1187.665,9116.0,160586.0,5.74
2026-09-04T02:11:56.827636,pi-test-01,img_6928,JPEG,-,35.555,0.9421,,,n/a,146.093,512.0,47100.0,19.57
2026-09-04T02:11:56.827636,pi-test-01,img_6928,JPEG2000-ROI,-,33.851,0.938,0.7736,0.8724,sam_uploaded,1183.713,9036.0,160537.0,5.74
2026-09-04T02:12:00.068774,pi-test-01,img_6929,JPEG,-,36.751,0.9421,,,n/a,146.928,512.0,43728.0,21.08
2026-09-04T02:12:00.068774,pi-test-01,img_6929,JPEG2000-ROI,-,32.108,0.8764,0.4328,0.6041,sam_uploaded,1119.712,9036.0,160406.0,5.75
2026-09-04T02:12:03.286420,pi-test-01,img_6930,JPEG,-,36.752,0.9421,,,n/a,145.484,512.0,43727.0,21.08
2026-09-04T02:12:03.286420,pi-test-01,img_6930,JPEG2000-ROI,-,32.144,0.8775,0.4248,0.5963,sam_uploaded,1105.494,9028.0,160286.0,5.75
2026-09-04T02:12:06.479357,pi-test-01,img_6931,JPEG,-,36.752,0.9421,,,n/a,145.371,512.0,43698.0,21.09
2026-09-04T02:12:06.479357,pi-test-01,img_6931,JPEG2000-ROI,-,32.126,0.8785,0.444,0.6149,sam_uploaded,1104.085,9012.0,160432.0,5.74
2026-09-04T02:12:09.805023,pi-test-01,img_6932,JPEG,-,36.751,0.9421,,,n/a,145.819,512.0,43707.0,21.09
2026-09-04T02:12:09.805023,pi-test-01,img_6932,JPEG2000-ROI,-,32.139,0.8767,0.4394,0.6105,sam_uploaded,1129.249,9036.0,160456.0,5.74
2026-09-04T02:12:13.095941,pi-test-01,img_6933,JPEG,-,34.998,0.9469,,,n/a,148.302,512.0,54513.0,16.91
2026-09-04T02:12:13.095941,pi-test-01,img_6933,JPEG2000-ROI,-,29.6,0.8654,0.5634,0.7207,sam_uploaded,1151.799,8940.0,160365.0,5.75
2026-09-04T02:12:16.375791,pi-test-01,img_6934,JPEG,-,34.996,0.947,,,n/a,148.041,512.0,54517.0,16.9
2026-09-04T02:12:16.375791,pi-test-01,img_6934,JPEG2000-ROI,-,29.71,0.8676,0.545,0.7055,sam_uploaded,1159.331,9032.0,160542.0,5.74
2026-09-04T02:12:19.629963,pi-test-01,img_6935,JPEG,-,34.996,0.947,,,n/a,148.903,512.0,54523.0,16.9
2026-09-04T02:12:19.629963,pi-test-01,img_6935,JPEG2000-ROI,-,29.683,0.8686,0.5623,0.7198,sam_uploaded,1152.454,9016.0,160507.0,5.74
2026-09-04T02:12:23.064185,pi-test-01,img_6936,JPEG,-,34.998,0.9469,,,n/a,149.196,512.0,54534.0,16.9
2026-09-04T02:12:23.064185,pi-test-01,img_6936,JPEG2000-ROI,-,29.7,0.8663,0.5591,0.7172,sam_uploaded,1167.052,9028.0,160333.0,5.75
2026-09-04T02:12:26.375525,pi-test-01,img_6937,JPEG,-,36.679,0.949,,,n/a,144.899,512.0,42246.0,21.82
2026-09-04T02:12:26.375525,pi-test-01,img_6937,JPEG2000-ROI,-,35.866,0.9485,0.7687,0.8692,sam_uploaded,1191.898,9036.0,160429.0,5.74
2026-09-04T02:12:29.712792,pi-test-01,img_6938,JPEG,-,36.681,0.9489,,,n/a,146.932,512.0,42255.0,21.81
2026-09-04T02:12:29.712792,pi-test-01,img_6938,JPEG2000-ROI,-,35.757,0.9471,0.7651,0.8669,sam_uploaded,1177.77,9036.0,160454.0,5.74
2026-09-04T02:12:33.139953,pi-test-01,img_6939,JPEG,-,36.681,0.9489,,,n/a,145.797,512.0,42371.0,21.75
2026-09-04T02:12:33.139953,pi-test-01,img_6939,JPEG2000-ROI,-,35.754,0.9484,0.7652,0.867,sam_uploaded,1181.262,9028.0,160415.0,5.75
2026-09-04T02:12:36.861966,pi-test-01,img_6940,JPEG,-,36.679,0.949,,,n/a,146.389,512.0,42361.0,21.76
2026-09-04T02:12:36.861966,pi-test-01,img_6940,JPEG2000-ROI,-,35.758,0.9474,0.7627,0.8654,sam_uploaded,1198.162,9036.0,160414.0,5.75
2026-09-04T02:12:40.260229,pi-test-01,img_6941,JPEG,-,32.012,0.9369,,,n/a,152.368,512.0,67421.0,13.67
2026-09-04T02:12:40.260229,pi-test-01,img_6941,JPEG2000-ROI,-,27.136,0.8528,0.6494,0.7874,sam_uploaded,1241.105,9020.0,160462.0,5.74
2026-09-04T02:12:43.714386,pi-test-01,img_6942,JPEG,-,32.006,0.937,,,n/a,150.54,512.0,67456.0,13.66
2026-09-04T02:12:43.714386,pi-test-01,img_6942,JPEG2000-ROI,-,27.165,0.8543,0.6582,0.7938,sam_uploaded,1242.687,9008.0,160537.0,5.74
2026-09-04T02:12:47.118715,pi-test-01,img_6943,JPEG,-,32.006,0.937,,,n/a,150.63,512.0,67405.0,13.67
2026-09-04T02:12:47.118715,pi-test-01,img_6943,JPEG2000-ROI,-,27.192,0.8535,0.6521,0.7895,sam_uploaded,1262.21,9040.0,160556.0,5.74
2026-09-04T02:12:50.659115,pi-test-01,img_6944,JPEG,-,32.012,0.9369,,,n/a,150.392,512.0,67398.0,13.67
2026-09-04T02:12:50.659115,pi-test-01,img_6944,JPEG2000-ROI,-,27.113,0.8536,0.6559,0.7922,sam_uploaded,1238.976,9036.0,160568.0,5.74
2026-09-04T02:12:53.924042,pi-test-01,img_6945,JPEG,-,37.152,0.9516,,,n/a,146.16,512.0,42594.0,21.64
2026-09-04T02:12:53.924042,pi-test-01,img_6945,JPEG2000-ROI,-,32.58,0.9027,0.4158,0.5874,sam_uploaded,1111.273,8932.0,160555.0,5.74
2026-09-04T02:12:57.155074,pi-test-01,img_6946,JPEG,-,37.162,0.9518,,,n/a,145.34,512.0,42614.0,21.63
2026-09-04T02:12:57.155074,pi-test-01,img_6946,JPEG2000-ROI,-,32.569,0.9034,0.4251,0.5966,sam_uploaded,1137.338,8956.0,160518.0,5.74
2026-09-04T02:13:00.392612,pi-test-01,img_6947,JPEG,-,37.162,0.9518,,,n/a,147.821,512.0,42615.0,21.63
2026-09-04T02:13:00.392612,pi-test-01,img_6947,JPEG2000-ROI,-,32.625,0.9039,0.4198,0.5913,sam_uploaded,1113.238,9028.0,160566.0,5.74
2026-09-04T02:13:03.681321,pi-test-01,img_6948,JPEG,-,37.153,0.9516,,,n/a,145.927,512.0,42583.0,21.64
2026-09-04T02:13:03.681321,pi-test-01,img_6948,JPEG2000-ROI,-,32.556,0.9044,0.4253,0.5968,sam_uploaded,1112.436,9036.0,160588.0,5.74
2026-09-04T02:13:07.098989,pi-test-01,img_6949,JPEG,-,35.556,0.944,,,n/a,149.28,512.0,49631.0,18.57
2026-09-04T02:13:07.098989,pi-test-01,img_6949,JPEG2000-ROI,-,31.173,0.903,0.6547,0.7913,sam_uploaded,1194.608,9032.0,160580.0,5.74
2026-09-04T02:13:10.393219,pi-test-01,img_6950,JPEG,-,35.547,0.9439,,,n/a,147.378,512.0,49618.0,18.57
2026-09-04T02:13:10.393219,pi-test-01,img_6950,JPEG2000-ROI,-,31.254,0.9039,0.6535,0.7904,sam_uploaded,1172.4,9040.0,160197.0,5.75
2026-09-04T02:13:13.703611,pi-test-01,img_6951,JPEG,-,35.547,0.9439,,,n/a,148.251,512.0,49569.0,18.59
2026-09-04T02:13:13.703611,pi-test-01,img_6951,JPEG2000-ROI,-,31.285,0.9036,0.6508,0.7885,sam_uploaded,1169.172,9008.0,160617.0,5.74
2026-09-04T02:13:17.175443,pi-test-01,img_6952,JPEG,-,35.556,0.944,,,n/a,149.286,512.0,49595.0,18.58
2026-09-04T02:13:17.175443,pi-test-01,img_6952,JPEG2000-ROI,-,31.023,0.9009,0.6518,0.7892,sam_uploaded,1191.32,9028.0,160386.0,5.75
2026-09-04T02:13:20.565796,pi-test-01,img_6953,JPEG,-,35.221,0.9446,,,n/a,146.691,512.0,50181.0,18.37
2026-09-04T02:13:20.565796,pi-test-01,img_6953,JPEG2000-ROI,-,32.771,0.9297,0.7577,0.8622,sam_uploaded,1197.594,8968.0,160606.0,5.74
2026-09-04T02:13:23.886710,pi-test-01,img_6954,JPEG,-,35.217,0.9446,,,n/a,146.82,512.0,50191.0,18.36
2026-09-04T02:13:23.886710,pi-test-01,img_6954,JPEG2000-ROI,-,32.541,0.927,0.7354,0.8475,sam_uploaded,1198.942,9032.0,160603.0,5.74
2026-09-04T02:13:27.243863,pi-test-01,img_6955,JPEG,-,35.217,0.9446,,,n/a,147.046,512.0,50234.0,18.35
2026-09-04T02:13:27.243863,pi-test-01,img_6955,JPEG2000-ROI,-,32.762,0.9301,0.7625,0.8653,sam_uploaded,1213.808,9000.0,160549.0,5.74
2026-09-04T02:13:30.560655,pi-test-01,img_6956,JPEG,-,35.221,0.9446,,,n/a,147.426,512.0,50233.0,18.35
2026-09-04T02:13:30.560655,pi-test-01,img_6956,JPEG2000-ROI,-,32.664,0.9287,0.7434,0.8528,sam_uploaded,1199.981,9036.0,160578.0,5.74
2026-09-04T02:13:33.960071,pi-test-01,img_6957,JPEG,-,36.549,0.9419,,,n/a,145.01,512.0,44237.0,20.83
2026-09-04T02:13:33.960071,pi-test-01,img_6957,JPEG2000-ROI,-,32.137,0.883,0.4668,0.6365,sam_uploaded,1111.789,9024.0,160461.0,5.74
2026-09-04T02:13:37.175849,pi-test-01,img_6958,JPEG,-,36.546,0.9419,,,n/a,146.253,512.0,44238.0,20.83
2026-09-04T02:13:37.175849,pi-test-01,img_6958,JPEG2000-ROI,-,32.173,0.8844,0.4638,0.6336,sam_uploaded,1124.57,9028.0,160562.0,5.74
2026-09-04T02:13:40.370557,pi-test-01,img_6959,JPEG,-,36.546,0.9419,,,n/a,145.563,512.0,44222.0,20.84
2026-09-04T02:13:40.370557,pi-test-01,img_6959,JPEG2000-ROI,-,32.278,0.8867,0.4683,0.6379,sam_uploaded,1115.754,9032.0,160565.0,5.74
2026-09-04T02:13:43.578894,pi-test-01,img_6960,JPEG,-,36.549,0.9419,,,n/a,146.608,512.0,44225.0,20.84
2026-09-04T02:13:43.578894,pi-test-01,img_6960,JPEG2000-ROI,-,32.123,0.8826,0.4719,0.6412,sam_uploaded,1115.876,9116.0,160574.0,5.74
2026-09-04T02:13:46.864919,pi-test-01,img_6961,JPEG,-,35.747,0.948,,,n/a,147.2,512.0,49998.0,18.43
2026-09-04T02:13:46.864919,pi-test-01,img_6961,JPEG2000-ROI,-,30.939,0.8906,0.5651,0.7221,sam_uploaded,1144.164,9036.0,160591.0,5.74
2026-09-04T02:13:50.169629,pi-test-01,img_6962,JPEG,-,35.751,0.9481,,,n/a,148.0,512.0,49973.0,18.44
2026-09-04T02:13:50.169629,pi-test-01,img_6962,JPEG2000-ROI,-,30.906,0.8887,0.5686,0.725,sam_uploaded,1147.354,9044.0,160575.0,5.74
2026-09-04T02:13:53.596027,pi-test-01,img_6963,JPEG,-,35.751,0.9481,,,n/a,149.07,512.0,50025.0,18.42
2026-09-04T02:13:53.596027,pi-test-01,img_6963,JPEG2000-ROI,-,31.021,0.8904,0.5629,0.7204,sam_uploaded,1177.032,9040.0,160573.0,5.74
2026-09-04T02:13:56.903471,pi-test-01,img_6964,JPEG,-,35.747,0.948,,,n/a,147.305,512.0,49980.0,18.44
2026-09-04T02:13:56.903471,pi-test-01,img_6964,JPEG2000-ROI,-,30.979,0.8898,0.5677,0.7243,sam_uploaded,1145.554,9020.0,160612.0,5.74
2026-09-04T02:14:00.271053,pi-test-01,img_6965,JPEG,-,36.747,0.951,,,n/a,145.908,512.0,41185.0,22.38
2026-09-04T02:14:00.271053,pi-test-01,img_6965,JPEG2000-ROI,-,35.425,0.948,0.7654,0.8671,sam_uploaded,1168.449,9032.0,160622.0,5.74
2026-09-04T02:14:03.553941,pi-test-01,img_6966,JPEG,-,36.747,0.951,,,n/a,145.209,512.0,41191.0,22.37
2026-09-04T02:14:03.553941,pi-test-01,img_6966,JPEG2000-ROI,-,35.405,0.9494,0.7784,0.8754,sam_uploaded,1208.829,8964.0,160561.0,5.74
2026-09-04T02:14:07.126183,pi-test-01,img_6967,JPEG,-,36.747,0.951,,,n/a,144.687,512.0,41247.0,22.34
2026-09-04T02:14:07.126183,pi-test-01,img_6967,JPEG2000-ROI,-,35.406,0.949,0.7735,0.8723,sam_uploaded,1165.126,8956.0,159956.0,5.76
2026-09-04T02:14:10.409610,pi-test-01,img_6968,JPEG,-,36.747,0.951,,,n/a,144.425,512.0,41244.0,22.35
2026-09-04T02:14:10.409610,pi-test-01,img_6968,JPEG2000-ROI,-,35.436,0.9485,0.7753,0.8734,sam_uploaded,1166.879,9036.0,160599.0,5.74
2026-09-04T02:14:13.955630,pi-test-01,img_6969,JPEG,-,31.701,0.9318,,,n/a,151.39,512.0,68349.0,13.48
2026-09-04T02:14:13.955630,pi-test-01,img_6969,JPEG2000-ROI,-,27.672,0.8618,0.688,0.8152,sam_uploaded,1268.929,8904.0,160427.0,5.74
2026-09-04T02:14:17.423881,pi-test-01,img_6970,JPEG,-,31.699,0.9317,,,n/a,151.09,512.0,68341.0,13.49
2026-09-04T02:14:17.423881,pi-test-01,img_6970,JPEG2000-ROI,-,27.742,0.8622,0.6822,0.8111,sam_uploaded,1252.59,9036.0,160502.0,5.74
2026-09-04T02:14:20.957115,pi-test-01,img_6971,JPEG,-,31.699,0.9317,,,n/a,156.225,512.0,68306.0,13.49
2026-09-04T02:14:20.957115,pi-test-01,img_6971,JPEG2000-ROI,-,27.704,0.8598,0.6789,0.8087,sam_uploaded,1250.087,9032.0,160289.0,5.75
2026-09-04T02:14:24.389559,pi-test-01,img_6972,JPEG,-,31.701,0.9318,,,n/a,151.635,512.0,68314.0,13.49
2026-09-04T02:14:24.389559,pi-test-01,img_6972,JPEG2000-ROI,-,27.729,0.8625,0.6917,0.8178,sam_uploaded,1269.542,9028.0,160460.0,5.74
2026-09-04T02:14:27.888089,pi-test-01,img_6973,JPEG,-,31.272,0.9301,,,n/a,151.241,512.0,68468.0,13.46
2026-09-04T02:14:27.888089,pi-test-01,img_6973,JPEG2000-ROI,-,32.233,0.9514,0.714,0.8331,sam_uploaded,1285.747,9036.0,160440.0,5.74
2026-09-04T02:14:31.360202,pi-test-01,img_6974,JPEG,-,31.279,0.9301,,,n/a,151.426,512.0,68470.0,13.46
2026-09-04T02:14:31.360202,pi-test-01,img_6974,JPEG2000-ROI,-,32.501,0.9528,0.7219,0.8385,sam_uploaded,1288.125,9032.0,160521.0,5.74
2026-09-04T02:14:34.849322,pi-test-01,img_6975,JPEG,-,31.279,0.9301,,,n/a,153.083,512.0,68469.0,13.46
2026-09-04T02:14:34.849322,pi-test-01,img_6975,JPEG2000-ROI,-,32.284,0.9517,0.7026,0.8253,sam_uploaded,1313.582,9040.0,160551.0,5.74
2026-09-04T02:14:38.331403,pi-test-01,img_6976,JPEG,-,31.272,0.9301,,,n/a,151.43,512.0,68479.0,13.46
2026-09-04T02:14:38.331403,pi-test-01,img_6976,JPEG2000-ROI,-,32.274,0.9513,0.7122,0.8319,sam_uploaded,1286.312,9040.0,160505.0,5.74
2026-09-04T02:14:41.821131,pi-test-01,img_6977,JPEG,-,31.557,0.9269,,,n/a,152.021,512.0,75114.0,12.27
2026-09-04T02:14:41.821131,pi-test-01,img_6977,JPEG2000-ROI,-,28.669,0.8842,0.7622,0.865,sam_uploaded,1292.936,8928.0,160613.0,5.74
2026-09-04T02:14:45.304458,pi-test-01,img_6978,JPEG,-,31.55,0.9268,,,n/a,153.461,512.0,75133.0,12.27
2026-09-04T02:14:45.304458,pi-test-01,img_6978,JPEG2000-ROI,-,28.679,0.8845,0.7508,0.8576,sam_uploaded,1314.797,9032.0,160617.0,5.74
2026-09-04T02:14:48.708851,pi-test-01,img_6979,JPEG,-,31.55,0.9268,,,n/a,152.4,512.0,75088.0,12.27
2026-09-04T02:14:48.708851,pi-test-01,img_6979,JPEG2000-ROI,-,28.62,0.883,0.7486,0.8562,sam_uploaded,1281.205,9036.0,160261.0,5.75
2026-09-04T02:14:52.239621,pi-test-01,img_6980,JPEG,-,31.557,0.9269,,,n/a,152.79,512.0,75098.0,12.27
2026-09-04T02:14:52.239621,pi-test-01,img_6980,JPEG2000-ROI,-,28.681,0.8851,0.7491,0.8565,sam_uploaded,1292.361,8964.0,160584.0,5.74
2026-09-04T02:14:55.717004,pi-test-01,img_6981,JPEG,-,32.551,0.932,,,n/a,151.654,512.0,62054.0,14.85
2026-09-04T02:14:55.717004,pi-test-01,img_6981,JPEG2000-ROI,-,33.657,0.9525,0.7185,0.8362,sam_uploaded,1275.592,9024.0,160418.0,5.74
2026-09-04T02:14:59.464482,pi-test-01,img_6982,JPEG,-,32.543,0.932,,,n/a,151.6,512.0,62031.0,14.86
2026-09-04T02:14:59.464482,pi-test-01,img_6982,JPEG2000-ROI,-,33.611,0.9515,0.8898,0.9417,sam_uploaded,1254.521,9032.0,160288.0,5.75
2026-09-04T02:15:02.907401,pi-test-01,img_6983,JPEG,-,32.543,0.932,,,n/a,150.015,512.0,62051.0,14.85
2026-09-04T02:15:02.907401,pi-test-01,img_6983,JPEG2000-ROI,-,33.778,0.9524,0.723,0.8392,sam_uploaded,1250.471,9020.0,160262.0,5.75
2026-09-04T02:15:06.357359,pi-test-01,img_6984,JPEG,-,32.551,0.932,,,n/a,149.696,512.0,62064.0,14.85
2026-09-04T02:15:06.357359,pi-test-01,img_6984,JPEG2000-ROI,-,33.486,0.9509,0.8943,0.9442,sam_uploaded,1274.423,9036.0,160102.0,5.76
2026-09-04T02:15:10.164816,pi-test-01,img_6985,JPEG,-,31.691,0.9235,,,n/a,152.652,512.0,74779.0,12.32
2026-09-04T02:15:10.164816,pi-test-01,img_6985,JPEG2000-ROI,-,29.009,0.8717,0.6837,0.8121,sam_uploaded,1268.903,9040.0,160455.0,5.74
2026-09-04T02:15:13.651259,pi-test-01,img_6986,JPEG,-,31.689,0.9235,,,n/a,153.245,512.0,74772.0,12.33
2026-09-04T02:15:13.651259,pi-test-01,img_6986,JPEG2000-ROI,-,28.953,0.8718,0.6883,0.8153,sam_uploaded,1257.212,9032.0,160578.0,5.74
2026-09-04T02:15:17.087238,pi-test-01,img_6987,JPEG,-,31.689,0.9235,,,n/a,153.308,512.0,74720.0,12.33
2026-09-04T02:15:17.087238,pi-test-01,img_6987,JPEG2000-ROI,-,28.894,0.8715,0.6866,0.8142,sam_uploaded,1272.397,9036.0,160500.0,5.74
2026-09-04T02:15:20.533344,pi-test-01,img_6988,JPEG,-,31.691,0.9235,,,n/a,153.163,512.0,74723.0,12.33
2026-09-04T02:15:20.533344,pi-test-01,img_6988,JPEG2000-ROI,-,29.062,0.8732,0.6857,0.8136,sam_uploaded,1266.429,9032.0,160413.0,5.75
2026-09-04T02:15:23.866689,pi-test-01,img_6989,JPEG,-,32.989,0.9327,,,n/a,151.909,512.0,63303.0,14.56
2026-09-04T02:15:23.866689,pi-test-01,img_6989,JPEG2000-ROI,-,27.387,0.7995,0.5064,0.6724,sam_uploaded,1172.991,9036.0,160580.0,5.74
2026-09-04T02:15:27.263722,pi-test-01,img_6990,JPEG,-,32.987,0.9328,,,n/a,151.12,512.0,63279.0,14.56
2026-09-04T02:15:27.263722,pi-test-01,img_6990,JPEG2000-ROI,-,27.364,0.7971,0.51,0.6755,sam_uploaded,1194.592,9024.0,160545.0,5.74
2026-09-04T02:15:30.700854,pi-test-01,img_6991,JPEG,-,32.987,0.9328,,,n/a,152.232,512.0,63332.0,14.55
2026-09-04T02:15:30.700854,pi-test-01,img_6991,JPEG2000-ROI,-,27.343,0.7978,0.5092,0.6748,sam_uploaded,1174.043,9024.0,160460.0,5.74
2026-09-04T02:15:34.212627,pi-test-01,img_6992,JPEG,-,32.989,0.9327,,,n/a,154.601,512.0,63362.0,14.54
2026-09-04T02:15:34.212627,pi-test-01,img_6992,JPEG2000-ROI,-,27.281,0.7946,0.5033,0.6696,sam_uploaded,1166.245,9032.0,160421.0,5.74
2026-09-04T02:15:37.629068,pi-test-01,img_6993,JPEG,-,32.914,0.9418,,,n/a,152.757,512.0,69466.0,13.27
2026-09-04T02:15:37.629068,pi-test-01,img_6993,JPEG2000-ROI,-,29.5,0.8794,0.7855,0.8799,sam_uploaded,1239.987,9032.0,160424.0,5.74
2026-09-04T02:15:41.216504,pi-test-01,img_6994,JPEG,-,32.916,0.9418,,,n/a,151.082,512.0,69454.0,13.27
2026-09-04T02:15:41.216504,pi-test-01,img_6994,JPEG2000-ROI,-,29.602,0.8804,0.7918,0.8838,sam_uploaded,1233.737,9036.0,160528.0,5.74
2026-09-04T02:15:44.692196,pi-test-01,img_6995,JPEG,-,32.916,0.9418,,,n/a,151.322,512.0,69503.0,13.26
2026-09-04T02:15:44.692196,pi-test-01,img_6995,JPEG2000-ROI,-,29.582,0.8803,0.7843,0.8791,sam_uploaded,1224.754,9028.0,160512.0,5.74
2026-09-04T02:15:48.465608,pi-test-01,img_6996,JPEG,-,32.914,0.9418,,,n/a,152.498,512.0,69489.0,13.26
2026-09-04T02:15:48.465608,pi-test-01,img_6996,JPEG2000-ROI,-,29.454,0.8805,0.7804,0.8766,sam_uploaded,1226.701,9040.0,160490.0,5.74
2026-09-04T02:15:52.073251,pi-test-01,img_6997,JPEG,-,28.475,0.9086,,,n/a,154.616,512.0,87584.0,10.52
2026-09-04T02:15:52.073251,pi-test-01,img_6997,JPEG2000-ROI,-,27.113,0.8597,0.7581,0.8624,sam_uploaded,1365.526,9028.0,160534.0,5.74
2026-09-04T02:15:55.644753,pi-test-01,img_6998,JPEG,-,28.475,0.9085,,,n/a,154.404,512.0,87579.0,10.52
2026-09-04T02:15:55.644753,pi-test-01,img_6998,JPEG2000-ROI,-,27.353,0.8628,0.7338,0.8465,sam_uploaded,1341.858,9040.0,160406.0,5.75
2026-09-04T02:15:59.161511,pi-test-01,img_6999,JPEG,-,28.475,0.9085,,,n/a,154.772,512.0,87605.0,10.52
2026-09-04T02:15:59.161511,pi-test-01,img_6999,JPEG2000-ROI,-,27.237,0.8615,0.7557,0.8609,sam_uploaded,1332.764,9032.0,160579.0,5.74
2026-09-04T02:16:02.746096,pi-test-01,img_7000,JPEG,-,28.475,0.9086,,,n/a,154.695,512.0,87614.0,10.52
2026-09-04T02:16:02.746096,pi-test-01,img_7000,JPEG2000-ROI,-,27.216,0.8616,0.7421,0.852,sam_uploaded,1360.472,9040.0,160508.0,5.74
2026-09-04T02:16:06.018479,pi-test-01,img_7001,JPEG,-,35.618,0.9365,,,n/a,146.139,512.0,41872.0,22.01
2026-09-04T02:16:06.018479,pi-test-01,img_7001,JPEG2000-ROI,-,35.804,0.9532,0.8144,0.8977,sam_uploaded,1190.019,9036.0,160549.0,5.74
2026-09-04T02:16:09.422978,pi-test-01,img_7002,JPEG,-,35.617,0.9367,,,n/a,145.17,512.0,41882.0,22.0
2026-09-04T02:16:09.422978,pi-test-01,img_7002,JPEG2000-ROI,-,35.95,0.9532,0.7541,0.8598,sam_uploaded,1181.818,9036.0,160331.0,5.75
2026-09-04T02:16:12.881230,pi-test-01,img_7003,JPEG,-,35.617,0.9367,,,n/a,145.022,512.0,41807.0,22.04
2026-09-04T02:16:12.881230,pi-test-01,img_7003,JPEG2000-ROI,-,35.844,0.9531,0.7506,0.8575,sam_uploaded,1207.39,9028.0,160299.0,5.75
2026-09-04T02:16:16.147882,pi-test-01,img_7004,JPEG,-,35.618,0.9365,,,n/a,144.714,512.0,41829.0,22.03
2026-09-04T02:16:16.147882,pi-test-01,img_7004,JPEG2000-ROI,-,35.917,0.9534,0.7437,0.853,sam_uploaded,1180.477,9028.0,160594.0,5.74
2026-09-04T02:16:19.527274,pi-test-01,img_7005,JPEG,-,35.092,0.9357,,,n/a,145.024,512.0,39040.0,23.61
2026-09-04T02:16:19.527274,pi-test-01,img_7005,JPEG2000-ROI,-,38.755,0.9697,0.9059,0.9506,sam_uploaded,1199.095,9020.0,160115.0,5.76
2026-09-04T02:16:22.901024,pi-test-01,img_7006,JPEG,-,35.092,0.9358,,,n/a,146.01,512.0,39042.0,23.61
2026-09-04T02:16:22.901024,pi-test-01,img_7006,JPEG2000-ROI,-,38.959,0.9702,0.8943,0.9442,sam_uploaded,1237.221,8924.0,160435.0,5.74
2026-09-04T02:16:26.205546,pi-test-01,img_7007,JPEG,-,35.092,0.9358,,,n/a,145.419,512.0,39085.0,23.58
2026-09-04T02:16:26.205546,pi-test-01,img_7007,JPEG2000-ROI,-,38.844,0.9696,0.9106,0.9532,sam_uploaded,1202.712,9008.0,160079.0,5.76
2026-09-04T02:16:29.559226,pi-test-01,img_7008,JPEG,-,35.092,0.9357,,,n/a,144.037,512.0,39091.0,23.58
2026-09-04T02:16:29.559226,pi-test-01,img_7008,JPEG2000-ROI,-,38.699,0.9696,0.9108,0.9533,sam_uploaded,1200.085,8856.0,160550.0,5.74
2026-09-04T02:16:32.823754,pi-test-01,img_7009,JPEG,-,35.689,0.9406,,,n/a,144.132,512.0,36739.0,25.09
2026-09-04T02:16:32.823754,pi-test-01,img_7009,JPEG2000-ROI,-,38.513,0.9692,0.8317,0.9081,sam_uploaded,1187.492,9040.0,160238.0,5.75
2026-09-04T02:16:36.117304,pi-test-01,img_7010,JPEG,-,35.69,0.9405,,,n/a,143.723,512.0,36716.0,25.1
2026-09-04T02:16:36.117304,pi-test-01,img_7010,JPEG2000-ROI,-,38.725,0.9694,0.8781,0.9351,sam_uploaded,1176.364,9036.0,160343.0,5.75
2026-09-04T02:16:39.390795,pi-test-01,img_7011,JPEG,-,35.69,0.9405,,,n/a,143.156,512.0,36683.0,25.12
2026-09-04T02:16:39.390795,pi-test-01,img_7011,JPEG2000-ROI,-,38.511,0.9691,0.8856,0.9393,sam_uploaded,1175.185,9036.0,160580.0,5.74
2026-09-04T02:16:42.655034,pi-test-01,img_7012,JPEG,-,35.689,0.9406,,,n/a,144.076,512.0,36702.0,25.11
2026-09-04T02:16:42.655034,pi-test-01,img_7012,JPEG2000-ROI,-,38.659,0.9697,0.8815,0.937,sam_uploaded,1176.519,9032.0,160356.0,5.75
2026-09-04T02:16:45.899400,pi-test-01,img_7013,JPEG,-,35.728,0.9315,,,n/a,145.048,512.0,38859.0,23.72
2026-09-04T02:16:45.899400,pi-test-01,img_7013,JPEG2000-ROI,-,34.375,0.9194,0.7182,0.836,sam_uploaded,1135.768,9036.0,160488.0,5.74
2026-09-04T02:16:49.130050,pi-test-01,img_7014,JPEG,-,35.733,0.9314,,,n/a,144.767,512.0,38828.0,23.74
2026-09-04T02:16:49.130050,pi-test-01,img_7014,JPEG2000-ROI,-,34.352,0.9202,0.709,0.8297,sam_uploaded,1134.229,9032.0,160495.0,5.74
2026-09-04T02:16:52.392931,pi-test-01,img_7015,JPEG,-,35.733,0.9314,,,n/a,145.972,512.0,38761.0,23.78
2026-09-04T02:16:52.392931,pi-test-01,img_7015,JPEG2000-ROI,-,34.427,0.9202,0.7185,0.8362,sam_uploaded,1134.633,9032.0,160407.0,5.75
2026-09-04T02:16:55.700564,pi-test-01,img_7016,JPEG,-,35.728,0.9315,,,n/a,171.902,512.0,38742.0,23.79
2026-09-04T02:16:55.700564,pi-test-01,img_7016,JPEG2000-ROI,-,34.263,0.9191,0.7087,0.8295,sam_uploaded,1135.805,9040.0,160309.0,5.75
2026-09-04T02:16:59.181409,pi-test-01,img_7017,JPEG,-,34.957,0.9215,,,n/a,145.648,512.0,40630.0,22.68
2026-09-04T02:16:59.181409,pi-test-01,img_7017,JPEG2000-ROI,-,37.484,0.9601,0.8575,0.9233,sam_uploaded,1209.848,9032.0,160590.0,5.74
2026-09-04T02:17:02.461765,pi-test-01,img_7018,JPEG,-,34.963,0.9215,,,n/a,146.937,512.0,40631.0,22.68
2026-09-04T02:17:02.461765,pi-test-01,img_7018,JPEG2000-ROI,-,37.48,0.9595,0.855,0.9218,sam_uploaded,1192.219,9028.0,160530.0,5.74
2026-09-04T02:17:05.761420,pi-test-01,img_7019,JPEG,-,34.963,0.9215,,,n/a,145.426,512.0,40625.0,22.69
2026-09-04T02:17:05.761420,pi-test-01,img_7019,JPEG2000-ROI,-,37.452,0.9592,0.8573,0.9232,sam_uploaded,1184.098,9036.0,160636.0,5.74
2026-09-04T02:17:09.017180,pi-test-01,img_7020,JPEG,-,34.957,0.9215,,,n/a,145.535,512.0,40592.0,22.7
2026-09-04T02:17:09.017180,pi-test-01,img_7020,JPEG2000-ROI,-,37.41,0.96,0.8561,0.9225,sam_uploaded,1203.628,9036.0,160527.0,5.74
2026-09-04T02:17:12.246029,pi-test-01,img_7021,JPEG,-,37.625,0.9384,,,n/a,143.183,512.0,31521.0,29.24
2026-09-04T02:17:12.246029,pi-test-01,img_7021,JPEG2000-ROI,-,37.596,0.9473,0.5694,0.7256,sam_uploaded,1102.245,9032.0,160536.0,5.74
2026-09-04T02:17:15.415611,pi-test-01,img_7022,JPEG,-,37.621,0.9385,,,n/a,142.648,512.0,31530.0,29.23
2026-09-04T02:17:15.415611,pi-test-01,img_7022,JPEG2000-ROI,-,37.394,0.9468,0.5501,0.7098,sam_uploaded,1095.171,9016.0,160524.0,5.74
2026-09-04T02:17:18.807833,pi-test-01,img_7023,JPEG,-,37.621,0.9385,,,n/a,142.349,512.0,31554.0,29.21
2026-09-04T02:17:18.807833,pi-test-01,img_7023,JPEG2000-ROI,-,37.402,0.9468,0.5695,0.7257,sam_uploaded,1097.144,9036.0,160518.0,5.74
2026-09-04T02:17:22.109016,pi-test-01,img_7024,JPEG,-,37.625,0.9384,,,n/a,146.763,512.0,31548.0,29.21
2026-09-04T02:17:22.109016,pi-test-01,img_7024,JPEG2000-ROI,-,37.583,0.9478,0.5474,0.7075,sam_uploaded,1098.317,9024.0,160571.0,5.74
2026-09-04T02:17:25.491920,pi-test-01,img_7025,JPEG,-,31.345,0.9139,,,n/a,148.286,512.0,54623.0,16.87
2026-09-04T02:17:25.491920,pi-test-01,img_7025,JPEG2000-ROI,-,33.237,0.9423,0.858,0.9236,sam_uploaded,1292.581,9056.0,160211.0,5.75
2026-09-04T02:17:29.101225,pi-test-01,img_7026,JPEG,-,31.328,0.9139,,,n/a,149.079,512.0,54584.0,16.88
2026-09-04T02:17:29.101225,pi-test-01,img_7026,JPEG2000-ROI,-,33.381,0.9435,0.8573,0.9232,sam_uploaded,1270.908,9032.0,160469.0,5.74
2026-09-04T02:17:32.558301,pi-test-01,img_7027,JPEG,-,31.328,0.9139,,,n/a,149.064,512.0,54593.0,16.88
2026-09-04T02:17:32.558301,pi-test-01,img_7027,JPEG2000-ROI,-,33.12,0.942,0.8501,0.919,sam_uploaded,1272.338,9036.0,160437.0,5.74
2026-09-04T02:17:35.947022,pi-test-01,img_7028,JPEG,-,31.345,0.9139,,,n/a,148.085,512.0,54597.0,16.88
2026-09-04T02:17:35.947022,pi-test-01,img_7028,JPEG2000-ROI,-,33.43,0.9428,0.8564,0.9226,sam_uploaded,1289.763,9032.0,160392.0,5.75
2026-09-04T02:17:39.374263,pi-test-01,img_7029,JPEG,-,33.433,0.963,,,n/a,151.768,512.0,68815.0,13.39
2026-09-04T02:17:39.374263,pi-test-01,img_7029,JPEG2000-ROI,-,29.789,0.897,0.2093,0.3462,sam_uploaded,1151.037,9032.0,160336.0,5.75
2026-09-04T02:17:42.892896,pi-test-01,img_7030,JPEG,-,33.433,0.9631,,,n/a,151.928,512.0,68818.0,13.39
2026-09-04T02:17:42.892896,pi-test-01,img_7030,JPEG2000-ROI,-,29.732,0.898,0.1974,0.3297,sam_uploaded,1153.021,9032.0,160289.0,5.75
2026-09-04T02:17:46.340361,pi-test-01,img_7031,JPEG,-,33.433,0.9631,,,n/a,152.571,512.0,68823.0,13.39
2026-09-04T02:17:46.340361,pi-test-01,img_7031,JPEG2000-ROI,-,29.736,0.8963,0.2061,0.3417,sam_uploaded,1179.034,9036.0,160521.0,5.74
2026-09-04T02:17:49.711585,pi-test-01,img_7032,JPEG,-,33.433,0.963,,,n/a,152.744,512.0,68841.0,13.39
2026-09-04T02:17:49.711585,pi-test-01,img_7032,JPEG2000-ROI,-,29.861,0.8984,0.1979,0.3305,sam_uploaded,1144.423,9040.0,160580.0,5.74
2026-09-04T02:17:53.089771,pi-test-01,img_7033,JPEG,-,32.412,0.9593,,,n/a,152.042,512.0,79527.0,11.59
2026-09-04T02:17:53.089771,pi-test-01,img_7033,JPEG2000-ROI,-,27.801,0.8473,0.1245,0.2215,sam_uploaded,1165.19,9020.0,160414.0,5.75
2026-09-04T02:17:56.477254,pi-test-01,img_7034,JPEG,-,32.415,0.9593,,,n/a,153.802,512.0,79540.0,11.59
2026-09-04T02:17:56.477254,pi-test-01,img_7034,JPEG2000-ROI,-,27.933,0.8495,0.1181,0.2112,sam_uploaded,1176.627,9032.0,160583.0,5.74
2026-09-04T02:17:59.805730,pi-test-01,img_7035,JPEG,-,32.415,0.9593,,,n/a,152.305,512.0,79554.0,11.58
2026-09-04T02:17:59.805730,pi-test-01,img_7035,JPEG2000-ROI,-,27.832,0.8471,0.1245,0.2214,sam_uploaded,1157.85,9032.0,160542.0,5.74
2026-09-04T02:18:03.386064,pi-test-01,img_7036,JPEG,-,32.412,0.9593,,,n/a,153.864,512.0,79544.0,11.59
2026-09-04T02:18:03.386064,pi-test-01,img_7036,JPEG2000-ROI,-,27.901,0.8495,0.1168,0.2092,sam_uploaded,1171.408,9032.0,160435.0,5.74
2026-09-04T02:18:06.761981,pi-test-01,img_7037,JPEG,-,33.621,0.9562,,,n/a,149.027,512.0,62744.0,14.69
2026-09-04T02:18:06.761981,pi-test-01,img_7037,JPEG2000-ROI,-,30.603,0.9226,0.3937,0.565,sam_uploaded,1226.99,8940.0,160513.0,5.74
2026-09-04T02:18:10.287586,pi-test-01,img_7038,JPEG,-,33.623,0.9563,,,n/a,150.653,512.0,62736.0,14.69
2026-09-04T02:18:10.287586,pi-test-01,img_7038,JPEG2000-ROI,-,30.34,0.9214,0.4273,0.5988,sam_uploaded,1204.708,8876.0,160427.0,5.74
2026-09-04T02:18:13.763396,pi-test-01,img_7039,JPEG,-,33.623,0.9563,,,n/a,148.869,512.0,62777.0,14.68
2026-09-04T02:18:13.763396,pi-test-01,img_7039,JPEG2000-ROI,-,30.553,0.9248,0.4008,0.5723,sam_uploaded,1215.331,9036.0,160620.0,5.74
2026-09-04T02:18:17.144497,pi-test-01,img_7040,JPEG,-,33.621,0.9562,,,n/a,152.891,512.0,62789.0,14.68
2026-09-04T02:18:17.144497,pi-test-01,img_7040,JPEG2000-ROI,-,30.557,0.9231,0.4177,0.5893,sam_uploaded,1224.442,9032.0,160554.0,5.74
2026-09-04T02:18:20.531085,pi-test-01,img_7041,JPEG,-,32.849,0.9607,,,n/a,155.084,512.0,72978.0,12.63
2026-09-04T02:18:20.531085,pi-test-01,img_7041,JPEG2000-ROI,-,30.868,0.9531,0.18,0.3051,sam_uploaded,1196.153,8992.0,160507.0,5.74
2026-09-04T02:18:23.948042,pi-test-01,img_7042,JPEG,-,32.848,0.9607,,,n/a,152.393,512.0,72986.0,12.63
2026-09-04T02:18:23.948042,pi-test-01,img_7042,JPEG2000-ROI,-,30.924,0.9533,0.1613,0.2779,sam_uploaded,1200.82,9032.0,160261.0,5.75
2026-09-04T02:18:27.325648,pi-test-01,img_7043,JPEG,-,32.848,0.9607,,,n/a,151.544,512.0,72932.0,12.64
2026-09-04T02:18:27.325648,pi-test-01,img_7043,JPEG2000-ROI,-,30.994,0.9539,0.164,0.2818,sam_uploaded,1206.639,9016.0,160376.0,5.75
2026-09-04T02:18:30.765486,pi-test-01,img_7044,JPEG,-,32.849,0.9607,,,n/a,152.812,512.0,72917.0,12.64
2026-09-04T02:18:30.765486,pi-test-01,img_7044,JPEG2000-ROI,-,30.946,0.9534,0.168,0.2877,sam_uploaded,1191.019,9032.0,160452.0,5.74
2026-09-04T02:18:34.360657,pi-test-01,img_7045,JPEG,-,31.97,0.9496,,,n/a,154.509,512.0,76793.0,12.0
2026-09-04T02:18:34.360657,pi-test-01,img_7045,JPEG2000-ROI,-,29.192,0.8821,0.3868,0.5579,sam_uploaded,1211.089,9032.0,160576.0,5.74
2026-09-04T02:18:37.743251,pi-test-01,img_7046,JPEG,-,31.969,0.9496,,,n/a,153.723,512.0,76768.0,12.01
2026-09-04T02:18:37.743251,pi-test-01,img_7046,JPEG2000-ROI,-,29.076,0.881,0.3986,0.57,sam_uploaded,1216.599,9024.0,160528.0,5.74
2026-09-04T02:18:41.313683,pi-test-01,img_7047,JPEG,-,31.969,0.9496,,,n/a,154.029,512.0,76806.0,12.0
2026-09-04T02:18:41.313683,pi-test-01,img_7047,JPEG2000-ROI,-,29.05,0.8814,0.3851,0.5561,sam_uploaded,1207.231,9008.0,160539.0,5.74
2026-09-04T02:18:44.866539,pi-test-01,img_7048,JPEG,-,31.97,0.9496,,,n/a,153.364,512.0,76797.0,12.0
2026-09-04T02:18:44.866539,pi-test-01,img_7048,JPEG2000-ROI,-,29.131,0.881,0.385,0.556,sam_uploaded,1204.088,9032.0,160329.0,5.75
2026-09-04T02:18:48.277610,pi-test-01,img_7049,JPEG,-,32.155,0.9586,,,n/a,154.043,512.0,76588.0,12.03
2026-09-04T02:18:48.277610,pi-test-01,img_7049,JPEG2000-ROI,-,30.335,0.9218,0.2811,0.4389,sam_uploaded,1220.384,9032.0,160181.0,5.75
2026-09-04T02:18:51.615508,pi-test-01,img_7050,JPEG,-,32.153,0.9585,,,n/a,153.917,512.0,76583.0,12.03
2026-09-04T02:18:51.615508,pi-test-01,img_7050,JPEG2000-ROI,-,30.39,0.9226,0.2751,0.4314,sam_uploaded,1196.224,9028.0,160357.0,5.75
2026-09-04T02:18:55.014769,pi-test-01,img_7051,JPEG,-,32.153,0.9585,,,n/a,153.804,512.0,76597.0,12.03
2026-09-04T02:18:55.014769,pi-test-01,img_7051,JPEG2000-ROI,-,30.452,0.9231,0.2977,0.4588,sam_uploaded,1209.375,9032.0,160453.0,5.74
2026-09-04T02:18:58.425160,pi-test-01,img_7052,JPEG,-,32.155,0.9586,,,n/a,153.141,512.0,76609.0,12.03
2026-09-04T02:18:58.425160,pi-test-01,img_7052,JPEG2000-ROI,-,30.432,0.9234,0.2815,0.4393,sam_uploaded,1213.952,9024.0,160287.0,5.75
2026-09-04T02:19:01.897032,pi-test-01,img_7053,JPEG,-,29.275,0.932,,,n/a,156.94,512.0,94873.0,9.71
2026-09-04T02:19:01.897032,pi-test-01,img_7053,JPEG2000-ROI,-,28.517,0.8877,0.2742,0.4304,sam_uploaded,1288.288,9008.0,160608.0,5.74
2026-09-04T02:19:05.455065,pi-test-01,img_7054,JPEG,-,29.273,0.9319,,,n/a,156.283,512.0,94876.0,9.71
2026-09-04T02:19:05.455065,pi-test-01,img_7054,JPEG2000-ROI,-,28.438,0.8878,0.3144,0.4784,sam_uploaded,1294.209,9032.0,160581.0,5.74
2026-09-04T02:19:09.009939,pi-test-01,img_7055,JPEG,-,29.273,0.9319,,,n/a,155.698,512.0,94908.0,9.71
2026-09-04T02:19:09.009939,pi-test-01,img_7055,JPEG2000-ROI,-,28.51,0.8879,0.2758,0.4324,sam_uploaded,1306.129,9040.0,160515.0,5.74
2026-09-04T02:19:12.486943,pi-test-01,img_7056,JPEG,-,29.275,0.932,,,n/a,156.447,512.0,94927.0,9.71
2026-09-04T02:19:12.486943,pi-test-01,img_7056,JPEG2000-ROI,-,28.427,0.8874,0.3124,0.4761,sam_uploaded,1281.608,9036.0,160558.0,5.74
2026-09-04T02:19:16.028487,pi-test-01,img_7057,JPEG,-,32.251,0.9451,,,n/a,152.943,512.0,75129.0,12.27
2026-09-04T02:19:16.028487,pi-test-01,img_7057,JPEG2000-ROI,-,27.145,0.8592,0.4055,0.577,sam_uploaded,1226.467,9032.0,160563.0,5.74
2026-09-04T02:19:19.546733,pi-test-01,img_7058,JPEG,-,32.255,0.9451,,,n/a,153.99,512.0,75081.0,12.27
2026-09-04T02:19:19.546733,pi-test-01,img_7058,JPEG2000-ROI,-,27.21,0.8624,0.4172,0.5888,sam_uploaded,1230.915,9036.0,160299.0,5.75
2026-09-04T02:19:22.918188,pi-test-01,img_7059,JPEG,-,32.255,0.9451,,,n/a,153.01,512.0,75087.0,12.27
2026-09-04T02:19:22.918188,pi-test-01,img_7059,JPEG2000-ROI,-,27.119,0.8583,0.4097,0.5813,sam_uploaded,1215.905,9036.0,160166.0,5.75
2026-09-04T02:19:26.542702,pi-test-01,img_7060,JPEG,-,32.251,0.9451,,,n/a,152.369,512.0,75110.0,12.27
2026-09-04T02:19:26.542702,pi-test-01,img_7060,JPEG2000-ROI,-,27.115,0.858,0.4208,0.5924,sam_uploaded,1223.232,9032.0,160221.0,5.75
2026-09-04T02:19:30.397129,pi-test-01,img_7061,JPEG,-,30.706,0.922,,,n/a,153.196,512.0,78940.0,11.67
2026-09-04T02:19:30.397129,pi-test-01,img_7061,JPEG2000-ROI,-,26.659,0.8285,0.7955,0.8861,sam_uploaded,1306.586,8928.0,160525.0,5.74
2026-09-04T02:19:33.915378,pi-test-01,img_7062,JPEG,-,30.71,0.9221,,,n/a,154.292,512.0,78923.0,11.68
2026-09-04T02:19:33.915378,pi-test-01,img_7062,JPEG2000-ROI,-,26.587,0.8283,0.7552,0.8605,sam_uploaded,1277.113,9036.0,160575.0,5.74
2026-09-04T02:19:37.548774,pi-test-01,img_7063,JPEG,-,30.71,0.9221,,,n/a,153.442,512.0,78962.0,11.67
2026-09-04T02:19:37.548774,pi-test-01,img_7063,JPEG2000-ROI,-,26.684,0.8285,0.795,0.8858,sam_uploaded,1277.923,9040.0,160599.0,5.74
2026-09-04T02:19:41.313790,pi-test-01,img_7064,JPEG,-,30.706,0.922,,,n/a,153.521,512.0,78938.0,11.67
2026-09-04T02:19:41.313790,pi-test-01,img_7064,JPEG2000-ROI,-,26.652,0.8308,0.7017,0.8247,sam_uploaded,1272.151,9040.0,160615.0,5.74
2026-09-04T02:19:44.761595,pi-test-01,img_7065,JPEG,-,32.09,0.942,,,n/a,152.983,512.0,70507.0,13.07
2026-09-04T02:19:44.761595,pi-test-01,img_7065,JPEG2000-ROI,-,27.773,0.8705,0.6687,0.8015,sam_uploaded,1276.16,9020.0,160558.0,5.74
2026-09-04T02:19:48.172875,pi-test-01,img_7066,JPEG,-,32.089,0.9419,,,n/a,151.784,512.0,70489.0,13.07
2026-09-04T02:19:48.172875,pi-test-01,img_7066,JPEG2000-ROI,-,27.74,0.8692,0.6672,0.8004,sam_uploaded,1249.924,9020.0,160460.0,5.74
2026-09-04T02:19:52.027184,pi-test-01,img_7067,JPEG,-,32.089,0.9419,,,n/a,155.154,512.0,70526.0,13.07
2026-09-04T02:19:52.027184,pi-test-01,img_7067,JPEG2000-ROI,-,27.7,0.868,0.6675,0.8006,sam_uploaded,1242.983,9036.0,160451.0,5.74
2026-09-04T02:19:55.444866,pi-test-01,img_7068,JPEG,-,32.09,0.942,,,n/a,153.976,512.0,70542.0,13.06
2026-09-04T02:19:55.444866,pi-test-01,img_7068,JPEG2000-ROI,-,27.736,0.8712,0.6827,0.8114,sam_uploaded,1260.837,9024.0,160130.0,5.76
2026-09-04T02:19:58.807742,pi-test-01,img_7069,JPEG,-,32.181,0.9236,,,n/a,150.556,512.0,63433.0,14.53
2026-09-04T02:19:58.807742,pi-test-01,img_7069,JPEG2000-ROI,-,30.407,0.8856,0.7463,0.8547,sam_uploaded,1227.708,9040.0,160556.0,5.74
2026-09-04T02:20:02.300018,pi-test-01,img_7070,JPEG,-,32.186,0.9236,,,n/a,150.401,512.0,63409.0,14.53
2026-09-04T02:20:02.300018,pi-test-01,img_7070,JPEG2000-ROI,-,30.408,0.8857,0.7396,0.8503,sam_uploaded,1212.746,9100.0,160515.0,5.74
2026-09-04T02:20:05.713757,pi-test-01,img_7071,JPEG,-,32.186,0.9236,,,n/a,150.73,512.0,63385.0,14.54
2026-09-04T02:20:05.713757,pi-test-01,img_7071,JPEG2000-ROI,-,30.335,0.8851,0.7359,0.8479,sam_uploaded,1226.346,9116.0,160468.0,5.74
2026-09-04T02:20:09.154284,pi-test-01,img_7072,JPEG,-,32.181,0.9236,,,n/a,151.76,512.0,63402.0,14.54
2026-09-04T02:20:09.154284,pi-test-01,img_7072,JPEG2000-ROI,-,30.57,0.8892,0.7452,0.854,sam_uploaded,1231.912,8944.0,160629.0,5.74
2026-09-04T02:20:12.769022,pi-test-01,img_7073,JPEG,-,31.153,0.9157,,,n/a,153.479,512.0,72648.0,12.69
2026-09-04T02:20:12.769022,pi-test-01,img_7073,JPEG2000-ROI,-,25.95,0.7767,0.6864,0.8141,sam_uploaded,1222.337,9016.0,160347.0,5.75
2026-09-04T02:20:16.194942,pi-test-01,img_7074,JPEG,-,31.151,0.9157,,,n/a,152.405,512.0,72620.0,12.69
2026-09-04T02:20:16.194942,pi-test-01,img_7074,JPEG2000-ROI,-,25.923,0.7734,0.6872,0.8146,sam_uploaded,1238.918,8828.0,160462.0,5.74
2026-09-04T02:20:19.624678,pi-test-01,img_7075,JPEG,-,31.151,0.9157,,,n/a,151.968,512.0,72664.0,12.68
2026-09-04T02:20:19.624678,pi-test-01,img_7075,JPEG2000-ROI,-,25.915,0.7731,0.6885,0.8155,sam_uploaded,1230.23,8856.0,160287.0,5.75
2026-09-04T02:20:23.090647,pi-test-01,img_7076,JPEG,-,31.153,0.9157,,,n/a,153.738,512.0,72701.0,12.68
2026-09-04T02:20:23.090647,pi-test-01,img_7076,JPEG2000-ROI,-,26.05,0.7771,0.6213,0.7664,sam_uploaded,1218.878,9032.0,160577.0,5.74
2026-09-04T02:20:26.579860,pi-test-01,img_7077,JPEG,-,31.271,0.9246,,,n/a,151.513,512.0,69411.0,13.28
2026-09-04T02:20:26.579860,pi-test-01,img_7077,JPEG2000-ROI,-,31.527,0.9277,0.8503,0.9191,sam_uploaded,1304.439,9032.0,160485.0,5.74
2026-09-04T02:20:30.163928,pi-test-01,img_7078,JPEG,-,31.273,0.9247,,,n/a,153.263,512.0,69396.0,13.28
2026-09-04T02:20:30.163928,pi-test-01,img_7078,JPEG2000-ROI,-,31.454,0.9258,0.8471,0.9172,sam_uploaded,1296.387,9036.0,160386.0,5.75
2026-09-04T02:20:33.671044,pi-test-01,img_7079,JPEG,-,31.273,0.9247,,,n/a,155.72,512.0,69473.0,13.27
2026-09-04T02:20:33.671044,pi-test-01,img_7079,JPEG2000-ROI,-,31.524,0.9267,0.8665,0.9285,sam_uploaded,1287.252,9032.0,160458.0,5.74
2026-09-04T02:20:37.158461,pi-test-01,img_7080,JPEG,-,31.271,0.9246,,,n/a,152.061,512.0,69465.0,13.27
2026-09-04T02:20:37.158461,pi-test-01,img_7080,JPEG2000-ROI,-,31.522,0.9266,0.815,0.8981,sam_uploaded,1283.701,9036.0,160548.0,5.74
2026-09-04T02:20:40.738216,pi-test-01,img_7081,JPEG,-,27.968,0.8858,,,n/a,154.627,512.0,86996.0,10.59
2026-09-04T02:20:40.738216,pi-test-01,img_7081,JPEG2000-ROI,-,26.703,0.8253,0.722,0.8386,sam_uploaded,1344.191,9028.0,160418.0,5.74
2026-09-04T02:20:44.273766,pi-test-01,img_7082,JPEG,-,27.962,0.8858,,,n/a,154.83,512.0,86981.0,10.6
2026-09-04T02:20:44.273766,pi-test-01,img_7082,JPEG2000-ROI,-,26.607,0.8246,0.7142,0.8333,sam_uploaded,1334.964,9008.0,160525.0,5.74
2026-09-04T02:20:47.798608,pi-test-01,img_7083,JPEG,-,27.962,0.8858,,,n/a,154.616,512.0,87005.0,10.59
2026-09-04T02:20:47.798608,pi-test-01,img_7083,JPEG2000-ROI,-,26.761,0.8263,0.7238,0.8398,sam_uploaded,1365.652,9032.0,160630.0,5.74
2026-09-04T02:20:51.422701,pi-test-01,img_7084,JPEG,-,27.968,0.8858,,,n/a,155.66,512.0,86992.0,10.59
2026-09-04T02:20:51.422701,pi-test-01,img_7084,JPEG2000-ROI,-,26.639,0.8264,0.7113,0.8313,sam_uploaded,1341.356,9004.0,160418.0,5.74
2026-09-04T02:20:54.724934,pi-test-01,img_7085,JPEG,-,35.017,0.9491,,,n/a,148.178,512.0,50252.0,18.34
2026-09-04T02:20:54.724934,pi-test-01,img_7085,JPEG2000-ROI,-,30.598,0.919,0.5512,0.7107,sam_uploaded,1162.879,9016.0,160385.0,5.75
2026-09-04T02:20:58.161917,pi-test-01,img_7086,JPEG,-,35.016,0.9491,,,n/a,149.207,512.0,50220.0,18.35
2026-09-04T02:20:58.161917,pi-test-01,img_7086,JPEG2000-ROI,-,30.562,0.9192,0.5436,0.7043,sam_uploaded,1188.807,9028.0,160323.0,5.75
2026-09-04T02:21:01.454044,pi-test-01,img_7087,JPEG,-,35.016,0.9491,,,n/a,150.28,512.0,50206.0,18.36
2026-09-04T02:21:01.454044,pi-test-01,img_7087,JPEG2000-ROI,-,30.545,0.9169,0.5519,0.7112,sam_uploaded,1161.61,9040.0,160244.0,5.75
2026-09-04T02:21:04.831089,pi-test-01,img_7088,JPEG,-,35.017,0.9491,,,n/a,147.331,512.0,50210.0,18.35
2026-09-04T02:21:04.831089,pi-test-01,img_7088,JPEG2000-ROI,-,30.495,0.9191,0.5296,0.6924,sam_uploaded,1164.886,9016.0,160523.0,5.74
2026-09-04T02:21:08.237563,pi-test-01,img_7089,JPEG,-,33.659,0.9355,,,n/a,148.584,512.0,56448.0,16.33
2026-09-04T02:21:08.237563,pi-test-01,img_7089,JPEG2000-ROI,-,30.288,0.8937,0.7256,0.841,sam_uploaded,1247.539,9028.0,160382.0,5.75
2026-09-04T02:21:11.760800,pi-test-01,img_7090,JPEG,-,33.663,0.9355,,,n/a,149.663,512.0,56444.0,16.33
2026-09-04T02:21:11.760800,pi-test-01,img_7090,JPEG2000-ROI,-,30.475,0.8965,0.7252,0.8407,sam_uploaded,1235.209,9032.0,160357.0,5.75
2026-09-04T02:21:15.196476,pi-test-01,img_7091,JPEG,-,33.663,0.9355,,,n/a,150.62,512.0,56419.0,16.33
2026-09-04T02:21:15.196476,pi-test-01,img_7091,JPEG2000-ROI,-,30.259,0.8916,0.7271,0.842,sam_uploaded,1225.018,9032.0,160450.0,5.74
2026-09-04T02:21:18.661275,pi-test-01,img_7092,JPEG,-,33.659,0.9355,,,n/a,149.112,512.0,56439.0,16.33
2026-09-04T02:21:18.661275,pi-test-01,img_7092,JPEG2000-ROI,-,30.445,0.8952,0.7237,0.8397,sam_uploaded,1266.385,9036.0,160501.0,5.74
2026-09-04T02:21:22.183012,pi-test-01,img_7093,JPEG,-,32.605,0.9318,,,n/a,152.354,512.0,67328.0,13.69
2026-09-04T02:21:22.183012,pi-test-01,img_7093,JPEG2000-ROI,-,27.428,0.8439,0.5891,0.7414,sam_uploaded,1222.498,9108.0,160374.0,5.75
2026-09-04T02:21:25.655801,pi-test-01,img_7094,JPEG,-,32.603,0.9316,,,n/a,152.704,512.0,67354.0,13.68
2026-09-04T02:21:25.655801,pi-test-01,img_7094,JPEG2000-ROI,-,27.462,0.8457,0.5831,0.7366,sam_uploaded,1217.258,9036.0,160505.0,5.74
2026-09-04T02:21:29.140022,pi-test-01,img_7095,JPEG,-,32.603,0.9316,,,n/a,150.619,512.0,67420.0,13.67
2026-09-04T02:21:29.140022,pi-test-01,img_7095,JPEG2000-ROI,-,27.6,0.8489,0.581,0.735,sam_uploaded,1241.79,8928.0,160624.0,5.74
2026-09-04T02:21:32.630918,pi-test-01,img_7096,JPEG,-,32.605,0.9318,,,n/a,151.72,512.0,67427.0,13.67
2026-09-04T02:21:32.630918,pi-test-01,img_7096,JPEG2000-ROI,-,27.376,0.8421,0.5868,0.7396,sam_uploaded,1225.606,8964.0,160421.0,5.74
2026-09-04T02:21:36.102744,pi-test-01,img_7097,JPEG,-,33.271,0.9344,,,n/a,152.34,512.0,63809.0,14.44
2026-09-04T02:21:36.102744,pi-test-01,img_7097,JPEG2000-ROI,-,27.151,0.8225,0.4719,0.6412,sam_uploaded,1183.259,9040.0,160474.0,5.74
2026-09-04T02:21:39.477154,pi-test-01,img_7098,JPEG,-,33.269,0.9343,,,n/a,150.873,512.0,63806.0,14.44
2026-09-04T02:21:39.477154,pi-test-01,img_7098,JPEG2000-ROI,-,27.111,0.8195,0.471,0.6404,sam_uploaded,1222.535,9032.0,160570.0,5.74
2026-09-04T02:21:42.786065,pi-test-01,img_7099,JPEG,-,33.269,0.9343,,,n/a,151.639,512.0,63807.0,14.44
2026-09-04T02:21:42.786065,pi-test-01,img_7099,JPEG2000-ROI,-,27.062,0.8191,0.4716,0.6409,sam_uploaded,1178.832,9040.0,160361.0,5.75
2026-09-04T02:21:46.146726,pi-test-01,img_7100,JPEG,-,33.271,0.9344,,,n/a,151.287,512.0,63843.0,14.44
2026-09-04T02:21:46.146726,pi-test-01,img_7100,JPEG2000-ROI,-,27.182,0.8224,0.4867,0.6548,sam_uploaded,1176.82,9032.0,160471.0,5.74
2026-09-04T02:21:49.448073,pi-test-01,img_7101,JPEG,-,34.152,0.9424,,,n/a,147.27,512.0,51902.0,17.76
2026-09-04T02:21:49.448073,pi-test-01,img_7101,JPEG2000-ROI,-,29.639,0.8532,0.4691,0.6386,sam_uploaded,1163.216,9036.0,160432.0,5.74
2026-09-04T02:21:52.664739,pi-test-01,img_7102,JPEG,-,34.155,0.9424,,,n/a,149.74,512.0,51909.0,17.75
2026-09-04T02:21:52.664739,pi-test-01,img_7102,JPEG2000-ROI,-,29.454,0.8533,0.4539,0.6244,sam_uploaded,1127.358,9032.0,160594.0,5.74
2026-09-04T02:21:55.918054,pi-test-01,img_7103,JPEG,-,34.155,0.9424,,,n/a,148.759,512.0,51894.0,17.76
2026-09-04T02:21:55.918054,pi-test-01,img_7103,JPEG2000-ROI,-,29.395,0.8463,0.4665,0.6362,sam_uploaded,1121.791,9036.0,160443.0,5.74
2026-09-04T02:21:59.256533,pi-test-01,img_7104,JPEG,-,34.152,0.9424,,,n/a,147.931,512.0,51909.0,17.75
2026-09-04T02:21:59.256533,pi-test-01,img_7104,JPEG2000-ROI,-,29.542,0.8519,0.4523,0.6229,sam_uploaded,1154.57,8932.0,160425.0,5.74
2026-09-04T02:22:02.633340,pi-test-01,img_7105,JPEG,-,32.996,0.9285,,,n/a,151.305,512.0,65233.0,14.13
2026-09-04T02:22:02.633340,pi-test-01,img_7105,JPEG2000-ROI,-,26.945,0.8309,0.6336,0.7757,sam_uploaded,1185.751,9032.0,160397.0,5.75
2026-09-04T02:22:05.956421,pi-test-01,img_7106,JPEG,-,32.994,0.9284,,,n/a,152.354,512.0,65241.0,14.13
2026-09-04T02:22:05.956421,pi-test-01,img_7106,JPEG2000-ROI,-,26.919,0.8299,0.6339,0.7759,sam_uploaded,1188.991,9028.0,160572.0,5.74
2026-09-04T02:22:09.389745,pi-test-01,img_7107,JPEG,-,32.994,0.9284,,,n/a,151.404,512.0,65274.0,14.12
2026-09-04T02:22:09.389745,pi-test-01,img_7107,JPEG2000-ROI,-,27.007,0.8305,0.6346,0.7764,sam_uploaded,1214.696,8940.0,160550.0,5.74
2026-09-04T02:22:12.708522,pi-test-01,img_7108,JPEG,-,32.996,0.9285,,,n/a,151.612,512.0,65254.0,14.12
2026-09-04T02:22:12.708522,pi-test-01,img_7108,JPEG2000-ROI,-,26.949,0.8328,0.6009,0.7507,sam_uploaded,1182.832,9016.0,160451.0,5.74
2026-09-04T02:22:16.163831,pi-test-01,img_7109,JPEG,-,29.812,0.9156,,,n/a,155.51,512.0,80230.0,11.49
2026-09-04T02:22:16.163831,pi-test-01,img_7109,JPEG2000-ROI,-,25.936,0.8035,0.5885,0.7409,sam_uploaded,1278.695,8860.0,160447.0,5.74
2026-09-04T02:22:19.662463,pi-test-01,img_7110,JPEG,-,29.813,0.9156,,,n/a,153.629,512.0,80196.0,11.49
2026-09-04T02:22:19.662463,pi-test-01,img_7110,JPEG2000-ROI,-,25.877,0.8026,0.5765,0.7313,sam_uploaded,1289.604,9036.0,160427.0,5.74
2026-09-04T02:22:23.123622,pi-test-01,img_7111,JPEG,-,29.813,0.9156,,,n/a,153.804,512.0,80203.0,11.49
2026-09-04T02:22:23.123622,pi-test-01,img_7111,JPEG2000-ROI,-,25.902,0.8014,0.5884,0.7408,sam_uploaded,1278.658,9036.0,160482.0,5.74
2026-09-04T02:22:26.648549,pi-test-01,img_7112,JPEG,-,29.812,0.9156,,,n/a,168.559,512.0,80237.0,11.49
2026-09-04T02:22:26.648549,pi-test-01,img_7112,JPEG2000-ROI,-,25.989,0.807,0.5809,0.7349,sam_uploaded,1284.635,9032.0,160509.0,5.74
2026-09-04T02:22:29.805563,pi-test-01,img_7113,JPEG,-,38.233,0.9598,,,n/a,149.613,512.0,40373.0,22.83
2026-09-04T02:22:29.805563,pi-test-01,img_7113,JPEG2000-ROI,-,34.773,0.927,0.5029,0.6693,sam_uploaded,1055.067,9032.0,160251.0,5.75
2026-09-04T02:22:33.221538,pi-test-01,img_7114,JPEG,-,38.237,0.9599,,,n/a,147.074,512.0,40396.0,22.81
2026-09-04T02:22:33.221538,pi-test-01,img_7114,JPEG2000-ROI,-,34.772,0.9271,0.5034,0.6697,sam_uploaded,1060.274,9036.0,160418.0,5.74
2026-09-04T02:22:36.363779,pi-test-01,img_7115,JPEG,-,38.237,0.9599,,,n/a,148.065,512.0,40375.0,22.83
2026-09-04T02:22:36.363779,pi-test-01,img_7115,JPEG2000-ROI,-,35.222,0.9331,0.5028,0.6692,sam_uploaded,1061.903,9116.0,160534.0,5.74
2026-09-04T02:22:39.562937,pi-test-01,img_7116,JPEG,-,38.233,0.9598,,,n/a,145.656,512.0,40363.0,22.83
2026-09-04T02:22:39.562937,pi-test-01,img_7116,JPEG2000-ROI,-,34.74,0.9284,0.5033,0.6696,sam_uploaded,1066.486,8992.0,160136.0,5.76
2026-09-04T02:22:42.861914,pi-test-01,img_7117,JPEG,-,37.827,0.9605,,,n/a,145.681,512.0,43608.0,21.13
2026-09-04T02:22:42.861914,pi-test-01,img_7117,JPEG2000-ROI,-,37.023,0.9502,0.7197,0.837,sam_uploaded,1137.133,9016.0,160480.0,5.74
2026-09-04T02:22:46.216697,pi-test-01,img_7118,JPEG,-,37.83,0.9605,,,n/a,146.255,512.0,43594.0,21.14
2026-09-04T02:22:46.216697,pi-test-01,img_7118,JPEG2000-ROI,-,37.101,0.9507,0.786,0.8802,sam_uploaded,1135.553,9036.0,160199.0,5.75
2026-09-04T02:22:49.517972,pi-test-01,img_7119,JPEG,-,37.83,0.9605,,,n/a,145.954,512.0,43558.0,21.16
2026-09-04T02:22:49.517972,pi-test-01,img_7119,JPEG2000-ROI,-,36.921,0.9496,0.697,0.8214,sam_uploaded,1131.795,9036.0,160466.0,5.74
2026-09-04T02:22:52.815544,pi-test-01,img_7120,JPEG,-,37.827,0.9605,,,n/a,145.735,512.0,43564.0,21.16
2026-09-04T02:22:52.815544,pi-test-01,img_7120,JPEG2000-ROI,-,37.135,0.9503,0.7873,0.881,sam_uploaded,1133.558,9036.0,160334.0,5.75
2026-09-04T02:22:56.137619,pi-test-01,img_7121,JPEG,-,37.836,0.9648,,,n/a,147.093,512.0,43734.0,21.07
2026-09-04T02:22:56.137619,pi-test-01,img_7121,JPEG2000-ROI,-,35.551,0.947,0.7794,0.876,sam_uploaded,1162.255,9000.0,160613.0,5.74
2026-09-04T02:22:59.418359,pi-test-01,img_7122,JPEG,-,37.827,0.9648,,,n/a,145.99,512.0,43718.0,21.08
2026-09-04T02:22:59.418359,pi-test-01,img_7122,JPEG2000-ROI,-,35.681,0.9467,0.6111,0.7586,sam_uploaded,1145.271,9040.0,160617.0,5.74
2026-09-04T02:23:02.703469,pi-test-01,img_7123,JPEG,-,37.827,0.9648,,,n/a,164.05,512.0,43697.0,21.09
2026-09-04T02:23:02.703469,pi-test-01,img_7123,JPEG2000-ROI,-,35.567,0.9466,0.7796,0.8761,sam_uploaded,1140.915,9032.0,160558.0,5.74
2026-09-04T02:23:05.974655,pi-test-01,img_7124,JPEG,-,37.836,0.9648,,,n/a,148.023,512.0,43703.0,21.09
2026-09-04T02:23:05.974655,pi-test-01,img_7124,JPEG2000-ROI,-,35.565,0.9469,0.7767,0.8743,sam_uploaded,1158.41,9000.0,160462.0,5.74
2026-09-04T02:23:09.185669,pi-test-01,img_7125,JPEG,-,38.602,0.9593,,,n/a,144.933,512.0,39428.0,23.37
2026-09-04T02:23:09.185669,pi-test-01,img_7125,JPEG2000-ROI,-,38.342,0.9691,0.8284,0.9061,sam_uploaded,1144.109,9040.0,160218.0,5.75
2026-09-04T02:23:12.510217,pi-test-01,img_7126,JPEG,-,38.605,0.9594,,,n/a,146.03,512.0,39441.0,23.37
2026-09-04T02:23:12.510217,pi-test-01,img_7126,JPEG2000-ROI,-,38.414,0.9685,0.8174,0.8995,sam_uploaded,1142.787,9036.0,160378.0,5.75
2026-09-04T02:23:15.741075,pi-test-01,img_7127,JPEG,-,38.605,0.9594,,,n/a,145.1,512.0,39411.0,23.38
2026-09-04T02:23:15.741075,pi-test-01,img_7127,JPEG2000-ROI,-,38.307,0.9683,0.8376,0.9116,sam_uploaded,1150.629,9028.0,160317.0,5.75
2026-09-04T02:23:19.066694,pi-test-01,img_7128,JPEG,-,38.602,0.9593,,,n/a,144.218,512.0,39376.0,23.41
2026-09-04T02:23:19.066694,pi-test-01,img_7128,JPEG2000-ROI,-,38.413,0.9694,0.8223,0.9025,sam_uploaded,1143.075,9028.0,160465.0,5.74
2026-09-04T02:23:22.393728,pi-test-01,img_7129,JPEG,-,38.581,0.9599,,,n/a,145.839,512.0,37611.0,24.5
2026-09-04T02:23:22.393728,pi-test-01,img_7129,JPEG2000-ROI,-,37.723,0.9629,0.8381,0.9119,sam_uploaded,1110.667,9036.0,160624.0,5.74
2026-09-04T02:23:25.615923,pi-test-01,img_7130,JPEG,-,38.578,0.9599,,,n/a,145.377,512.0,37592.0,24.52
2026-09-04T02:23:25.615923,pi-test-01,img_7130,JPEG2000-ROI,-,37.841,0.9632,0.8379,0.9118,sam_uploaded,1108.256,9036.0,160406.0,5.75
2026-09-04T02:23:28.886144,pi-test-01,img_7131,JPEG,-,38.578,0.9599,,,n/a,145.005,512.0,37561.0,24.54
2026-09-04T02:23:28.886144,pi-test-01,img_7131,JPEG2000-ROI,-,37.676,0.962,0.8375,0.9116,sam_uploaded,1111.212,9032.0,160008.0,5.76
2026-09-04T02:23:32.182813,pi-test-01,img_7132,JPEG,-,38.581,0.9599,,,n/a,144.668,512.0,37574.0,24.53
2026-09-04T02:23:32.182813,pi-test-01,img_7132,JPEG2000-ROI,-,37.955,0.964,0.8382,0.912,sam_uploaded,1140.518,9036.0,160451.0,5.74
2026-09-04T02:23:35.331488,pi-test-01,img_7133,JPEG,-,37.646,0.9559,,,n/a,145.521,512.0,41409.0,22.26
2026-09-04T02:23:35.331488,pi-test-01,img_7133,JPEG2000-ROI,-,35.229,0.9333,0.7062,0.8278,sam_uploaded,1094.288,9028.0,160489.0,5.74
2026-09-04T02:23:38.528248,pi-test-01,img_7134,JPEG,-,37.646,0.9558,,,n/a,145.29,512.0,41428.0,22.25
2026-09-04T02:23:38.528248,pi-test-01,img_7134,JPEG2000-ROI,-,35.234,0.9331,0.7379,0.8492,sam_uploaded,1105.009,9036.0,160586.0,5.74
2026-09-04T02:23:41.797258,pi-test-01,img_7135,JPEG,-,37.646,0.9558,,,n/a,145.741,512.0,41469.0,22.22
2026-09-04T02:23:41.797258,pi-test-01,img_7135,JPEG2000-ROI,-,35.238,0.9343,0.7051,0.8271,sam_uploaded,1115.029,8976.0,160515.0,5.74
2026-09-04T02:23:44.969741,pi-test-01,img_7136,JPEG,-,37.646,0.9559,,,n/a,144.801,512.0,41496.0,22.21
2026-09-04T02:23:44.969741,pi-test-01,img_7136,JPEG2000-ROI,-,35.383,0.9343,0.7087,0.8295,sam_uploaded,1095.463,9036.0,160485.0,5.74
2026-09-04T02:23:48.378306,pi-test-01,img_7137,JPEG,-,33.403,0.9438,,,n/a,152.774,512.0,59910.0,15.38
2026-09-04T02:23:48.378306,pi-test-01,img_7137,JPEG2000-ROI,-,33.632,0.9395,0.8356,0.9105,sam_uploaded,1227.245,9032.0,160525.0,5.74
2026-09-04T02:23:51.879077,pi-test-01,img_7138,JPEG,-,33.403,0.9438,,,n/a,151.185,512.0,59884.0,15.39
2026-09-04T02:23:51.879077,pi-test-01,img_7138,JPEG2000-ROI,-,33.517,0.9375,0.835,0.9101,sam_uploaded,1228.258,9040.0,160461.0,5.74
2026-09-04T02:23:55.226679,pi-test-01,img_7139,JPEG,-,33.403,0.9438,,,n/a,150.146,512.0,59852.0,15.4
2026-09-04T02:23:55.226679,pi-test-01,img_7139,JPEG2000-ROI,-,33.493,0.9372,0.8349,0.91,sam_uploaded,1225.01,9120.0,160577.0,5.74
2026-09-04T02:23:58.640349,pi-test-01,img_7140,JPEG,-,33.403,0.9438,,,n/a,148.805,512.0,59877.0,15.39
2026-09-04T02:23:58.640349,pi-test-01,img_7140,JPEG2000-ROI,-,33.637,0.9394,0.836,0.9107,sam_uploaded,1242.549,9032.0,160524.0,5.74
2026-09-04T02:24:02.103848,pi-test-01,img_7141,JPEG,-,32.956,0.9279,,,n/a,147.91,512.0,55323.0,16.66
2026-09-04T02:24:02.103848,pi-test-01,img_7141,JPEG2000-ROI,-,31.534,0.9135,0.7171,0.8353,sam_uploaded,1241.963,9036.0,160383.0,5.75
2026-09-04T02:24:05.476530,pi-test-01,img_7142,JPEG,-,32.956,0.928,,,n/a,148.549,512.0,55361.0,16.65
2026-09-04T02:24:05.476530,pi-test-01,img_7142,JPEG2000-ROI,-,31.803,0.914,0.6385,0.7794,sam_uploaded,1240.32,9032.0,160491.0,5.74
2026-09-04T02:24:08.890827,pi-test-01,img_7143,JPEG,-,32.956,0.928,,,n/a,148.748,512.0,55327.0,16.66
2026-09-04T02:24:08.890827,pi-test-01,img_7143,JPEG2000-ROI,-,31.594,0.9122,0.6808,0.8101,sam_uploaded,1245.24,9036.0,160444.0,5.74
2026-09-04T02:24:12.239839,pi-test-01,img_7144,JPEG,-,32.956,0.9279,,,n/a,148.083,512.0,55338.0,16.65
2026-09-04T02:24:12.239839,pi-test-01,img_7144,JPEG2000-ROI,-,31.67,0.915,0.7203,0.8374,sam_uploaded,1247.33,9036.0,160612.0,5.74
2026-09-04T02:24:15.832995,pi-test-01,img_7145,JPEG,-,32.12,0.9175,,,n/a,148.925,512.0,57746.0,15.96
2026-09-04T02:24:15.832995,pi-test-01,img_7145,JPEG2000-ROI,-,33.765,0.9455,0.8783,0.9352,sam_uploaded,1270.173,9036.0,160411.0,5.75
2026-09-04T02:24:19.258559,pi-test-01,img_7146,JPEG,-,32.127,0.9176,,,n/a,149.226,512.0,57763.0,15.95
2026-09-04T02:24:19.258559,pi-test-01,img_7146,JPEG2000-ROI,-,33.55,0.9434,0.751,0.8578,sam_uploaded,1269.806,9008.0,160174.0,5.75
2026-09-04T02:24:22.785253,pi-test-01,img_7147,JPEG,-,32.127,0.9176,,,n/a,148.906,512.0,57871.0,15.93
2026-09-04T02:24:22.785253,pi-test-01,img_7147,JPEG2000-ROI,-,33.55,0.9444,0.8773,0.9346,sam_uploaded,1295.805,9032.0,160144.0,5.75
2026-09-04T02:24:26.282968,pi-test-01,img_7148,JPEG,-,32.12,0.9175,,,n/a,150.787,512.0,57811.0,15.94
2026-09-04T02:24:26.282968,pi-test-01,img_7148,JPEG2000-ROI,-,33.766,0.9459,0.7493,0.8567,sam_uploaded,1275.978,9040.0,160562.0,5.74
2026-09-04T02:24:29.663066,pi-test-01,img_7149,JPEG,-,32.779,0.9272,,,n/a,151.509,512.0,51832.0,17.78
2026-09-04T02:24:29.663066,pi-test-01,img_7149,JPEG2000-ROI,-,34.101,0.9318,0.6621,0.7967,sam_uploaded,1231.528,9040.0,160522.0,5.74
2026-09-04T02:24:33.128378,pi-test-01,img_7150,JPEG,-,32.781,0.9272,,,n/a,146.919,512.0,51845.0,17.78
2026-09-04T02:24:33.128378,pi-test-01,img_7150,JPEG2000-ROI,-,33.639,0.9285,0.6765,0.807,sam_uploaded,1225.528,9040.0,160563.0,5.74
2026-09-04T02:24:36.515642,pi-test-01,img_7151,JPEG,-,32.781,0.9272,,,n/a,153.657,512.0,51761.0,17.8
2026-09-04T02:24:36.515642,pi-test-01,img_7151,JPEG2000-ROI,-,33.715,0.9298,0.6667,0.8,sam_uploaded,1222.101,9036.0,160497.0,5.74
2026-09-04T02:24:39.888364,pi-test-01,img_7152,JPEG,-,32.779,0.9272,,,n/a,169.751,512.0,51737.0,17.81
2026-09-04T02:24:39.888364,pi-test-01,img_7152,JPEG2000-ROI,-,33.816,0.9299,0.6616,0.7963,sam_uploaded,1231.904,9032.0,160232.0,5.75
2026-09-04T02:24:43.262848,pi-test-01,img_7153,JPEG,-,33.597,0.9359,,,n/a,148.264,512.0,57347.0,16.07
2026-09-04T02:24:43.262848,pi-test-01,img_7153,JPEG2000-ROI,-,31.546,0.9119,0.7092,0.8299,sam_uploaded,1254.585,9028.0,160581.0,5.74
2026-09-04T02:24:46.669105,pi-test-01,img_7154,JPEG,-,33.602,0.936,,,n/a,148.713,512.0,57317.0,16.08
2026-09-04T02:24:46.669105,pi-test-01,img_7154,JPEG2000-ROI,-,31.601,0.9142,0.7113,0.8313,sam_uploaded,1229.429,9036.0,160549.0,5.74
2026-09-04T02:24:50.042421,pi-test-01,img_7155,JPEG,-,33.602,0.936,,,n/a,148.919,512.0,57242.0,16.1
2026-09-04T02:24:50.042421,pi-test-01,img_7155,JPEG2000-ROI,-,31.565,0.9135,0.7032,0.8257,sam_uploaded,1232.756,9036.0,160607.0,5.74
2026-09-04T02:24:53.601192,pi-test-01,img_7156,JPEG,-,33.597,0.9359,,,n/a,149.404,512.0,57268.0,16.09
2026-09-04T02:24:53.601192,pi-test-01,img_7156,JPEG2000-ROI,-,31.534,0.9127,0.7085,0.8294,sam_uploaded,1256.943,9016.0,160582.0,5.74
2026-09-04T02:24:57.003989,pi-test-01,img_7157,JPEG,-,32.0,0.9071,,,n/a,152.973,512.0,60662.0,15.19
2026-09-04T02:24:57.003989,pi-test-01,img_7157,JPEG2000-ROI,-,30.69,0.9039,0.8264,0.905,sam_uploaded,1263.973,9036.0,160329.0,5.75
2026-09-04T02:25:00.394122,pi-test-01,img_7158,JPEG,-,31.99,0.907,,,n/a,150.047,512.0,60653.0,15.19
2026-09-04T02:25:00.394122,pi-test-01,img_7158,JPEG2000-ROI,-,30.738,0.9041,0.8055,0.8923,sam_uploaded,1266.078,9036.0,160567.0,5.74
2026-09-04T02:25:03.840575,pi-test-01,img_7159,JPEG,-,31.99,0.907,,,n/a,151.376,512.0,60666.0,15.19
2026-09-04T02:25:03.840575,pi-test-01,img_7159,JPEG2000-ROI,-,30.698,0.905,0.829,0.9065,sam_uploaded,1282.123,9032.0,160449.0,5.74
2026-09-04T02:25:07.228833,pi-test-01,img_7160,JPEG,-,32.0,0.9071,,,n/a,149.902,512.0,60680.0,15.19
2026-09-04T02:25:07.228833,pi-test-01,img_7160,JPEG2000-ROI,-,30.678,0.9028,0.8029,0.8907,sam_uploaded,1261.659,9040.0,160289.0,5.75
2026-09-04T02:25:10.827737,pi-test-01,img_7161,JPEG,-,31.962,0.9219,,,n/a,151.144,512.0,61361.0,15.02
2026-09-04T02:25:10.827737,pi-test-01,img_7161,JPEG2000-ROI,-,30.244,0.8889,0.6612,0.7961,sam_uploaded,1258.132,9032.0,160571.0,5.74
2026-09-04T02:25:14.358265,pi-test-01,img_7162,JPEG,-,31.961,0.922,,,n/a,150.864,512.0,61354.0,15.02
2026-09-04T02:25:14.358265,pi-test-01,img_7162,JPEG2000-ROI,-,30.328,0.8895,0.6635,0.7977,sam_uploaded,1276.862,9028.0,160000.0,5.76
2026-09-04T02:25:17.803439,pi-test-01,img_7163,JPEG,-,31.961,0.922,,,n/a,150.167,512.0,61408.0,15.01
2026-09-04T02:25:17.803439,pi-test-01,img_7163,JPEG2000-ROI,-,30.276,0.8896,0.6622,0.7968,sam_uploaded,1249.355,9016.0,160468.0,5.74
2026-09-04T02:25:21.374528,pi-test-01,img_7164,JPEG,-,31.962,0.9219,,,n/a,149.714,512.0,61419.0,15.01
2026-09-04T02:25:21.374528,pi-test-01,img_7164,JPEG2000-ROI,-,30.22,0.8883,0.6631,0.7974,sam_uploaded,1267.911,9108.0,160231.0,5.75
2026-09-04T02:25:24.987411,pi-test-01,img_7165,JPEG,-,28.119,0.8875,,,n/a,153.238,512.0,77593.0,11.88
2026-09-04T02:25:24.987411,pi-test-01,img_7165,JPEG2000-ROI,-,29.369,0.906,0.8039,0.8913,sam_uploaded,1388.959,8888.0,160536.0,5.74
2026-09-04T02:25:28.593782,pi-test-01,img_7166,JPEG,-,28.119,0.8875,,,n/a,156.367,512.0,77612.0,11.87
2026-09-04T02:25:28.593782,pi-test-01,img_7166,JPEG2000-ROI,-,29.434,0.9065,0.7976,0.8874,sam_uploaded,1362.993,9028.0,160490.0,5.74
2026-09-04T02:25:32.351963,pi-test-01,img_7167,JPEG,-,28.119,0.8875,,,n/a,152.617,512.0,77581.0,11.88
2026-09-04T02:25:32.351963,pi-test-01,img_7167,JPEG2000-ROI,-,29.4,0.9064,0.8016,0.8899,sam_uploaded,1369.88,9036.0,160526.0,5.74
2026-09-04T02:25:35.947684,pi-test-01,img_7168,JPEG,-,28.119,0.8875,,,n/a,153.383,512.0,77571.0,11.88
2026-09-04T02:25:35.947684,pi-test-01,img_7168,JPEG2000-ROI,-,29.369,0.9056,0.8029,0.8907,sam_uploaded,1362.717,9024.0,160507.0,5.74
2026-09-04T02:25:39.551669,pi-test-01,img_7169,JPEG,-,29.195,0.92,,,n/a,155.941,512.0,97647.0,9.44
2026-09-04T02:25:39.551669,pi-test-01,img_7169,JPEG2000-ROI,-,22.923,0.7689,0.6769,0.8073,sam_uploaded,1310.063,9120.0,160473.0,5.74
2026-09-04T02:25:43.186561,pi-test-01,img_7170,JPEG,-,29.195,0.9201,,,n/a,156.027,512.0,97653.0,9.44
2026-09-04T02:25:43.186561,pi-test-01,img_7170,JPEG2000-ROI,-,22.947,0.7675,0.6715,0.8034,sam_uploaded,1317.508,9020.0,160562.0,5.74
2026-09-04T02:25:46.827709,pi-test-01,img_7171,JPEG,-,29.195,0.9201,,,n/a,156.657,512.0,97626.0,9.44
2026-09-04T02:25:46.827709,pi-test-01,img_7171,JPEG2000-ROI,-,22.959,0.7683,0.6762,0.8069,sam_uploaded,1312.872,9012.0,160288.0,5.75
2026-09-04T02:25:50.440601,pi-test-01,img_7172,JPEG,-,29.195,0.92,,,n/a,156.985,512.0,97636.0,9.44
2026-09-04T02:25:50.440601,pi-test-01,img_7172,JPEG2000-ROI,-,22.997,0.7687,0.6672,0.8004,sam_uploaded,1333.39,9036.0,160522.0,5.74
2026-09-04T02:25:54.061308,pi-test-01,img_7173,JPEG,-,29.162,0.917,,,n/a,157.643,512.0,98865.0,9.32
2026-09-04T02:25:54.061308,pi-test-01,img_7173,JPEG2000-ROI,-,22.941,0.7507,0.6371,0.7783,sam_uploaded,1316.289,9040.0,160472.0,5.74
2026-09-04T02:25:57.594192,pi-test-01,img_7174,JPEG,-,29.161,0.917,,,n/a,158.145,512.0,98848.0,9.32
2026-09-04T02:25:57.594192,pi-test-01,img_7174,JPEG2000-ROI,-,23.017,0.752,0.6299,0.7729,sam_uploaded,1312.06,9036.0,160586.0,5.74
2026-09-04T02:26:01.254572,pi-test-01,img_7175,JPEG,-,29.161,0.917,,,n/a,156.002,512.0,98874.0,9.32
2026-09-04T02:26:01.254572,pi-test-01,img_7175,JPEG2000-ROI,-,22.983,0.7523,0.6377,0.7788,sam_uploaded,1325.448,9028.0,160614.0,5.74
2026-09-04T02:26:04.915926,pi-test-01,img_7176,JPEG,-,29.162,0.917,,,n/a,157.071,512.0,98893.0,9.32
2026-09-04T02:26:04.915926,pi-test-01,img_7176,JPEG2000-ROI,-,23.037,0.7523,0.6325,0.7749,sam_uploaded,1321.161,9032.0,160373.0,5.75
2026-09-04T02:26:08.488074,pi-test-01,img_7177,JPEG,-,29.382,0.9168,,,n/a,157.554,512.0,96339.0,9.57
2026-09-04T02:26:08.488074,pi-test-01,img_7177,JPEG2000-ROI,-,23.05,0.7019,0.5502,0.7098,sam_uploaded,1282.513,9036.0,160470.0,5.74
2026-09-04T02:26:12.024692,pi-test-01,img_7178,JPEG,-,29.382,0.9168,,,n/a,156.291,512.0,96388.0,9.56
2026-09-04T02:26:12.024692,pi-test-01,img_7178,JPEG2000-ROI,-,22.988,0.6972,0.542,0.703,sam_uploaded,1294.842,9012.0,160544.0,5.74
2026-09-04T02:26:15.622415,pi-test-01,img_7179,JPEG,-,29.382,0.9168,,,n/a,156.362,512.0,96362.0,9.56
2026-09-04T02:26:15.622415,pi-test-01,img_7179,JPEG2000-ROI,-,23.011,0.7005,0.544,0.7047,sam_uploaded,1279.713,9036.0,160533.0,5.74
2026-09-04T02:26:19.783661,pi-test-01,img_7180,JPEG,-,29.382,0.9168,,,n/a,156.544,512.0,96359.0,9.56
2026-09-04T02:26:19.783661,pi-test-01,img_7180,JPEG2000-ROI,-,23.007,0.7015,0.5498,0.7095,sam_uploaded,1275.238,9036.0,160602.0,5.74
2026-09-04T02:26:23.434352,pi-test-01,img_7181,JPEG,-,29.585,0.9239,,,n/a,156.548,512.0,95889.0,9.61
2026-09-04T02:26:23.434352,pi-test-01,img_7181,JPEG2000-ROI,-,23.285,0.77,0.6317,0.7743,sam_uploaded,1289.989,9032.0,160611.0,5.74
2026-09-04T02:26:26.981559,pi-test-01,img_7182,JPEG,-,29.581,0.9239,,,n/a,155.727,512.0,95859.0,9.61
2026-09-04T02:26:26.981559,pi-test-01,img_7182,JPEG2000-ROI,-,23.231,0.7685,0.6399,0.7804,sam_uploaded,1318.453,9032.0,160576.0,5.74
2026-09-04T02:26:30.496194,pi-test-01,img_7183,JPEG,-,29.581,0.9239,,,n/a,157.087,512.0,95815.0,9.62
2026-09-04T02:26:30.496194,pi-test-01,img_7183,JPEG2000-ROI,-,23.286,0.7696,0.6349,0.7767,sam_uploaded,1297.37,9028.0,160583.0,5.74
2026-09-04T02:26:34.018976,pi-test-01,img_7184,JPEG,-,29.585,0.9239,,,n/a,159.941,512.0,95890.0,9.61
2026-09-04T02:26:34.018976,pi-test-01,img_7184,JPEG2000-ROI,-,23.239,0.768,0.6446,0.7839,sam_uploaded,1290.535,9036.0,160506.0,5.74
2026-09-04T02:26:37.488595,pi-test-01,img_7185,JPEG,-,29.574,0.9183,,,n/a,156.595,512.0,93911.0,9.81
2026-09-04T02:26:37.488595,pi-test-01,img_7185,JPEG2000-ROI,-,22.725,0.7241,0.6888,0.8157,sam_uploaded,1269.363,9032.0,160539.0,5.74
2026-09-04T02:26:40.950385,pi-test-01,img_7186,JPEG,-,29.573,0.9182,,,n/a,155.57,512.0,93878.0,9.82
2026-09-04T02:26:40.950385,pi-test-01,img_7186,JPEG2000-ROI,-,22.722,0.7228,0.6807,0.81,sam_uploaded,1264.223,9036.0,160615.0,5.74
2026-09-04T02:26:44.440747,pi-test-01,img_7187,JPEG,-,29.573,0.9182,,,n/a,157.833,512.0,93915.0,9.81
2026-09-04T02:26:44.440747,pi-test-01,img_7187,JPEG2000-ROI,-,22.717,0.724,0.6894,0.8161,sam_uploaded,1272.376,9036.0,160618.0,5.74
2026-09-04T02:26:47.961090,pi-test-01,img_7188,JPEG,-,29.574,0.9183,,,n/a,155.529,512.0,93923.0,9.81
2026-09-04T02:26:47.961090,pi-test-01,img_7188,JPEG2000-ROI,-,22.737,0.7244,0.6884,0.8155,sam_uploaded,1287.426,9032.0,160617.0,5.74
2026-09-04T02:26:51.429385,pi-test-01,img_7189,JPEG,-,29.841,0.9164,,,n/a,155.252,512.0,90768.0,10.15
2026-09-04T02:26:51.429385,pi-test-01,img_7189,JPEG2000-ROI,-,22.982,0.6918,0.5493,0.7091,sam_uploaded,1238.669,9036.0,160422.0,5.74
2026-09-04T02:26:54.896980,pi-test-01,img_7190,JPEG,-,29.842,0.9163,,,n/a,154.759,512.0,90807.0,10.15
2026-09-04T02:26:54.896980,pi-test-01,img_7190,JPEG2000-ROI,-,22.982,0.6904,0.5407,0.7019,sam_uploaded,1248.062,9032.0,160564.0,5.74
2026-09-04T02:26:58.355736,pi-test-01,img_7191,JPEG,-,29.842,0.9163,,,n/a,156.212,512.0,90811.0,10.15
2026-09-04T02:26:58.355736,pi-test-01,img_7191,JPEG2000-ROI,-,22.98,0.6905,0.5389,0.7003,sam_uploaded,1284.911,9028.0,160572.0,5.74
2026-09-04T02:27:01.761076,pi-test-01,img_7192,JPEG,-,29.841,0.9164,,,n/a,154.86,512.0,90799.0,10.15
2026-09-04T02:27:01.761076,pi-test-01,img_7192,JPEG2000-ROI,-,22.994,0.6908,0.5527,0.7119,sam_uploaded,1240.706,9032.0,160584.0,5.74
2026-09-04T02:27:05.408232,pi-test-01,img_7193,JPEG,-,27.313,0.9028,,,n/a,158.459,512.0,106651.0,8.64
2026-09-04T02:27:05.408232,pi-test-01,img_7193,JPEG2000-ROI,-,23.473,0.7789,0.6604,0.7955,sam_uploaded,1362.825,9028.0,160322.0,5.75
2026-09-04T02:27:08.954953,pi-test-01,img_7194,JPEG,-,27.314,0.9029,,,n/a,157.146,512.0,106620.0,8.64
2026-09-04T02:27:08.954953,pi-test-01,img_7194,JPEG2000-ROI,-,23.408,0.7788,0.6664,0.7998,sam_uploaded,1363.476,9032.0,160484.0,5.74
2026-09-04T02:27:12.569075,pi-test-01,img_7195,JPEG,-,27.314,0.9029,,,n/a,158.915,512.0,106576.0,8.65
2026-09-04T02:27:12.569075,pi-test-01,img_7195,JPEG2000-ROI,-,23.461,0.7794,0.6672,0.8004,sam_uploaded,1361.672,9040.0,160289.0,5.75
2026-09-04T02:27:16.222801,pi-test-01,img_7196,JPEG,-,27.313,0.9028,,,n/a,158.621,512.0,106627.0,8.64
2026-09-04T02:27:16.222801,pi-test-01,img_7196,JPEG2000-ROI,-,23.44,0.7785,0.6614,0.7962,sam_uploaded,1359.844,9032.0,160334.0,5.75
2026-09-04T02:27:19.787927,pi-test-01,img_7197,JPEG,-,29.552,0.9034,,,n/a,160.332,512.0,86598.0,10.64
2026-09-04T02:27:19.787927,pi-test-01,img_7197,JPEG2000-ROI,-,25.193,0.8061,0.7269,0.8418,sam_uploaded,1328.841,9036.0,160575.0,5.74
2026-09-04T02:27:23.368860,pi-test-01,img_7198,JPEG,-,29.554,0.9035,,,n/a,155.74,512.0,86614.0,10.64
2026-09-04T02:27:23.368860,pi-test-01,img_7198,JPEG2000-ROI,-,25.207,0.8065,0.7345,0.847,sam_uploaded,1349.131,9036.0,160568.0,5.74
2026-09-04T02:27:26.847511,pi-test-01,img_7199,JPEG,-,29.554,0.9035,,,n/a,156.225,512.0,86627.0,10.64
2026-09-04T02:27:26.847511,pi-test-01,img_7199,JPEG2000-ROI,-,25.184,0.8042,0.7331,0.846,sam_uploaded,1331.085,9036.0,160590.0,5.74
2026-09-04T02:27:30.535330,pi-test-01,img_7200,JPEG,-,29.552,0.9034,,,n/a,165.749,512.0,86616.0,10.64
2026-09-04T02:27:30.535330,pi-test-01,img_7200,JPEG2000-ROI,-,25.164,0.8054,0.722,0.8386,sam_uploaded,1332.757,9120.0,160593.0,5.74
2026-09-04T02:27:34.407335,pi-test-01,img_7201,JPEG,-,29.599,0.9111,,,n/a,157.149,512.0,91495.0,10.07
2026-09-04T02:27:34.407335,pi-test-01,img_7201,JPEG2000-ROI,-,23.529,0.7428,0.6425,0.7823,sam_uploaded,1312.078,9032.0,160524.0,5.74
2026-09-04T02:27:37.973807,pi-test-01,img_7202,JPEG,-,29.598,0.9112,,,n/a,155.367,512.0,91540.0,10.07
2026-09-04T02:27:37.973807,pi-test-01,img_7202,JPEG2000-ROI,-,23.52,0.7418,0.6356,0.7772,sam_uploaded,1288.107,9028.0,160505.0,5.74
2026-09-04T02:27:41.547040,pi-test-01,img_7203,JPEG,-,29.598,0.9112,,,n/a,155.568,512.0,91503.0,10.07
2026-09-04T02:27:41.547040,pi-test-01,img_7203,JPEG2000-ROI,-,23.52,0.7428,0.6426,0.7824,sam_uploaded,1302.717,9028.0,160634.0,5.74
2026-09-04T02:27:45.129053,pi-test-01,img_7204,JPEG,-,29.599,0.9111,,,n/a,155.778,512.0,91540.0,10.07
2026-09-04T02:27:45.129053,pi-test-01,img_7204,JPEG2000-ROI,-,23.516,0.7412,0.642,0.782,sam_uploaded,1312.103,9032.0,160523.0,5.74
2026-09-04T02:27:48.685526,pi-test-01,img_7205,JPEG,-,28.921,0.9068,,,n/a,157.76,512.0,95865.0,9.61
2026-09-04T02:27:48.685526,pi-test-01,img_7205,JPEG2000-ROI,-,23.992,0.7663,0.664,0.798,sam_uploaded,1326.543,9028.0,160617.0,5.74
2026-09-04T02:27:52.244222,pi-test-01,img_7206,JPEG,-,28.918,0.9068,,,n/a,156.319,512.0,95900.0,9.61
2026-09-04T02:27:52.244222,pi-test-01,img_7206,JPEG2000-ROI,-,23.993,0.765,0.6451,0.7843,sam_uploaded,1324.853,9036.0,160491.0,5.74
2026-09-04T02:27:55.848752,pi-test-01,img_7207,JPEG,-,28.918,0.9068,,,n/a,156.452,512.0,95868.0,9.61
2026-09-04T02:27:55.848752,pi-test-01,img_7207,JPEG2000-ROI,-,23.966,0.7641,0.6496,0.7876,sam_uploaded,1338.789,9032.0,160613.0,5.74
2026-09-04T02:27:59.499724,pi-test-01,img_7208,JPEG,-,28.921,0.9068,,,n/a,157.118,512.0,95865.0,9.61
2026-09-04T02:27:59.499724,pi-test-01,img_7208,JPEG2000-ROI,-,24.028,0.7674,0.642,0.782,sam_uploaded,1322.01,9032.0,160497.0,5.74
2026-09-04T02:28:03.117517,pi-test-01,img_7209,JPEG,-,29.724,0.9143,,,n/a,155.278,512.0,90711.0,10.16
2026-09-04T02:28:03.117517,pi-test-01,img_7209,JPEG2000-ROI,-,23.75,0.7525,0.6386,0.7794,sam_uploaded,1301.147,9028.0,160456.0,5.74
2026-09-04T02:28:06.635763,pi-test-01,img_7210,JPEG,-,29.722,0.9144,,,n/a,155.769,512.0,90727.0,10.16
2026-09-04T02:28:06.635763,pi-test-01,img_7210,JPEG2000-ROI,-,23.767,0.7514,0.6452,0.7843,sam_uploaded,1309.549,9040.0,160440.0,5.74
2026-09-04T02:28:10.187077,pi-test-01,img_7211,JPEG,-,29.722,0.9144,,,n/a,156.369,512.0,90720.0,10.16
2026-09-04T02:28:10.187077,pi-test-01,img_7211,JPEG2000-ROI,-,23.729,0.7507,0.6424,0.7823,sam_uploaded,1297.478,9036.0,160383.0,5.75
2026-09-04T02:28:13.762069,pi-test-01,img_7212,JPEG,-,29.724,0.9143,,,n/a,156.573,512.0,90722.0,10.16
2026-09-04T02:28:13.762069,pi-test-01,img_7212,JPEG2000-ROI,-,23.742,0.7511,0.6456,0.7846,sam_uploaded,1304.469,9012.0,160598.0,5.74
2026-09-04T02:28:17.256017,pi-test-01,img_7213,JPEG,-,29.706,0.9187,,,n/a,156.355,512.0,91950.0,10.02
2026-09-04T02:28:17.256017,pi-test-01,img_7213,JPEG2000-ROI,-,23.271,0.7071,0.6201,0.7655,sam_uploaded,1273.062,9040.0,160441.0,5.74
2026-09-04T02:28:20.742147,pi-test-01,img_7214,JPEG,-,29.708,0.9186,,,n/a,155.284,512.0,91981.0,10.02
2026-09-04T02:28:20.742147,pi-test-01,img_7214,JPEG2000-ROI,-,23.262,0.7073,0.6191,0.7648,sam_uploaded,1269.109,9024.0,160581.0,5.74
2026-09-04T02:28:24.243967,pi-test-01,img_7215,JPEG,-,29.708,0.9186,,,n/a,155.508,512.0,91961.0,10.02
2026-09-04T02:28:24.243967,pi-test-01,img_7215,JPEG2000-ROI,-,23.28,0.7095,0.617,0.7631,sam_uploaded,1269.833,9036.0,160220.0,5.75
2026-09-04T02:28:27.889539,pi-test-01,img_7216,JPEG,-,29.706,0.9187,,,n/a,156.61,512.0,91923.0,10.03
2026-09-04T02:28:27.889539,pi-test-01,img_7216,JPEG2000-ROI,-,23.281,0.7069,0.6232,0.7678,sam_uploaded,1265.385,9036.0,160566.0,5.74
2026-09-04T02:28:31.574428,pi-test-01,img_7217,JPEG,-,29.194,0.9104,,,n/a,155.526,512.0,91413.0,10.08
2026-09-04T02:28:31.574428,pi-test-01,img_7217,JPEG2000-ROI,-,24.733,0.7845,0.6738,0.8051,sam_uploaded,1315.734,9036.0,160583.0,5.74
2026-09-04T02:28:35.247958,pi-test-01,img_7218,JPEG,-,29.193,0.9103,,,n/a,154.818,512.0,91402.0,10.08
2026-09-04T02:28:35.247958,pi-test-01,img_7218,JPEG2000-ROI,-,24.786,0.7862,0.6726,0.8042,sam_uploaded,1427.18,9116.0,160594.0,5.74
2026-09-04T02:28:38.766810,pi-test-01,img_7219,JPEG,-,29.193,0.9103,,,n/a,155.141,512.0,91425.0,10.08
2026-09-04T02:28:38.766810,pi-test-01,img_7219,JPEG2000-ROI,-,24.74,0.7843,0.663,0.7973,sam_uploaded,1333.87,8868.0,160480.0,5.74
2026-09-04T02:28:42.453470,pi-test-01,img_7220,JPEG,-,29.194,0.9104,,,n/a,155.243,512.0,91455.0,10.08
2026-09-04T02:28:42.453470,pi-test-01,img_7220,JPEG2000-ROI,-,24.796,0.7854,0.6733,0.8047,sam_uploaded,1321.094,9032.0,160526.0,5.74
2026-09-04T02:28:46.181623,pi-test-01,img_7221,JPEG,-,27.41,0.8937,,,n/a,156.502,512.0,101833.0,9.05
2026-09-04T02:28:46.181623,pi-test-01,img_7221,JPEG2000-ROI,-,24.309,0.7943,0.6855,0.8134,sam_uploaded,1367.238,9028.0,160532.0,5.74
2026-09-04T02:28:49.802744,pi-test-01,img_7222,JPEG,-,27.409,0.8936,,,n/a,156.828,512.0,101842.0,9.05
2026-09-04T02:28:49.802744,pi-test-01,img_7222,JPEG2000-ROI,-,24.322,0.7929,0.6818,0.8108,sam_uploaded,1378.662,9020.0,160457.0,5.74
2026-09-04T02:28:53.398764,pi-test-01,img_7223,JPEG,-,27.409,0.8936,,,n/a,157.198,512.0,101806.0,9.05
2026-09-04T02:28:53.398764,pi-test-01,img_7223,JPEG2000-ROI,-,24.369,0.7946,0.6848,0.8129,sam_uploaded,1366.817,9036.0,160543.0,5.74
2026-09-04T02:28:56.975086,pi-test-01,img_7224,JPEG,-,27.41,0.8937,,,n/a,158.997,512.0,101820.0,9.05
2026-09-04T02:28:56.975086,pi-test-01,img_7224,JPEG2000-ROI,-,24.291,0.7926,0.6888,0.8157,sam_uploaded,1373.179,9036.0,160614.0,5.74
2026-09-04T02:29:00.435592,pi-test-01,img_7225,JPEG,-,30.574,0.9126,,,n/a,153.15,512.0,79309.0,11.62
2026-09-04T02:29:00.435592,pi-test-01,img_7225,JPEG2000-ROI,-,25.812,0.7971,0.6606,0.7956,sam_uploaded,1281.441,9032.0,160595.0,5.74
2026-09-04T02:29:04.017307,pi-test-01,img_7226,JPEG,-,30.575,0.9125,,,n/a,152.645,512.0,79321.0,11.62
2026-09-04T02:29:04.017307,pi-test-01,img_7226,JPEG2000-ROI,-,25.73,0.7948,0.65,0.7879,sam_uploaded,1317.186,9028.0,160567.0,5.74
2026-09-04T02:29:07.541519,pi-test-01,img_7227,JPEG,-,30.575,0.9125,,,n/a,152.951,512.0,79303.0,11.62
2026-09-04T02:29:07.541519,pi-test-01,img_7227,JPEG2000-ROI,-,25.742,0.7958,0.6641,0.7981,sam_uploaded,1298.81,9020.0,160581.0,5.74
2026-09-04T02:29:11.084229,pi-test-01,img_7228,JPEG,-,30.574,0.9126,,,n/a,168.808,512.0,79301.0,11.62
2026-09-04T02:29:11.084229,pi-test-01,img_7228,JPEG2000-ROI,-,25.742,0.796,0.6445,0.7838,sam_uploaded,1286.541,9036.0,160533.0,5.74
2026-09-04T02:29:14.574351,pi-test-01,img_7229,JPEG,-,30.382,0.9063,,,n/a,155.02,512.0,81476.0,11.31
2026-09-04T02:29:14.574351,pi-test-01,img_7229,JPEG2000-ROI,-,25.446,0.7965,0.6881,0.8152,sam_uploaded,1310.574,9036.0,160627.0,5.74
2026-09-04T02:29:18.022805,pi-test-01,img_7230,JPEG,-,30.379,0.9062,,,n/a,152.845,512.0,81481.0,11.31
2026-09-04T02:29:18.022805,pi-test-01,img_7230,JPEG2000-ROI,-,25.369,0.7962,0.6573,0.7932,sam_uploaded,1292.053,9036.0,160580.0,5.74
2026-09-04T02:29:21.819236,pi-test-01,img_7231,JPEG,-,30.379,0.9062,,,n/a,153.364,512.0,81509.0,11.31
2026-09-04T02:29:21.819236,pi-test-01,img_7231,JPEG2000-ROI,-,25.437,0.7978,0.6694,0.802,sam_uploaded,1290.394,9036.0,160573.0,5.74
2026-09-04T02:29:25.325218,pi-test-01,img_7232,JPEG,-,30.382,0.9063,,,n/a,153.68,512.0,81501.0,11.31
2026-09-04T02:29:25.325218,pi-test-01,img_7232,JPEG2000-ROI,-,25.365,0.7928,0.6665,0.7999,sam_uploaded,1303.611,9028.0,160554.0,5.74
2026-09-04T02:29:28.753624,pi-test-01,img_7233,JPEG,-,30.617,0.9081,,,n/a,152.963,512.0,79937.0,11.53
2026-09-04T02:29:28.753624,pi-test-01,img_7233,JPEG2000-ROI,-,25.124,0.7731,0.6446,0.7839,sam_uploaded,1268.851,8864.0,160553.0,5.74
2026-09-04T02:29:32.285493,pi-test-01,img_7234,JPEG,-,30.625,0.9083,,,n/a,152.426,512.0,79925.0,11.53
2026-09-04T02:29:32.285493,pi-test-01,img_7234,JPEG2000-ROI,-,25.15,0.7722,0.6501,0.7879,sam_uploaded,1270.934,9032.0,160531.0,5.74
2026-09-04T02:29:35.862757,pi-test-01,img_7235,JPEG,-,30.625,0.9083,,,n/a,154.574,512.0,79949.0,11.53
2026-09-04T02:29:35.862757,pi-test-01,img_7235,JPEG2000-ROI,-,25.16,0.7744,0.6414,0.7815,sam_uploaded,1280.29,9036.0,160548.0,5.74
2026-09-04T02:29:39.344154,pi-test-01,img_7236,JPEG,-,30.617,0.9081,,,n/a,153.693,512.0,79924.0,11.53
2026-09-04T02:29:39.344154,pi-test-01,img_7236,JPEG2000-ROI,-,25.097,0.7726,0.6475,0.786,sam_uploaded,1263.696,9024.0,160384.0,5.75
2026-09-04T02:29:42.931236,pi-test-01,img_7237,JPEG,-,30.198,0.9038,,,n/a,157.044,512.0,79894.0,11.54
2026-09-04T02:29:42.931236,pi-test-01,img_7237,JPEG2000-ROI,-,26.875,0.8559,0.7636,0.866,sam_uploaded,1314.487,9032.0,160466.0,5.74
2026-09-04T02:29:46.513036,pi-test-01,img_7238,JPEG,-,30.2,0.9038,,,n/a,152.644,512.0,79904.0,11.53
2026-09-04T02:29:46.513036,pi-test-01,img_7238,JPEG2000-ROI,-,26.882,0.8562,0.7696,0.8698,sam_uploaded,1352.113,9036.0,160564.0,5.74
2026-09-04T02:29:50.013238,pi-test-01,img_7239,JPEG,-,30.2,0.9038,,,n/a,152.672,512.0,79863.0,11.54
2026-09-04T02:29:50.013238,pi-test-01,img_7239,JPEG2000-ROI,-,26.827,0.8553,0.7602,0.8637,sam_uploaded,1324.88,9024.0,160262.0,5.75
2026-09-04T02:29:53.565498,pi-test-01,img_7240,JPEG,-,30.198,0.9038,,,n/a,153.132,512.0,79858.0,11.54
2026-09-04T02:29:53.565498,pi-test-01,img_7240,JPEG2000-ROI,-,26.784,0.8554,0.768,0.8688,sam_uploaded,1322.658,9028.0,160628.0,5.74
2026-09-04T02:29:57.049200,pi-test-01,img_7241,JPEG,-,30.401,0.8931,,,n/a,152.038,512.0,79327.0,11.62
2026-09-04T02:29:57.049200,pi-test-01,img_7241,JPEG2000-ROI,-,26.667,0.821,0.7241,0.8399,sam_uploaded,1322.519,9040.0,160409.0,5.75
2026-09-04T02:30:00.532521,pi-test-01,img_7242,JPEG,-,30.4,0.8932,,,n/a,153.541,512.0,79309.0,11.62
2026-09-04T02:30:00.532521,pi-test-01,img_7242,JPEG2000-ROI,-,26.632,0.8224,0.7307,0.8444,sam_uploaded,1309.05,9036.0,160540.0,5.74
2026-09-04T02:30:04.006363,pi-test-01,img_7243,JPEG,-,30.4,0.8932,,,n/a,152.494,512.0,79294.0,11.62
2026-09-04T02:30:04.006363,pi-test-01,img_7243,JPEG2000-ROI,-,26.68,0.8213,0.7316,0.845,sam_uploaded,1307.623,9028.0,160495.0,5.74
2026-09-04T02:30:07.522487,pi-test-01,img_7244,JPEG,-,30.401,0.8931,,,n/a,153.261,512.0,79294.0,11.62
2026-09-04T02:30:07.522487,pi-test-01,img_7244,JPEG2000-ROI,-,26.653,0.8212,0.7296,0.8436,sam_uploaded,1327.686,9020.0,160601.0,5.74
2026-09-04T02:30:10.984901,pi-test-01,img_7245,JPEG,-,31.338,0.901,,,n/a,153.008,512.0,72534.0,12.71
2026-09-04T02:30:10.984901,pi-test-01,img_7245,JPEG2000-ROI,-,26.192,0.7478,0.6043,0.7534,sam_uploaded,1239.631,9040.0,160471.0,5.74
2026-09-04T02:30:14.459624,pi-test-01,img_7246,JPEG,-,31.339,0.9013,,,n/a,151.973,512.0,72545.0,12.7
2026-09-04T02:30:14.459624,pi-test-01,img_7246,JPEG2000-ROI,-,26.141,0.7435,0.5915,0.7433,sam_uploaded,1233.513,9032.0,160590.0,5.74
2026-09-04T02:30:18.058443,pi-test-01,img_7247,JPEG,-,31.339,0.9013,,,n/a,151.583,512.0,72569.0,12.7
2026-09-04T02:30:18.058443,pi-test-01,img_7247,JPEG2000-ROI,-,26.193,0.7465,0.5931,0.7446,sam_uploaded,1257.087,9020.0,160638.0,5.74
2026-09-04T02:30:21.524586,pi-test-01,img_7248,JPEG,-,31.338,0.901,,,n/a,151.427,512.0,72565.0,12.7
2026-09-04T02:30:21.524586,pi-test-01,img_7248,JPEG2000-ROI,-,26.136,0.7443,0.5873,0.74,sam_uploaded,1248.928,9032.0,160590.0,5.74
2026-09-04T02:30:25.546104,pi-test-01,img_7249,JPEG,-,27.056,0.8636,,,n/a,157.944,512.0,101686.0,9.06
2026-09-04T02:30:25.546104,pi-test-01,img_7249,JPEG2000-ROI,-,25.248,0.8319,0.7165,0.8348,sam_uploaded,1394.397,9028.0,160468.0,5.74
2026-09-04T02:30:29.118963,pi-test-01,img_7250,JPEG,-,27.059,0.8637,,,n/a,157.094,512.0,101715.0,9.06
2026-09-04T02:30:29.118963,pi-test-01,img_7250,JPEG2000-ROI,-,25.172,0.8301,0.7237,0.8397,sam_uploaded,1387.88,9032.0,160449.0,5.74
2026-09-04T02:30:32.824202,pi-test-01,img_7251,JPEG,-,27.059,0.8637,,,n/a,157.264,512.0,101649.0,9.07
2026-09-04T02:30:32.824202,pi-test-01,img_7251,JPEG2000-ROI,-,25.141,0.8285,0.7203,0.8374,sam_uploaded,1415.489,9036.0,160456.0,5.74
2026-09-04T02:30:36.430641,pi-test-01,img_7252,JPEG,-,27.056,0.8636,,,n/a,155.763,512.0,101671.0,9.06
2026-09-04T02:30:36.430641,pi-test-01,img_7252,JPEG2000-ROI,-,25.231,0.8306,0.7225,0.8389,sam_uploaded,1387.639,9032.0,160478.0,5.74
2026-09-04T02:30:39.940470,pi-test-01,img_7253,JPEG,-,31.564,0.8938,,,n/a,164.98,512.0,65897.0,13.99
2026-09-04T02:30:39.940470,pi-test-01,img_7253,JPEG2000-ROI,-,32.205,0.9222,0.8558,0.9223,sam_uploaded,1297.691,9032.0,160508.0,5.74
2026-09-04T02:30:43.438693,pi-test-01,img_7254,JPEG,-,31.564,0.8938,,,n/a,152.647,512.0,65897.0,13.99
2026-09-04T02:30:43.438693,pi-test-01,img_7254,JPEG2000-ROI,-,32.134,0.9218,0.8558,0.9223,sam_uploaded,1326.034,9032.0,160468.0,5.74
2026-09-04T02:30:46.920900,pi-test-01,img_7255,JPEG,-,31.564,0.8938,,,n/a,150.335,512.0,65895.0,13.99
2026-09-04T02:30:46.920900,pi-test-01,img_7255,JPEG2000-ROI,-,32.107,0.9228,0.8599,0.9247,sam_uploaded,1296.897,8840.0,160504.0,5.74
2026-09-04T02:30:50.373517,pi-test-01,img_7256,JPEG,-,31.564,0.8938,,,n/a,150.892,512.0,65878.0,13.99
2026-09-04T02:30:50.373517,pi-test-01,img_7256,JPEG2000-ROI,-,32.168,0.9227,0.8567,0.9228,sam_uploaded,1296.208,9028.0,160524.0,5.74
2026-09-04T02:30:53.839709,pi-test-01,img_7257,JPEG,-,30.74,0.8914,,,n/a,153.673,512.0,72551.0,12.7
2026-09-04T02:30:53.839709,pi-test-01,img_7257,JPEG2000-ROI,-,29.757,0.8873,0.7343,0.8468,sam_uploaded,1344.845,9036.0,160524.0,5.74
2026-09-04T02:30:57.384711,pi-test-01,img_7258,JPEG,-,30.742,0.8914,,,n/a,151.765,512.0,72587.0,12.7
2026-09-04T02:30:57.384711,pi-test-01,img_7258,JPEG2000-ROI,-,29.694,0.8858,0.7695,0.8697,sam_uploaded,1321.839,9024.0,160591.0,5.74
2026-09-04T02:31:00.951976,pi-test-01,img_7259,JPEG,-,30.742,0.8914,,,n/a,152.742,512.0,72574.0,12.7
2026-09-04T02:31:00.951976,pi-test-01,img_7259,JPEG2000-ROI,-,29.85,0.8878,0.7435,0.8529,sam_uploaded,1317.293,9036.0,160514.0,5.74
2026-09-04T02:31:04.420381,pi-test-01,img_7260,JPEG,-,30.74,0.8914,,,n/a,151.691,512.0,72587.0,12.7
2026-09-04T02:31:04.420381,pi-test-01,img_7260,JPEG2000-ROI,-,29.869,0.8889,0.7746,0.873,sam_uploaded,1329.238,8932.0,160537.0,5.74
2026-09-04T02:31:07.948703,pi-test-01,img_7261,JPEG,-,30.924,0.892,,,n/a,152.152,512.0,70689.0,13.04
2026-09-04T02:31:07.948703,pi-test-01,img_7261,JPEG2000-ROI,-,29.574,0.889,0.7125,0.8321,sam_uploaded,1312.625,9036.0,160596.0,5.74
2026-09-04T02:31:11.495249,pi-test-01,img_7262,JPEG,-,30.928,0.8918,,,n/a,152.452,512.0,70670.0,13.04
2026-09-04T02:31:11.495249,pi-test-01,img_7262,JPEG2000-ROI,-,29.455,0.8877,0.7864,0.8804,sam_uploaded,1314.819,8936.0,160587.0,5.74
2026-09-04T02:31:14.973345,pi-test-01,img_7263,JPEG,-,30.928,0.8918,,,n/a,152.318,512.0,70658.0,13.04
2026-09-04T02:31:14.973345,pi-test-01,img_7263,JPEG2000-ROI,-,29.556,0.889,0.7869,0.8807,sam_uploaded,1339.396,9032.0,160442.0,5.74
2026-09-04T02:31:18.481194,pi-test-01,img_7264,JPEG,-,30.924,0.892,,,n/a,150.736,512.0,70694.0,13.04
2026-09-04T02:31:18.481194,pi-test-01,img_7264,JPEG2000-ROI,-,29.477,0.8888,0.7963,0.8866,sam_uploaded,1307.909,8896.0,160549.0,5.74
2026-09-04T02:31:21.932611,pi-test-01,img_7265,JPEG,-,31.735,0.8864,,,n/a,150.183,512.0,67276.0,13.7
2026-09-04T02:31:21.932611,pi-test-01,img_7265,JPEG2000-ROI,-,28.657,0.8369,0.6403,0.7807,sam_uploaded,1264.43,9032.0,160551.0,5.74
2026-09-04T02:31:25.427684,pi-test-01,img_7266,JPEG,-,31.735,0.8864,,,n/a,151.84,512.0,67323.0,13.69
2026-09-04T02:31:25.427684,pi-test-01,img_7266,JPEG2000-ROI,-,28.629,0.8357,0.641,0.7812,sam_uploaded,1287.925,9032.0,160518.0,5.74
2026-09-04T02:31:28.913891,pi-test-01,img_7267,JPEG,-,31.735,0.8864,,,n/a,150.288,512.0,67330.0,13.69
2026-09-04T02:31:28.913891,pi-test-01,img_7267,JPEG2000-ROI,-,28.771,0.8378,0.6326,0.7749,sam_uploaded,1263.745,9036.0,160586.0,5.74
2026-09-04T02:31:32.384027,pi-test-01,img_7268,JPEG,-,31.735,0.8864,,,n/a,151.264,512.0,67281.0,13.7
2026-09-04T02:31:32.384027,pi-test-01,img_7268,JPEG2000-ROI,-,28.671,0.8358,0.6693,0.8019,sam_uploaded,1266.487,8860.0,160489.0,5.74
2026-09-04T02:31:35.852280,pi-test-01,img_7269,JPEG,-,31.893,0.882,,,n/a,151.483,512.0,64047.0,14.39
2026-09-04T02:31:35.852280,pi-test-01,img_7269,JPEG2000-ROI,-,29.916,0.8553,0.694,0.8194,sam_uploaded,1275.372,9028.0,160623.0,5.74
2026-09-04T02:31:39.334909,pi-test-01,img_7270,JPEG,-,31.9,0.8822,,,n/a,153.729,512.0,64056.0,14.39
2026-09-04T02:31:39.334909,pi-test-01,img_7270,JPEG2000-ROI,-,29.85,0.8562,0.7005,0.8239,sam_uploaded,1264.604,9024.0,160534.0,5.74
2026-09-04T02:31:42.818115,pi-test-01,img_7271,JPEG,-,31.9,0.8822,,,n/a,149.757,512.0,64046.0,14.39
2026-09-04T02:31:42.818115,pi-test-01,img_7271,JPEG2000-ROI,-,29.783,0.8552,0.6986,0.8226,sam_uploaded,1268.871,9040.0,160382.0,5.75
2026-09-04T02:31:46.305159,pi-test-01,img_7272,JPEG,-,31.893,0.882,,,n/a,151.641,512.0,64100.0,14.38
2026-09-04T02:31:46.305159,pi-test-01,img_7272,JPEG2000-ROI,-,29.86,0.8571,0.698,0.8221,sam_uploaded,1288.753,9024.0,160446.0,5.74
2026-09-04T02:31:49.698632,pi-test-01,img_7273,JPEG,-,31.733,0.8806,,,n/a,150.354,512.0,64979.0,14.18
2026-09-04T02:31:49.698632,pi-test-01,img_7273,JPEG2000-ROI,-,28.927,0.8333,0.6403,0.7807,sam_uploaded,1261.62,9032.0,160276.0,5.75
2026-09-04T02:31:53.369757,pi-test-01,img_7274,JPEG,-,31.729,0.8806,,,n/a,150.529,512.0,64977.0,14.18
2026-09-04T02:31:53.369757,pi-test-01,img_7274,JPEG2000-ROI,-,28.88,0.8349,0.6373,0.7785,sam_uploaded,1264.202,9036.0,160520.0,5.74
2026-09-04T02:31:56.953329,pi-test-01,img_7275,JPEG,-,31.729,0.8806,,,n/a,150.053,512.0,64915.0,14.2
2026-09-04T02:31:56.953329,pi-test-01,img_7275,JPEG2000-ROI,-,28.931,0.8341,0.6354,0.7771,sam_uploaded,1274.316,9036.0,160591.0,5.74
2026-09-04T02:32:00.436459,pi-test-01,img_7276,JPEG,-,31.733,0.8806,,,n/a,149.63,512.0,64928.0,14.19
2026-09-04T02:32:00.436459,pi-test-01,img_7276,JPEG2000-ROI,-,28.915,0.8345,0.6328,0.7751,sam_uploaded,1259.831,9036.0,160408.0,5.75
2026-09-04T02:32:04.023001,pi-test-01,img_7277,JPEG,-,28.095,0.8504,,,n/a,153.593,512.0,83740.0,11.01
2026-09-04T02:32:04.023001,pi-test-01,img_7277,JPEG2000-ROI,-,27.862,0.8653,0.775,0.8732,sam_uploaded,1372.024,9028.0,160417.0,5.75
2026-09-04T02:32:07.653533,pi-test-01,img_7278,JPEG,-,28.093,0.8503,,,n/a,154.924,512.0,83730.0,11.01
2026-09-04T02:32:07.653533,pi-test-01,img_7278,JPEG2000-ROI,-,27.898,0.8665,0.7821,0.8777,sam_uploaded,1399.321,9032.0,160567.0,5.74
2026-09-04T02:32:11.314850,pi-test-01,img_7279,JPEG,-,28.093,0.8503,,,n/a,155.582,512.0,83765.0,11.0
2026-09-04T02:32:11.314850,pi-test-01,img_7279,JPEG2000-ROI,-,27.816,0.8664,0.7909,0.8832,sam_uploaded,1374.664,9008.0,160449.0,5.74
2026-09-04T02:32:14.908869,pi-test-01,img_7280,JPEG,-,28.095,0.8504,,,n/a,153.385,512.0,83799.0,11.0
2026-09-04T02:32:14.908869,pi-test-01,img_7280,JPEG2000-ROI,-,27.964,0.8671,0.7842,0.8791,sam_uploaded,1373.793,9036.0,160491.0,5.74
2026-09-04T02:32:18.399067,pi-test-01,img_7281,JPEG,-,35.081,0.8971,,,n/a,145.283,512.0,43947.0,20.97
2026-09-04T02:32:18.399067,pi-test-01,img_7281,JPEG2000-ROI,-,34.488,0.9049,0.7079,0.829,sam_uploaded,1211.236,8904.0,160511.0,5.74
2026-09-04T02:32:21.740863,pi-test-01,img_7282,JPEG,-,35.078,0.897,,,n/a,146.143,512.0,43948.0,20.97
2026-09-04T02:32:21.740863,pi-test-01,img_7282,JPEG2000-ROI,-,34.473,0.9028,0.709,0.8298,sam_uploaded,1188.187,9036.0,160504.0,5.74
2026-09-04T02:32:25.276317,pi-test-01,img_7283,JPEG,-,35.078,0.897,,,n/a,145.508,512.0,44060.0,20.92
2026-09-04T02:32:25.276317,pi-test-01,img_7283,JPEG2000-ROI,-,34.617,0.9048,0.7091,0.8298,sam_uploaded,1197.219,8932.0,160537.0,5.74
2026-09-04T02:32:28.660295,pi-test-01,img_7284,JPEG,-,35.081,0.8971,,,n/a,145.9,512.0,44043.0,20.93
2026-09-04T02:32:28.660295,pi-test-01,img_7284,JPEG2000-ROI,-,34.464,0.9037,0.7028,0.8255,sam_uploaded,1222.192,9032.0,160415.0,5.75
2026-09-04T02:32:32.137341,pi-test-01,img_7285,JPEG,-,34.611,0.9084,,,n/a,145.905,512.0,44857.0,20.55
2026-09-04T02:32:32.137341,pi-test-01,img_7285,JPEG2000-ROI,-,36.503,0.9437,0.6397,0.7803,sam_uploaded,1202.91,9024.0,160368.0,5.75
2026-09-04T02:32:35.901874,pi-test-01,img_7286,JPEG,-,34.6,0.9085,,,n/a,146.01,512.0,44850.0,20.55
2026-09-04T02:32:35.901874,pi-test-01,img_7286,JPEG2000-ROI,-,36.559,0.9451,0.6185,0.7643,sam_uploaded,1216.986,9036.0,160583.0,5.74
2026-09-04T02:32:39.203853,pi-test-01,img_7287,JPEG,-,34.6,0.9085,,,n/a,146.166,512.0,44813.0,20.57
2026-09-04T02:32:39.203853,pi-test-01,img_7287,JPEG2000-ROI,-,36.4,0.9436,0.8228,0.9028,sam_uploaded,1213.152,9032.0,160549.0,5.74
2026-09-04T02:32:42.597915,pi-test-01,img_7288,JPEG,-,34.611,0.9084,,,n/a,148.023,512.0,44828.0,20.56
2026-09-04T02:32:42.597915,pi-test-01,img_7288,JPEG2000-ROI,-,36.496,0.9441,0.701,0.8242,sam_uploaded,1206.156,9024.0,160584.0,5.74
2026-09-04T02:32:46.041487,pi-test-01,img_7289,JPEG,-,36.864,0.9063,,,n/a,143.229,512.0,34311.0,26.86
2026-09-04T02:32:46.041487,pi-test-01,img_7289,JPEG2000-ROI,-,38.527,0.9289,0.6295,0.7726,sam_uploaded,1160.562,9036.0,160426.0,5.74
2026-09-04T02:32:49.355803,pi-test-01,img_7290,JPEG,-,36.859,0.9064,,,n/a,144.612,512.0,34330.0,26.85
2026-09-04T02:32:49.355803,pi-test-01,img_7290,JPEG2000-ROI,-,38.445,0.9289,0.7133,0.8326,sam_uploaded,1172.13,9036.0,160444.0,5.74
2026-09-04T02:32:52.901570,pi-test-01,img_7291,JPEG,-,36.859,0.9064,,,n/a,143.166,512.0,34333.0,26.84
2026-09-04T02:32:52.901570,pi-test-01,img_7291,JPEG2000-ROI,-,38.386,0.9286,0.5559,0.7146,sam_uploaded,1155.798,9016.0,160574.0,5.74
2026-09-04T02:32:56.172954,pi-test-01,img_7292,JPEG,-,36.864,0.9063,,,n/a,143.471,512.0,34327.0,26.85
2026-09-04T02:32:56.172954,pi-test-01,img_7292,JPEG2000-ROI,-,38.489,0.9298,0.6329,0.7752,sam_uploaded,1158.418,9028.0,160474.0,5.74
2026-09-04T02:32:59.483512,pi-test-01,img_7293,JPEG,-,34.634,0.9026,,,n/a,145.613,512.0,45158.0,20.41
2026-09-04T02:32:59.483512,pi-test-01,img_7293,JPEG2000-ROI,-,34.31,0.9093,0.7271,0.842,sam_uploaded,1207.95,9028.0,160584.0,5.74
2026-09-04T02:33:02.741360,pi-test-01,img_7294,JPEG,-,34.633,0.9026,,,n/a,146.021,512.0,45126.0,20.42
2026-09-04T02:33:02.741360,pi-test-01,img_7294,JPEG2000-ROI,-,34.567,0.9123,0.7254,0.8409,sam_uploaded,1188.012,9116.0,160587.0,5.74
2026-09-04T02:33:06.134708,pi-test-01,img_7295,JPEG,-,34.633,0.9026,,,n/a,146.272,512.0,45060.0,20.45
2026-09-04T02:33:06.134708,pi-test-01,img_7295,JPEG2000-ROI,-,34.538,0.9133,0.727,0.8419,sam_uploaded,1188.26,9024.0,160460.0,5.74
2026-09-04T02:33:09.405089,pi-test-01,img_7296,JPEG,-,34.634,0.9026,,,n/a,146.126,512.0,45068.0,20.45
2026-09-04T02:33:09.405089,pi-test-01,img_7296,JPEG2000-ROI,-,34.546,0.9145,0.7259,0.8412,sam_uploaded,1191.899,9028.0,160578.0,5.74
2026-09-04T02:33:12.685294,pi-test-01,img_7297,JPEG,-,35.086,0.8952,,,n/a,144.889,512.0,42824.0,21.52
2026-09-04T02:33:12.685294,pi-test-01,img_7297,JPEG2000-ROI,-,36.481,0.9392,0.8363,0.9109,sam_uploaded,1201.062,9036.0,160496.0,5.74
2026-09-04T02:33:16.023740,pi-test-01,img_7298,JPEG,-,35.081,0.8948,,,n/a,160.154,512.0,42815.0,21.53
2026-09-04T02:33:16.023740,pi-test-01,img_7298,JPEG2000-ROI,-,36.491,0.9403,0.8369,0.9112,sam_uploaded,1205.208,9036.0,160575.0,5.74
2026-09-04T02:33:19.444179,pi-test-01,img_7299,JPEG,-,35.081,0.8948,,,n/a,145.939,512.0,42888.0,21.49
2026-09-04T02:33:19.444179,pi-test-01,img_7299,JPEG2000-ROI,-,36.475,0.9385,0.8373,0.9114,sam_uploaded,1220.598,9032.0,160458.0,5.74
2026-09-04T02:33:22.804180,pi-test-01,img_7300,JPEG,-,35.086,0.8952,,,n/a,144.778,512.0,42902.0,21.48
2026-09-04T02:33:22.804180,pi-test-01,img_7300,JPEG2000-ROI,-,36.407,0.9384,0.8372,0.9114,sam_uploaded,1217.921,9116.0,160460.0,5.74
2026-09-04T02:33:26.094840,pi-test-01,img_7301,JPEG,-,35.761,0.9289,,,n/a,144.51,512.0,36460.0,25.28
2026-09-04T02:33:26.094840,pi-test-01,img_7301,JPEG2000-ROI,-,37.22,0.953,0.355,0.5239,sam_uploaded,1180.998,9016.0,160535.0,5.74
2026-09-04T02:33:29.368384,pi-test-01,img_7302,JPEG,-,35.766,0.9287,,,n/a,145.227,512.0,36457.0,25.28
2026-09-04T02:33:29.368384,pi-test-01,img_7302,JPEG2000-ROI,-,37.255,0.9525,0.3624,0.532,sam_uploaded,1189.378,9036.0,160416.0,5.75
2026-09-04T02:33:32.642390,pi-test-01,img_7303,JPEG,-,35.766,0.9287,,,n/a,143.482,512.0,36520.0,25.24
2026-09-04T02:33:32.642390,pi-test-01,img_7303,JPEG2000-ROI,-,37.247,0.9523,0.3975,0.5689,sam_uploaded,1184.855,9036.0,160108.0,5.76
2026-09-04T02:33:35.900096,pi-test-01,img_7304,JPEG,-,35.761,0.9289,,,n/a,143.358,512.0,36523.0,25.23
2026-09-04T02:33:35.900096,pi-test-01,img_7304,JPEG2000-ROI,-,37.162,0.9527,0.5107,0.6761,sam_uploaded,1170.4,9020.0,160478.0,5.74
2026-09-04T02:33:39.373727,pi-test-01,img_7305,JPEG,-,30.994,0.8615,,,n/a,148.434,512.0,57576.0,16.01
2026-09-04T02:33:39.373727,pi-test-01,img_7305,JPEG2000-ROI,-,32.226,0.9152,0.832,0.9083,sam_uploaded,1301.968,9028.0,160499.0,5.74
2026-09-04T02:33:42.821272,pi-test-01,img_7306,JPEG,-,30.996,0.8616,,,n/a,148.199,512.0,57560.0,16.01
2026-09-04T02:33:42.821272,pi-test-01,img_7306,JPEG2000-ROI,-,32.227,0.9159,0.8496,0.9187,sam_uploaded,1296.249,9040.0,160547.0,5.74
2026-09-04T02:33:46.290620,pi-test-01,img_7307,JPEG,-,30.996,0.8616,,,n/a,149.471,512.0,57578.0,16.01
2026-09-04T02:33:46.290620,pi-test-01,img_7307,JPEG2000-ROI,-,32.215,0.9152,0.8491,0.9184,sam_uploaded,1306.664,9032.0,160414.0,5.75
2026-09-04T02:33:49.968850,pi-test-01,img_7308,JPEG,-,30.994,0.8615,,,n/a,148.492,512.0,57584.0,16.0
2026-09-04T02:33:49.968850,pi-test-01,img_7308,JPEG2000-ROI,-,32.219,0.9154,0.851,0.9195,sam_uploaded,1321.037,9032.0,160555.0,5.74
2026-09-04T02:33:53.430346,pi-test-01,img_7309,JPEG,-,34.774,0.9708,,,n/a,151.463,512.0,71256.0,12.93
2026-09-04T02:33:53.430346,pi-test-01,img_7309,JPEG2000-ROI,-,27.598,0.8443,0.5261,0.6895,sam_uploaded,1226.233,9028.0,160558.0,5.74
2026-09-04T02:33:57.003285,pi-test-01,img_7310,JPEG,-,34.779,0.9707,,,n/a,152.597,512.0,71278.0,12.93
2026-09-04T02:33:57.003285,pi-test-01,img_7310,JPEG2000-ROI,-,27.643,0.8442,0.4861,0.6542,sam_uploaded,1219.63,9032.0,160616.0,5.74
2026-09-04T02:34:00.468400,pi-test-01,img_7311,JPEG,-,34.779,0.9707,,,n/a,151.741,512.0,71234.0,12.94
2026-09-04T02:34:00.468400,pi-test-01,img_7311,JPEG2000-ROI,-,27.629,0.8454,0.5338,0.6961,sam_uploaded,1246.992,8912.0,160220.0,5.75
2026-09-04T02:34:03.865308,pi-test-01,img_7312,JPEG,-,34.774,0.9708,,,n/a,152.574,512.0,71240.0,12.94
2026-09-04T02:34:03.865308,pi-test-01,img_7312,JPEG2000-ROI,-,27.679,0.8438,0.4871,0.6551,sam_uploaded,1220.206,9040.0,160224.0,5.75
2026-09-04T02:34:07.421593,pi-test-01,img_7313,JPEG,-,34.807,0.9538,,,n/a,150.965,512.0,63839.0,14.44
2026-09-04T02:34:07.421593,pi-test-01,img_7313,JPEG2000-ROI,-,28.157,0.8378,0.503,0.6693,sam_uploaded,1209.861,9032.0,160472.0,5.74
2026-09-04T02:34:10.804847,pi-test-01,img_7314,JPEG,-,34.814,0.9539,,,n/a,150.898,512.0,63844.0,14.44
2026-09-04T02:34:10.804847,pi-test-01,img_7314,JPEG2000-ROI,-,28.18,0.8351,0.5304,0.6931,sam_uploaded,1218.657,8852.0,160466.0,5.74
2026-09-04T02:34:14.146172,pi-test-01,img_7315,JPEG,-,34.814,0.9539,,,n/a,151.011,512.0,63855.0,14.43
2026-09-04T02:34:14.146172,pi-test-01,img_7315,JPEG2000-ROI,-,28.174,0.8372,0.5151,0.6799,sam_uploaded,1195.097,9012.0,160518.0,5.74
2026-09-04T02:34:17.491080,pi-test-01,img_7316,JPEG,-,34.807,0.9538,,,n/a,152.905,512.0,63856.0,14.43
2026-09-04T02:34:17.491080,pi-test-01,img_7316,JPEG2000-ROI,-,28.099,0.8363,0.5497,0.7094,sam_uploaded,1208.483,9040.0,160533.0,5.74
2026-09-04T02:34:20.952001,pi-test-01,img_7317,JPEG,-,34.617,0.9581,,,n/a,149.932,512.0,64824.0,14.22
2026-09-04T02:34:20.952001,pi-test-01,img_7317,JPEG2000-ROI,-,26.595,0.8197,0.5662,0.723,sam_uploaded,1202.41,9036.0,160416.0,5.75
2026-09-04T02:34:24.264338,pi-test-01,img_7318,JPEG,-,34.623,0.9581,,,n/a,152.391,512.0,64858.0,14.21
2026-09-04T02:34:24.264338,pi-test-01,img_7318,JPEG2000-ROI,-,26.453,0.8168,0.5867,0.7396,sam_uploaded,1187.078,9028.0,160577.0,5.74
2026-09-04T02:34:27.611092,pi-test-01,img_7319,JPEG,-,34.623,0.9581,,,n/a,157.879,512.0,64808.0,14.22
2026-09-04T02:34:27.611092,pi-test-01,img_7319,JPEG2000-ROI,-,26.525,0.8171,0.5851,0.7382,sam_uploaded,1186.606,9032.0,160245.0,5.75
2026-09-04T02:34:30.992765,pi-test-01,img_7320,JPEG,-,34.617,0.9581,,,n/a,150.574,512.0,64805.0,14.22
2026-09-04T02:34:30.992765,pi-test-01,img_7320,JPEG2000-ROI,-,26.492,0.8157,0.5724,0.7281,sam_uploaded,1210.712,9032.0,160482.0,5.74
2026-09-04T02:34:34.361228,pi-test-01,img_7321,JPEG,-,33.577,0.9604,,,n/a,150.671,512.0,71069.0,12.97
2026-09-04T02:34:34.361228,pi-test-01,img_7321,JPEG2000-ROI,-,27.859,0.867,0.541,0.7021,sam_uploaded,1238.208,9028.0,160421.0,5.74
2026-09-04T02:34:37.760754,pi-test-01,img_7322,JPEG,-,33.584,0.9604,,,n/a,177.675,512.0,71119.0,12.96
2026-09-04T02:34:37.760754,pi-test-01,img_7322,JPEG2000-ROI,-,27.973,0.8686,0.4887,0.6566,sam_uploaded,1237.544,8852.0,160520.0,5.74
2026-09-04T02:34:41.164596,pi-test-01,img_7323,JPEG,-,33.584,0.9604,,,n/a,152.469,512.0,71067.0,12.97
2026-09-04T02:34:41.164596,pi-test-01,img_7323,JPEG2000-ROI,-,27.923,0.8671,0.5574,0.7158,sam_uploaded,1272.04,9032.0,160589.0,5.74
2026-09-04T02:34:44.809118,pi-test-01,img_7324,JPEG,-,33.577,0.9604,,,n/a,150.706,512.0,71039.0,12.97
2026-09-04T02:34:44.809118,pi-test-01,img_7324,JPEG2000-ROI,-,27.899,0.8674,0.4872,0.6552,sam_uploaded,1228.148,9028.0,160312.0,5.75
2026-09-04T02:34:48.141247,pi-test-01,img_7325,JPEG,-,36.09,0.9374,,,n/a,147.73,512.0,47889.0,19.24
2026-09-04T02:34:48.141247,pi-test-01,img_7325,JPEG2000-ROI,-,32.32,0.9,0.4892,0.657,sam_uploaded,1159.896,9032.0,160552.0,5.74
2026-09-04T02:34:51.483444,pi-test-01,img_7326,JPEG,-,36.094,0.9376,,,n/a,149.209,512.0,47887.0,19.25
2026-09-04T02:34:51.483444,pi-test-01,img_7326,JPEG2000-ROI,-,32.03,0.8982,0.4482,0.6189,sam_uploaded,1178.03,9036.0,160188.0,5.75
2026-09-04T02:34:54.775714,pi-test-01,img_7327,JPEG,-,36.094,0.9376,,,n/a,147.452,512.0,47851.0,19.26
2026-09-04T02:34:54.775714,pi-test-01,img_7327,JPEG2000-ROI,-,32.092,0.8963,0.4882,0.6561,sam_uploaded,1165.084,9028.0,160532.0,5.74
2026-09-04T02:34:58.078253,pi-test-01,img_7328,JPEG,-,36.09,0.9374,,,n/a,173.32,512.0,47843.0,19.26
2026-09-04T02:34:58.078253,pi-test-01,img_7328,JPEG2000-ROI,-,32.188,0.8995,0.4449,0.6158,sam_uploaded,1162.01,9036.0,160585.0,5.74
2026-09-04T02:35:01.567419,pi-test-01,img_7329,JPEG,-,34.069,0.9568,,,n/a,152.666,512.0,69903.0,13.18
2026-09-04T02:35:01.567419,pi-test-01,img_7329,JPEG2000-ROI,-,27.298,0.8645,0.4397,0.6108,sam_uploaded,1224.256,9040.0,160575.0,5.74
2026-09-04T02:35:04.934899,pi-test-01,img_7330,JPEG,-,34.067,0.9567,,,n/a,151.179,512.0,69902.0,13.18
2026-09-04T02:35:04.934899,pi-test-01,img_7330,JPEG2000-ROI,-,27.158,0.8617,0.4154,0.587,sam_uploaded,1212.096,9024.0,160369.0,5.75
2026-09-04T02:35:08.346466,pi-test-01,img_7331,JPEG,-,34.067,0.9567,,,n/a,171.378,512.0,69938.0,13.18
2026-09-04T02:35:08.346466,pi-test-01,img_7331,JPEG2000-ROI,-,27.207,0.8625,0.4753,0.6443,sam_uploaded,1216.89,9016.0,160632.0,5.74
2026-09-04T02:35:11.753572,pi-test-01,img_7332,JPEG,-,34.069,0.9568,,,n/a,151.467,512.0,69946.0,13.18
2026-09-04T02:35:11.753572,pi-test-01,img_7332,JPEG2000-ROI,-,27.309,0.8652,0.4172,0.5888,sam_uploaded,1227.457,9116.0,160546.0,5.74
2026-09-04T02:35:15.406101,pi-test-01,img_7333,JPEG,-,30.13,0.9407,,,n/a,156.659,512.0,90974.0,10.13
2026-09-04T02:35:15.406101,pi-test-01,img_7333,JPEG2000-ROI,-,25.419,0.8387,0.4719,0.6412,sam_uploaded,1291.373,9032.0,160485.0,5.74
2026-09-04T02:35:18.942488,pi-test-01,img_7334,JPEG,-,30.131,0.9408,,,n/a,159.805,512.0,90963.0,10.13
2026-09-04T02:35:18.942488,pi-test-01,img_7334,JPEG2000-ROI,-,25.427,0.8409,0.4858,0.654,sam_uploaded,1304.119,9028.0,160522.0,5.74
2026-09-04T02:35:22.443607,pi-test-01,img_7335,JPEG,-,30.131,0.9408,,,n/a,156.324,512.0,90957.0,10.13
2026-09-04T02:35:22.443607,pi-test-01,img_7335,JPEG2000-ROI,-,25.406,0.84,0.4529,0.6234,sam_uploaded,1311.843,8992.0,160447.0,5.74
2026-09-04T02:35:25.947714,pi-test-01,img_7336,JPEG,-,30.13,0.9407,,,n/a,155.667,512.0,90960.0,10.13
2026-09-04T02:35:25.947714,pi-test-01,img_7336,JPEG2000-ROI,-,25.351,0.8397,0.4617,0.6318,sam_uploaded,1293.845,9000.0,160555.0,5.74
2026-09-04T02:35:29.459449,pi-test-01,img_7337,JPEG,-,33.885,0.9706,,,n/a,150.805,512.0,71499.0,12.89
2026-09-04T02:35:29.459449,pi-test-01,img_7337,JPEG2000-ROI,-,29.595,0.9365,0.3118,0.4753,sam_uploaded,1243.253,9028.0,160628.0,5.74
2026-09-04T02:35:32.851880,pi-test-01,img_7338,JPEG,-,33.889,0.9707,,,n/a,152.09,512.0,71476.0,12.89
2026-09-04T02:35:32.851880,pi-test-01,img_7338,JPEG2000-ROI,-,29.452,0.9333,0.2994,0.4608,sam_uploaded,1258.025,9032.0,160476.0,5.74
2026-09-04T02:35:36.322054,pi-test-01,img_7339,JPEG,-,33.889,0.9707,,,n/a,150.965,512.0,71510.0,12.89
2026-09-04T02:35:36.322054,pi-test-01,img_7339,JPEG2000-ROI,-,29.552,0.9351,0.3031,0.4652,sam_uploaded,1233.849,9040.0,160493.0,5.74
2026-09-04T02:35:39.741988,pi-test-01,img_7340,JPEG,-,33.885,0.9706,,,n/a,152.103,512.0,71503.0,12.89
2026-09-04T02:35:39.741988,pi-test-01,img_7340,JPEG2000-ROI,-,29.472,0.9333,0.2733,0.4292,sam_uploaded,1245.735,8884.0,160616.0,5.74
2026-09-04T02:35:42.990309,pi-test-01,img_7341,JPEG,-,36.732,0.9487,,,n/a,143.925,512.0,37753.0,24.41
2026-09-04T02:35:42.990309,pi-test-01,img_7341,JPEG2000-ROI,-,33.197,0.9122,0.6332,0.7754,sam_uploaded,1113.775,9028.0,160567.0,5.74
2026-09-04T02:35:46.977189,pi-test-01,img_7342,JPEG,-,36.733,0.9485,,,n/a,152.483,512.0,37751.0,24.41
2026-09-04T02:35:46.977189,pi-test-01,img_7342,JPEG2000-ROI,-,33.315,0.9145,0.7417,0.8517,sam_uploaded,1117.727,9020.0,160505.0,5.74
2026-09-04T02:35:50.261223,pi-test-01,img_7343,JPEG,-,36.733,0.9485,,,n/a,144.913,512.0,37820.0,24.37
2026-09-04T02:35:50.261223,pi-test-01,img_7343,JPEG2000-ROI,-,33.331,0.9125,0.5969,0.7476,sam_uploaded,1119.353,9032.0,160625.0,5.74
2026-09-04T02:35:53.463075,pi-test-01,img_7344,JPEG,-,36.732,0.9487,,,n/a,143.984,512.0,37821.0,24.37
2026-09-04T02:35:53.463075,pi-test-01,img_7344,JPEG2000-ROI,-,33.293,0.9127,0.6307,0.7735,sam_uploaded,1156.712,9036.0,160504.0,5.74
2026-09-04T02:35:56.893302,pi-test-01,img_7345,JPEG,-,34.407,0.9496,,,n/a,147.175,512.0,58702.0,15.7
2026-09-04T02:35:56.893302,pi-test-01,img_7345,JPEG2000-ROI,-,29.632,0.9044,0.5333,0.6956,sam_uploaded,1212.291,9028.0,160548.0,5.74
2026-09-04T02:36:00.256118,pi-test-01,img_7346,JPEG,-,34.417,0.9495,,,n/a,159.056,512.0,58723.0,15.69
2026-09-04T02:36:00.256118,pi-test-01,img_7346,JPEG2000-ROI,-,29.581,0.9034,0.5035,0.6697,sam_uploaded,1209.612,9036.0,160616.0,5.74
2026-09-04T02:36:03.690712,pi-test-01,img_7347,JPEG,-,34.417,0.9495,,,n/a,149.164,512.0,58686.0,15.7
2026-09-04T02:36:03.690712,pi-test-01,img_7347,JPEG2000-ROI,-,29.636,0.9038,0.5882,0.7407,sam_uploaded,1230.083,9040.0,160379.0,5.75
2026-09-04T02:36:07.078282,pi-test-01,img_7348,JPEG,-,34.407,0.9496,,,n/a,147.993,512.0,58673.0,15.71
2026-09-04T02:36:07.078282,pi-test-01,img_7348,JPEG2000-ROI,-,29.571,0.9027,0.4742,0.6433,sam_uploaded,1208.679,9032.0,160525.0,5.74
2026-09-04T02:36:10.400285,pi-test-01,img_7349,JPEG,-,35.708,0.9722,,,n/a,166.924,512.0,64358.0,14.32
2026-09-04T02:36:10.400285,pi-test-01,img_7349,JPEG2000-ROI,-,26.963,0.8275,0.2338,0.379,sam_uploaded,1140.813,9032.0,160606.0,5.74
2026-09-04T02:36:13.778904,pi-test-01,img_7350,JPEG,-,35.703,0.9722,,,n/a,148.69,512.0,64377.0,14.32
2026-09-04T02:36:13.778904,pi-test-01,img_7350,JPEG2000-ROI,-,26.892,0.8249,0.2273,0.3703,sam_uploaded,1164.087,9016.0,160570.0,5.74
2026-09-04T02:36:17.087549,pi-test-01,img_7351,JPEG,-,35.703,0.9722,,,n/a,150.59,512.0,64297.0,14.33
2026-09-04T02:36:17.087549,pi-test-01,img_7351,JPEG2000-ROI,-,26.82,0.822,0.2331,0.3781,sam_uploaded,1151.501,9024.0,160470.0,5.74
2026-09-04T02:36:20.453886,pi-test-01,img_7352,JPEG,-,35.708,0.9722,,,n/a,149.716,512.0,64291.0,14.33
2026-09-04T02:36:20.453886,pi-test-01,img_7352,JPEG2000-ROI,-,26.915,0.8269,0.2319,0.3765,sam_uploaded,1141.018,9036.0,160568.0,5.74
2026-09-04T02:36:23.538591,pi-test-01,img_7353,JPEG,-,38.216,0.9626,,,n/a,143.882,512.0,34990.0,26.34
2026-09-04T02:36:23.538591,pi-test-01,img_7353,JPEG2000-ROI,-,35.126,0.9088,0.1669,0.2861,sam_uploaded,1009.458,9028.0,132984.0,6.93
2026-09-04T02:36:26.604392,pi-test-01,img_7354,JPEG,-,38.218,0.9625,,,n/a,142.884,512.0,35009.0,26.32
2026-09-04T02:36:26.604392,pi-test-01,img_7354,JPEG2000-ROI,-,35.032,0.908,0.1552,0.2688,sam_uploaded,992.993,9036.0,132814.0,6.94
2026-09-04T02:36:29.691304,pi-test-01,img_7355,JPEG,-,38.218,0.9624,,,n/a,144.72,512.0,34989.0,26.34
2026-09-04T02:36:29.691304,pi-test-01,img_7355,JPEG2000-ROI,-,35.121,0.9098,0.1769,0.3006,sam_uploaded,984.252,9040.0,132526.0,6.95
2026-09-04T02:36:32.747338,pi-test-01,img_7356,JPEG,-,38.216,0.9626,,,n/a,142.527,512.0,34990.0,26.34
2026-09-04T02:36:32.747338,pi-test-01,img_7356,JPEG2000-ROI,-,35.091,0.9097,0.3142,0.4782,sam_uploaded,989.306,9040.0,133165.0,6.92
2026-09-04T02:36:36.096023,pi-test-01,img_7357,JPEG,-,35.846,0.9631,,,n/a,148.24,512.0,55059.0,16.74
2026-09-04T02:36:36.096023,pi-test-01,img_7357,JPEG2000-ROI,-,29.357,0.8736,0.273,0.4289,sam_uploaded,1140.761,9032.0,160581.0,5.74
2026-09-04T02:36:39.357470,pi-test-01,img_7358,JPEG,-,35.845,0.9631,,,n/a,148.181,512.0,55042.0,16.74
2026-09-04T02:36:39.357470,pi-test-01,img_7358,JPEG2000-ROI,-,29.189,0.8719,0.2875,0.4466,sam_uploaded,1154.443,9036.0,160616.0,5.74
2026-09-04T02:36:42.619756,pi-test-01,img_7359,JPEG,-,35.845,0.9631,,,n/a,148.274,512.0,55113.0,16.72
2026-09-04T02:36:42.619756,pi-test-01,img_7359,JPEG2000-ROI,-,29.357,0.8728,0.2697,0.4249,sam_uploaded,1126.953,9016.0,160464.0,5.74
2026-09-04T02:36:45.892112,pi-test-01,img_7360,JPEG,-,35.846,0.9631,,,n/a,148.579,512.0,55122.0,16.72
2026-09-04T02:36:45.892112,pi-test-01,img_7360,JPEG2000-ROI,-,29.48,0.8762,0.2753,0.4318,sam_uploaded,1140.191,9032.0,160591.0,5.74
2026-09-04T02:36:49.325724,pi-test-01,img_7361,JPEG,-,30.967,0.9443,,,n/a,154.143,512.0,78327.0,11.77
2026-09-04T02:36:49.325724,pi-test-01,img_7361,JPEG2000-ROI,-,27.174,0.8655,0.4083,0.5799,sam_uploaded,1267.095,9032.0,160621.0,5.74
2026-09-04T02:36:52.761660,pi-test-01,img_7362,JPEG,-,30.963,0.9442,,,n/a,151.888,512.0,78319.0,11.77
2026-09-04T02:36:52.761660,pi-test-01,img_7362,JPEG2000-ROI,-,27.206,0.8657,0.4165,0.5881,sam_uploaded,1251.287,9032.0,160630.0,5.74
2026-09-04T02:36:56.387284,pi-test-01,img_7363,JPEG,-,30.963,0.9442,,,n/a,152.645,512.0,78341.0,11.76
2026-09-04T02:36:56.387284,pi-test-01,img_7363,JPEG2000-ROI,-,27.256,0.8679,0.4227,0.5942,sam_uploaded,1252.236,8904.0,160506.0,5.74
2026-09-04T02:36:59.886813,pi-test-01,img_7364,JPEG,-,30.967,0.9443,,,n/a,152.781,512.0,78347.0,11.76
2026-09-04T02:36:59.886813,pi-test-01,img_7364,JPEG2000-ROI,-,27.123,0.864,0.4035,0.575,sam_uploaded,1281.693,9036.0,160503.0,5.74
2026-09-04T02:37:03.160932,pi-test-01,img_7365,JPEG,-,35.588,0.9618,,,n/a,149.132,512.0,54162.0,17.02
2026-09-04T02:37:03.160932,pi-test-01,img_7365,JPEG2000-ROI,-,30.556,0.8897,0.3801,0.5508,sam_uploaded,1171.12,9028.0,160244.0,5.75
2026-09-04T02:37:06.487458,pi-test-01,img_7366,JPEG,-,35.592,0.9618,,,n/a,166.157,512.0,54171.0,17.01
2026-09-04T02:37:06.487458,pi-test-01,img_7366,JPEG2000-ROI,-,30.787,0.892,0.4234,0.595,sam_uploaded,1179.397,9016.0,160319.0,5.75
2026-09-04T02:37:09.874588,pi-test-01,img_7367,JPEG,-,35.592,0.9618,,,n/a,147.602,512.0,54169.0,17.01
2026-09-04T02:37:09.874588,pi-test-01,img_7367,JPEG2000-ROI,-,30.747,0.8898,0.4042,0.5757,sam_uploaded,1200.973,9036.0,160477.0,5.74
2026-09-04T02:37:13.137518,pi-test-01,img_7368,JPEG,-,35.588,0.9618,,,n/a,148.8,512.0,54173.0,17.01
2026-09-04T02:37:13.137518,pi-test-01,img_7368,JPEG2000-ROI,-,30.92,0.8918,0.4033,0.5748,sam_uploaded,1169.961,9028.0,160092.0,5.76
2026-09-04T02:37:16.370728,pi-test-01,img_7369,JPEG,-,35.72,0.9433,,,n/a,147.22,512.0,44511.0,20.7
2026-09-04T02:37:16.370728,pi-test-01,img_7369,JPEG2000-ROI,-,32.095,0.8777,0.3939,0.5652,sam_uploaded,1140.553,9032.0,160453.0,5.74
2026-09-04T02:37:19.700833,pi-test-01,img_7370,JPEG,-,35.733,0.9432,,,n/a,144.268,512.0,44529.0,20.7
2026-09-04T02:37:19.700833,pi-test-01,img_7370,JPEG2000-ROI,-,32.176,0.877,0.4322,0.6036,sam_uploaded,1156.89,9036.0,160215.0,5.75
2026-09-04T02:37:23.184419,pi-test-01,img_7371,JPEG,-,35.733,0.9432,,,n/a,145.272,512.0,44495.0,20.71
2026-09-04T02:37:23.184419,pi-test-01,img_7371,JPEG2000-ROI,-,31.945,0.8785,0.414,0.5855,sam_uploaded,1144.58,9028.0,160550.0,5.74
2026-09-04T02:37:26.441983,pi-test-01,img_7372,JPEG,-,35.72,0.9433,,,n/a,144.116,512.0,44447.0,20.73
2026-09-04T02:37:26.441983,pi-test-01,img_7372,JPEG2000-ROI,-,32.007,0.8747,0.4431,0.6141,sam_uploaded,1141.48,9036.0,160489.0,5.74
2026-09-04T02:37:29.931830,pi-test-01,img_7373,JPEG,-,34.706,0.937,,,n/a,146.321,512.0,50766.0,18.15
2026-09-04T02:37:29.931830,pi-test-01,img_7373,JPEG2000-ROI,-,31.316,0.8981,0.6106,0.7582,sam_uploaded,1199.919,9120.0,160549.0,5.74
2026-09-04T02:37:33.419019,pi-test-01,img_7374,JPEG,-,34.7,0.937,,,n/a,148.569,512.0,50775.0,18.15
2026-09-04T02:37:33.419019,pi-test-01,img_7374,JPEG2000-ROI,-,31.627,0.9016,0.6401,0.7805,sam_uploaded,1196.845,9036.0,160351.0,5.75
2026-09-04T02:37:36.738334,pi-test-01,img_7375,JPEG,-,34.7,0.937,,,n/a,147.23,512.0,50795.0,18.14
2026-09-04T02:37:36.738334,pi-test-01,img_7375,JPEG2000-ROI,-,31.428,0.9,0.6174,0.7634,sam_uploaded,1200.414,9028.0,160492.0,5.74
2026-09-04T02:37:40.214208,pi-test-01,img_7376,JPEG,-,34.706,0.937,,,n/a,147.928,512.0,50804.0,18.14
2026-09-04T02:37:40.214208,pi-test-01,img_7376,JPEG2000-ROI,-,31.522,0.8996,0.5887,0.7411,sam_uploaded,1203.638,9028.0,160281.0,5.75
2026-09-04T02:37:43.426359,pi-test-01,img_7377,JPEG,-,36.903,0.9545,,,n/a,145.637,512.0,44786.0,20.58
2026-09-04T02:37:43.426359,pi-test-01,img_7377,JPEG2000-ROI,-,31.318,0.8445,0.2932,0.4534,sam_uploaded,1102.161,9036.0,160434.0,5.74
2026-09-04T02:37:46.707780,pi-test-01,img_7378,JPEG,-,36.903,0.9547,,,n/a,144.917,512.0,44796.0,20.57
2026-09-04T02:37:46.707780,pi-test-01,img_7378,JPEG2000-ROI,-,31.554,0.8474,0.2965,0.4573,sam_uploaded,1106.152,9036.0,160601.0,5.74
2026-09-04T02:37:49.988057,pi-test-01,img_7379,JPEG,-,36.903,0.9547,,,n/a,145.58,512.0,44851.0,20.55
2026-09-04T02:37:49.988057,pi-test-01,img_7379,JPEG2000-ROI,-,31.424,0.8456,0.2737,0.4298,sam_uploaded,1113.119,8900.0,160429.0,5.74
2026-09-04T02:37:53.298196,pi-test-01,img_7380,JPEG,-,36.903,0.9545,,,n/a,144.866,512.0,44844.0,20.55
2026-09-04T02:37:53.298196,pi-test-01,img_7380,JPEG2000-ROI,-,31.407,0.8436,0.3093,0.4725,sam_uploaded,1109.085,9016.0,160598.0,5.74
2026-09-04T02:37:57.350480,pi-test-01,img_7381,JPEG,-,36.835,0.9522,,,n/a,144.772,512.0,46360.0,19.88
2026-09-04T02:37:57.350480,pi-test-01,img_7381,JPEG2000-ROI,-,31.781,0.8711,0.4824,0.6508,sam_uploaded,1176.181,9024.0,160610.0,5.74
2026-09-04T02:38:00.748990,pi-test-01,img_7382,JPEG,-,36.83,0.9521,,,n/a,146.753,512.0,46378.0,19.87
2026-09-04T02:38:00.748990,pi-test-01,img_7382,JPEG2000-ROI,-,31.743,0.8712,0.4948,0.662,sam_uploaded,1151.565,8944.0,160517.0,5.74
2026-09-04T02:38:04.032390,pi-test-01,img_7383,JPEG,-,36.83,0.9521,,,n/a,146.883,512.0,46254.0,19.92
2026-09-04T02:38:04.032390,pi-test-01,img_7383,JPEG2000-ROI,-,31.762,0.8698,0.4907,0.6583,sam_uploaded,1156.703,9036.0,160614.0,5.74
2026-09-04T02:38:07.297941,pi-test-01,img_7384,JPEG,-,36.835,0.9522,,,n/a,146.591,512.0,46262.0,19.92
2026-09-04T02:38:07.297941,pi-test-01,img_7384,JPEG2000-ROI,-,31.887,0.8719,0.4932,0.6606,sam_uploaded,1166.358,9036.0,160585.0,5.74
2026-09-04T02:38:10.576046,pi-test-01,img_7385,JPEG,-,36.868,0.9524,,,n/a,146.74,512.0,43829.0,21.03
2026-09-04T02:38:10.576046,pi-test-01,img_7385,JPEG2000-ROI,-,32.162,0.8988,0.5996,0.7497,sam_uploaded,1153.586,9036.0,160485.0,5.74
2026-09-04T02:38:13.853983,pi-test-01,img_7386,JPEG,-,36.853,0.9523,,,n/a,170.749,512.0,43801.0,21.04
2026-09-04T02:38:13.853983,pi-test-01,img_7386,JPEG2000-ROI,-,32.138,0.8977,0.6003,0.7502,sam_uploaded,1149.018,9036.0,160342.0,5.75
2026-09-04T02:38:17.127470,pi-test-01,img_7387,JPEG,-,36.853,0.9523,,,n/a,146.185,512.0,43877.0,21.0
2026-09-04T02:38:17.127470,pi-test-01,img_7387,JPEG2000-ROI,-,32.123,0.8972,0.5984,0.7488,sam_uploaded,1170.212,9020.0,160578.0,5.74
2026-09-04T02:38:20.379932,pi-test-01,img_7388,JPEG,-,36.868,0.9524,,,n/a,147.503,512.0,43861.0,21.01
2026-09-04T02:38:20.379932,pi-test-01,img_7388,JPEG2000-ROI,-,32.122,0.897,0.5952,0.7462,sam_uploaded,1148.948,8968.0,160262.0,5.75
2026-09-04T02:38:23.757792,pi-test-01,img_7389,JPEG,-,31.832,0.9285,,,n/a,152.615,512.0,69375.0,13.28
2026-09-04T02:38:23.757792,pi-test-01,img_7389,JPEG2000-ROI,-,27.11,0.805,0.4788,0.6476,sam_uploaded,1241.114,9032.0,160394.0,5.75
2026-09-04T02:38:27.140564,pi-test-01,img_7390,JPEG,-,31.824,0.9286,,,n/a,151.133,512.0,69338.0,13.29
2026-09-04T02:38:27.140564,pi-test-01,img_7390,JPEG2000-ROI,-,27.192,0.8051,0.4741,0.6433,sam_uploaded,1265.004,9024.0,160598.0,5.74
2026-09-04T02:38:30.587679,pi-test-01,img_7391,JPEG,-,31.824,0.9286,,,n/a,153.132,512.0,69327.0,13.29
2026-09-04T02:38:30.587679,pi-test-01,img_7391,JPEG2000-ROI,-,27.114,0.8061,0.4706,0.64,sam_uploaded,1241.664,8924.0,160623.0,5.74
2026-09-04T02:38:34.068020,pi-test-01,img_7392,JPEG,-,31.832,0.9285,,,n/a,151.27,512.0,69332.0,13.29
2026-09-04T02:38:34.068020,pi-test-01,img_7392,JPEG2000-ROI,-,27.187,0.8041,0.4682,0.6378,sam_uploaded,1240.212,9012.0,160571.0,5.74
2026-09-04T02:38:37.507034,pi-test-01,img_7393,JPEG,-,36.315,0.9504,,,n/a,146.729,512.0,51730.0,17.82
2026-09-04T02:38:37.507034,pi-test-01,img_7393,JPEG2000-ROI,-,30.705,0.8664,0.3898,0.5609,sam_uploaded,1172.897,9024.0,160463.0,5.74
2026-09-04T02:38:40.822754,pi-test-01,img_7394,JPEG,-,36.319,0.9502,,,n/a,146.176,512.0,51715.0,17.82
2026-09-04T02:38:40.822754,pi-test-01,img_7394,JPEG2000-ROI,-,30.691,0.8683,0.3986,0.57,sam_uploaded,1159.138,9016.0,160484.0,5.74
2026-09-04T02:38:44.093630,pi-test-01,img_7395,JPEG,-,36.319,0.9502,,,n/a,147.806,512.0,51744.0,17.81
2026-09-04T02:38:44.093630,pi-test-01,img_7395,JPEG2000-ROI,-,30.713,0.8667,0.3785,0.5492,sam_uploaded,1154.146,8944.0,160589.0,5.74
2026-09-04T02:38:47.455044,pi-test-01,img_7396,JPEG,-,36.315,0.9504,,,n/a,146.631,512.0,51733.0,17.81
2026-09-04T02:38:47.455044,pi-test-01,img_7396,JPEG2000-ROI,-,30.699,0.865,0.3904,0.5616,sam_uploaded,1163.014,9020.0,160459.0,5.74
2026-09-04T02:38:50.830273,pi-test-01,img_7397,JPEG,-,35.332,0.9109,,,n/a,147.277,512.0,52625.0,17.51
2026-09-04T02:38:50.830273,pi-test-01,img_7397,JPEG2000-ROI,-,28.275,0.7558,0.3878,0.5588,sam_uploaded,1111.03,9024.0,160378.0,5.75
2026-09-04T02:38:54.101367,pi-test-01,img_7398,JPEG,-,35.329,0.9112,,,n/a,147.445,512.0,52613.0,17.52
2026-09-04T02:38:54.101367,pi-test-01,img_7398,JPEG2000-ROI,-,28.355,0.7576,0.4477,0.6185,sam_uploaded,1121.701,9024.0,160355.0,5.75
2026-09-04T02:38:57.384895,pi-test-01,img_7399,JPEG,-,35.329,0.9112,,,n/a,147.337,512.0,52694.0,17.49
2026-09-04T02:38:57.384895,pi-test-01,img_7399,JPEG2000-ROI,-,28.246,0.7544,0.4134,0.585,sam_uploaded,1116.65,8928.0,160501.0,5.74
2026-09-04T02:39:00.650340,pi-test-01,img_7400,JPEG,-,35.332,0.9109,,,n/a,146.615,512.0,52711.0,17.48
2026-09-04T02:39:00.650340,pi-test-01,img_7400,JPEG2000-ROI,-,28.316,0.7544,0.4163,0.5879,sam_uploaded,1124.712,9036.0,160522.0,5.74
2026-09-04T02:39:03.885018,pi-test-01,img_7401,JPEG,-,36.528,0.8966,,,n/a,144.374,512.0,46587.0,19.78
2026-09-04T02:39:03.885018,pi-test-01,img_7401,JPEG2000-ROI,-,31.755,0.8219,0.3637,0.5334,sam_uploaded,1149.481,9036.0,160540.0,5.74
2026-09-04T02:39:07.091139,pi-test-01,img_7402,JPEG,-,36.527,0.8965,,,n/a,145.521,512.0,46582.0,19.78
2026-09-04T02:39:07.091139,pi-test-01,img_7402,JPEG2000-ROI,-,31.797,0.8226,0.3729,0.5433,sam_uploaded,1137.738,8916.0,160593.0,5.74
2026-09-04T02:39:10.371741,pi-test-01,img_7403,JPEG,-,36.527,0.8965,,,n/a,144.227,512.0,46619.0,19.77
2026-09-04T02:39:10.371741,pi-test-01,img_7403,JPEG2000-ROI,-,31.809,0.8234,0.3749,0.5454,sam_uploaded,1134.586,9020.0,160532.0,5.74
2026-09-04T02:39:13.641972,pi-test-01,img_7404,JPEG,-,36.528,0.8966,,,n/a,145.939,512.0,46608.0,19.77
2026-09-04T02:39:13.641972,pi-test-01,img_7404,JPEG2000-ROI,-,31.784,0.8272,0.3511,0.5197,sam_uploaded,1157.666,9036.0,160517.0,5.74
2026-09-04T02:39:16.846244,pi-test-01,img_7405,JPEG,-,36.607,0.9545,,,n/a,145.88,512.0,46498.0,19.82
2026-09-04T02:39:16.846244,pi-test-01,img_7405,JPEG2000-ROI,-,33.319,0.901,0.5272,0.6904,sam_uploaded,1126.898,9036.0,160330.0,5.75
2026-09-04T02:39:20.125113,pi-test-01,img_7406,JPEG,-,36.594,0.9544,,,n/a,146.672,512.0,46481.0,19.83
2026-09-04T02:39:20.125113,pi-test-01,img_7406,JPEG2000-ROI,-,33.164,0.9005,0.4132,0.5847,sam_uploaded,1138.998,9116.0,160358.0,5.75
2026-09-04T02:39:23.374326,pi-test-01,img_7407,JPEG,-,36.594,0.9544,,,n/a,143.605,512.0,46583.0,19.78
2026-09-04T02:39:23.374326,pi-test-01,img_7407,JPEG2000-ROI,-,33.299,0.9,0.5247,0.6883,sam_uploaded,1127.453,9032.0,160542.0,5.74
2026-09-04T02:39:26.656920,pi-test-01,img_7408,JPEG,-,36.607,0.9545,,,n/a,145.867,512.0,46589.0,19.78
2026-09-04T02:39:26.656920,pi-test-01,img_7408,JPEG2000-ROI,-,33.198,0.902,0.5204,0.6845,sam_uploaded,1135.234,9028.0,160318.0,5.75
2026-09-04T02:39:29.971020,pi-test-01,img_7409,JPEG,-,35.414,0.9456,,,n/a,146.809,512.0,51252.0,17.98
2026-09-04T02:39:29.971020,pi-test-01,img_7409,JPEG2000-ROI,-,31.356,0.876,0.4764,0.6454,sam_uploaded,1170.551,8900.0,160504.0,5.74
2026-09-04T02:39:33.241000,pi-test-01,img_7410,JPEG,-,35.406,0.9453,,,n/a,147.708,512.0,51226.0,17.99
2026-09-04T02:39:33.241000,pi-test-01,img_7410,JPEG2000-ROI,-,31.328,0.8764,0.5396,0.701,sam_uploaded,1150.973,9024.0,160449.0,5.74
2026-09-04T02:39:36.605368,pi-test-01,img_7411,JPEG,-,35.406,0.9453,,,n/a,165.363,512.0,51302.0,17.96
2026-09-04T02:39:36.605368,pi-test-01,img_7411,JPEG2000-ROI,-,31.417,0.8775,0.4645,0.6343,sam_uploaded,1159.017,9032.0,160374.0,5.75
2026-09-04T02:39:39.883757,pi-test-01,img_7412,JPEG,-,35.414,0.9456,,,n/a,147.245,512.0,51329.0,17.95
2026-09-04T02:39:39.883757,pi-test-01,img_7412,JPEG2000-ROI,-,31.381,0.8762,0.5227,0.6866,sam_uploaded,1168.053,9036.0,160529.0,5.74
2026-09-04T02:39:43.164273,pi-test-01,img_7413,JPEG,-,35.729,0.942,,,n/a,146.255,512.0,48469.0,19.01
2026-09-04T02:39:43.164273,pi-test-01,img_7413,JPEG2000-ROI,-,30.86,0.8589,0.3807,0.5515,sam_uploaded,1130.312,9028.0,160553.0,5.74
2026-09-04T02:39:46.419817,pi-test-01,img_7414,JPEG,-,35.743,0.9424,,,n/a,147.462,512.0,48508.0,19.0
2026-09-04T02:39:46.419817,pi-test-01,img_7414,JPEG2000-ROI,-,30.684,0.8571,0.3862,0.5572,sam_uploaded,1128.33,9032.0,160532.0,5.74
2026-09-04T02:39:49.820118,pi-test-01,img_7415,JPEG,-,35.743,0.9424,,,n/a,146.691,512.0,48436.0,19.03
2026-09-04T02:39:49.820118,pi-test-01,img_7415,JPEG2000-ROI,-,30.716,0.8583,0.3842,0.5551,sam_uploaded,1126.575,9028.0,160491.0,5.74
2026-09-04T02:39:53.120776,pi-test-01,img_7416,JPEG,-,35.729,0.942,,,n/a,147.839,512.0,48428.0,19.03
2026-09-04T02:39:53.120776,pi-test-01,img_7416,JPEG2000-ROI,-,30.938,0.8596,0.3796,0.5503,sam_uploaded,1140.102,8976.0,160524.0,5.74
2026-09-04T02:39:56.512252,pi-test-01,img_7417,JPEG,-,31.367,0.894,,,n/a,152.302,512.0,74402.0,12.39
2026-09-04T02:39:56.512252,pi-test-01,img_7417,JPEG2000-ROI,-,26.075,0.7428,0.3594,0.5288,sam_uploaded,1210.415,9036.0,160523.0,5.74
2026-09-04T02:39:59.889204,pi-test-01,img_7418,JPEG,-,31.369,0.894,,,n/a,152.992,512.0,74390.0,12.39
2026-09-04T02:39:59.889204,pi-test-01,img_7418,JPEG2000-ROI,-,25.953,0.7381,0.3786,0.5492,sam_uploaded,1219.921,9028.0,160323.0,5.75
2026-09-04T02:40:03.378335,pi-test-01,img_7419,JPEG,-,31.369,0.894,,,n/a,152.185,512.0,74452.0,12.38
2026-09-04T02:40:03.378335,pi-test-01,img_7419,JPEG2000-ROI,-,25.964,0.738,0.3209,0.4859,sam_uploaded,1219.698,9036.0,160500.0,5.74
2026-09-04T02:40:06.852758,pi-test-01,img_7420,JPEG,-,31.367,0.894,,,n/a,151.966,512.0,74475.0,12.37
2026-09-04T02:40:06.852758,pi-test-01,img_7420,JPEG2000-ROI,-,25.986,0.7382,0.4041,0.5756,sam_uploaded,1219.217,9032.0,160546.0,5.74
2026-09-04T02:40:10.270277,pi-test-01,img_7421,JPEG,-,35.934,0.9514,,,n/a,153.336,512.0,51643.0,17.85
2026-09-04T02:40:10.270277,pi-test-01,img_7421,JPEG2000-ROI,-,31.072,0.8865,0.6075,0.7558,sam_uploaded,1183.692,9016.0,160347.0,5.75
2026-09-04T02:40:13.626048,pi-test-01,img_7422,JPEG,-,35.93,0.9514,,,n/a,148.951,512.0,51665.0,17.84
2026-09-04T02:40:13.626048,pi-test-01,img_7422,JPEG2000-ROI,-,31.134,0.8885,0.6101,0.7578,sam_uploaded,1175.114,9040.0,160421.0,5.74
2026-09-04T02:40:17.038699,pi-test-01,img_7423,JPEG,-,35.93,0.9514,,,n/a,151.15,512.0,51634.0,17.85
2026-09-04T02:40:17.038699,pi-test-01,img_7423,JPEG2000-ROI,-,30.968,0.8868,0.6034,0.7526,sam_uploaded,1165.521,9040.0,160523.0,5.74
2026-09-04T02:40:20.572450,pi-test-01,img_7424,JPEG,-,35.934,0.9514,,,n/a,148.839,512.0,51658.0,17.84
2026-09-04T02:40:20.572450,pi-test-01,img_7424,JPEG2000-ROI,-,31.136,0.8867,0.6083,0.7565,sam_uploaded,1196.526,9008.0,160455.0,5.74
2026-09-04T02:40:23.773713,pi-test-01,img_7425,JPEG,-,39.485,0.9466,,,n/a,142.496,512.0,32094.0,28.72
2026-09-04T02:40:23.773713,pi-test-01,img_7425,JPEG2000-ROI,-,38.833,0.9683,0.6699,0.8023,sam_uploaded,1128.538,8984.0,160345.0,5.75
2026-09-04T02:40:27.063694,pi-test-01,img_7426,JPEG,-,39.463,0.9459,,,n/a,143.108,512.0,32095.0,28.71
2026-09-04T02:40:27.063694,pi-test-01,img_7426,JPEG2000-ROI,-,39.049,0.9682,0.6524,0.7897,sam_uploaded,1117.581,9036.0,160543.0,5.74
2026-09-04T02:40:30.258454,pi-test-01,img_7427,JPEG,-,39.463,0.9459,,,n/a,148.031,512.0,32123.0,28.69
2026-09-04T02:40:30.258454,pi-test-01,img_7427,JPEG2000-ROI,-,38.849,0.9673,0.6793,0.8091,sam_uploaded,1118.987,9036.0,160351.0,5.75
2026-09-04T02:40:33.511482,pi-test-01,img_7428,JPEG,-,39.485,0.9466,,,n/a,143.37,512.0,32113.0,28.7
2026-09-04T02:40:33.511482,pi-test-01,img_7428,JPEG2000-ROI,-,38.898,0.9661,0.667,0.8003,sam_uploaded,1128.388,9040.0,160337.0,5.75
2026-09-04T02:40:36.767929,pi-test-01,img_7429,JPEG,-,37.001,0.9564,,,n/a,147.952,512.0,49805.0,18.5
2026-09-04T02:40:36.767929,pi-test-01,img_7429,JPEG2000-ROI,-,31.44,0.8833,0.4347,0.606,sam_uploaded,1138.668,9040.0,160592.0,5.74
2026-09-04T02:40:40.096377,pi-test-01,img_7430,JPEG,-,37.011,0.9564,,,n/a,147.592,512.0,49801.0,18.51
2026-09-04T02:40:40.096377,pi-test-01,img_7430,JPEG2000-ROI,-,31.369,0.8783,0.429,0.6004,sam_uploaded,1138.376,9036.0,160329.0,5.75
2026-09-04T02:40:43.471587,pi-test-01,img_7431,JPEG,-,37.011,0.9564,,,n/a,149.901,512.0,49803.0,18.5
2026-09-04T02:40:43.471587,pi-test-01,img_7431,JPEG2000-ROI,-,31.285,0.8773,0.4326,0.6039,sam_uploaded,1141.512,9036.0,160533.0,5.74
