timestamp,node_id,image_id,algorithm,profile,psnr_db,ssim,mask_iou,mask_dice,mask_ref_source,cpu_time_ms,memory_kb,compressed_bytes,compression_ratio
2026-09-02T21:49:42.570,pi-test-01,img_6000,ADRES,Q,20.984,0.5384,0.295,0.4556,sam_uploaded,5028.649,29940,111443,8.27
2026-09-02T21:49:42.570,pi-test-01,img_6000,ADRES,E,18.177,0.3617,0.295,0.4556,sam_uploaded,4487.662,29940,66327,13.89
2026-09-02T21:49:51.314,pi-test-01,img_6001,ADRES,Q,20.487,0.4177,0.4311,0.6025,sam_uploaded,4287.363,31388,93369,9.87
2026-09-02T21:49:51.314,pi-test-01,img_6001,ADRES,E,18.895,0.3011,0.4311,0.6025,sam_uploaded,3917.53,31388,56875,16.2
2026-09-02T21:50:00.031,pi-test-01,img_6002,ADRES,Q,20.432,0.4164,0.4063,0.5778,sam_uploaded,4292.88,31388,93892,9.82
2026-09-02T21:50:00.031,pi-test-01,img_6002,ADRES,E,18.898,0.301,0.4063,0.5778,sam_uploaded,3928.8,31388,56889,16.2
2026-09-02T21:50:08.849,pi-test-01,img_6003,ADRES,Q,20.538,0.4207,0.4809,0.6495,sam_uploaded,4275.12,31388,94890,9.71
2026-09-02T21:50:08.849,pi-test-01,img_6003,ADRES,E,18.913,0.3016,0.4809,0.6495,sam_uploaded,3900.371,31388,57897,15.92
2026-09-02T21:50:17.759,pi-test-01,img_6004,ADRES,Q,20.475,0.4186,0.4245,0.596,sam_uploaded,4251.381,31392,94535,9.75
2026-09-02T21:50:17.759,pi-test-01,img_6004,ADRES,E,18.903,0.3014,0.4245,0.596,sam_uploaded,3923.297,31392,57040,16.16
2026-09-02T21:50:25.607,pi-test-01,img_6005,ADRES,Q,21.244,0.5482,0.3001,0.4617,sam_uploaded,4013.74,31392,82799,11.13
2026-09-02T21:50:25.607,pi-test-01,img_6005,ADRES,E,18.581,0.4045,0.3001,0.4617,sam_uploaded,3259.161,31392,44129,20.88
2026-09-02T21:50:33.522,pi-test-01,img_6006,ADRES,Q,21.178,0.5466,0.3056,0.4682,sam_uploaded,3973.087,31392,82493,11.17
2026-09-02T21:50:33.522,pi-test-01,img_6006,ADRES,E,18.545,0.4025,0.3056,0.4682,sam_uploaded,3297.388,31392,43849,21.02
2026-09-02T21:50:41.469,pi-test-01,img_6007,ADRES,Q,21.294,0.5503,0.3077,0.4706,sam_uploaded,4080.541,31392,81179,11.35
2026-09-02T21:50:41.469,pi-test-01,img_6007,ADRES,E,18.587,0.4043,0.3077,0.4706,sam_uploaded,3344.975,31392,43427,21.22
2026-09-02T21:50:49.254,pi-test-01,img_6008,ADRES,Q,21.206,0.5479,0.3006,0.4622,sam_uploaded,4022.998,31392,81053,11.37
2026-09-02T21:50:49.254,pi-test-01,img_6008,ADRES,E,18.555,0.4027,0.3006,0.4622,sam_uploaded,3279.381,31392,43938,20.98
2026-09-02T21:51:00.382,pi-test-01,img_6009,ADRES,Q,21.097,0.5617,0.4021,0.5736,sam_uploaded,5463.235,31392,125891,7.32
2026-09-02T21:51:00.382,pi-test-01,img_6009,ADRES,E,18.308,0.3898,0.4021,0.5736,sam_uploaded,4970.086,31392,78234,11.78
2026-09-02T21:51:11.331,pi-test-01,img_6010,ADRES,Q,21.106,0.5635,0.4106,0.5822,sam_uploaded,5401.125,32044,130334,7.07
2026-09-02T21:51:11.331,pi-test-01,img_6010,ADRES,E,18.274,0.3883,0.4106,0.5822,sam_uploaded,5037.674,32044,78920,11.68
2026-09-02T21:51:22.113,pi-test-01,img_6011,ADRES,Q,21.188,0.5675,0.4078,0.5793,sam_uploaded,5276.497,32044,134995,6.83
2026-09-02T21:51:22.113,pi-test-01,img_6011,ADRES,E,18.375,0.3942,0.4078,0.5793,sam_uploaded,4966.723,32044,82258,11.2
2026-09-02T21:51:32.973,pi-test-01,img_6012,ADRES,Q,21.2,0.567,0.4045,0.576,sam_uploaded,5265.463,32044,134712,6.84
2026-09-02T21:51:32.973,pi-test-01,img_6012,ADRES,E,18.316,0.3917,0.4045,0.576,sam_uploaded,4946.776,32044,80957,11.38
2026-09-02T21:51:45.354,pi-test-01,img_6013,ADRES,Q,21.753,0.6894,0.4697,0.6392,sam_uploaded,6074.514,32044,153558,6
2026-09-02T21:51:45.354,pi-test-01,img_6013,ADRES,E,18.275,0.5115,0.4697,0.6392,sam_uploaded,5703.145,32044,98537,9.35
2026-09-02T21:51:57.591,pi-test-01,img_6014,ADRES,Q,21.735,0.6919,0.4838,0.6521,sam_uploaded,5934.399,32560,158677,5.81
2026-09-02T21:51:57.591,pi-test-01,img_6014,ADRES,E,18.242,0.5094,0.4838,0.6521,sam_uploaded,5673.186,32560,99321,9.28
2026-09-02T21:52:09.496,pi-test-01,img_6015,ADRES,Q,21.911,0.6989,0.4842,0.6524,sam_uploaded,5357.436,32560,174749,5.27
2026-09-02T21:52:09.496,pi-test-01,img_6015,ADRES,E,18.38,0.5216,0.4842,0.6524,sam_uploaded,5506.612,32560,106575,8.65
2026-09-02T21:52:22.466,pi-test-01,img_6016,ADRES,Q,21.91,0.6971,0.5069,0.6728,sam_uploaded,5466.761,32560,173471,5.31
2026-09-02T21:52:22.466,pi-test-01,img_6016,ADRES,E,18.411,0.5221,0.5069,0.6728,sam_uploaded,5573.201,32560,105344,8.75
2026-09-02T21:52:33.424,pi-test-01,img_6017,ADRES,Q,21.132,0.5872,0.3262,0.4919,sam_uploaded,5210.121,32560,139113,6.62
2026-09-02T21:52:33.424,pi-test-01,img_6017,ADRES,E,18.164,0.4064,0.3262,0.4919,sam_uploaded,4966.448,32560,83473,11.04
2026-09-02T21:52:44.353,pi-test-01,img_6018,ADRES,Q,21.131,0.5876,0.3375,0.5047,sam_uploaded,5252.54,32560,137828,6.69
2026-09-02T21:52:44.353,pi-test-01,img_6018,ADRES,E,18.131,0.4051,0.3375,0.5047,sam_uploaded,5026.487,32560,84541,10.9
2026-09-02T21:52:54.815,pi-test-01,img_6019,ADRES,Q,21.126,0.5873,0.3257,0.4914,sam_uploaded,4781.956,32560,153088,6.02
2026-09-02T21:52:54.815,pi-test-01,img_6019,ADRES,E,18.165,0.407,0.3257,0.4914,sam_uploaded,4859.86,32560,91392,10.08
2026-09-02T21:53:05.209,pi-test-01,img_6020,ADRES,Q,21.138,0.5883,0.3395,0.5069,sam_uploaded,4876.61,32560,153150,6.02
2026-09-02T21:53:05.209,pi-test-01,img_6020,ADRES,E,18.158,0.4076,0.3395,0.5069,sam_uploaded,4822.318,32560,90313,10.2
2026-09-02T21:53:18.064,pi-test-01,img_6021,ADRES,Q,24.412,0.8247,0.2898,0.4494,sam_uploaded,6576.497,32560,140335,6.57
2026-09-02T21:53:18.064,pi-test-01,img_6021,ADRES,E,20.305,0.7026,0.2898,0.4494,sam_uploaded,5542.132,32560,87453,10.54
2026-09-02T21:53:30.966,pi-test-01,img_6022,ADRES,Q,24.385,0.8253,0.2915,0.4514,sam_uploaded,6618.413,32560,142764,6.46
2026-09-02T21:53:30.966,pi-test-01,img_6022,ADRES,E,20.275,0.6998,0.2915,0.4514,sam_uploaded,5536.263,32560,87717,10.51
2026-09-02T21:53:44.125,pi-test-01,img_6023,ADRES,Q,24.497,0.8265,0.2829,0.441,sam_uploaded,6580.241,32560,146340,6.3
2026-09-02T21:53:44.125,pi-test-01,img_6023,ADRES,E,20.364,0.7071,0.2829,0.441,sam_uploaded,5546.839,32560,89070,10.35
2026-09-02T21:53:56.940,pi-test-01,img_6024,ADRES,Q,24.445,0.8267,0.2863,0.4451,sam_uploaded,6630.569,32560,145385,6.34
2026-09-02T21:53:56.940,pi-test-01,img_6024,ADRES,E,20.388,0.7076,0.2863,0.4451,sam_uploaded,5573.985,32560,89605,10.29
2026-09-02T21:54:09.892,pi-test-01,img_6025,ADRES,Q,23.551,0.8131,0.5043,0.6705,sam_uploaded,6624.712,32560,143167,6.44
2026-09-02T21:54:09.892,pi-test-01,img_6025,ADRES,E,19.747,0.6841,0.5043,0.6705,sam_uploaded,5707.04,32560,90379,10.2
2026-09-02T21:54:23.044,pi-test-01,img_6026,ADRES,Q,23.511,0.8143,0.4935,0.6609,sam_uploaded,6651.012,32560,147165,6.26
2026-09-02T21:54:23.044,pi-test-01,img_6026,ADRES,E,19.727,0.6805,0.4935,0.6609,sam_uploaded,5695.969,32560,90973,10.13
2026-09-02T21:54:35.890,pi-test-01,img_6027,ADRES,Q,23.626,0.8148,0.5194,0.6837,sam_uploaded,6541.943,32560,147819,6.23
2026-09-02T21:54:35.890,pi-test-01,img_6027,ADRES,E,19.834,0.6865,0.5194,0.6837,sam_uploaded,5704.116,32560,91918,10.03
2026-09-02T21:54:48.995,pi-test-01,img_6028,ADRES,Q,23.587,0.814,0.4892,0.657,sam_uploaded,6616.457,32560,146619,6.29
2026-09-02T21:54:48.995,pi-test-01,img_6028,ADRES,E,19.787,0.6849,0.4892,0.657,sam_uploaded,5732.621,32560,91818,10.04
2026-09-02T21:55:01.050,pi-test-01,img_6029,ADRES,Q,22.421,0.7877,0.477,0.6459,sam_uploaded,6005.933,32560,137241,6.72
2026-09-02T21:55:01.050,pi-test-01,img_6029,ADRES,E,19.277,0.6538,0.477,0.6459,sam_uploaded,5328.335,32560,85485,10.78
2026-09-02T21:55:12.835,pi-test-01,img_6030,ADRES,Q,22.401,0.7885,0.3816,0.5524,sam_uploaded,5951.795,32560,141522,6.51
2026-09-02T21:55:12.835,pi-test-01,img_6030,ADRES,E,19.235,0.6517,0.3816,0.5524,sam_uploaded,5269.999,32560,86315,10.68
2026-09-02T21:55:24.668,pi-test-01,img_6031,ADRES,Q,22.453,0.7865,0.402,0.5735,sam_uploaded,6032.382,32560,139353,6.61
2026-09-02T21:55:24.668,pi-test-01,img_6031,ADRES,E,19.239,0.6484,0.402,0.5735,sam_uploaded,5250.539,32560,86438,10.66
2026-09-02T21:55:41.431,pi-test-01,img_6032,ADRES,Q,22.458,0.7861,0.4857,0.6539,sam_uploaded,5998.962,32560,138934,6.63
2026-09-02T21:55:41.431,pi-test-01,img_6032,ADRES,E,19.254,0.6464,0.4857,0.6539,sam_uploaded,5260.109,32560,85815,10.74
2026-09-02T21:55:48.516,pi-test-01,img_6033,ADRES,Q,22.512,0.7971,0.4456,0.6165,sam_uploaded,3398.239,32560,67890,13.57
2026-09-02T21:55:48.516,pi-test-01,img_6033,ADRES,E,18.879,0.7206,0.4456,0.6165,sam_uploaded,2927.803,32560,39512,23.32
2026-09-02T21:55:55.800,pi-test-01,img_6034,ADRES,Q,22.505,0.7963,0.3925,0.5637,sam_uploaded,3435.613,32560,68965,13.36
2026-09-02T21:55:55.800,pi-test-01,img_6034,ADRES,E,18.888,0.7203,0.3925,0.5637,sam_uploaded,2935.244,32560,39343,23.42
2026-09-02T21:56:02.658,pi-test-01,img_6035,ADRES,Q,22.551,0.798,0.4477,0.6185,sam_uploaded,3387.199,32560,68740,13.41
2026-09-02T21:56:02.658,pi-test-01,img_6035,ADRES,E,18.916,0.7218,0.4477,0.6185,sam_uploaded,2945.405,32560,39536,23.31
2026-09-02T21:56:09.447,pi-test-01,img_6036,ADRES,Q,22.549,0.7976,0.4493,0.62,sam_uploaded,3384.122,32560,68139,13.53
2026-09-02T21:56:09.447,pi-test-01,img_6036,ADRES,E,18.907,0.7211,0.4493,0.62,sam_uploaded,2934.232,32560,39447,23.36
2026-09-02T21:56:22.236,pi-test-01,img_6037,ADRES,Q,23.348,0.8225,0.5341,0.6963,sam_uploaded,6420.607,32560,153623,6
2026-09-02T21:56:22.236,pi-test-01,img_6037,ADRES,E,19.755,0.7176,0.5341,0.6963,sam_uploaded,5712.685,32560,97725,9.43
2026-09-02T21:56:35.156,pi-test-01,img_6038,ADRES,Q,23.277,0.8244,0.5298,0.6927,sam_uploaded,6381.122,32560,161179,5.72
2026-09-02T21:56:35.156,pi-test-01,img_6038,ADRES,E,19.634,0.7125,0.5298,0.6927,sam_uploaded,5723.928,32560,98459,9.36
2026-09-02T21:56:48.419,pi-test-01,img_6039,ADRES,Q,23.42,0.8243,0.5366,0.6984,sam_uploaded,6400.07,32560,160314,5.75
2026-09-02T21:56:48.419,pi-test-01,img_6039,ADRES,E,19.752,0.7178,0.5366,0.6984,sam_uploaded,5717.668,32560,99134,9.3
2026-09-02T21:57:01.141,pi-test-01,img_6040,ADRES,Q,23.406,0.8228,0.5367,0.6985,sam_uploaded,6358.606,32560,159248,5.79
2026-09-02T21:57:01.141,pi-test-01,img_6040,ADRES,E,19.763,0.7141,0.5367,0.6985,sam_uploaded,5740.237,32560,99393,9.27
2026-09-02T21:57:16.349,pi-test-01,img_6041,ADRES,Q,23.318,0.8443,0.5952,0.7462,sam_uploaded,7384.781,32560,183424,5.02
2026-09-02T21:57:16.349,pi-test-01,img_6041,ADRES,E,19.718,0.7162,0.5952,0.7462,sam_uploaded,7037.838,32560,119694,7.7
2026-09-02T21:57:31.151,pi-test-01,img_6042,ADRES,Q,23.288,0.8483,0.6174,0.7634,sam_uploaded,7164.203,32560,192272,4.79
2026-09-02T21:57:31.151,pi-test-01,img_6042,ADRES,E,19.602,0.712,0.6174,0.7634,sam_uploaded,6979.596,32560,121530,7.58
2026-09-02T21:57:46.370,pi-test-01,img_6043,ADRES,Q,23.428,0.8497,0.6008,0.7506,sam_uploaded,6925.067,32560,197457,4.67
2026-09-02T21:57:46.370,pi-test-01,img_6043,ADRES,E,19.834,0.7242,0.6008,0.7506,sam_uploaded,7040.374,32560,123739,7.45
2026-09-02T21:58:01.033,pi-test-01,img_6044,ADRES,Q,23.413,0.8478,0.6215,0.7666,sam_uploaded,6989.154,32560,196811,4.68
2026-09-02T21:58:01.033,pi-test-01,img_6044,ADRES,E,19.795,0.721,0.6215,0.7666,sam_uploaded,7063.025,32560,123644,7.45
2026-09-02T21:58:15.197,pi-test-01,img_6045,ADRES,Q,23.884,0.8451,0.5144,0.6794,sam_uploaded,6852.543,32560,187053,4.93
2026-09-02T21:58:15.197,pi-test-01,img_6045,ADRES,E,20.05,0.7132,0.5144,0.6794,sam_uploaded,6505.73,32560,116045,7.94
2026-09-02T21:58:29.290,pi-test-01,img_6046,ADRES,Q,23.862,0.845,0.4928,0.6603,sam_uploaded,6930.327,32560,185945,4.96
2026-09-02T21:58:29.290,pi-test-01,img_6046,ADRES,E,19.987,0.7134,0.4928,0.6603,sam_uploaded,6561.449,32560,114952,8.02
2026-09-02T21:58:42.990,pi-test-01,img_6047,ADRES,Q,23.891,0.8456,0.5137,0.6787,sam_uploaded,6619.302,32560,197761,4.66
2026-09-02T21:58:42.990,pi-test-01,img_6047,ADRES,E,20.038,0.7131,0.5137,0.6787,sam_uploaded,6456.107,32560,121298,7.6
2026-09-02T21:58:57.749,pi-test-01,img_6048,ADRES,Q,23.88,0.8445,0.5032,0.6695,sam_uploaded,6550.647,32560,198293,4.65
2026-09-02T21:58:57.749,pi-test-01,img_6048,ADRES,E,20.038,0.7136,0.5032,0.6695,sam_uploaded,6517.557,32560,121244,7.6
2026-09-02T21:59:09.608,pi-test-01,img_6049,ADRES,Q,24.307,0.8188,0.2868,0.4457,sam_uploaded,6216.968,32560,128070,7.2
2026-09-02T21:59:09.608,pi-test-01,img_6049,ADRES,E,20.311,0.6994,0.2868,0.4457,sam_uploaded,5113.409,32560,79246,11.63
2026-09-02T21:59:21.599,pi-test-01,img_6050,ADRES,Q,24.253,0.819,0.2949,0.4555,sam_uploaded,6305.665,32560,129949,7.09
2026-09-02T21:59:21.599,pi-test-01,img_6050,ADRES,E,20.254,0.6956,0.2949,0.4555,sam_uploaded,5173.676,32560,79589,11.58
2026-09-02T21:59:33.573,pi-test-01,img_6051,ADRES,Q,24.366,0.8206,0.2952,0.4559,sam_uploaded,6254.683,32560,132725,6.94
2026-09-02T21:59:33.573,pi-test-01,img_6051,ADRES,E,20.362,0.7028,0.2952,0.4559,sam_uploaded,5179.89,32560,81247,11.34
2026-09-02T21:59:45.517,pi-test-01,img_6052,ADRES,Q,24.335,0.8206,0.2867,0.4457,sam_uploaded,6295.587,32560,132010,6.98
2026-09-02T21:59:45.517,pi-test-01,img_6052,ADRES,E,20.342,0.7044,0.2867,0.4457,sam_uploaded,5145.128,32560,81439,11.32
2026-09-02T21:59:57.502,pi-test-01,img_6053,ADRES,Q,23.011,0.7949,0.5157,0.6805,sam_uploaded,6145.448,32560,133170,6.92
2026-09-02T21:59:57.502,pi-test-01,img_6053,ADRES,E,19.444,0.6603,0.5157,0.6805,sam_uploaded,5304.513,32560,83821,10.99
2026-09-02T22:00:09.493,pi-test-01,img_6054,ADRES,Q,22.971,0.7971,0.5377,0.6994,sam_uploaded,6113.983,32560,137209,6.72
2026-09-02T22:00:09.493,pi-test-01,img_6054,ADRES,E,19.361,0.6572,0.5377,0.6994,sam_uploaded,5358.657,32560,84405,10.92
2026-09-02T22:00:21.600,pi-test-01,img_6055,ADRES,Q,23.072,0.7961,0.5342,0.6964,sam_uploaded,6114.674,32560,134826,6.84
2026-09-02T22:00:21.600,pi-test-01,img_6055,ADRES,E,19.482,0.6609,0.5342,0.6964,sam_uploaded,5311.505,32560,84895,10.86
2026-09-02T22:00:33.548,pi-test-01,img_6056,ADRES,Q,23.044,0.7958,0.5172,0.6818,sam_uploaded,6080.369,32560,134731,6.84
2026-09-02T22:00:33.548,pi-test-01,img_6056,ADRES,E,19.463,0.661,0.5172,0.6818,sam_uploaded,5352.381,32560,84365,10.92
2026-09-02T22:00:45.700,pi-test-01,img_6057,ADRES,Q,22.514,0.7884,0.326,0.4917,sam_uploaded,6196.069,32560,136001,6.78
2026-09-02T22:00:45.700,pi-test-01,img_6057,ADRES,E,19.457,0.6626,0.326,0.4917,sam_uploaded,5416.141,32560,84863,10.86
2026-09-02T22:00:57.834,pi-test-01,img_6058,ADRES,Q,22.459,0.7886,0.3158,0.4801,sam_uploaded,6176.183,32560,139781,6.59
2026-09-02T22:00:57.834,pi-test-01,img_6058,ADRES,E,19.399,0.6579,0.3158,0.4801,sam_uploaded,5430.039,32560,85842,10.74
2026-09-02T22:01:11.045,pi-test-01,img_6059,ADRES,Q,22.537,0.7871,0.338,0.5052,sam_uploaded,6216.741,32560,136312,6.76
2026-09-02T22:01:11.045,pi-test-01,img_6059,ADRES,E,19.428,0.6569,0.338,0.5052,sam_uploaded,5409.104,32560,85243,10.81
2026-09-02T22:01:23.272,pi-test-01,img_6060,ADRES,Q,22.524,0.7867,0.3143,0.4782,sam_uploaded,6186.797,32560,136731,6.74
2026-09-02T22:01:23.272,pi-test-01,img_6060,ADRES,E,19.416,0.6562,0.3143,0.4782,sam_uploaded,5325.102,32560,85568,10.77
2026-09-02T22:01:29.955,pi-test-01,img_6061,ADRES,Q,22.803,0.8126,0.5799,0.7341,sam_uploaded,3332.334,32560,66397,13.88
2026-09-02T22:01:29.955,pi-test-01,img_6061,ADRES,E,19.066,0.7329,0.5799,0.7341,sam_uploaded,2939.132,32560,39600,23.27
2026-09-02T22:01:37.115,pi-test-01,img_6062,ADRES,Q,22.801,0.8118,0.5987,0.749,sam_uploaded,3469.371,32560,67992,13.55
2026-09-02T22:01:37.115,pi-test-01,img_6062,ADRES,E,19.049,0.7319,0.5987,0.749,sam_uploaded,3020.875,32560,39781,23.17
2026-09-02T22:01:43.908,pi-test-01,img_6063,ADRES,Q,22.831,0.8126,0.5823,0.736,sam_uploaded,3373.89,32560,67610,13.63
2026-09-02T22:01:43.908,pi-test-01,img_6063,ADRES,E,19.106,0.7352,0.5823,0.736,sam_uploaded,2987.485,32560,39965,23.06
2026-09-02T22:01:50.743,pi-test-01,img_6064,ADRES,Q,22.835,0.8129,0.4847,0.6529,sam_uploaded,3407.253,32560,67271,13.7
2026-09-02T22:01:50.743,pi-test-01,img_6064,ADRES,E,19.085,0.7337,0.4847,0.6529,sam_uploaded,2986.92,32560,39850,23.13
2026-09-02T22:02:00.667,pi-test-01,img_6065,ADRES,Q,22.737,0.8079,0.5025,0.6689,sam_uploaded,4976.947,32560,118485,7.78
2026-09-02T22:02:00.667,pi-test-01,img_6065,ADRES,E,19.21,0.7197,0.5025,0.6689,sam_uploaded,4430.192,32560,72057,12.79
2026-09-02T22:02:10.566,pi-test-01,img_6066,ADRES,Q,22.7,0.8091,0.5132,0.6783,sam_uploaded,4950.382,32560,123042,7.49
2026-09-02T22:02:10.566,pi-test-01,img_6066,ADRES,E,19.164,0.7153,0.5132,0.6783,sam_uploaded,4392.085,32560,72647,12.69
2026-09-02T22:02:20.491,pi-test-01,img_6067,ADRES,Q,22.814,0.809,0.5087,0.6743,sam_uploaded,4970.721,32560,122404,7.53
2026-09-02T22:02:20.491,pi-test-01,img_6067,ADRES,E,19.24,0.7207,0.5087,0.6743,sam_uploaded,4452.947,32560,73477,12.54
2026-09-02T22:02:30.347,pi-test-01,img_6068,ADRES,Q,22.783,0.8086,0.5063,0.6722,sam_uploaded,4904.941,32560,123078,7.49
2026-09-02T22:02:30.347,pi-test-01,img_6068,ADRES,E,19.227,0.7155,0.5063,0.6722,sam_uploaded,4440.794,32560,73409,12.55
2026-09-02T22:02:44.052,pi-test-01,img_6069,ADRES,Q,22.787,0.8258,0.5645,0.7216,sam_uploaded,6738.063,32560,172094,5.36
2026-09-02T22:02:44.052,pi-test-01,img_6069,ADRES,E,19.301,0.6967,0.5645,0.7216,sam_uploaded,6362.517,32560,110917,8.31
2026-09-02T22:02:57.641,pi-test-01,img_6070,ADRES,Q,22.719,0.8306,0.56,0.718,sam_uploaded,6510.49,32560,180711,5.1
2026-09-02T22:02:57.641,pi-test-01,img_6070,ADRES,E,19.161,0.6921,0.56,0.718,sam_uploaded,6311.671,32560,112515,8.19
2026-09-02T22:03:10.882,pi-test-01,img_6071,ADRES,Q,22.902,0.8327,0.5942,0.7455,sam_uploaded,6311.114,32560,184630,4.99
2026-09-02T22:03:10.882,pi-test-01,img_6071,ADRES,E,19.406,0.7069,0.5942,0.7455,sam_uploaded,6302.434,32560,114603,8.04
2026-09-02T22:03:24.312,pi-test-01,img_6072,ADRES,Q,22.89,0.8313,0.5874,0.74,sam_uploaded,6388.943,32560,185122,4.98
2026-09-02T22:03:24.312,pi-test-01,img_6072,ADRES,E,19.395,0.7044,0.5874,0.74,sam_uploaded,6367.163,32560,114519,8.05
2026-09-02T22:03:36.966,pi-test-01,img_6073,ADRES,Q,23.308,0.8266,0.4949,0.6621,sam_uploaded,6255.37,32560,167080,5.52
2026-09-02T22:03:36.966,pi-test-01,img_6073,ADRES,E,19.651,0.6923,0.4949,0.6621,sam_uploaded,5814.811,32560,102946,8.95
2026-09-02T22:03:49.600,pi-test-01,img_6074,ADRES,Q,23.299,0.8261,0.4956,0.6627,sam_uploaded,6203.288,32560,167505,5.5
2026-09-02T22:03:49.600,pi-test-01,img_6074,ADRES,E,19.615,0.6925,0.4956,0.6627,sam_uploaded,5831.034,32560,103097,8.94
2026-09-02T22:04:02.164,pi-test-01,img_6075,ADRES,Q,23.3,0.827,0.5116,0.6769,sam_uploaded,6076.137,32560,175710,5.25
2026-09-02T22:04:02.164,pi-test-01,img_6075,ADRES,E,19.627,0.6938,0.5116,0.6769,sam_uploaded,5816.73,32560,106671,8.64
2026-09-02T22:04:14.767,pi-test-01,img_6076,ADRES,Q,23.31,0.8269,0.4887,0.6566,sam_uploaded,6115.98,32560,173688,5.31
2026-09-02T22:04:14.767,pi-test-01,img_6076,ADRES,E,19.632,0.6932,0.4887,0.6566,sam_uploaded,5831.699,32560,105207,8.76
2026-09-02T22:04:22.616,pi-test-01,img_6077,ADRES,Q,24.27,0.8272,0.6924,0.8182,sam_uploaded,4094.85,32560,86787,10.62
2026-09-02T22:04:22.616,pi-test-01,img_6077,ADRES,E,20.48,0.7662,0.6924,0.8182,sam_uploaded,3248.856,32560,47497,19.4
2026-09-02T22:04:30.549,pi-test-01,img_6078,ADRES,Q,24.242,0.8283,0.4578,0.6281,sam_uploaded,4111.408,32560,87622,10.52
2026-09-02T22:04:30.549,pi-test-01,img_6078,ADRES,E,20.479,0.7653,0.4578,0.6281,sam_uploaded,3257.688,32560,47436,19.43
2026-09-02T22:04:38.500,pi-test-01,img_6079,ADRES,Q,24.349,0.8298,0.6876,0.8149,sam_uploaded,4140.594,32560,88973,10.36
2026-09-02T22:04:38.500,pi-test-01,img_6079,ADRES,E,20.548,0.7693,0.6876,0.8149,sam_uploaded,3305.42,32560,48221,19.11
2026-09-02T22:04:46.461,pi-test-01,img_6080,ADRES,Q,24.304,0.8291,0.4664,0.6361,sam_uploaded,4157.841,32560,89050,10.35
2026-09-02T22:04:46.461,pi-test-01,img_6080,ADRES,E,20.53,0.77,0.4664,0.6361,sam_uploaded,3324.883,32560,48346,19.06
2026-09-02T22:04:58.858,pi-test-01,img_6081,ADRES,Q,22.319,0.7908,0.5257,0.6892,sam_uploaded,6206.583,32560,141735,6.5
2026-09-02T22:04:58.858,pi-test-01,img_6081,ADRES,E,19.078,0.6722,0.5257,0.6892,sam_uploaded,5569.813,32560,91327,10.09
2026-09-02T22:05:11.230,pi-test-01,img_6082,ADRES,Q,22.251,0.7936,0.533,0.6954,sam_uploaded,6172.765,32560,147570,6.25
2026-09-02T22:05:11.230,pi-test-01,img_6082,ADRES,E,19.005,0.668,0.533,0.6954,sam_uploaded,5665.187,32560,92662,9.95
2026-09-02T22:05:22.807,pi-test-01,img_6083,ADRES,Q,22.421,0.7971,0.5185,0.6829,sam_uploaded,5562.193,32560,163162,5.65
2026-09-02T22:05:22.807,pi-test-01,img_6083,ADRES,E,19.176,0.6842,0.5185,0.6829,sam_uploaded,5470.806,32560,98996,9.31
2026-09-02T22:05:34.352,pi-test-01,img_6084,ADRES,Q,22.412,0.7964,0.5526,0.7119,sam_uploaded,5584.178,32560,161109,5.72
2026-09-02T22:05:34.352,pi-test-01,img_6084,ADRES,E,19.174,0.683,0.5526,0.7119,sam_uploaded,5412.532,32560,98439,9.36
2026-09-02T22:05:48.609,pi-test-01,img_6085,ADRES,Q,23.513,0.8313,0.5959,0.7468,sam_uploaded,7134.966,32560,159482,5.78
2026-09-02T22:05:48.609,pi-test-01,img_6085,ADRES,E,19.868,0.6879,0.5959,0.7468,sam_uploaded,6413.794,32560,103587,8.9
2026-09-02T22:06:02.599,pi-test-01,img_6086,ADRES,Q,23.491,0.8346,0.5787,0.7331,sam_uploaded,7072.163,32560,163813,5.63
2026-09-02T22:06:02.599,pi-test-01,img_6086,ADRES,E,19.819,0.6842,0.5787,0.7331,sam_uploaded,6340.498,32560,103806,8.88
2026-09-02T22:06:16.539,pi-test-01,img_6087,ADRES,Q,23.658,0.8375,0.6074,0.7558,sam_uploaded,6920.455,32560,170167,5.42
2026-09-02T22:06:16.539,pi-test-01,img_6087,ADRES,E,20.029,0.699,0.6074,0.7558,sam_uploaded,6400.611,32560,106069,8.69
2026-09-02T22:06:30.426,pi-test-01,img_6088,ADRES,Q,23.618,0.8374,0.5616,0.7192,sam_uploaded,6849.678,32560,172352,5.35
2026-09-02T22:06:30.426,pi-test-01,img_6088,ADRES,E,19.986,0.6999,0.5616,0.7192,sam_uploaded,6419.637,32560,106564,8.65
2026-09-02T22:06:37.991,pi-test-01,img_6089,ADRES,Q,24.044,0.8261,0.7341,0.8467,sam_uploaded,3939.65,32560,81843,11.26
2026-09-02T22:06:37.991,pi-test-01,img_6089,ADRES,E,20.381,0.7757,0.7341,0.8467,sam_uploaded,3145.384,32560,45678,20.18
2026-09-02T22:06:45.586,pi-test-01,img_6090,ADRES,Q,24.005,0.8253,0.7388,0.8498,sam_uploaded,3920.736,32560,83449,11.04
2026-09-02T22:06:45.586,pi-test-01,img_6090,ADRES,E,20.436,0.7749,0.7388,0.8498,sam_uploaded,3108.549,32560,45772,20.13
2026-09-02T22:06:53.242,pi-test-01,img_6091,ADRES,Q,24.089,0.8269,0.7366,0.8483,sam_uploaded,3986.973,32560,83665,11.02
2026-09-02T22:06:53.242,pi-test-01,img_6091,ADRES,E,20.442,0.7774,0.7366,0.8483,sam_uploaded,3168.169,32560,46949,19.63
2026-09-02T22:07:00.906,pi-test-01,img_6092,ADRES,Q,24.021,0.826,0.7306,0.8444,sam_uploaded,3980.586,32560,83796,11
2026-09-02T22:07:00.906,pi-test-01,img_6092,ADRES,E,20.413,0.7768,0.7306,0.8444,sam_uploaded,3154.13,32560,46756,19.71
2026-09-02T22:07:09.645,pi-test-01,img_6093,ADRES,Q,23.356,0.8185,0.5154,0.6803,sam_uploaded,4325.576,32560,95325,9.67
2026-09-02T22:07:09.645,pi-test-01,img_6093,ADRES,E,19.447,0.7199,0.5154,0.6803,sam_uploaded,3877.572,32560,60639,15.2
2026-09-02T22:07:18.552,pi-test-01,img_6094,ADRES,Q,23.314,0.819,0.5062,0.6721,sam_uploaded,4448.562,32560,97449,9.46
2026-09-02T22:07:18.552,pi-test-01,img_6094,ADRES,E,19.451,0.7194,0.5062,0.6721,sam_uploaded,3972.079,32560,61186,15.06
2026-09-02T22:07:27.565,pi-test-01,img_6095,ADRES,Q,23.428,0.8198,0.4953,0.6625,sam_uploaded,4400.118,32560,98746,9.33
2026-09-02T22:07:27.565,pi-test-01,img_6095,ADRES,E,19.525,0.7249,0.4953,0.6625,sam_uploaded,3965.458,32560,62208,14.81
2026-09-02T22:07:36.379,pi-test-01,img_6096,ADRES,Q,23.384,0.8204,0.5016,0.668,sam_uploaded,4386.197,32560,97254,9.48
2026-09-02T22:07:36.379,pi-test-01,img_6096,ADRES,E,19.512,0.7232,0.5016,0.668,sam_uploaded,3924.486,32560,61842,14.9
2026-09-02T22:07:47.901,pi-test-01,img_6097,ADRES,Q,23.152,0.8161,0.5722,0.7279,sam_uploaded,5745.106,32560,127621,7.22
2026-09-02T22:07:47.901,pi-test-01,img_6097,ADRES,E,19.702,0.7102,0.5722,0.7279,sam_uploaded,5101.851,32560,81999,11.24
2026-09-02T22:07:59.356,pi-test-01,img_6098,ADRES,Q,23.154,0.8165,0.5804,0.7345,sam_uploaded,5756.211,32560,130814,7.05
2026-09-02T22:07:59.356,pi-test-01,img_6098,ADRES,E,19.752,0.7084,0.5804,0.7345,sam_uploaded,5092.572,32560,82763,11.14
2026-09-02T22:08:10.640,pi-test-01,img_6099,ADRES,Q,23.213,0.8172,0.5731,0.7286,sam_uploaded,5690.704,32560,133249,6.92
2026-09-02T22:08:10.640,pi-test-01,img_6099,ADRES,E,19.796,0.7152,0.5731,0.7286,sam_uploaded,5035.312,32560,84616,10.89
2026-09-02T22:08:21.955,pi-test-01,img_6100,ADRES,Q,23.216,0.8176,0.5886,0.7411,sam_uploaded,5693.076,32560,133553,6.9
2026-09-02T22:08:21.955,pi-test-01,img_6100,ADRES,E,19.784,0.712,0.5886,0.7411,sam_uploaded,5103.413,32560,84810,10.87
2026-09-02T22:08:33.623,pi-test-01,img_6101,ADRES,Q,23.117,0.8251,0.5269,0.6902,sam_uploaded,5754.736,32560,149839,6.15
2026-09-02T22:08:33.623,pi-test-01,img_6101,ADRES,E,19.687,0.709,0.5269,0.6902,sam_uploaded,5299.557,32560,94077,9.8
2026-09-02T22:08:45.376,pi-test-01,img_6102,ADRES,Q,23.13,0.8252,0.5285,0.6915,sam_uploaded,5752.724,32560,150029,6.14
2026-09-02T22:08:45.376,pi-test-01,img_6102,ADRES,E,19.665,0.7085,0.5285,0.6915,sam_uploaded,5347.981,32560,93372,9.87
2026-09-02T22:08:56.835,pi-test-01,img_6103,ADRES,Q,23.17,0.8295,0.5314,0.694,sam_uploaded,5560.941,32560,161048,5.72
2026-09-02T22:08:56.835,pi-test-01,img_6103,ADRES,E,19.696,0.7127,0.5314,0.694,sam_uploaded,5317.483,32560,97669,9.44
2026-09-02T22:09:08.319,pi-test-01,img_6104,ADRES,Q,23.172,0.8288,0.5814,0.7353,sam_uploaded,5539.518,32560,162342,5.68
2026-09-02T22:09:08.319,pi-test-01,img_6104,ADRES,E,19.7,0.7137,0.5814,0.7353,sam_uploaded,5291.062,32560,98439,9.36
2026-09-02T22:09:16.194,pi-test-01,img_6105,ADRES,Q,22.901,0.8012,0.5448,0.7053,sam_uploaded,3961.795,32560,89705,10.27
2026-09-02T22:09:16.194,pi-test-01,img_6105,ADRES,E,20.018,0.7122,0.5448,0.7053,sam_uploaded,3380.721,32560,51776,17.8
2026-09-02T22:09:24.037,pi-test-01,img_6106,ADRES,Q,22.813,0.8005,0.5271,0.6903,sam_uploaded,3986.455,32560,92733,9.94
2026-09-02T22:09:24.037,pi-test-01,img_6106,ADRES,E,19.95,0.7087,0.5271,0.6903,sam_uploaded,3411.942,32560,52168,17.67
2026-09-02T22:09:32.085,pi-test-01,img_6107,ADRES,Q,22.917,0.8018,0.5488,0.7087,sam_uploaded,4067.903,32560,89195,10.33
2026-09-02T22:09:32.085,pi-test-01,img_6107,ADRES,E,20.025,0.7152,0.5488,0.7087,sam_uploaded,3420.679,32560,51470,17.91
2026-09-02T22:09:39.847,pi-test-01,img_6108,ADRES,Q,22.887,0.8026,0.5408,0.7019,sam_uploaded,3926.363,32560,89171,10.34
2026-09-02T22:09:39.847,pi-test-01,img_6108,ADRES,E,20.091,0.715,0.5408,0.7019,sam_uploaded,3346.494,32560,52078,17.7
2026-09-02T22:09:52.235,pi-test-01,img_6109,ADRES,Q,22.437,0.7992,0.4283,0.5997,sam_uploaded,6096.443,32560,147318,6.26
2026-09-02T22:09:52.235,pi-test-01,img_6109,ADRES,E,19.184,0.6742,0.4283,0.5997,sam_uploaded,5652.923,32560,95261,9.67
2026-09-02T22:10:04.523,pi-test-01,img_6110,ADRES,Q,22.374,0.8037,0.4261,0.5976,sam_uploaded,6048.151,32560,155623,5.92
2026-09-02T22:10:04.523,pi-test-01,img_6110,ADRES,E,19.03,0.6684,0.4261,0.5976,sam_uploaded,5643.558,32560,97124,9.49
2026-09-02T22:10:16.857,pi-test-01,img_6111,ADRES,Q,22.524,0.8038,0.4336,0.605,sam_uploaded,6023.611,32560,154107,5.98
2026-09-02T22:10:16.857,pi-test-01,img_6111,ADRES,E,19.223,0.6774,0.4336,0.605,sam_uploaded,5664.16,32560,97369,9.47
2026-09-02T22:10:29.311,pi-test-01,img_6112,ADRES,Q,22.488,0.803,0.4306,0.602,sam_uploaded,5956.475,32580,153602,6
2026-09-02T22:10:29.311,pi-test-01,img_6112,ADRES,E,19.173,0.6759,0.4306,0.602,sam_uploaded,5617.775,32580,98333,9.37
2026-09-02T22:10:44.520,pi-test-01,img_6113,ADRES,Q,23.621,0.8496,0.6058,0.7545,sam_uploaded,7496.408,32580,183962,5.01
2026-09-02T22:10:44.520,pi-test-01,img_6113,ADRES,E,19.616,0.7045,0.6058,0.7545,sam_uploaded,7031.43,32580,119765,7.7
2026-09-02T22:10:59.456,pi-test-01,img_6114,ADRES,Q,23.612,0.8534,0.6011,0.7509,sam_uploaded,7276.66,32580,192423,4.79
2026-09-02T22:10:59.456,pi-test-01,img_6114,ADRES,E,19.642,0.705,0.6011,0.7509,sam_uploaded,7026.479,32580,121089,7.61
2026-09-02T22:11:14.622,pi-test-01,img_6115,ADRES,Q,23.691,0.8529,0.6057,0.7545,sam_uploaded,7505.272,32580,185787,4.96
2026-09-02T22:11:14.622,pi-test-01,img_6115,ADRES,E,19.694,0.7093,0.6057,0.7545,sam_uploaded,7044.715,32580,119801,7.69
2026-09-02T22:11:29.910,pi-test-01,img_6116,ADRES,Q,23.715,0.8524,0.5897,0.7419,sam_uploaded,7514.373,32580,185728,4.96
2026-09-02T22:11:29.910,pi-test-01,img_6116,ADRES,E,19.666,0.7076,0.5897,0.7419,sam_uploaded,7033.234,32580,119807,7.69
2026-09-02T22:11:38.294,pi-test-01,img_6117,ADRES,Q,24.578,0.8357,0.7688,0.8693,sam_uploaded,4301.657,32580,96469,9.55
2026-09-02T22:11:38.294,pi-test-01,img_6117,ADRES,E,20.923,0.7556,0.7688,0.8693,sam_uploaded,3520.454,32580,56656,16.27
2026-09-02T22:11:46.631,pi-test-01,img_6118,ADRES,Q,24.535,0.8355,0.7687,0.8692,sam_uploaded,4350.778,32580,97893,9.41
2026-09-02T22:11:46.631,pi-test-01,img_6118,ADRES,E,20.91,0.7533,0.7687,0.8692,sam_uploaded,3519.954,32580,56567,16.29
2026-09-02T22:11:54.917,pi-test-01,img_6119,ADRES,Q,24.623,0.836,0.7553,0.8606,sam_uploaded,4258.132,32580,98532,9.35
2026-09-02T22:11:54.917,pi-test-01,img_6119,ADRES,E,20.987,0.7561,0.7553,0.8606,sam_uploaded,3479.269,32580,57275,16.09
2026-09-02T22:12:03.194,pi-test-01,img_6120,ADRES,Q,24.568,0.8359,0.7734,0.8722,sam_uploaded,4297.85,32580,98790,9.33
2026-09-02T22:12:03.194,pi-test-01,img_6120,ADRES,E,20.889,0.7534,0.7734,0.8722,sam_uploaded,3498.679,32580,57642,15.99
2026-09-02T22:12:11.985,pi-test-01,img_6121,ADRES,Q,22.043,0.7755,0.4403,0.6114,sam_uploaded,4479.553,32580,105471,8.74
2026-09-02T22:12:11.985,pi-test-01,img_6121,ADRES,E,18.69,0.6753,0.4403,0.6114,sam_uploaded,3831.779,32580,63012,14.63
2026-09-02T22:12:20.882,pi-test-01,img_6122,ADRES,Q,22.021,0.7804,0.4529,0.6235,sam_uploaded,4490.556,32580,110514,8.34
2026-09-02T22:12:20.882,pi-test-01,img_6122,ADRES,E,18.706,0.6736,0.4529,0.6235,sam_uploaded,3888.493,32580,63620,14.49
2026-09-02T22:12:29.789,pi-test-01,img_6123,ADRES,Q,22.111,0.7777,0.426,0.5974,sam_uploaded,4519.308,32580,106046,8.69
2026-09-02T22:12:29.789,pi-test-01,img_6123,ADRES,E,18.741,0.6766,0.426,0.5974,sam_uploaded,3867.558,32580,62613,14.72
2026-09-02T22:12:38.601,pi-test-01,img_6124,ADRES,Q,22.128,0.7774,0.4564,0.6268,sam_uploaded,4457.508,32580,104704,8.8
2026-09-02T22:12:38.601,pi-test-01,img_6124,ADRES,E,18.755,0.674,0.4564,0.6268,sam_uploaded,3810.205,32580,62551,14.73
2026-09-02T22:12:52.236,pi-test-01,img_6125,ADRES,Q,23.257,0.8415,0.5865,0.7393,sam_uploaded,6678.103,32580,174726,5.27
2026-09-02T22:12:52.236,pi-test-01,img_6125,ADRES,E,19.852,0.7311,0.5865,0.7393,sam_uploaded,6248.547,32580,111681,8.25
2026-09-02T22:13:05.749,pi-test-01,img_6126,ADRES,Q,23.256,0.8433,0.5879,0.7405,sam_uploaded,6555.6,32580,181550,5.08
2026-09-02T22:13:05.749,pi-test-01,img_6126,ADRES,E,19.839,0.7306,0.5879,0.7405,sam_uploaded,6263.284,32580,112441,8.2
2026-09-02T22:13:19.216,pi-test-01,img_6127,ADRES,Q,23.358,0.8442,0.5865,0.7394,sam_uploaded,6634.325,32580,178683,5.16
2026-09-02T22:13:19.216,pi-test-01,img_6127,ADRES,E,19.957,0.7344,0.5865,0.7394,sam_uploaded,6271.903,32580,112113,8.22
2026-09-02T22:13:32.831,pi-test-01,img_6128,ADRES,Q,23.331,0.8423,0.5918,0.7435,sam_uploaded,6654.985,32580,178800,5.15
2026-09-02T22:13:32.831,pi-test-01,img_6128,ADRES,E,19.877,0.7307,0.5918,0.7435,sam_uploaded,6299.14,32580,112379,8.2
2026-09-02T22:13:45.244,pi-test-01,img_6129,ADRES,Q,23.417,0.8307,0.5796,0.7338,sam_uploaded,5928.296,32580,184423,5
2026-09-02T22:13:45.244,pi-test-01,img_6129,ADRES,E,19.795,0.7058,0.5796,0.7338,sam_uploaded,5805.099,32580,112030,8.23
2026-09-02T22:13:57.639,pi-test-01,img_6130,ADRES,Q,23.423,0.8302,0.5592,0.7173,sam_uploaded,5910.483,32580,184475,5
2026-09-02T22:13:57.639,pi-test-01,img_6130,ADRES,E,19.791,0.7074,0.5592,0.7173,sam_uploaded,5832.305,32580,111855,8.24
2026-09-02T22:14:10.000,pi-test-01,img_6131,ADRES,Q,23.442,0.8316,0.5599,0.7178,sam_uploaded,5889.212,32580,186835,4.93
2026-09-02T22:14:10.000,pi-test-01,img_6131,ADRES,E,19.817,0.7082,0.5599,0.7178,sam_uploaded,5771.59,32580,113437,8.12
2026-09-02T22:14:22.263,pi-test-01,img_6132,ADRES,Q,23.424,0.8315,0.5454,0.7058,sam_uploaded,5784.22,32580,187210,4.92
2026-09-02T22:14:22.263,pi-test-01,img_6132,ADRES,E,19.787,0.707,0.5454,0.7058,sam_uploaded,5748.977,32580,112682,8.18
2026-09-02T22:14:30.309,pi-test-01,img_6133,ADRES,Q,22.637,0.7794,0.4961,0.6632,sam_uploaded,3980.257,32580,91094,10.12
2026-09-02T22:14:30.309,pi-test-01,img_6133,ADRES,E,19.612,0.6694,0.4961,0.6632,sam_uploaded,3485.054,32580,56736,16.24
2026-09-02T22:14:38.519,pi-test-01,img_6134,ADRES,Q,22.576,0.7786,0.4884,0.6562,sam_uploaded,4009.638,32580,94922,9.71
2026-09-02T22:14:38.519,pi-test-01,img_6134,ADRES,E,19.52,0.6675,0.4884,0.6562,sam_uploaded,3606.665,32580,56430,16.33
2026-09-02T22:14:46.775,pi-test-01,img_6135,ADRES,Q,22.667,0.7806,0.4956,0.6627,sam_uploaded,4123.329,32580,88938,10.36
2026-09-02T22:14:46.775,pi-test-01,img_6135,ADRES,E,19.627,0.6724,0.4956,0.6627,sam_uploaded,3638.984,32580,54730,16.84
2026-09-02T22:14:54.832,pi-test-01,img_6136,ADRES,Q,22.636,0.7813,0.493,0.6604,sam_uploaded,4006.552,32580,88686,10.39
2026-09-02T22:14:54.832,pi-test-01,img_6136,ADRES,E,19.611,0.6727,0.493,0.6604,sam_uploaded,3530.07,32580,55431,16.63
2026-09-02T22:15:07.436,pi-test-01,img_6137,ADRES,Q,22.584,0.8051,0.4303,0.6017,sam_uploaded,6272.088,32580,146843,6.28
2026-09-02T22:15:07.436,pi-test-01,img_6137,ADRES,E,19.283,0.6777,0.4303,0.6017,sam_uploaded,5754.164,32580,94846,9.72
2026-09-02T22:15:19.957,pi-test-01,img_6138,ADRES,Q,22.506,0.8093,0.4217,0.5932,sam_uploaded,6138.396,32580,157195,5.86
2026-09-02T22:15:19.957,pi-test-01,img_6138,ADRES,E,19.126,0.6713,0.4217,0.5932,sam_uploaded,5749.606,32580,95868,9.61
2026-09-02T22:15:32.528,pi-test-01,img_6139,ADRES,Q,22.634,0.8074,0.434,0.6053,sam_uploaded,6258.748,32592,151490,6.08
2026-09-02T22:15:32.528,pi-test-01,img_6139,ADRES,E,19.274,0.6774,0.434,0.6053,sam_uploaded,5726.267,32592,96309,9.57
2026-09-02T22:15:44.995,pi-test-01,img_6140,ADRES,Q,22.629,0.8074,0.4206,0.5922,sam_uploaded,6194.829,32620,151624,6.08
2026-09-02T22:15:44.995,pi-test-01,img_6140,ADRES,E,19.268,0.6763,0.4206,0.5922,sam_uploaded,5708.902,32620,96254,9.57
2026-09-02T22:15:59.514,pi-test-01,img_6141,ADRES,Q,23.25,0.8347,0.5541,0.7131,sam_uploaded,7144.35,32624,178781,5.15
2026-09-02T22:15:59.514,pi-test-01,img_6141,ADRES,E,19.421,0.6925,0.5541,0.7131,sam_uploaded,6690.724,32624,114918,8.02
2026-09-02T22:16:13.821,pi-test-01,img_6142,ADRES,Q,23.209,0.8382,0.559,0.7172,sam_uploaded,6960.584,32624,186915,4.93
2026-09-02T22:16:13.821,pi-test-01,img_6142,ADRES,E,19.435,0.6923,0.559,0.7172,sam_uploaded,6669.214,32624,115944,7.95
2026-09-02T22:16:28.361,pi-test-01,img_6143,ADRES,Q,23.286,0.8374,0.5499,0.7096,sam_uploaded,7250.576,32624,178302,5.17
2026-09-02T22:16:28.361,pi-test-01,img_6143,ADRES,E,19.455,0.6929,0.5499,0.7096,sam_uploaded,6654.961,32624,114760,8.03
2026-09-02T22:16:42.899,pi-test-01,img_6144,ADRES,Q,23.301,0.8365,0.5561,0.7148,sam_uploaded,7225.812,32624,179054,5.15
2026-09-02T22:16:42.899,pi-test-01,img_6144,ADRES,E,19.454,0.6924,0.5561,0.7148,sam_uploaded,6678.958,32624,114738,8.03
2026-09-02T22:16:50.864,pi-test-01,img_6145,ADRES,Q,24.451,0.8369,0.7497,0.8569,sam_uploaded,4058.302,32624,89825,10.26
2026-09-02T22:16:50.864,pi-test-01,img_6145,ADRES,E,20.672,0.7499,0.7497,0.8569,sam_uploaded,3396.864,32624,53695,17.16
2026-09-02T22:16:58.850,pi-test-01,img_6146,ADRES,Q,24.432,0.8353,0.7506,0.8576,sam_uploaded,4072.754,32624,91535,10.07
2026-09-02T22:16:58.850,pi-test-01,img_6146,ADRES,E,20.688,0.7477,0.7506,0.8576,sam_uploaded,3420.582,32624,53837,17.12
2026-09-02T22:17:06.832,pi-test-01,img_6147,ADRES,Q,24.475,0.8367,0.7502,0.8572,sam_uploaded,4061.638,32624,92406,9.97
2026-09-02T22:17:06.832,pi-test-01,img_6147,ADRES,E,20.701,0.7487,0.7502,0.8572,sam_uploaded,3431.771,32624,54337,16.96
2026-09-02T22:17:14.840,pi-test-01,img_6148,ADRES,Q,24.462,0.8365,0.7477,0.8557,sam_uploaded,4085.561,32624,91372,10.09
2026-09-02T22:17:14.840,pi-test-01,img_6148,ADRES,E,20.7,0.7476,0.7477,0.8557,sam_uploaded,3430.141,32624,54425,16.93
2026-09-02T22:17:23.736,pi-test-01,img_6149,ADRES,Q,21.525,0.7636,0.4748,0.6439,sam_uploaded,4333.102,32624,106079,8.69
2026-09-02T22:17:23.736,pi-test-01,img_6149,ADRES,E,18.664,0.6614,0.4748,0.6439,sam_uploaded,3909.335,32624,64045,14.39
2026-09-02T22:17:32.593,pi-test-01,img_6150,ADRES,Q,21.546,0.767,0.491,0.6587,sam_uploaded,4312.132,32624,111095,8.3
2026-09-02T22:17:32.593,pi-test-01,img_6150,ADRES,E,18.649,0.6606,0.491,0.6587,sam_uploaded,3968.633,32624,64893,14.2
2026-09-02T22:17:41.395,pi-test-01,img_6151,ADRES,Q,21.626,0.7663,0.4724,0.6417,sam_uploaded,4337.563,32624,106693,8.64
2026-09-02T22:17:41.395,pi-test-01,img_6151,ADRES,E,18.717,0.6652,0.4724,0.6417,sam_uploaded,3871.915,32624,64440,14.3
2026-09-02T22:17:50.089,pi-test-01,img_6152,ADRES,Q,21.628,0.7655,0.4902,0.6579,sam_uploaded,4276.192,32624,107700,8.56
2026-09-02T22:17:50.089,pi-test-01,img_6152,ADRES,E,18.743,0.6626,0.4902,0.6579,sam_uploaded,3883.322,32624,64498,14.29
2026-09-02T22:18:04.456,pi-test-01,img_6153,ADRES,Q,23.234,0.8482,0.5865,0.7394,sam_uploaded,7025.89,32624,182902,5.04
2026-09-02T22:18:04.456,pi-test-01,img_6153,ADRES,E,19.754,0.7281,0.5865,0.7394,sam_uploaded,6705.633,32624,118543,7.77
2026-09-02T22:18:18.624,pi-test-01,img_6154,ADRES,Q,23.201,0.8508,0.5587,0.7169,sam_uploaded,6772.421,32624,191963,4.8
2026-09-02T22:18:18.624,pi-test-01,img_6154,ADRES,E,19.635,0.7253,0.5587,0.7169,sam_uploaded,6691.459,32624,119725,7.7
2026-09-02T22:18:32.882,pi-test-01,img_6155,ADRES,Q,23.314,0.8519,0.5734,0.7289,sam_uploaded,6915.252,32624,190290,4.84
2026-09-02T22:18:32.882,pi-test-01,img_6155,ADRES,E,19.785,0.7323,0.5734,0.7289,sam_uploaded,6712.852,32624,120025,7.68
2026-09-02T22:18:47.161,pi-test-01,img_6156,ADRES,Q,23.301,0.8491,0.5652,0.7222,sam_uploaded,6791.333,32624,191202,4.82
2026-09-02T22:18:47.161,pi-test-01,img_6156,ADRES,E,19.797,0.7301,0.5652,0.7222,sam_uploaded,6749.793,32624,119559,7.71
2026-09-02T22:18:59.576,pi-test-01,img_6157,ADRES,Q,23.104,0.8218,0.5488,0.7087,sam_uploaded,5707.789,32624,184360,5
2026-09-02T22:18:59.576,pi-test-01,img_6157,ADRES,E,19.643,0.6881,0.5488,0.7087,sam_uploaded,5787.454,32624,113393,8.13
2026-09-02T22:19:11.687,pi-test-01,img_6158,ADRES,Q,23.147,0.8223,0.5443,0.705,sam_uploaded,5699.161,32624,183058,5.03
2026-09-02T22:19:11.687,pi-test-01,img_6158,ADRES,E,19.65,0.6893,0.5443,0.705,sam_uploaded,5762.758,32624,113195,8.14
2026-09-02T22:19:23.789,pi-test-01,img_6159,ADRES,Q,23.142,0.8236,0.5404,0.7016,sam_uploaded,5659.473,32624,184958,4.98
2026-09-02T22:19:23.789,pi-test-01,img_6159,ADRES,E,19.593,0.6874,0.5404,0.7016,sam_uploaded,5777.853,32624,113576,8.11
2026-09-02T22:19:35.836,pi-test-01,img_6160,ADRES,Q,23.148,0.8228,0.5474,0.7075,sam_uploaded,5620.185,32624,184842,4.99
2026-09-02T22:19:35.836,pi-test-01,img_6160,ADRES,E,19.684,0.6901,0.5474,0.7075,sam_uploaded,5730.859,32624,113611,8.11
2026-09-02T22:19:46.749,pi-test-01,img_6161,ADRES,Q,23.096,0.8111,0.4209,0.5924,sam_uploaded,5507.846,32624,117912,7.82
2026-09-02T22:19:46.749,pi-test-01,img_6161,ADRES,E,19.541,0.6984,0.4209,0.5924,sam_uploaded,4836.905,32624,74572,12.36
2026-09-02T22:19:57.713,pi-test-01,img_6162,ADRES,Q,23.131,0.8126,0.3297,0.4959,sam_uploaded,5496.982,32624,119883,7.69
2026-09-02T22:19:57.713,pi-test-01,img_6162,ADRES,E,19.531,0.6973,0.3297,0.4959,sam_uploaded,4778.44,32624,75032,12.28
2026-09-02T22:20:08.671,pi-test-01,img_6163,ADRES,Q,23.172,0.8133,0.4506,0.6213,sam_uploaded,5491.462,32624,119234,7.73
2026-09-02T22:20:08.671,pi-test-01,img_6163,ADRES,E,19.565,0.7029,0.4506,0.6213,sam_uploaded,4783.142,32624,74893,12.31
2026-09-02T22:20:19.603,pi-test-01,img_6164,ADRES,Q,23.161,0.8123,0.378,0.5487,sam_uploaded,5483.677,32624,118567,7.77
2026-09-02T22:20:19.603,pi-test-01,img_6164,ADRES,E,19.594,0.7016,0.378,0.5487,sam_uploaded,4742.263,32624,74738,12.33
2026-09-02T22:20:28.473,pi-test-01,img_6165,ADRES,Q,21.885,0.7824,0.2999,0.4614,sam_uploaded,4335.9,32624,96451,9.56
2026-09-02T22:20:28.473,pi-test-01,img_6165,ADRES,E,18.465,0.6797,0.2999,0.4614,sam_uploaded,3889.081,32624,58690,15.7
2026-09-02T22:20:37.403,pi-test-01,img_6166,ADRES,Q,21.889,0.7822,0.2941,0.4545,sam_uploaded,4398.774,32624,99100,9.3
2026-09-02T22:20:37.403,pi-test-01,img_6166,ADRES,E,18.437,0.6779,0.2941,0.4545,sam_uploaded,3955.315,32624,59275,15.55
2026-09-02T22:20:46.479,pi-test-01,img_6167,ADRES,Q,21.925,0.782,0.2917,0.4516,sam_uploaded,4437.05,32624,97066,9.49
2026-09-02T22:20:46.479,pi-test-01,img_6167,ADRES,E,18.48,0.6765,0.2917,0.4516,sam_uploaded,3966.957,32624,58859,15.66
2026-09-02T22:20:55.411,pi-test-01,img_6168,ADRES,Q,21.941,0.7813,0.2963,0.4572,sam_uploaded,4334.342,32624,97603,9.44
2026-09-02T22:20:55.411,pi-test-01,img_6168,ADRES,E,18.485,0.676,0.2963,0.4572,sam_uploaded,3903.36,32624,58988,15.62
2026-09-02T22:21:05.069,pi-test-01,img_6169,ADRES,Q,21.727,0.7876,0.4047,0.5762,sam_uploaded,4614.585,32624,112842,8.17
2026-09-02T22:21:05.069,pi-test-01,img_6169,ADRES,E,18.403,0.6623,0.4047,0.5762,sam_uploaded,4472.632,32624,72048,12.79
2026-09-02T22:21:14.661,pi-test-01,img_6170,ADRES,Q,21.655,0.7885,0.4301,0.6015,sam_uploaded,4612.765,32624,114969,8.02
2026-09-02T22:21:14.661,pi-test-01,img_6170,ADRES,E,18.271,0.6582,0.4301,0.6015,sam_uploaded,4417.377,32624,72494,12.71
2026-09-02T22:21:24.283,pi-test-01,img_6171,ADRES,Q,21.761,0.7866,0.4097,0.5813,sam_uploaded,4642.636,32624,113209,8.14
2026-09-02T22:21:24.283,pi-test-01,img_6171,ADRES,E,18.421,0.6581,0.4097,0.5813,sam_uploaded,4400.046,32624,73084,12.61
2026-09-02T22:21:34.059,pi-test-01,img_6172,ADRES,Q,21.699,0.7874,0.4297,0.6011,sam_uploaded,4679.999,32624,113183,8.14
2026-09-02T22:21:34.059,pi-test-01,img_6172,ADRES,E,18.335,0.657,0.4297,0.6011,sam_uploaded,4451.379,32624,73122,12.6
2026-09-02T22:21:44.858,pi-test-01,img_6173,ADRES,Q,24.412,0.8352,0.401,0.5725,sam_uploaded,5522.836,32624,121862,7.56
2026-09-02T22:21:44.858,pi-test-01,img_6173,ADRES,E,19.703,0.7196,0.401,0.5725,sam_uploaded,4679.695,32624,77999,11.82
2026-09-02T22:21:55.485,pi-test-01,img_6174,ADRES,Q,24.422,0.8345,0.5319,0.6945,sam_uploaded,5461.617,32624,122970,7.49
2026-09-02T22:21:55.485,pi-test-01,img_6174,ADRES,E,19.687,0.7179,0.5319,0.6945,sam_uploaded,4612.316,32624,78109,11.8
2026-09-02T22:22:06.268,pi-test-01,img_6175,ADRES,Q,24.469,0.8353,0.2669,0.4213,sam_uploaded,5491.924,32624,119862,7.69
2026-09-02T22:22:06.268,pi-test-01,img_6175,ADRES,E,19.734,0.7181,0.2669,0.4213,sam_uploaded,4623.747,32624,76734,12.01
2026-09-02T22:22:17.033,pi-test-01,img_6176,ADRES,Q,24.433,0.8345,0.5329,0.6953,sam_uploaded,5448.088,32624,119871,7.69
2026-09-02T22:22:17.033,pi-test-01,img_6176,ADRES,E,19.68,0.7168,0.5329,0.6953,sam_uploaded,4673.434,32624,76805,12
2026-09-02T22:22:28.471,pi-test-01,img_6177,ADRES,Q,24.953,0.8491,0.3696,0.5397,sam_uploaded,6042.426,32624,131430,7.01
2026-09-02T22:22:28.471,pi-test-01,img_6177,ADRES,E,20.979,0.7435,0.3696,0.5397,sam_uploaded,4666.346,32624,77564,11.88
2026-09-02T22:22:39.887,pi-test-01,img_6178,ADRES,Q,24.87,0.8491,0.4177,0.5893,sam_uploaded,6014.654,32624,133606,6.9
2026-09-02T22:22:39.887,pi-test-01,img_6178,ADRES,E,20.862,0.7402,0.4177,0.5893,sam_uploaded,4723.267,32624,77916,11.83
2026-09-02T22:22:51.035,pi-test-01,img_6179,ADRES,Q,24.983,0.8499,0.3438,0.5117,sam_uploaded,5865.606,32624,135209,6.82
2026-09-02T22:22:51.035,pi-test-01,img_6179,ADRES,E,20.98,0.7451,0.3438,0.5117,sam_uploaded,4667.372,32624,78236,11.78
2026-09-02T22:23:02.373,pi-test-01,img_6180,ADRES,Q,24.94,0.8489,0.3968,0.5682,sam_uploaded,5962.18,32624,134086,6.87
2026-09-02T22:23:02.373,pi-test-01,img_6180,ADRES,E,20.964,0.742,0.3968,0.5682,sam_uploaded,4675.009,32624,79151,11.64
2026-09-02T22:23:14.282,pi-test-01,img_6181,ADRES,Q,23.528,0.8215,0.4071,0.5786,sam_uploaded,6107.475,32624,138775,6.64
2026-09-02T22:23:14.282,pi-test-01,img_6181,ADRES,E,19.483,0.6965,0.4071,0.5786,sam_uploaded,5144.521,32624,85180,10.82
2026-09-02T22:23:26.192,pi-test-01,img_6182,ADRES,Q,23.531,0.8225,0.4101,0.5817,sam_uploaded,6209.551,32624,141756,6.5
2026-09-02T22:23:26.192,pi-test-01,img_6182,ADRES,E,19.453,0.6958,0.4101,0.5817,sam_uploaded,5148.464,32624,85954,10.72
2026-09-02T22:23:37.932,pi-test-01,img_6183,ADRES,Q,23.608,0.8236,0.4287,0.6001,sam_uploaded,6062.275,32624,144969,6.36
2026-09-02T22:23:37.932,pi-test-01,img_6183,ADRES,E,19.558,0.7023,0.4287,0.6001,sam_uploaded,5145.553,32624,87136,10.58
2026-09-02T22:23:49.757,pi-test-01,img_6184,ADRES,Q,23.596,0.8235,0.3927,0.564,sam_uploaded,6038.597,32624,145416,6.34
2026-09-02T22:23:49.757,pi-test-01,img_6184,ADRES,E,19.547,0.7028,0.3927,0.564,sam_uploaded,5188.393,32624,87804,10.5
2026-09-02T22:24:01.566,pi-test-01,img_6185,ADRES,Q,23.293,0.8144,0.5337,0.696,sam_uploaded,5970.511,32624,148967,6.19
2026-09-02T22:24:01.566,pi-test-01,img_6185,ADRES,E,19.321,0.6789,0.5337,0.696,sam_uploaded,5219.371,32624,90253,10.21
2026-09-02T22:24:13.234,pi-test-01,img_6186,ADRES,Q,23.324,0.8135,0.5132,0.6783,sam_uploaded,5946.703,32624,148625,6.2
2026-09-02T22:24:13.234,pi-test-01,img_6186,ADRES,E,19.358,0.6791,0.5132,0.6783,sam_uploaded,5174.097,32624,90119,10.23
2026-09-02T22:24:24.933,pi-test-01,img_6187,ADRES,Q,23.324,0.8151,0.5335,0.6958,sam_uploaded,5909.024,32624,149970,6.15
2026-09-02T22:24:24.933,pi-test-01,img_6187,ADRES,E,19.337,0.681,0.5335,0.6958,sam_uploaded,5190.05,32624,90849,10.14
2026-09-02T22:24:36.698,pi-test-01,img_6188,ADRES,Q,23.332,0.8141,0.4999,0.6666,sam_uploaded,5896.663,32624,150086,6.14
2026-09-02T22:24:36.698,pi-test-01,img_6188,ADRES,E,19.354,0.6809,0.4999,0.6666,sam_uploaded,5223.698,32624,90748,10.16
2026-09-02T22:24:48.038,pi-test-01,img_6189,ADRES,Q,22.66,0.803,0.4358,0.607,sam_uploaded,5693.474,32624,125496,7.34
2026-09-02T22:24:48.038,pi-test-01,img_6189,ADRES,E,19.372,0.6897,0.4358,0.607,sam_uploaded,5079.089,32624,80434,11.46
2026-09-02T22:24:59.374,pi-test-01,img_6190,ADRES,Q,22.679,0.8033,0.3782,0.5488,sam_uploaded,5723.333,32624,128331,7.18
2026-09-02T22:24:59.374,pi-test-01,img_6190,ADRES,E,19.33,0.6841,0.3782,0.5488,sam_uploaded,5053.8,32624,81060,11.37
2026-09-02T22:25:10.677,pi-test-01,img_6191,ADRES,Q,22.745,0.8044,0.4906,0.6582,sam_uploaded,5669.997,32624,128574,7.17
2026-09-02T22:25:10.677,pi-test-01,img_6191,ADRES,E,19.377,0.6897,0.4906,0.6582,sam_uploaded,5108.199,32624,81805,11.27
2026-09-02T22:25:22.123,pi-test-01,img_6192,ADRES,Q,22.74,0.805,0.3692,0.5393,sam_uploaded,5735.019,32624,128229,7.19
2026-09-02T22:25:22.123,pi-test-01,img_6192,ADRES,E,19.443,0.6926,0.3692,0.5393,sam_uploaded,5097.323,32624,81576,11.3
2026-09-02T22:25:31.638,pi-test-01,img_6193,ADRES,Q,21.172,0.7586,0.3252,0.4908,sam_uploaded,4751.019,32624,107099,8.61
2026-09-02T22:25:31.638,pi-test-01,img_6193,ADRES,E,18.762,0.6683,0.3252,0.4908,sam_uploaded,4225.381,32624,66943,13.77
2026-09-02T22:25:41.283,pi-test-01,img_6194,ADRES,Q,21.186,0.7598,0.3221,0.4873,sam_uploaded,4834.707,32624,110021,8.38
2026-09-02T22:25:41.283,pi-test-01,img_6194,ADRES,E,18.77,0.6605,0.3221,0.4873,sam_uploaded,4307.426,32624,67443,13.66
2026-09-02T22:25:51.014,pi-test-01,img_6195,ADRES,Q,21.251,0.7599,0.3138,0.4777,sam_uploaded,4875.03,32624,108670,8.48
2026-09-02T22:25:51.014,pi-test-01,img_6195,ADRES,E,18.789,0.6654,0.3138,0.4777,sam_uploaded,4342.513,32624,67418,13.67
2026-09-02T22:26:00.668,pi-test-01,img_6196,ADRES,Q,21.242,0.7599,0.3156,0.4798,sam_uploaded,4838.423,32624,108435,8.5
2026-09-02T22:26:00.668,pi-test-01,img_6196,ADRES,E,18.808,0.6635,0.3156,0.4798,sam_uploaded,4284.866,32624,67571,13.64
2026-09-02T22:26:10.343,pi-test-01,img_6197,ADRES,Q,21.786,0.7703,0.4421,0.6131,sam_uploaded,4752.687,32624,119008,7.74
2026-09-02T22:26:10.343,pi-test-01,img_6197,ADRES,E,18.207,0.6683,0.4421,0.6131,sam_uploaded,4401.971,32624,74127,12.43
2026-09-02T22:26:20.168,pi-test-01,img_6198,ADRES,Q,21.758,0.7714,0.4427,0.6137,sam_uploaded,4753.613,32624,122571,7.52
2026-09-02T22:26:20.168,pi-test-01,img_6198,ADRES,E,18.127,0.6662,0.4427,0.6137,sam_uploaded,4492.981,32624,74998,12.29
2026-09-02T22:26:30.001,pi-test-01,img_6199,ADRES,Q,21.858,0.7728,0.4287,0.6001,sam_uploaded,4739.803,32624,121670,7.57
2026-09-02T22:26:30.001,pi-test-01,img_6199,ADRES,E,18.28,0.6701,0.4287,0.6001,sam_uploaded,4475.986,32624,75303,12.24
2026-09-02T22:26:40.156,pi-test-01,img_6200,ADRES,Q,21.826,0.771,0.4322,0.6036,sam_uploaded,4793.458,32624,121147,7.61
2026-09-02T22:26:40.156,pi-test-01,img_6200,ADRES,E,18.146,0.6677,0.4322,0.6036,sam_uploaded,4481.764,32624,75366,12.23
2026-09-02T22:26:50.154,pi-test-01,img_6201,ADRES,Q,23.732,0.83,0.4019,0.5734,sam_uploaded,5235.884,32624,116931,7.88
2026-09-02T22:26:50.154,pi-test-01,img_6201,ADRES,E,20.636,0.7564,0.4019,0.5734,sam_uploaded,4168.965,32624,68114,13.53
2026-09-02T22:27:00.067,pi-test-01,img_6202,ADRES,Q,23.72,0.8299,0.5504,0.71,sam_uploaded,5240.616,32624,118943,7.75
2026-09-02T22:27:00.067,pi-test-01,img_6202,ADRES,E,20.623,0.7537,0.5504,0.71,sam_uploaded,4151.163,32624,68573,13.44
2026-09-02T22:27:09.910,pi-test-01,img_6203,ADRES,Q,23.811,0.8308,0.5476,0.7077,sam_uploaded,5195.904,32624,115101,8.01
2026-09-02T22:27:09.910,pi-test-01,img_6203,ADRES,E,20.675,0.756,0.5476,0.7077,sam_uploaded,4117.965,32624,67355,13.68
2026-09-02T22:27:19.741,pi-test-01,img_6204,ADRES,Q,23.735,0.8299,0.2679,0.4225,sam_uploaded,5158.757,32624,114795,8.03
2026-09-02T22:27:19.741,pi-test-01,img_6204,ADRES,E,20.63,0.7541,0.2679,0.4225,sam_uploaded,4142.046,32624,67025,13.75
2026-09-02T22:27:32.180,pi-test-01,img_6205,ADRES,Q,24.279,0.8458,0.3863,0.5573,sam_uploaded,6336.77,32624,140064,6.58
2026-09-02T22:27:32.180,pi-test-01,img_6205,ADRES,E,20.479,0.7079,0.3863,0.5573,sam_uploaded,5539.23,32624,90640,10.17
2026-09-02T22:27:44.630,pi-test-01,img_6206,ADRES,Q,24.292,0.8455,0.3489,0.5173,sam_uploaded,6305.872,32624,143165,6.44
2026-09-02T22:27:44.630,pi-test-01,img_6206,ADRES,E,20.457,0.7064,0.3489,0.5173,sam_uploaded,5515.49,32624,91377,10.09
2026-09-02T22:27:57.097,pi-test-01,img_6207,ADRES,Q,24.319,0.8455,0.3268,0.4926,sam_uploaded,6268.44,32624,143556,6.42
2026-09-02T22:27:57.097,pi-test-01,img_6207,ADRES,E,20.481,0.7079,0.3268,0.4926,sam_uploaded,5542.061,32624,92365,9.98
2026-09-02T22:28:09.353,pi-test-01,img_6208,ADRES,Q,24.338,0.8459,0.3468,0.515,sam_uploaded,6247.443,32624,141362,6.52
2026-09-02T22:28:09.353,pi-test-01,img_6208,ADRES,E,20.515,0.7079,0.3468,0.515,sam_uploaded,5496.113,32624,92512,9.96
2026-09-02T22:28:20.898,pi-test-01,img_6209,ADRES,Q,22.978,0.8137,0.4008,0.5723,sam_uploaded,5880.633,32624,137399,6.71
2026-09-02T22:28:20.898,pi-test-01,img_6209,ADRES,E,19.555,0.6831,0.4008,0.5723,sam_uploaded,5117.223,32624,84353,10.93
2026-09-02T22:28:32.489,pi-test-01,img_6210,ADRES,Q,22.99,0.815,0.3759,0.5464,sam_uploaded,5937.429,32624,139484,6.61
2026-09-02T22:28:32.489,pi-test-01,img_6210,ADRES,E,19.583,0.6815,0.3759,0.5464,sam_uploaded,5077.114,32624,84567,10.9
2026-09-02T22:28:44.006,pi-test-01,img_6211,ADRES,Q,23.072,0.8158,0.4148,0.5864,sam_uploaded,5912.166,32624,140589,6.56
2026-09-02T22:28:44.006,pi-test-01,img_6211,ADRES,E,19.662,0.6882,0.4148,0.5864,sam_uploaded,5068.571,32624,86200,10.69
2026-09-02T22:28:55.721,pi-test-01,img_6212,ADRES,Q,23.028,0.8152,0.3604,0.5299,sam_uploaded,5894.993,32624,142587,6.46
2026-09-02T22:28:55.721,pi-test-01,img_6212,ADRES,E,19.621,0.6863,0.3604,0.5299,sam_uploaded,5185.865,32624,86477,10.66
2026-09-02T22:29:07.776,pi-test-01,img_6213,ADRES,Q,22.46,0.8023,0.5553,0.7141,sam_uploaded,6015.209,32624,152055,6.06
2026-09-02T22:29:07.776,pi-test-01,img_6213,ADRES,E,19.206,0.6698,0.5553,0.7141,sam_uploaded,5420.386,32624,94497,9.75
2026-09-02T22:29:19.818,pi-test-01,img_6214,ADRES,Q,22.469,0.8026,0.4946,0.6618,sam_uploaded,6066.187,32624,151767,6.07
2026-09-02T22:29:19.818,pi-test-01,img_6214,ADRES,E,19.245,0.6698,0.4946,0.6618,sam_uploaded,5417.297,32624,94527,9.75
2026-09-02T22:29:31.809,pi-test-01,img_6215,ADRES,Q,22.495,0.8036,0.504,0.6702,sam_uploaded,5958.141,32624,154761,5.95
2026-09-02T22:29:31.809,pi-test-01,img_6215,ADRES,E,19.28,0.6734,0.504,0.6702,sam_uploaded,5421.239,32624,95196,9.68
2026-09-02T22:29:43.784,pi-test-01,img_6216,ADRES,Q,22.46,0.8026,0.4732,0.6425,sam_uploaded,5894.745,32624,155632,5.92
2026-09-02T22:29:43.784,pi-test-01,img_6216,ADRES,E,19.225,0.6711,0.4732,0.6425,sam_uploaded,5458.489,32624,95422,9.66
2026-09-02T22:29:55.315,pi-test-01,img_6217,ADRES,Q,22.849,0.8091,0.4557,0.6261,sam_uploaded,5781.314,32624,127201,7.25
2026-09-02T22:29:55.315,pi-test-01,img_6217,ADRES,E,19.441,0.6925,0.4557,0.6261,sam_uploaded,5162.18,32624,81830,11.26
2026-09-02T22:30:06.789,pi-test-01,img_6218,ADRES,Q,22.877,0.8094,0.4145,0.5861,sam_uploaded,5727.241,32624,129824,7.1
2026-09-02T22:30:06.789,pi-test-01,img_6218,ADRES,E,19.397,0.6899,0.4145,0.5861,sam_uploaded,5119.325,32624,82348,11.19
2026-09-02T22:30:18.143,pi-test-01,img_6219,ADRES,Q,22.944,0.8107,0.4438,0.6148,sam_uploaded,5701.655,32624,130576,7.06
2026-09-02T22:30:18.143,pi-test-01,img_6219,ADRES,E,19.467,0.6942,0.4438,0.6148,sam_uploaded,5112.448,32624,83141,11.08
2026-09-02T22:30:29.611,pi-test-01,img_6220,ADRES,Q,22.924,0.8109,0.4141,0.5857,sam_uploaded,5758.912,32624,129826,7.1
2026-09-02T22:30:29.611,pi-test-01,img_6220,ADRES,E,19.465,0.6953,0.4141,0.5857,sam_uploaded,5147.332,32624,82672,11.15
2026-09-02T22:30:39.344,pi-test-01,img_6221,ADRES,Q,21.029,0.7602,0.4106,0.5822,sam_uploaded,4729.152,32624,107492,8.57
2026-09-02T22:30:39.344,pi-test-01,img_6221,ADRES,E,18.696,0.6612,0.4106,0.5822,sam_uploaded,4300.704,32624,67608,13.63
2026-09-02T22:30:49.107,pi-test-01,img_6222,ADRES,Q,21.018,0.7636,0.363,0.5327,sam_uploaded,4775.47,32624,111327,8.28
2026-09-02T22:30:49.107,pi-test-01,img_6222,ADRES,E,18.652,0.6541,0.363,0.5327,sam_uploaded,4352.532,32624,68064,13.54
2026-09-02T22:30:58.784,pi-test-01,img_6223,ADRES,Q,21.095,0.7621,0.302,0.464,sam_uploaded,4731.743,32624,109393,8.42
2026-09-02T22:30:58.784,pi-test-01,img_6223,ADRES,E,18.732,0.6623,0.302,0.464,sam_uploaded,4355.413,32624,68151,13.52
2026-09-02T22:31:08.421,pi-test-01,img_6224,ADRES,Q,21.075,0.7618,0.2868,0.4457,sam_uploaded,4727.544,32624,109882,8.39
2026-09-02T22:31:08.421,pi-test-01,img_6224,ADRES,E,18.702,0.6595,0.2868,0.4457,sam_uploaded,4299.749,32624,68067,13.54
2026-09-02T22:31:17.938,pi-test-01,img_6225,ADRES,Q,21.473,0.763,0.4227,0.5942,sam_uploaded,4623.235,32624,114484,8.05
2026-09-02T22:31:17.938,pi-test-01,img_6225,ADRES,E,18.276,0.6621,0.4227,0.5942,sam_uploaded,4304.881,32624,70126,13.14
2026-09-02T22:31:27.266,pi-test-01,img_6226,ADRES,Q,21.447,0.7634,0.4224,0.594,sam_uploaded,4514.578,32624,117605,7.84
2026-09-02T22:31:27.266,pi-test-01,img_6226,ADRES,E,18.188,0.6613,0.4224,0.594,sam_uploaded,4241.119,32624,70394,13.09
2026-09-02T22:31:36.621,pi-test-01,img_6227,ADRES,Q,21.528,0.7627,0.4307,0.6021,sam_uploaded,4560.091,32624,116577,7.91
2026-09-02T22:31:36.621,pi-test-01,img_6227,ADRES,E,18.309,0.6647,0.4307,0.6021,sam_uploaded,4227.053,32624,70988,12.98
2026-09-02T22:31:46.122,pi-test-01,img_6228,ADRES,Q,21.512,0.7628,0.4082,0.5797,sam_uploaded,4625.214,32624,116149,7.93
2026-09-02T22:31:46.122,pi-test-01,img_6228,ADRES,E,18.205,0.6609,0.4082,0.5797,sam_uploaded,4311.647,32624,71180,12.95
2026-09-02T22:31:56.000,pi-test-01,img_6229,ADRES,Q,23.774,0.8334,0.347,0.5152,sam_uploaded,5156.12,32624,115635,7.97
2026-09-02T22:31:56.000,pi-test-01,img_6229,ADRES,E,21.016,0.7544,0.347,0.5152,sam_uploaded,4189.027,32624,68470,13.46
2026-09-02T22:32:05.829,pi-test-01,img_6230,ADRES,Q,23.767,0.8334,0.2985,0.4598,sam_uploaded,5159.959,32624,116973,7.88
2026-09-02T22:32:05.829,pi-test-01,img_6230,ADRES,E,20.964,0.7497,0.2985,0.4598,sam_uploaded,4176.558,32624,69058,13.35
2026-09-02T22:32:15.663,pi-test-01,img_6231,ADRES,Q,23.836,0.8333,0.3811,0.5519,sam_uploaded,5123.025,32624,114459,8.05
2026-09-02T22:32:15.663,pi-test-01,img_6231,ADRES,E,21.019,0.7512,0.3811,0.5519,sam_uploaded,4142.801,32624,68079,13.54
2026-09-02T22:32:25.510,pi-test-01,img_6232,ADRES,Q,23.794,0.8333,0.3019,0.4638,sam_uploaded,5138.837,32624,113663,8.11
2026-09-02T22:32:25.510,pi-test-01,img_6232,ADRES,E,20.982,0.7508,0.3019,0.4638,sam_uploaded,4175.534,32624,67979,13.56
2026-09-02T22:32:37.438,pi-test-01,img_6233,ADRES,Q,24.414,0.8483,0.3568,0.526,sam_uploaded,6112.698,32624,138668,6.65
2026-09-02T22:32:37.438,pi-test-01,img_6233,ADRES,E,20.226,0.7123,0.3568,0.526,sam_uploaded,5189.056,32624,88312,10.44
2026-09-02T22:32:49.294,pi-test-01,img_6234,ADRES,Q,24.453,0.8481,0.3687,0.5387,sam_uploaded,6076.688,32624,141933,6.49
2026-09-02T22:32:49.294,pi-test-01,img_6234,ADRES,E,20.277,0.713,0.3687,0.5387,sam_uploaded,5225.661,32624,88483,10.42
2026-09-02T22:33:01.158,pi-test-01,img_6235,ADRES,Q,24.458,0.8485,0.3892,0.5603,sam_uploaded,6088.634,32624,143432,6.43
2026-09-02T22:33:01.158,pi-test-01,img_6235,ADRES,E,20.288,0.7141,0.3892,0.5603,sam_uploaded,5189.693,32624,90205,10.22
2026-09-02T22:33:13.045,pi-test-01,img_6236,ADRES,Q,24.494,0.8482,0.3836,0.5545,sam_uploaded,6103.018,32624,141143,6.53
2026-09-02T22:33:13.045,pi-test-01,img_6236,ADRES,E,20.276,0.7126,0.3836,0.5545,sam_uploaded,5222.43,32624,89874,10.25
2026-09-02T22:33:24.646,pi-test-01,img_6237,ADRES,Q,23.091,0.8147,0.3925,0.5637,sam_uploaded,5921.134,32624,137747,6.69
2026-09-02T22:33:24.646,pi-test-01,img_6237,ADRES,E,19.703,0.6861,0.3925,0.5637,sam_uploaded,5095.262,32624,83015,11.1
2026-09-02T22:33:36.295,pi-test-01,img_6238,ADRES,Q,23.11,0.8159,0.4041,0.5756,sam_uploaded,6015.271,32624,138925,6.63
2026-09-02T22:33:36.295,pi-test-01,img_6238,ADRES,E,19.672,0.6839,0.4041,0.5756,sam_uploaded,5068.527,32624,83255,11.07
2026-09-02T22:33:47.970,pi-test-01,img_6239,ADRES,Q,23.178,0.8166,0.4098,0.5813,sam_uploaded,5999.892,32624,140493,6.56
2026-09-02T22:33:47.970,pi-test-01,img_6239,ADRES,E,19.777,0.6904,0.4098,0.5813,sam_uploaded,5091.301,32624,84603,10.89
2026-09-02T22:33:59.540,pi-test-01,img_6240,ADRES,Q,23.16,0.8168,0.3805,0.5513,sam_uploaded,5893.825,32624,143262,6.43
2026-09-02T22:33:59.540,pi-test-01,img_6240,ADRES,E,19.74,0.6905,0.3805,0.5513,sam_uploaded,5071.298,32624,85904,10.73
2026-09-02T22:34:11.191,pi-test-01,img_6241,ADRES,Q,22.395,0.8035,0.5026,0.6689,sam_uploaded,5810.062,32624,149845,6.15
2026-09-02T22:34:11.191,pi-test-01,img_6241,ADRES,E,19.218,0.6676,0.5026,0.6689,sam_uploaded,5213.926,32624,91457,10.08
2026-09-02T22:34:23.056,pi-test-01,img_6242,ADRES,Q,22.41,0.804,0.501,0.6675,sam_uploaded,5913.366,32624,149707,6.16
2026-09-02T22:34:23.056,pi-test-01,img_6242,ADRES,E,19.279,0.6671,0.501,0.6675,sam_uploaded,5291.814,32624,91541,10.07
2026-09-02T22:34:34.622,pi-test-01,img_6243,ADRES,Q,22.408,0.8045,0.5005,0.6671,sam_uploaded,5691.603,32624,153865,5.99
2026-09-02T22:34:34.622,pi-test-01,img_6243,ADRES,E,19.246,0.6692,0.5005,0.6671,sam_uploaded,5215.11,32624,92666,9.95
2026-09-02T22:34:46.188,pi-test-01,img_6244,ADRES,Q,22.429,0.8043,0.4892,0.657,sam_uploaded,5701.422,32624,154199,5.98
2026-09-02T22:34:46.188,pi-test-01,img_6244,ADRES,E,19.267,0.668,0.4892,0.657,sam_uploaded,5241.895,32624,92560,9.96
2026-09-02T22:34:50.943,pi-test-01,img_6245,ADRES,Q,19.099,0.1833,0.1744,0.297,sam_uploaded,2155.425,32624,44330,20.79
2026-09-02T22:34:50.943,pi-test-01,img_6245,ADRES,E,18.069,0.1079,0.1744,0.297,sam_uploaded,2106.682,32624,26457,34.83
2026-09-02T22:34:55.768,pi-test-01,img_6246,ADRES,Q,19.071,0.1819,0.1725,0.2943,sam_uploaded,2221.637,32624,45376,20.31
2026-09-02T22:34:55.768,pi-test-01,img_6246,ADRES,E,18.082,0.1081,0.1725,0.2943,sam_uploaded,2152.579,32624,26792,34.4
2026-09-02T22:35:00.576,pi-test-01,img_6247,ADRES,Q,19.134,0.1864,0.1687,0.2886,sam_uploaded,2150.132,32624,47644,19.34
2026-09-02T22:35:00.576,pi-test-01,img_6247,ADRES,E,18.083,0.1088,0.1687,0.2886,sam_uploaded,2077.889,32624,27961,32.96
2026-09-02T22:35:05.189,pi-test-01,img_6248,ADRES,Q,19.108,0.185,0.1651,0.2834,sam_uploaded,2117.926,32624,46654,19.75
2026-09-02T22:35:05.189,pi-test-01,img_6248,ADRES,E,18.077,0.1087,0.1651,0.2834,sam_uploaded,2033.364,32624,27387,33.65
2026-09-02T22:35:11.366,pi-test-01,img_6249,ADRES,Q,19.129,0.3638,0.19,0.3193,sam_uploaded,2853.365,32624,82117,11.22
2026-09-02T22:35:11.366,pi-test-01,img_6249,ADRES,E,17.13,0.2253,0.19,0.3193,sam_uploaded,2815.905,32624,50060,18.41
2026-09-02T22:35:17.631,pi-test-01,img_6250,ADRES,Q,19.105,0.3645,0.1853,0.3127,sam_uploaded,2875.088,32624,85587,10.77
2026-09-02T22:35:17.631,pi-test-01,img_6250,ADRES,E,17.112,0.2247,0.1853,0.3127,sam_uploaded,2822.134,32624,50464,18.26
2026-09-02T22:35:23.881,pi-test-01,img_6251,ADRES,Q,19.191,0.3698,0.1935,0.3243,sam_uploaded,2901.661,32624,85942,10.72
2026-09-02T22:35:23.881,pi-test-01,img_6251,ADRES,E,17.152,0.2274,0.1935,0.3243,sam_uploaded,2866.729,32624,51221,17.99
2026-09-02T22:35:30.143,pi-test-01,img_6252,ADRES,Q,19.175,0.368,0.1896,0.3188,sam_uploaded,2868.178,32624,85409,10.79
2026-09-02T22:35:30.143,pi-test-01,img_6252,ADRES,E,17.158,0.2281,0.1896,0.3188,sam_uploaded,2832.406,32624,51086,18.04
2026-09-02T22:35:34.374,pi-test-01,img_6253,ADRES,Q,19.266,0.2225,0.1429,0.25,sam_uploaded,1982.112,32624,46050,20.01
2026-09-02T22:35:34.374,pi-test-01,img_6253,ADRES,E,17.743,0.1265,0.1429,0.25,sam_uploaded,1790.342,32624,26224,35.14
2026-09-02T22:35:38.554,pi-test-01,img_6254,ADRES,Q,19.222,0.2213,0.1309,0.2315,sam_uploaded,1930.148,32624,46714,19.73
2026-09-02T22:35:38.554,pi-test-01,img_6254,ADRES,E,17.724,0.1262,0.1309,0.2315,sam_uploaded,1705.394,32624,26276,35.07
2026-09-02T22:35:42.688,pi-test-01,img_6255,ADRES,Q,19.311,0.2264,0.133,0.2348,sam_uploaded,1905.92,32624,48525,18.99
2026-09-02T22:35:42.688,pi-test-01,img_6255,ADRES,E,17.765,0.1274,0.133,0.2348,sam_uploaded,1708.896,32624,27413,33.62
2026-09-02T22:35:46.963,pi-test-01,img_6256,ADRES,Q,19.269,0.2243,0.1726,0.2943,sam_uploaded,1991.174,32624,48448,19.02
2026-09-02T22:35:46.963,pi-test-01,img_6256,ADRES,E,17.756,0.1271,0.1726,0.2943,sam_uploaded,1808.094,32624,27453,33.57
2026-09-02T22:35:49.582,pi-test-01,img_6257,ADRES,Q,19.091,0.1444,0.022,0.0431,sam_uploaded,1168.527,32624,26133,35.27
2026-09-02T22:35:49.582,pi-test-01,img_6257,ADRES,E,17.736,0.0592,0.022,0.0431,sam_uploaded,1017.149,32624,14378,64.1
2026-09-02T22:35:52.156,pi-test-01,img_6258,ADRES,Q,19.045,0.1418,0.0205,0.0402,sam_uploaded,1204.109,32624,26624,34.62
2026-09-02T22:35:52.156,pi-test-01,img_6258,ADRES,E,17.745,0.059,0.0205,0.0402,sam_uploaded,974.482,32624,14225,64.79
2026-09-02T22:35:54.820,pi-test-01,img_6259,ADRES,Q,19.115,0.1464,0.0214,0.042,sam_uploaded,1203.424,32624,25599,36
2026-09-02T22:35:54.820,pi-test-01,img_6259,ADRES,E,17.752,0.0597,0.0214,0.042,sam_uploaded,1004.778,32624,14199,64.91
2026-09-02T22:35:57.471,pi-test-01,img_6260,ADRES,Q,19.075,0.1437,0.0197,0.0386,sam_uploaded,1208.092,32624,25968,35.49
2026-09-02T22:35:57.471,pi-test-01,img_6260,ADRES,E,17.74,0.0588,0.0197,0.0386,sam_uploaded,985.537,32624,14262,64.62
2026-09-02T22:36:01.165,pi-test-01,img_6261,ADRES,Q,18.933,0.2402,0.1098,0.1978,sam_uploaded,1736.959,32624,47460,19.42
2026-09-02T22:36:01.165,pi-test-01,img_6261,ADRES,E,17.084,0.1102,0.1098,0.1978,sam_uploaded,1564.62,32624,27009,34.12
2026-09-02T22:36:05.018,pi-test-01,img_6262,ADRES,Q,18.894,0.2355,0.1034,0.1874,sam_uploaded,1726.496,32624,49738,18.53
2026-09-02T22:36:05.018,pi-test-01,img_6262,ADRES,E,17.08,0.1092,0.1034,0.1874,sam_uploaded,1628.777,32624,27084,34.03
2026-09-02T22:36:08.656,pi-test-01,img_6263,ADRES,Q,18.968,0.2444,0.1017,0.1847,sam_uploaded,1672.219,32624,49573,18.59
2026-09-02T22:36:08.656,pi-test-01,img_6263,ADRES,E,17.074,0.1096,0.1017,0.1847,sam_uploaded,1534.249,32624,27990,32.93
2026-09-02T22:36:12.342,pi-test-01,img_6264,ADRES,Q,18.947,0.2398,0.105,0.1901,sam_uploaded,1694.695,32624,49445,18.64
2026-09-02T22:36:12.342,pi-test-01,img_6264,ADRES,E,17.1,0.1097,0.105,0.1901,sam_uploaded,1591.454,32624,27603,33.39
2026-09-02T22:36:20.106,pi-test-01,img_6265,ADRES,Q,19.922,0.4758,0.3408,0.5083,sam_uploaded,3685.896,32624,101347,9.09
2026-09-02T22:36:20.106,pi-test-01,img_6265,ADRES,E,17.671,0.3357,0.3408,0.5083,sam_uploaded,3527.878,32624,62442,14.76
2026-09-02T22:36:27.983,pi-test-01,img_6266,ADRES,Q,19.946,0.4776,0.366,0.5359,sam_uploaded,3710.414,32624,104559,8.81
2026-09-02T22:36:27.983,pi-test-01,img_6266,ADRES,E,17.722,0.337,0.366,0.5359,sam_uploaded,3631.959,32624,62456,14.76
2026-09-02T22:36:35.603,pi-test-01,img_6267,ADRES,Q,19.985,0.4799,0.3483,0.5166,sam_uploaded,3579.023,32624,106639,8.64
2026-09-02T22:36:35.603,pi-test-01,img_6267,ADRES,E,17.724,0.3379,0.3483,0.5166,sam_uploaded,3559.368,32624,65214,14.13
2026-09-02T22:36:43.153,pi-test-01,img_6268,ADRES,Q,20.014,0.4798,0.3695,0.5397,sam_uploaded,3569.095,32624,105786,8.71
2026-09-02T22:36:43.153,pi-test-01,img_6268,ADRES,E,17.753,0.3377,0.3695,0.5397,sam_uploaded,3427.161,32624,64543,14.28
2026-09-02T22:36:48.053,pi-test-01,img_6269,ADRES,Q,18.995,0.2826,0.1286,0.228,sam_uploaded,2310.155,32624,68788,13.4
2026-09-02T22:36:48.053,pi-test-01,img_6269,ADRES,E,17.146,0.1574,0.1286,0.228,sam_uploaded,2124.428,32624,38132,24.17
2026-09-02T22:36:53.175,pi-test-01,img_6270,ADRES,Q,18.979,0.2807,0.1276,0.2263,sam_uploaded,2365.823,32624,68761,13.4
2026-09-02T22:36:53.175,pi-test-01,img_6270,ADRES,E,17.111,0.156,0.1276,0.2263,sam_uploaded,2232.135,32624,38304,24.06
2026-09-02T22:36:58.310,pi-test-01,img_6271,ADRES,Q,18.977,0.2811,0.1261,0.224,sam_uploaded,2377.365,32624,70072,13.15
2026-09-02T22:36:58.310,pi-test-01,img_6271,ADRES,E,17.125,0.157,0.1261,0.224,sam_uploaded,2188.685,32624,39555,23.3
2026-09-02T22:37:03.314,pi-test-01,img_6272,ADRES,Q,19.001,0.2823,0.1291,0.2287,sam_uploaded,2321.09,32624,69619,13.24
2026-09-02T22:37:03.314,pi-test-01,img_6272,ADRES,E,17.151,0.157,0.1291,0.2287,sam_uploaded,2127.876,32624,38680,23.83
2026-09-02T22:37:11.367,pi-test-01,img_6273,ADRES,Q,21.195,0.7325,0.3719,0.5421,sam_uploaded,4070.781,32624,88220,10.45
2026-09-02T22:37:11.367,pi-test-01,img_6273,ADRES,E,18.068,0.638,0.3719,0.5421,sam_uploaded,3522.41,32624,52280,17.63
2026-09-02T22:37:19.506,pi-test-01,img_6274,ADRES,Q,21.186,0.7319,0.3803,0.551,sam_uploaded,4075.357,32624,90369,10.2
2026-09-02T22:37:19.506,pi-test-01,img_6274,ADRES,E,18.049,0.6354,0.3803,0.551,sam_uploaded,3477.847,32624,52258,17.64
2026-09-02T22:37:27.485,pi-test-01,img_6275,ADRES,Q,21.275,0.7354,0.3777,0.5483,sam_uploaded,4004.495,32624,89662,10.28
2026-09-02T22:37:27.485,pi-test-01,img_6275,ADRES,E,18.146,0.6433,0.3777,0.5483,sam_uploaded,3421.426,32624,51989,17.73
2026-09-02T22:37:35.560,pi-test-01,img_6276,ADRES,Q,21.266,0.7353,0.3664,0.5363,sam_uploaded,4093.984,32624,89478,10.3
2026-09-02T22:37:35.560,pi-test-01,img_6276,ADRES,E,18.138,0.6431,0.3664,0.5363,sam_uploaded,3469.712,32624,51893,17.76
2026-09-02T22:37:44.018,pi-test-01,img_6277,ADRES,Q,21.209,0.7887,0.2703,0.4256,sam_uploaded,4026.745,32624,98712,9.34
2026-09-02T22:37:44.018,pi-test-01,img_6277,ADRES,E,17.997,0.6808,0.2703,0.4256,sam_uploaded,3846.818,32624,61596,14.96
2026-09-02T22:37:52.606,pi-test-01,img_6278,ADRES,Q,21.157,0.791,0.2773,0.4342,sam_uploaded,4140.343,32624,102153,9.02
2026-09-02T22:37:52.606,pi-test-01,img_6278,ADRES,E,17.958,0.6731,0.2773,0.4342,sam_uploaded,3888.317,32624,61979,14.87
2026-09-02T22:38:01.191,pi-test-01,img_6279,ADRES,Q,21.267,0.7931,0.2682,0.4229,sam_uploaded,4066.053,32624,102791,8.97
2026-09-02T22:38:01.191,pi-test-01,img_6279,ADRES,E,18.079,0.6902,0.2682,0.4229,sam_uploaded,3947.072,32624,62704,14.7
2026-09-02T22:38:09.752,pi-test-01,img_6280,ADRES,Q,21.286,0.792,0.2743,0.4305,sam_uploaded,4020.411,32624,102493,8.99
2026-09-02T22:38:09.752,pi-test-01,img_6280,ADRES,E,18.102,0.6846,0.2743,0.4305,sam_uploaded,3815.757,32624,63004,14.63
2026-09-02T22:38:18.919,pi-test-01,img_6281,ADRES,Q,21.837,0.7752,0.3755,0.546,sam_uploaded,4427.31,32624,104218,8.84
2026-09-02T22:38:18.919,pi-test-01,img_6281,ADRES,E,18.341,0.6554,0.3755,0.546,sam_uploaded,4162.453,32624,64764,14.23
2026-09-02T22:38:27.909,pi-test-01,img_6282,ADRES,Q,21.849,0.7766,0.3687,0.5387,sam_uploaded,4414.484,32624,106254,8.67
2026-09-02T22:38:27.909,pi-test-01,img_6282,ADRES,E,18.318,0.653,0.3687,0.5387,sam_uploaded,4073.952,32624,65121,14.15
2026-09-02T22:38:36.850,pi-test-01,img_6283,ADRES,Q,21.905,0.7763,0.3587,0.528,sam_uploaded,4416.145,32624,106617,8.64
2026-09-02T22:38:36.850,pi-test-01,img_6283,ADRES,E,18.414,0.6578,0.3587,0.528,sam_uploaded,4046.224,32624,65469,14.08
2026-09-02T22:38:46.037,pi-test-01,img_6284,ADRES,Q,21.885,0.7768,0.3761,0.5466,sam_uploaded,4413.47,32624,108113,8.52
2026-09-02T22:38:46.037,pi-test-01,img_6284,ADRES,E,18.334,0.6551,0.3761,0.5466,sam_uploaded,4182.518,32624,66167,13.93
2026-09-02T22:38:54.216,pi-test-01,img_6285,ADRES,Q,21.755,0.756,0.4742,0.6433,sam_uploaded,4165.828,32624,87844,10.49
2026-09-02T22:38:54.216,pi-test-01,img_6285,ADRES,E,19.584,0.6885,0.4742,0.6433,sam_uploaded,3516.136,32624,52222,17.65
2026-09-02T22:39:02.517,pi-test-01,img_6286,ADRES,Q,21.758,0.7572,0.4833,0.6517,sam_uploaded,4263.035,32624,89447,10.3
2026-09-02T22:39:02.517,pi-test-01,img_6286,ADRES,E,19.57,0.6866,0.4833,0.6517,sam_uploaded,3582.081,32624,51630,17.85
2026-09-02T22:39:10.909,pi-test-01,img_6287,ADRES,Q,21.809,0.7572,0.4862,0.6543,sam_uploaded,4261.412,32624,87382,10.55
2026-09-02T22:39:10.909,pi-test-01,img_6287,ADRES,E,19.641,0.6916,0.4862,0.6543,sam_uploaded,3575.696,32624,51887,17.76
2026-09-02T22:39:19.168,pi-test-01,img_6288,ADRES,Q,21.822,0.7568,0.4459,0.6168,sam_uploaded,4203.421,32624,88230,10.45
2026-09-02T22:39:19.168,pi-test-01,img_6288,ADRES,E,19.632,0.6894,0.4459,0.6168,sam_uploaded,3542.973,32624,52020,17.72
2026-09-02T22:39:24.693,pi-test-01,img_6289,ADRES,Q,20.17,0.7601,0.1062,0.192,sam_uploaded,2634.229,32624,63468,14.52
2026-09-02T22:39:24.693,pi-test-01,img_6289,ADRES,E,17.094,0.6924,0.1062,0.192,sam_uploaded,2384.559,32624,36836,25.02
2026-09-02T22:39:30.193,pi-test-01,img_6290,ADRES,Q,20.141,0.7606,0.0974,0.1776,sam_uploaded,2676.32,32624,67703,13.61
2026-09-02T22:39:30.193,pi-test-01,img_6290,ADRES,E,17.13,0.687,0.0974,0.1776,sam_uploaded,2359.304,32624,37364,24.67
2026-09-02T22:39:35.645,pi-test-01,img_6291,ADRES,Q,20.216,0.759,0.1028,0.1865,sam_uploaded,2659.729,32624,63548,14.5
2026-09-02T22:39:35.645,pi-test-01,img_6291,ADRES,E,17.117,0.6884,0.1028,0.1865,sam_uploaded,2340.514,32624,36657,25.14
2026-09-02T22:39:41.285,pi-test-01,img_6292,ADRES,Q,20.196,0.7586,0.1021,0.1853,sam_uploaded,2723.931,32624,63893,14.42
2026-09-02T22:39:41.285,pi-test-01,img_6292,ADRES,E,17.167,0.6859,0.1021,0.1853,sam_uploaded,2406.86,32624,36935,24.95
2026-09-02T22:39:48.795,pi-test-01,img_6293,ADRES,Q,21.071,0.7876,0.2678,0.4225,sam_uploaded,3572.251,32624,91698,10.05
2026-09-02T22:39:48.795,pi-test-01,img_6293,ADRES,E,17.749,0.6868,0.2678,0.4225,sam_uploaded,3367.252,32624,55158,16.71
2026-09-02T22:39:56.269,pi-test-01,img_6294,ADRES,Q,21.093,0.791,0.2597,0.4123,sam_uploaded,3569.457,32624,95226,9.68
2026-09-02T22:39:56.269,pi-test-01,img_6294,ADRES,E,17.746,0.6834,0.2597,0.4123,sam_uploaded,3412.606,32624,55601,16.58
2026-09-02T22:40:03.786,pi-test-01,img_6295,ADRES,Q,21.091,0.7889,0.2894,0.4488,sam_uploaded,3592.105,32624,92811,9.93
2026-09-02T22:40:03.786,pi-test-01,img_6295,ADRES,E,17.768,0.6866,0.2894,0.4488,sam_uploaded,3387.53,32624,55421,16.63
2026-09-02T22:40:11.215,pi-test-01,img_6296,ADRES,Q,21.14,0.7885,0.271,0.4264,sam_uploaded,3555.316,32624,91880,10.03
2026-09-02T22:40:11.215,pi-test-01,img_6296,ADRES,E,17.827,0.6846,0.271,0.4264,sam_uploaded,3379.037,32624,55249,16.68
2026-09-02T22:40:19.247,pi-test-01,img_6297,ADRES,Q,20.688,0.7387,0.2416,0.3892,sam_uploaded,3859.657,32624,105518,8.73
2026-09-02T22:40:19.247,pi-test-01,img_6297,ADRES,E,17.519,0.6088,0.2416,0.3892,sam_uploaded,3583.62,32624,62169,14.82
2026-09-02T22:40:27.192,pi-test-01,img_6298,ADRES,Q,20.683,0.7373,0.2379,0.3844,sam_uploaded,3832.858,32624,106340,8.67
2026-09-02T22:40:27.192,pi-test-01,img_6298,ADRES,E,17.583,0.6087,0.2379,0.3844,sam_uploaded,3609.743,32624,62255,14.8
2026-09-02T22:40:35.236,pi-test-01,img_6299,ADRES,Q,20.699,0.7393,0.2472,0.3964,sam_uploaded,3836.327,32624,106442,8.66
2026-09-02T22:40:35.236,pi-test-01,img_6299,ADRES,E,17.558,0.6103,0.2472,0.3964,sam_uploaded,3611.524,32624,62213,14.81
2026-09-02T22:40:43.095,pi-test-01,img_6300,ADRES,Q,20.708,0.7403,0.2313,0.3757,sam_uploaded,3784.66,32624,106284,8.67
2026-09-02T22:40:43.095,pi-test-01,img_6300,ADRES,E,17.549,0.6101,0.2313,0.3757,sam_uploaded,3500.139,32624,62040,14.85
2026-09-02T22:40:51.358,pi-test-01,img_6301,ADRES,Q,21.467,0.7484,0.3989,0.5703,sam_uploaded,4123.371,32624,87155,10.57
2026-09-02T22:40:51.358,pi-test-01,img_6301,ADRES,E,17.854,0.6323,0.3989,0.5703,sam_uploaded,3638.821,32624,52361,17.6
2026-09-02T22:40:59.647,pi-test-01,img_6302,ADRES,Q,21.459,0.7489,0.385,0.556,sam_uploaded,4178.71,32624,89275,10.32
2026-09-02T22:40:59.647,pi-test-01,img_6302,ADRES,E,17.85,0.6284,0.385,0.556,sam_uploaded,3631.682,32624,52506,17.55
2026-09-02T22:41:07.835,pi-test-01,img_6303,ADRES,Q,21.542,0.7506,0.3957,0.567,sam_uploaded,4099.323,32624,87535,10.53
2026-09-02T22:41:07.835,pi-test-01,img_6303,ADRES,E,17.911,0.6362,0.3957,0.567,sam_uploaded,3582.935,32624,51669,17.84
2026-09-02T22:41:16.039,pi-test-01,img_6304,ADRES,Q,21.534,0.7508,0.3763,0.5468,sam_uploaded,4070.921,32624,87745,10.5
2026-09-02T22:41:16.039,pi-test-01,img_6304,ADRES,E,17.908,0.6377,0.3763,0.5468,sam_uploaded,3565.845,32624,51625,17.85
2026-09-02T22:41:22.914,pi-test-01,img_6305,ADRES,Q,20.614,0.7711,0.1394,0.2446,sam_uploaded,3284.447,32624,76596,12.03
2026-09-02T22:41:22.914,pi-test-01,img_6305,ADRES,E,17.666,0.6585,0.1394,0.2446,sam_uploaded,3106.628,32624,46600,19.78
2026-09-02T22:41:30.050,pi-test-01,img_6306,ADRES,Q,20.567,0.7729,0.1752,0.2982,sam_uploaded,3376.749,32624,80595,11.43
2026-09-02T22:41:30.050,pi-test-01,img_6306,ADRES,E,17.636,0.6521,0.1752,0.2982,sam_uploaded,3213.907,32624,47151,19.55
2026-09-02T22:41:37.039,pi-test-01,img_6307,ADRES,Q,20.676,0.7754,0.1416,0.248,sam_uploaded,3269.506,32624,79235,11.63
2026-09-02T22:41:37.039,pi-test-01,img_6307,ADRES,E,17.704,0.6647,0.1416,0.248,sam_uploaded,3139.324,32624,47110,19.56
2026-09-02T22:41:43.989,pi-test-01,img_6308,ADRES,Q,20.684,0.7756,0.1332,0.2351,sam_uploaded,3252.504,32624,78452,11.75
2026-09-02T22:41:43.989,pi-test-01,img_6308,ADRES,E,17.786,0.6662,0.1332,0.2351,sam_uploaded,3126.151,32624,46861,19.67
2026-09-02T22:41:53.443,pi-test-01,img_6309,ADRES,Q,22.21,0.8104,0.3117,0.4752,sam_uploaded,4575.567,32624,110171,8.37
2026-09-02T22:41:53.443,pi-test-01,img_6309,ADRES,E,19.065,0.7028,0.3117,0.4752,sam_uploaded,4357.582,32624,69297,13.3
2026-09-02T22:42:02.793,pi-test-01,img_6310,ADRES,Q,22.221,0.8107,0.3007,0.4624,sam_uploaded,4533.02,32624,113592,8.11
2026-09-02T22:42:02.793,pi-test-01,img_6310,ADRES,E,19.055,0.7013,0.3007,0.4624,sam_uploaded,4247.118,32624,69434,13.27
2026-09-02T22:42:12.158,pi-test-01,img_6311,ADRES,Q,22.285,0.8119,0.3229,0.4882,sam_uploaded,4519.829,32624,113545,8.12
2026-09-02T22:42:12.158,pi-test-01,img_6311,ADRES,E,19.186,0.7038,0.3229,0.4882,sam_uploaded,4258.229,32624,69835,13.2
2026-09-02T22:42:22.543,pi-test-01,img_6312,ADRES,Q,22.246,0.8106,0.4086,0.5801,sam_uploaded,4577.062,32624,113747,8.1
2026-09-02T22:42:22.543,pi-test-01,img_6312,ADRES,E,19.06,0.7042,0.4086,0.5801,sam_uploaded,4328.335,32624,70077,13.15
2026-09-02T22:42:30.564,pi-test-01,img_6313,ADRES,Q,21.384,0.7463,0.3648,0.5346,sam_uploaded,3875.515,32624,82575,11.16
2026-09-02T22:42:30.564,pi-test-01,img_6313,ADRES,E,18.537,0.6757,0.3648,0.5346,sam_uploaded,3527.106,32624,50140,18.38
2026-09-02T22:42:38.542,pi-test-01,img_6314,ADRES,Q,21.381,0.747,0.3383,0.5055,sam_uploaded,4015.064,32624,84355,10.93
2026-09-02T22:42:38.542,pi-test-01,img_6314,ADRES,E,18.509,0.6713,0.3383,0.5055,sam_uploaded,3499.077,32624,50513,18.24
2026-09-02T22:42:46.541,pi-test-01,img_6315,ADRES,Q,21.44,0.7467,0.3556,0.5246,sam_uploaded,3981.453,32624,84027,10.97
2026-09-02T22:42:46.541,pi-test-01,img_6315,ADRES,E,18.543,0.6735,0.3556,0.5246,sam_uploaded,3533.5,32624,50980,18.08
2026-09-02T22:42:54.428,pi-test-01,img_6316,ADRES,Q,21.436,0.7474,0.3554,0.5244,sam_uploaded,3865.545,32624,83732,11.01
2026-09-02T22:42:54.428,pi-test-01,img_6316,ADRES,E,18.553,0.6736,0.3554,0.5244,sam_uploaded,3463.529,32624,50729,18.17
2026-09-02T22:43:01.077,pi-test-01,img_6317,ADRES,Q,20.771,0.7886,0.1726,0.2944,sam_uploaded,3145.62,32624,76572,12.04
2026-09-02T22:43:01.077,pi-test-01,img_6317,ADRES,E,17.645,0.7029,0.1726,0.2944,sam_uploaded,2993.351,32624,45497,20.26
2026-09-02T22:43:07.530,pi-test-01,img_6318,ADRES,Q,20.765,0.7893,0.1621,0.279,sam_uploaded,3094.849,32624,79708,11.56
2026-09-02T22:43:07.530,pi-test-01,img_6318,ADRES,E,17.628,0.6955,0.1621,0.279,sam_uploaded,2851.162,32624,45852,20.1
2026-09-02T22:43:13.980,pi-test-01,img_6319,ADRES,Q,20.829,0.7895,0.1743,0.2969,sam_uploaded,3103.811,32624,77816,11.84
2026-09-02T22:43:13.980,pi-test-01,img_6319,ADRES,E,17.677,0.7044,0.1743,0.2969,sam_uploaded,2882.275,32624,45667,20.18
2026-09-02T22:43:20.662,pi-test-01,img_6320,ADRES,Q,20.819,0.789,0.1785,0.303,sam_uploaded,3126.981,32624,78565,11.73
2026-09-02T22:43:20.662,pi-test-01,img_6320,ADRES,E,17.713,0.7002,0.1785,0.303,sam_uploaded,2961.534,32624,46045,20.02
2026-09-02T22:43:26.735,pi-test-01,img_6321,ADRES,Q,20.297,0.7478,0.1742,0.2968,sam_uploaded,2851.629,32624,68711,13.41
2026-09-02T22:43:26.735,pi-test-01,img_6321,ADRES,E,17.131,0.6659,0.1742,0.2968,sam_uploaded,2595.336,32624,40115,22.97
2026-09-02T22:43:32.751,pi-test-01,img_6322,ADRES,Q,20.313,0.7512,0.1856,0.3131,sam_uploaded,2818.592,32624,71367,12.91
2026-09-02T22:43:32.751,pi-test-01,img_6322,ADRES,E,17.155,0.661,0.1856,0.3131,sam_uploaded,2619.222,32624,40564,22.72
2026-09-02T22:43:38.718,pi-test-01,img_6323,ADRES,Q,20.331,0.7491,0.1767,0.3003,sam_uploaded,2783.777,32624,69996,13.17
2026-09-02T22:43:38.718,pi-test-01,img_6323,ADRES,E,17.155,0.6662,0.1767,0.3003,sam_uploaded,2587.116,32624,40360,22.83
2026-09-02T22:43:44.521,pi-test-01,img_6324,ADRES,Q,20.362,0.749,0.1726,0.2944,sam_uploaded,2828.738,32624,69605,13.24
2026-09-02T22:43:44.521,pi-test-01,img_6324,ADRES,E,17.209,0.662,0.1726,0.2944,sam_uploaded,2494.889,32624,40251,22.9
2026-09-02T22:43:52.437,pi-test-01,img_6325,ADRES,Q,20.881,0.742,0.2315,0.3759,sam_uploaded,3836.527,32624,102761,8.97
2026-09-02T22:43:52.437,pi-test-01,img_6325,ADRES,E,17.626,0.6114,0.2315,0.3759,sam_uploaded,3538.315,32624,60918,15.13
2026-09-02T22:44:00.427,pi-test-01,img_6326,ADRES,Q,20.889,0.7414,0.214,0.3526,sam_uploaded,3839.512,32624,102986,8.95
2026-09-02T22:44:00.427,pi-test-01,img_6326,ADRES,E,17.629,0.6124,0.214,0.3526,sam_uploaded,3618.745,32624,61215,15.06
2026-09-02T22:44:08.313,pi-test-01,img_6327,ADRES,Q,20.913,0.7442,0.2237,0.3656,sam_uploaded,3791.834,32624,103016,8.95
2026-09-02T22:44:08.313,pi-test-01,img_6327,ADRES,E,17.664,0.6178,0.2237,0.3656,sam_uploaded,3577.703,32624,60686,15.19
2026-09-02T22:44:16.376,pi-test-01,img_6328,ADRES,Q,20.924,0.7441,0.2121,0.35,sam_uploaded,3862.585,32624,102239,9.01
2026-09-02T22:44:16.376,pi-test-01,img_6328,ADRES,E,17.645,0.6135,0.2121,0.35,sam_uploaded,3573.577,32624,60698,15.18
2026-09-02T22:44:26.572,pi-test-01,img_6329,ADRES,Q,23.519,0.7703,0.1474,0.257,sam_uploaded,5528.726,32624,148802,6.19
2026-09-02T22:44:26.572,pi-test-01,img_6329,ADRES,E,19.919,0.6638,0.1474,0.257,sam_uploaded,4070.315,32624,73298,12.57
2026-09-02T22:44:36.821,pi-test-01,img_6330,ADRES,Q,23.536,0.7703,0.148,0.2578,sam_uploaded,5699.018,32624,140665,6.55
2026-09-02T22:44:36.821,pi-test-01,img_6330,ADRES,E,19.873,0.6621,0.148,0.2578,sam_uploaded,4023.315,32624,71546,12.88
2026-09-02T22:44:47.204,pi-test-01,img_6331,ADRES,Q,23.614,0.7724,0.1697,0.2902,sam_uploaded,5729.627,32624,139296,6.62
2026-09-02T22:44:47.204,pi-test-01,img_6331,ADRES,E,20.055,0.6688,0.1697,0.2902,sam_uploaded,4086.576,32624,70737,13.03
2026-09-02T22:44:57.391,pi-test-01,img_6332,ADRES,Q,23.54,0.7717,0.1494,0.26,sam_uploaded,5555.497,32624,145672,6.33
2026-09-02T22:44:57.391,pi-test-01,img_6332,ADRES,E,19.891,0.6664,0.1494,0.26,sam_uploaded,3990.246,32624,73180,12.59
2026-09-02T22:45:10.872,pi-test-01,img_6333,ADRES,Q,24.622,0.7949,0.741,0.8513,sam_uploaded,6384.45,32624,239346,3.85
2026-09-02T22:45:10.872,pi-test-01,img_6333,ADRES,E,20.501,0.6296,0.741,0.8513,sam_uploaded,6440.021,32624,142893,6.45
2026-09-02T22:45:24.314,pi-test-01,img_6334,ADRES,Q,24.561,0.7941,0.7451,0.8539,sam_uploaded,6333.345,32624,241368,3.82
2026-09-02T22:45:24.314,pi-test-01,img_6334,ADRES,E,20.519,0.63,0.7451,0.8539,sam_uploaded,6404.974,32624,143724,6.41
2026-09-02T22:45:39.816,pi-test-01,img_6335,ADRES,Q,24.371,0.7891,0.7464,0.8548,sam_uploaded,7946.576,33028,193109,4.77
2026-09-02T22:45:39.816,pi-test-01,img_6335,ADRES,E,20.34,0.6214,0.7464,0.8548,sam_uploaded,6931.157,33028,120643,7.64
2026-09-02T22:45:55.353,pi-test-01,img_6336,ADRES,Q,24.432,0.7901,0.7429,0.8525,sam_uploaded,7949.679,33028,192628,4.78
2026-09-02T22:45:55.353,pi-test-01,img_6336,ADRES,E,20.394,0.6225,0.7429,0.8525,sam_uploaded,6978.607,33028,120305,7.66
2026-09-02T22:46:08.840,pi-test-01,img_6337,ADRES,Q,24.225,0.7432,0.5917,0.7434,sam_uploaded,6987.963,33028,167361,5.51
2026-09-02T22:46:08.840,pi-test-01,img_6337,ADRES,E,20.331,0.5819,0.5917,0.7434,sam_uploaded,5906.177,33028,101857,9.05
2026-09-02T22:46:22.435,pi-test-01,img_6338,ADRES,Q,24.29,0.7443,0.6787,0.8086,sam_uploaded,7052.198,33028,167291,5.51
2026-09-02T22:46:22.435,pi-test-01,img_6338,ADRES,E,20.471,0.5851,0.6787,0.8086,sam_uploaded,5880.551,33028,100039,9.21
2026-09-02T22:46:36.257,pi-test-01,img_6339,ADRES,Q,24.272,0.7447,0.5891,0.7414,sam_uploaded,7181.655,33028,162695,5.66
2026-09-02T22:46:36.257,pi-test-01,img_6339,ADRES,E,20.403,0.5853,0.5891,0.7414,sam_uploaded,5946.252,33028,98904,9.32
2026-09-02T22:46:50.067,pi-test-01,img_6340,ADRES,Q,24.306,0.7454,0.5821,0.7359,sam_uploaded,7195.575,33028,163797,5.63
2026-09-02T22:46:50.067,pi-test-01,img_6340,ADRES,E,20.47,0.5854,0.5821,0.7359,sam_uploaded,5964.817,33028,98878,9.32
2026-09-02T22:47:03.480,pi-test-01,img_6341,ADRES,Q,25.999,0.8593,0.7354,0.8475,sam_uploaded,6263.493,33028,270772,3.4
2026-09-02T22:47:03.480,pi-test-01,img_6341,ADRES,E,21.379,0.714,0.7354,0.8475,sam_uploaded,6381.161,33028,166313,5.54
2026-09-02T22:47:17.011,pi-test-01,img_6342,ADRES,Q,26.046,0.8588,0.7896,0.8824,sam_uploaded,6366.844,33028,268399,3.43
2026-09-02T22:47:17.011,pi-test-01,img_6342,ADRES,E,21.388,0.714,0.7896,0.8824,sam_uploaded,6391.491,33028,165599,5.57
2026-09-02T22:47:34.057,pi-test-01,img_6343,ADRES,Q,25.875,0.8562,0.7721,0.8714,sam_uploaded,8886.535,33028,205147,4.49
2026-09-02T22:47:34.057,pi-test-01,img_6343,ADRES,E,21.264,0.709,0.7721,0.8714,sam_uploaded,7562.762,33028,130510,7.06
2026-09-02T22:47:51.339,pi-test-01,img_6344,ADRES,Q,25.922,0.8565,0.7418,0.8518,sam_uploaded,8913.11,33028,204685,4.5
2026-09-02T22:47:51.339,pi-test-01,img_6344,ADRES,E,21.32,0.7103,0.7418,0.8518,sam_uploaded,7556.198,33028,130635,7.05
2026-09-02T22:48:07.075,pi-test-01,img_6345,ADRES,Q,25.445,0.8239,0.8073,0.8934,sam_uploaded,8105.449,33028,193654,4.76
2026-09-02T22:48:07.075,pi-test-01,img_6345,ADRES,E,21.112,0.6799,0.8073,0.8934,sam_uploaded,6978.978,33028,121575,7.58
2026-09-02T22:48:22.781,pi-test-01,img_6346,ADRES,Q,25.463,0.8244,0.8039,0.8913,sam_uploaded,8056.395,33028,192980,4.78
2026-09-02T22:48:22.781,pi-test-01,img_6346,ADRES,E,21.177,0.6809,0.8039,0.8913,sam_uploaded,7000.479,33028,121037,7.61
2026-09-02T22:48:36.801,pi-test-01,img_6347,ADRES,Q,25.499,0.8249,0.804,0.8913,sam_uploaded,6789.38,33028,231443,3.98
2026-09-02T22:48:36.801,pi-test-01,img_6347,ADRES,E,21.237,0.6834,0.804,0.8913,sam_uploaded,6531.796,33028,141142,6.53
2026-09-02T22:48:50.812,pi-test-01,img_6348,ADRES,Q,25.517,0.8259,0.8001,0.8889,sam_uploaded,6841.477,33028,228585,4.03
2026-09-02T22:48:50.812,pi-test-01,img_6348,ADRES,E,21.248,0.6838,0.8001,0.8889,sam_uploaded,6540.321,33028,140190,6.57
2026-09-02T22:49:02.972,pi-test-01,img_6349,ADRES,Q,21.592,0.7536,0.556,0.7147,sam_uploaded,5700.067,33028,201609,4.57
2026-09-02T22:49:02.972,pi-test-01,img_6349,ADRES,E,18.007,0.5387,0.556,0.7147,sam_uploaded,5767.984,33028,120703,7.64
2026-09-02T22:49:15.254,pi-test-01,img_6350,ADRES,Q,21.566,0.7528,0.563,0.7204,sam_uploaded,5749,33028,201606,4.57
2026-09-02T22:49:15.254,pi-test-01,img_6350,ADRES,E,18.068,0.5396,0.563,0.7204,sam_uploaded,5804.836,33028,121842,7.56
2026-09-02T22:49:26.280,pi-test-01,img_6351,ADRES,Q,21.741,0.7615,0.5631,0.7205,sam_uploaded,5026.189,33028,224247,4.11
2026-09-02T22:49:26.280,pi-test-01,img_6351,ADRES,E,18.08,0.5404,0.5631,0.7205,sam_uploaded,5266.892,33028,134245,6.87
2026-09-02T22:49:37.339,pi-test-01,img_6352,ADRES,Q,21.723,0.7606,0.5675,0.724,sam_uploaded,5047.197,33028,221610,4.16
2026-09-02T22:49:37.339,pi-test-01,img_6352,ADRES,E,18.066,0.5413,0.5675,0.724,sam_uploaded,5251.078,33028,133269,6.92
2026-09-02T22:49:52.216,pi-test-01,img_6353,ADRES,Q,24.086,0.8169,0.7041,0.8264,sam_uploaded,6928.816,33028,254795,3.62
2026-09-02T22:49:52.216,pi-test-01,img_6353,ADRES,E,20.264,0.6818,0.7041,0.8264,sam_uploaded,7253.778,33028,157601,5.85
2026-09-02T22:50:07.258,pi-test-01,img_6354,ADRES,Q,24.06,0.8174,0.6991,0.8229,sam_uploaded,6954.652,33028,252874,3.64
2026-09-02T22:50:07.258,pi-test-01,img_6354,ADRES,E,20.219,0.6791,0.6991,0.8229,sam_uploaded,7338.988,33028,155163,5.94
2026-09-02T22:50:22.770,pi-test-01,img_6355,ADRES,Q,23.988,0.8149,0.7033,0.8258,sam_uploaded,7326.267,33028,241192,3.82
2026-09-02T22:50:22.770,pi-test-01,img_6355,ADRES,E,20.189,0.6764,0.7033,0.8258,sam_uploaded,7413.017,33028,152438,6.05
2026-09-02T22:50:37.980,pi-test-01,img_6356,ADRES,Q,24.018,0.8148,0.7018,0.8248,sam_uploaded,7210.547,33028,242120,3.81
2026-09-02T22:50:37.980,pi-test-01,img_6356,ADRES,E,20.24,0.6784,0.7018,0.8248,sam_uploaded,7313.186,33028,153096,6.02
2026-09-02T22:50:51.779,pi-test-01,img_6357,ADRES,Q,24.734,0.7784,0.7411,0.8513,sam_uploaded,7039.059,33028,190566,4.84
2026-09-02T22:50:51.779,pi-test-01,img_6357,ADRES,E,20.853,0.6327,0.7411,0.8513,sam_uploaded,6099.085,33028,115759,7.96
2026-09-02T22:51:05.575,pi-test-01,img_6358,ADRES,Q,24.684,0.7769,0.7485,0.8562,sam_uploaded,7036.531,33028,189190,4.87
2026-09-02T22:51:05.575,pi-test-01,img_6358,ADRES,E,20.764,0.6295,0.7485,0.8562,sam_uploaded,6120.881,33028,114310,8.06
2026-09-02T22:51:18.681,pi-test-01,img_6359,ADRES,Q,24.687,0.7771,0.7385,0.8496,sam_uploaded,6584.284,33028,201678,4.57
2026-09-02T22:51:18.681,pi-test-01,img_6359,ADRES,E,20.81,0.6314,0.7385,0.8496,sam_uploaded,5878.999,33028,121232,7.6
2026-09-02T22:51:31.894,pi-test-01,img_6360,ADRES,Q,24.71,0.777,0.7389,0.8499,sam_uploaded,6628.346,33028,202434,4.55
2026-09-02T22:51:31.894,pi-test-01,img_6360,ADRES,E,20.852,0.6315,0.7389,0.8499,sam_uploaded,5910.669,33028,121404,7.59
2026-09-02T22:51:45.231,pi-test-01,img_6361,ADRES,Q,24.793,0.7465,0.7124,0.832,sam_uploaded,6849.534,33028,169444,5.44
2026-09-02T22:51:45.231,pi-test-01,img_6361,ADRES,E,20.975,0.5917,0.7124,0.832,sam_uploaded,5830.253,33028,103152,8.93
2026-09-02T22:51:58.590,pi-test-01,img_6362,ADRES,Q,24.794,0.7465,0.7151,0.8339,sam_uploaded,6884.214,33028,169260,5.44
2026-09-02T22:51:58.590,pi-test-01,img_6362,ADRES,E,21.021,0.5924,0.7151,0.8339,sam_uploaded,5834.195,33028,103028,8.95
2026-09-02T22:52:11.722,pi-test-01,img_6363,ADRES,Q,24.816,0.7476,0.7172,0.8353,sam_uploaded,6702.982,33028,177232,5.2
2026-09-02T22:52:11.722,pi-test-01,img_6363,ADRES,E,20.985,0.5923,0.7172,0.8353,sam_uploaded,5763.801,33028,106379,8.66
2026-09-02T22:52:24.954,pi-test-01,img_6364,ADRES,Q,24.852,0.7476,0.7148,0.8337,sam_uploaded,6741.024,33028,174347,5.29
2026-09-02T22:52:24.954,pi-test-01,img_6364,ADRES,E,21.045,0.5933,0.7148,0.8337,sam_uploaded,5822.482,33028,105474,8.74
2026-09-02T22:52:37.980,pi-test-01,img_6365,ADRES,Q,24.486,0.7763,0.7115,0.8314,sam_uploaded,6353.926,33028,222066,4.15
2026-09-02T22:52:37.980,pi-test-01,img_6365,ADRES,E,20.679,0.6314,0.7115,0.8314,sam_uploaded,5991.218,33028,133637,6.9
2026-09-02T22:52:51.226,pi-test-01,img_6366,ADRES,Q,24.478,0.7764,0.7257,0.8411,sam_uploaded,6467.633,33028,220647,4.18
2026-09-02T22:52:51.226,pi-test-01,img_6366,ADRES,E,20.675,0.6303,0.7257,0.8411,sam_uploaded,6051.471,33028,132159,6.97
2026-09-02T22:53:04.619,pi-test-01,img_6367,ADRES,Q,24.478,0.7754,0.7094,0.83,sam_uploaded,6602.403,33028,217332,4.24
2026-09-02T22:53:04.619,pi-test-01,img_6367,ADRES,E,20.686,0.6292,0.7094,0.83,sam_uploaded,6152.63,33028,130900,7.04
2026-09-02T22:53:18.156,pi-test-01,img_6368,ADRES,Q,24.464,0.7753,0.7154,0.8341,sam_uploaded,6630.765,33028,215854,4.27
2026-09-02T22:53:18.156,pi-test-01,img_6368,ADRES,E,20.68,0.6294,0.7154,0.8341,sam_uploaded,6227.641,33028,130160,7.08
2026-09-02T22:53:30.523,pi-test-01,img_6369,ADRES,Q,24.251,0.7237,0.7091,0.8298,sam_uploaded,6051.477,33028,201054,4.58
2026-09-02T22:53:30.523,pi-test-01,img_6369,ADRES,E,20.656,0.5552,0.7091,0.8298,sam_uploaded,5678.605,33028,122827,7.5
2026-09-02T22:53:42.862,pi-test-01,img_6370,ADRES,Q,24.259,0.724,0.7025,0.8252,sam_uploaded,5987.94,33028,203071,4.54
2026-09-02T22:53:42.862,pi-test-01,img_6370,ADRES,E,20.682,0.5555,0.7025,0.8252,sam_uploaded,5595.535,33028,123258,7.48
2026-09-02T22:53:55.561,pi-test-01,img_6371,ADRES,Q,24.243,0.7239,0.7027,0.8254,sam_uploaded,6174.046,33028,197042,4.68
2026-09-02T22:53:55.561,pi-test-01,img_6371,ADRES,E,20.665,0.5558,0.7027,0.8254,sam_uploaded,5857.57,33028,115907,7.95
2026-09-02T22:54:08.366,pi-test-01,img_6372,ADRES,Q,24.27,0.7241,0.7006,0.8239,sam_uploaded,6319.881,33028,195879,4.7
2026-09-02T22:54:08.366,pi-test-01,img_6372,ADRES,E,20.683,0.5563,0.7006,0.8239,sam_uploaded,5877.105,33028,116486,7.91
2026-09-02T22:54:19.395,pi-test-01,img_6373,ADRES,Q,23.996,0.6263,0.58,0.7342,sam_uploaded,5346.531,33028,167095,5.52
2026-09-02T22:54:19.395,pi-test-01,img_6373,ADRES,E,20.875,0.4747,0.58,0.7342,sam_uploaded,5090.704,33028,99994,9.22
2026-09-02T22:54:30.466,pi-test-01,img_6374,ADRES,Q,23.979,0.6256,0.5737,0.7291,sam_uploaded,5351.034,33028,166203,5.55
2026-09-02T22:54:30.466,pi-test-01,img_6374,ADRES,E,20.873,0.4754,0.5737,0.7291,sam_uploaded,5091.298,33028,100320,9.19
2026-09-02T22:54:41.551,pi-test-01,img_6375,ADRES,Q,23.932,0.6241,0.5794,0.7337,sam_uploaded,5338.226,33028,164975,5.59
2026-09-02T22:54:41.551,pi-test-01,img_6375,ADRES,E,20.817,0.4729,0.5794,0.7337,sam_uploaded,5071.586,33028,99285,9.28
2026-09-02T22:54:52.599,pi-test-01,img_6376,ADRES,Q,23.977,0.6259,0.5705,0.7265,sam_uploaded,5341.887,33028,166385,5.54
2026-09-02T22:54:52.599,pi-test-01,img_6376,ADRES,E,20.861,0.4744,0.5705,0.7265,sam_uploaded,5046.136,33028,100502,9.17
2026-09-02T22:55:04.964,pi-test-01,img_6377,ADRES,Q,23.137,0.7251,0.6198,0.7653,sam_uploaded,5976.925,33028,194864,4.73
2026-09-02T22:55:04.964,pi-test-01,img_6377,ADRES,E,19.993,0.5778,0.6198,0.7653,sam_uploaded,5643.413,33028,118520,7.78
2026-09-02T22:55:17.136,pi-test-01,img_6378,ADRES,Q,23.106,0.7249,0.6172,0.7633,sam_uploaded,5889.438,33028,196580,4.69
2026-09-02T22:55:17.136,pi-test-01,img_6378,ADRES,E,19.923,0.5735,0.6172,0.7633,sam_uploaded,5671.353,33028,116862,7.89
2026-09-02T22:55:28.821,pi-test-01,img_6379,ADRES,Q,23.076,0.7222,0.6212,0.7664,sam_uploaded,5576.474,33028,206662,4.46
2026-09-02T22:55:28.821,pi-test-01,img_6379,ADRES,E,19.926,0.5722,0.6212,0.7664,sam_uploaded,5493.23,33028,124641,7.39
2026-09-02T22:55:40.478,pi-test-01,img_6380,ADRES,Q,23.089,0.7234,0.6169,0.763,sam_uploaded,5570.54,33028,206893,4.45
2026-09-02T22:55:40.478,pi-test-01,img_6380,ADRES,E,19.94,0.5748,0.6169,0.763,sam_uploaded,5489.753,33028,124792,7.39
2026-09-02T22:55:54.704,pi-test-01,img_6381,ADRES,Q,24.714,0.7841,0.7194,0.8368,sam_uploaded,6795.087,33028,239149,3.85
2026-09-02T22:55:54.704,pi-test-01,img_6381,ADRES,E,20.916,0.6346,0.7194,0.8368,sam_uploaded,6720.841,33028,145626,6.33
2026-09-02T22:56:08.935,pi-test-01,img_6382,ADRES,Q,24.754,0.7842,0.7296,0.8437,sam_uploaded,6743.47,33028,241196,3.82
2026-09-02T22:56:08.935,pi-test-01,img_6382,ADRES,E,20.956,0.6346,0.7296,0.8437,sam_uploaded,6713.011,33028,147327,6.26
2026-09-02T22:56:22.950,pi-test-01,img_6383,ADRES,Q,24.692,0.7832,0.7261,0.8413,sam_uploaded,6694.818,33028,242806,3.8
2026-09-02T22:56:22.950,pi-test-01,img_6383,ADRES,E,20.913,0.6332,0.7261,0.8413,sam_uploaded,6677.67,33028,148566,6.2
2026-09-02T22:56:37.204,pi-test-01,img_6384,ADRES,Q,24.724,0.7835,0.7201,0.8373,sam_uploaded,6729.46,33028,241408,3.82
2026-09-02T22:56:37.204,pi-test-01,img_6384,ADRES,E,20.923,0.6332,0.7201,0.8373,sam_uploaded,6696.369,33028,147866,6.23
2026-09-02T22:56:49.510,pi-test-01,img_6385,ADRES,Q,24.047,0.7495,0.6123,0.7596,sam_uploaded,6458.105,33028,141764,6.5
2026-09-02T22:56:49.510,pi-test-01,img_6385,ADRES,E,20.36,0.5919,0.6123,0.7596,sam_uploaded,5234.116,33028,85535,10.77
2026-09-02T22:57:01.990,pi-test-01,img_6386,ADRES,Q,24.011,0.7481,0.6905,0.8169,sam_uploaded,6553.77,33028,141272,6.52
2026-09-02T22:57:01.990,pi-test-01,img_6386,ADRES,E,20.303,0.59,0.6905,0.8169,sam_uploaded,5318.716,33028,85438,10.79
2026-09-02T22:57:14.080,pi-test-01,img_6387,ADRES,Q,24.094,0.752,0.6128,0.7599,sam_uploaded,6263.939,33028,148818,6.19
2026-09-02T22:57:14.080,pi-test-01,img_6387,ADRES,E,20.387,0.5964,0.6128,0.7599,sam_uploaded,5248.647,33028,89119,10.34
2026-09-02T22:57:26.061,pi-test-01,img_6388,ADRES,Q,24.062,0.7514,0.6883,0.8154,sam_uploaded,6211.216,33028,150454,6.13
2026-09-02T22:57:26.061,pi-test-01,img_6388,ADRES,E,20.364,0.595,0.6883,0.8154,sam_uploaded,5230.434,33028,90271,10.21
2026-09-02T22:57:39.504,pi-test-01,img_6389,ADRES,Q,25.1,0.7667,0.746,0.8545,sam_uploaded,6930.562,33028,178440,5.16
2026-09-02T22:57:39.504,pi-test-01,img_6389,ADRES,E,21.156,0.6056,0.746,0.8545,sam_uploaded,5874.757,33028,109662,8.4
2026-09-02T22:57:52.871,pi-test-01,img_6390,ADRES,Q,25.065,0.766,0.7412,0.8514,sam_uploaded,6878.061,33028,180228,5.11
2026-09-02T22:57:52.871,pi-test-01,img_6390,ADRES,E,21.138,0.6047,0.7412,0.8514,sam_uploaded,5853.768,33028,110322,8.35
2026-09-02T22:58:05.180,pi-test-01,img_6391,ADRES,Q,25.066,0.7667,0.7518,0.8583,sam_uploaded,6039.906,33028,206074,4.47
2026-09-02T22:58:05.180,pi-test-01,img_6391,ADRES,E,21.1,0.6045,0.7518,0.8583,sam_uploaded,5550.013,33028,124231,7.42
2026-09-02T22:58:17.452,pi-test-01,img_6392,ADRES,Q,25.113,0.7669,0.7427,0.8523,sam_uploaded,6055.773,33028,206155,4.47
2026-09-02T22:58:17.452,pi-test-01,img_6392,ADRES,E,21.159,0.6062,0.7427,0.8523,sam_uploaded,5522.375,33028,124411,7.41
2026-09-02T22:58:29.581,pi-test-01,img_6393,ADRES,Q,24.174,0.7326,0.6578,0.7936,sam_uploaded,6247.572,33028,159708,5.77
2026-09-02T22:58:29.581,pi-test-01,img_6393,ADRES,E,20.352,0.5731,0.6578,0.7936,sam_uploaded,5249.927,33028,96767,9.52
2026-09-02T22:58:41.696,pi-test-01,img_6394,ADRES,Q,24.193,0.7337,0.6573,0.7932,sam_uploaded,6252.26,33028,160017,5.76
2026-09-02T22:58:41.696,pi-test-01,img_6394,ADRES,E,20.364,0.5742,0.6573,0.7932,sam_uploaded,5235.657,33028,96574,9.54
2026-09-02T22:58:53.748,pi-test-01,img_6395,ADRES,Q,24.187,0.7338,0.6567,0.7928,sam_uploaded,6196.814,33028,160928,5.73
2026-09-02T22:58:53.748,pi-test-01,img_6395,ADRES,E,20.356,0.5725,0.6567,0.7928,sam_uploaded,5254.532,33028,97844,9.42
2026-09-02T22:59:05.732,pi-test-01,img_6396,ADRES,Q,24.202,0.7333,0.6575,0.7934,sam_uploaded,6153.45,33028,162875,5.66
2026-09-02T22:59:05.732,pi-test-01,img_6396,ADRES,E,20.346,0.572,0.6575,0.7934,sam_uploaded,5199.92,33028,97587,9.44
2026-09-02T22:59:18.315,pi-test-01,img_6397,ADRES,Q,25.816,0.7491,0.8002,0.889,sam_uploaded,6779.935,33028,144989,6.36
2026-09-02T22:59:18.315,pi-test-01,img_6397,ADRES,E,21.868,0.6009,0.8002,0.889,sam_uploaded,5232.832,33028,85760,10.75
2026-09-02T22:59:30.891,pi-test-01,img_6398,ADRES,Q,25.802,0.7486,0.7995,0.8886,sam_uploaded,6721.264,33028,144852,6.36
2026-09-02T22:59:30.891,pi-test-01,img_6398,ADRES,E,21.819,0.5999,0.7995,0.8886,sam_uploaded,5275.74,33028,85974,10.72
2026-09-02T22:59:42.888,pi-test-01,img_6399,ADRES,Q,25.844,0.7504,0.7942,0.8853,sam_uploaded,6291.314,33028,161822,5.7
2026-09-02T22:59:42.888,pi-test-01,img_6399,ADRES,E,21.877,0.6018,0.7942,0.8853,sam_uploaded,5131.984,33028,93257,9.88
2026-09-02T22:59:54.989,pi-test-01,img_6400,ADRES,Q,25.849,0.7501,0.7885,0.8818,sam_uploaded,6296.053,33028,162565,5.67
2026-09-02T22:59:54.989,pi-test-01,img_6400,ADRES,E,21.88,0.6023,0.7885,0.8818,sam_uploaded,5146,33028,92888,9.92
2026-09-02T23:00:04.860,pi-test-01,img_6401,ADRES,Q,23.905,0.6834,0.5793,0.7336,sam_uploaded,5053.777,33028,115768,7.96
2026-09-02T23:00:04.860,pi-test-01,img_6401,ADRES,E,20.463,0.5616,0.5793,0.7336,sam_uploaded,4217.039,33028,67659,13.62
2026-09-02T23:00:14.816,pi-test-01,img_6402,ADRES,Q,23.852,0.6816,0.5571,0.7156,sam_uploaded,5107.702,33028,115802,7.96
2026-09-02T23:00:14.816,pi-test-01,img_6402,ADRES,E,20.402,0.5581,0.5571,0.7156,sam_uploaded,4273.855,33028,67811,13.59
2026-09-02T23:00:24.594,pi-test-01,img_6403,ADRES,Q,23.959,0.6859,0.5569,0.7154,sam_uploaded,5031.101,33028,118829,7.76
2026-09-02T23:00:24.594,pi-test-01,img_6403,ADRES,E,20.483,0.5633,0.5569,0.7154,sam_uploaded,4240.892,33028,68816,13.39
2026-09-02T23:00:34.360,pi-test-01,img_6404,ADRES,Q,23.93,0.685,0.5528,0.712,sam_uploaded,5021.535,33028,117785,7.82
2026-09-02T23:00:34.360,pi-test-01,img_6404,ADRES,E,20.425,0.562,0.5528,0.712,sam_uploaded,4191.306,33028,68673,13.42
2026-09-02T23:00:45.051,pi-test-01,img_6405,ADRES,Q,22.892,0.6757,0.5022,0.6686,sam_uploaded,5350.785,33028,132838,6.94
2026-09-02T23:00:45.051,pi-test-01,img_6405,ADRES,E,19.197,0.5061,0.5022,0.6686,sam_uploaded,4708.875,33028,79574,11.58
2026-09-02T23:00:55.889,pi-test-01,img_6406,ADRES,Q,22.844,0.6742,0.5033,0.6696,sam_uploaded,5414.217,33028,131925,6.99
2026-09-02T23:00:55.889,pi-test-01,img_6406,ADRES,E,19.133,0.5043,0.5033,0.6696,sam_uploaded,4761.114,33028,79503,11.59
2026-09-02T23:01:06.278,pi-test-01,img_6407,ADRES,Q,22.958,0.6813,0.5028,0.6692,sam_uploaded,5085.225,33028,147112,6.26
2026-09-02T23:01:06.278,pi-test-01,img_6407,ADRES,E,19.209,0.5086,0.5028,0.6692,sam_uploaded,4644.167,33028,88034,10.47
2026-09-02T23:01:16.492,pi-test-01,img_6408,ADRES,Q,22.983,0.6816,0.5005,0.6671,sam_uploaded,4997.584,33028,148345,6.21
2026-09-02T23:01:16.492,pi-test-01,img_6408,ADRES,E,19.255,0.5129,0.5005,0.6671,sam_uploaded,4613.33,33028,88618,10.4
2026-09-02T23:01:30.682,pi-test-01,img_6409,ADRES,Q,24.919,0.8,0.7371,0.8487,sam_uploaded,7062.969,33028,212360,4.34
2026-09-02T23:01:30.682,pi-test-01,img_6409,ADRES,E,20.8,0.6474,0.7371,0.8487,sam_uploaded,6456.52,33028,129134,7.14
2026-09-02T23:01:44.902,pi-test-01,img_6410,ADRES,Q,24.93,0.8006,0.7327,0.8457,sam_uploaded,7037.686,33028,212382,4.34
2026-09-02T23:01:44.902,pi-test-01,img_6410,ADRES,E,20.789,0.6478,0.7327,0.8457,sam_uploaded,6537.727,33028,129403,7.12
2026-09-02T23:01:58.490,pi-test-01,img_6411,ADRES,Q,24.969,0.801,0.7336,0.8463,sam_uploaded,6598.588,33028,227485,4.05
2026-09-02T23:01:58.490,pi-test-01,img_6411,ADRES,E,20.865,0.6498,0.7336,0.8463,sam_uploaded,6291.037,33028,138390,6.66
2026-09-02T23:02:12.364,pi-test-01,img_6412,ADRES,Q,24.937,0.8008,0.7239,0.8398,sam_uploaded,6617.695,33028,227132,4.06
2026-09-02T23:02:12.364,pi-test-01,img_6412,ADRES,E,20.811,0.6482,0.7239,0.8398,sam_uploaded,6352.776,33028,137155,6.72
2026-09-02T23:02:28.645,pi-test-01,img_6413,ADRES,Q,25.583,0.8579,0.8405,0.9133,sam_uploaded,8367.908,33028,227224,4.06
2026-09-02T23:02:28.645,pi-test-01,img_6413,ADRES,E,20.939,0.7118,0.8405,0.9133,sam_uploaded,7234.202,33028,141493,6.51
2026-09-02T23:02:45.400,pi-test-01,img_6414,ADRES,Q,25.515,0.8567,0.8388,0.9123,sam_uploaded,8405.879,33028,227140,4.06
2026-09-02T23:02:45.400,pi-test-01,img_6414,ADRES,E,20.955,0.7127,0.8388,0.9123,sam_uploaded,7369.442,33028,140742,6.55
2026-09-02T23:03:00.337,pi-test-01,img_6415,ADRES,Q,25.627,0.8584,0.8384,0.9121,sam_uploaded,7408.597,33028,249566,3.69
2026-09-02T23:03:00.337,pi-test-01,img_6415,ADRES,E,21.018,0.7142,0.8384,0.9121,sam_uploaded,6846.391,33028,156269,5.9
2026-09-02T23:03:15.070,pi-test-01,img_6416,ADRES,Q,25.633,0.8587,0.8429,0.9148,sam_uploaded,7224.318,33028,252680,3.65
2026-09-02T23:03:15.070,pi-test-01,img_6416,ADRES,E,21.049,0.7162,0.8429,0.9148,sam_uploaded,6749.742,33028,157900,5.84
2026-09-02T23:03:31.448,pi-test-01,img_6417,ADRES,Q,25.507,0.8619,0.8127,0.8967,sam_uploaded,7885.294,33028,258066,3.57
2026-09-02T23:03:31.448,pi-test-01,img_6417,ADRES,E,21.013,0.7329,0.8127,0.8967,sam_uploaded,7773.119,33028,162228,5.68
2026-09-02T23:03:47.615,pi-test-01,img_6418,ADRES,Q,25.506,0.8614,0.8049,0.8919,sam_uploaded,7802.836,33028,260615,3.54
2026-09-02T23:03:47.615,pi-test-01,img_6418,ADRES,E,20.922,0.7306,0.8049,0.8919,sam_uploaded,7703.449,33028,163556,5.63
2026-09-02T23:04:02.521,pi-test-01,img_6419,ADRES,Q,25.503,0.8611,0.8276,0.9057,sam_uploaded,7053.457,33028,280808,3.28
2026-09-02T23:04:02.521,pi-test-01,img_6419,ADRES,E,20.993,0.7315,0.8276,0.9057,sam_uploaded,7181.725,33028,177927,5.18
2026-09-02T23:04:17.527,pi-test-01,img_6420,ADRES,Q,25.586,0.8619,0.8284,0.9062,sam_uploaded,7096.264,33028,280970,3.28
2026-09-02T23:04:17.527,pi-test-01,img_6420,ADRES,E,21.071,0.7317,0.8284,0.9062,sam_uploaded,7207.89,33028,178955,5.15
2026-09-02T23:04:29.345,pi-test-01,img_6421,ADRES,Q,23.242,0.6865,0.649,0.7871,sam_uploaded,5740.238,33028,175871,5.24
2026-09-02T23:04:29.345,pi-test-01,img_6421,ADRES,E,19.832,0.548,0.649,0.7871,sam_uploaded,5397.574,33028,110925,8.31
2026-09-02T23:04:41.105,pi-test-01,img_6422,ADRES,Q,23.289,0.6872,0.6611,0.796,sam_uploaded,5678.754,33028,177245,5.2
2026-09-02T23:04:41.105,pi-test-01,img_6422,ADRES,E,19.894,0.5491,0.6611,0.796,sam_uploaded,5348.875,33028,111632,8.26
2026-09-02T23:04:53.824,pi-test-01,img_6423,ADRES,Q,23.255,0.6863,0.6552,0.7917,sam_uploaded,5623.685,33028,180903,5.09
2026-09-02T23:04:53.824,pi-test-01,img_6423,ADRES,E,19.881,0.5502,0.6552,0.7917,sam_uploaded,5361.227,33028,111729,8.25
2026-09-02T23:05:05.520,pi-test-01,img_6424,ADRES,Q,23.304,0.6879,0.6585,0.7941,sam_uploaded,5658.34,33028,180156,5.12
2026-09-02T23:05:05.520,pi-test-01,img_6424,ADRES,E,19.937,0.552,0.6585,0.7941,sam_uploaded,5387.054,33028,112424,8.2
2026-09-02T23:05:21.008,pi-test-01,img_6425,ADRES,Q,25.036,0.8175,0.7706,0.8705,sam_uploaded,7421.542,33028,233337,3.95
2026-09-02T23:05:21.008,pi-test-01,img_6425,ADRES,E,20.89,0.6659,0.7706,0.8705,sam_uploaded,7268.914,33028,143781,6.41
2026-09-02T23:05:36.561,pi-test-01,img_6426,ADRES,Q,25.026,0.817,0.7815,0.8773,sam_uploaded,7540.416,33028,232806,3.96
2026-09-02T23:05:36.561,pi-test-01,img_6426,ADRES,E,20.874,0.6649,0.7815,0.8773,sam_uploaded,7325.874,33028,142817,6.45
2026-09-02T23:05:52.956,pi-test-01,img_6427,ADRES,Q,24.943,0.8147,0.7795,0.8761,sam_uploaded,8100.351,33028,216872,4.25
2026-09-02T23:05:52.956,pi-test-01,img_6427,ADRES,E,20.796,0.6594,0.7795,0.8761,sam_uploaded,7588.903,33028,135489,6.8
2026-09-02T23:06:09.355,pi-test-01,img_6428,ADRES,Q,24.944,0.8145,0.7754,0.8735,sam_uploaded,8076.632,33028,218684,4.21
2026-09-02T23:06:09.355,pi-test-01,img_6428,ADRES,E,20.783,0.6605,0.7754,0.8735,sam_uploaded,7498.942,33028,136634,6.75
2026-09-02T23:06:23.572,pi-test-01,img_6429,ADRES,Q,23.945,0.7617,0.6751,0.806,sam_uploaded,6762.479,33028,217849,4.23
2026-09-02T23:06:23.572,pi-test-01,img_6429,ADRES,E,20.359,0.6182,0.6751,0.806,sam_uploaded,6754.871,33028,135043,6.82
2026-09-02T23:06:37.726,pi-test-01,img_6430,ADRES,Q,23.853,0.7599,0.6797,0.8093,sam_uploaded,6687.95,33028,222150,4.15
2026-09-02T23:06:37.726,pi-test-01,img_6430,ADRES,E,20.292,0.6175,0.6797,0.8093,sam_uploaded,6765.717,33028,136535,6.75
2026-09-02T23:06:51.873,pi-test-01,img_6431,ADRES,Q,23.926,0.7612,0.676,0.8067,sam_uploaded,6765.668,33028,220157,4.19
2026-09-02T23:06:51.873,pi-test-01,img_6431,ADRES,E,20.365,0.619,0.676,0.8067,sam_uploaded,6702.791,33028,137429,6.71
2026-09-02T23:07:06.103,pi-test-01,img_6432,ADRES,Q,23.946,0.7621,0.6789,0.8088,sam_uploaded,6824.053,33028,216021,4.27
2026-09-02T23:07:06.103,pi-test-01,img_6432,ADRES,E,20.399,0.6206,0.6789,0.8088,sam_uploaded,6734.018,33028,136296,6.76
2026-09-02T23:07:17.234,pi-test-01,img_6433,ADRES,Q,22.768,0.6473,0.6822,0.8111,sam_uploaded,5535.913,33028,146111,6.31
2026-09-02T23:07:17.234,pi-test-01,img_6433,ADRES,E,19.539,0.5018,0.6822,0.8111,sam_uploaded,4860.649,33028,89469,10.3
2026-09-02T23:07:28.342,pi-test-01,img_6434,ADRES,Q,22.815,0.6474,0.6802,0.8097,sam_uploaded,5621.64,33028,144680,6.37
2026-09-02T23:07:28.342,pi-test-01,img_6434,ADRES,E,19.663,0.5039,0.6802,0.8097,sam_uploaded,4886.434,33028,89080,10.35
2026-09-02T23:07:38.897,pi-test-01,img_6435,ADRES,Q,22.814,0.6483,0.6832,0.8118,sam_uploaded,5242.195,33028,156286,5.9
2026-09-02T23:07:38.897,pi-test-01,img_6435,ADRES,E,19.612,0.5042,0.6832,0.8118,sam_uploaded,4727.356,33028,95856,9.61
2026-09-02T23:07:49.363,pi-test-01,img_6436,ADRES,Q,22.774,0.6482,0.6547,0.7914,sam_uploaded,5173.286,33028,159320,5.78
2026-09-02T23:07:49.363,pi-test-01,img_6436,ADRES,E,19.539,0.5046,0.6547,0.7914,sam_uploaded,4642.128,33028,97030,9.5
2026-09-02T23:08:03.916,pi-test-01,img_6437,ADRES,Q,24.411,0.8294,0.7397,0.8503,sam_uploaded,6534.193,33028,296452,3.11
2026-09-02T23:08:03.916,pi-test-01,img_6437,ADRES,E,20.284,0.6951,0.7397,0.8503,sam_uploaded,7275.399,33028,187349,4.92
2026-09-02T23:08:18.659,pi-test-01,img_6438,ADRES,Q,24.424,0.8293,0.738,0.8493,sam_uploaded,6622.02,33028,293507,3.14
2026-09-02T23:08:18.659,pi-test-01,img_6438,ADRES,E,20.311,0.6946,0.738,0.8493,sam_uploaded,7322.708,33028,186651,4.94
2026-09-02T23:08:32.360,pi-test-01,img_6439,ADRES,Q,24.421,0.8291,0.7468,0.855,sam_uploaded,6081.002,33028,306118,3.01
2026-09-02T23:08:32.360,pi-test-01,img_6439,ADRES,E,20.3,0.6947,0.7468,0.855,sam_uploaded,6859.95,33028,195928,4.7
2026-09-02T23:08:46.210,pi-test-01,img_6440,ADRES,Q,24.406,0.8293,0.7452,0.854,sam_uploaded,6038.118,33028,308287,2.99
2026-09-02T23:08:46.210,pi-test-01,img_6440,ADRES,E,20.235,0.6929,0.7452,0.854,sam_uploaded,6888.859,33028,195745,4.71
2026-09-02T23:08:58.485,pi-test-01,img_6441,ADRES,Q,27.272,0.9486,0.3776,0.5482,sam_uploaded,5105.785,33028,449206,2.05
2026-09-02T23:08:58.485,pi-test-01,img_6441,ADRES,E,21.955,0.8886,0.3776,0.5482,sam_uploaded,6309.863,33028,293934,3.14
2026-09-02T23:09:10.681,pi-test-01,img_6442,ADRES,Q,27.276,0.9487,0.2847,0.4433,sam_uploaded,4988.778,34312,450270,2.05
2026-09-02T23:09:10.681,pi-test-01,img_6442,ADRES,E,21.987,0.8896,0.2847,0.4433,sam_uploaded,6255.122,34312,295039,3.12
2026-09-02T23:09:27.430,pi-test-01,img_6443,ADRES,Q,27.182,0.9482,0.3758,0.5463,sam_uploaded,7033.857,34312,370809,2.49
2026-09-02T23:09:27.430,pi-test-01,img_6443,ADRES,E,21.975,0.8885,0.3758,0.5463,sam_uploaded,8772.394,34312,234607,3.93
2026-09-02T23:09:44.001,pi-test-01,img_6444,ADRES,Q,27.168,0.948,0.2824,0.4404,sam_uploaded,6890.676,34312,374882,2.46
2026-09-02T23:09:44.001,pi-test-01,img_6444,ADRES,E,21.925,0.8884,0.2824,0.4404,sam_uploaded,8731.223,34312,235622,3.91
2026-09-02T23:09:57.396,pi-test-01,img_6445,ADRES,Q,26.045,0.8386,0.8542,0.9214,sam_uploaded,6737.338,34312,235820,3.91
2026-09-02T23:09:57.396,pi-test-01,img_6445,ADRES,E,21.509,0.7219,0.8542,0.9214,sam_uploaded,5927.014,34312,138657,6.65
2026-09-02T23:10:10.769,pi-test-01,img_6446,ADRES,Q,26.019,0.8393,0.8534,0.9209,sam_uploaded,6702.381,34312,235193,3.92
2026-09-02T23:10:10.769,pi-test-01,img_6446,ADRES,E,21.544,0.7217,0.8534,0.9209,sam_uploaded,5909.348,34312,138735,6.64
2026-09-02T23:10:24.354,pi-test-01,img_6447,ADRES,Q,26.027,0.8383,0.8547,0.9217,sam_uploaded,6860.372,34312,228969,4.02
2026-09-02T23:10:24.354,pi-test-01,img_6447,ADRES,E,21.557,0.7222,0.8547,0.9217,sam_uploaded,6040.959,34312,134932,6.83
2026-09-02T23:10:37.850,pi-test-01,img_6448,ADRES,Q,25.959,0.8382,0.8524,0.9203,sam_uploaded,6839.945,34312,230997,3.99
2026-09-02T23:10:37.850,pi-test-01,img_6448,ADRES,E,21.476,0.721,0.8524,0.9203,sam_uploaded,6058.339,34312,135761,6.79
2026-09-02T23:10:52.448,pi-test-01,img_6449,ADRES,Q,26.618,0.862,0.9025,0.9488,sam_uploaded,7392.113,34312,227323,4.05
2026-09-02T23:10:52.448,pi-test-01,img_6449,ADRES,E,21.734,0.7457,0.9025,0.9488,sam_uploaded,6283.976,34312,134451,6.85
2026-09-02T23:11:06.690,pi-test-01,img_6450,ADRES,Q,26.577,0.8616,0.8946,0.9444,sam_uploaded,7214.266,34312,229715,4.01
2026-09-02T23:11:06.690,pi-test-01,img_6450,ADRES,E,21.637,0.7441,0.8946,0.9444,sam_uploaded,6131.67,34312,136054,6.77
2026-09-02T23:11:20.622,pi-test-01,img_6451,ADRES,Q,26.625,0.8625,0.9035,0.9493,sam_uploaded,7147.75,34312,234108,3.94
2026-09-02T23:11:20.622,pi-test-01,img_6451,ADRES,E,21.701,0.746,0.9035,0.9493,sam_uploaded,6140.746,34312,138410,6.66
2026-09-02T23:11:34.563,pi-test-01,img_6452,ADRES,Q,26.623,0.8627,0.8988,0.9467,sam_uploaded,7119.161,34312,236615,3.89
2026-09-02T23:11:34.563,pi-test-01,img_6452,ADRES,E,21.69,0.7467,0.8988,0.9467,sam_uploaded,6197.74,34312,139105,6.63
2026-09-02T23:11:49.286,pi-test-01,img_6453,ADRES,Q,26.522,0.8944,0.8361,0.9107,sam_uploaded,6753.684,34312,307626,3
2026-09-02T23:11:49.286,pi-test-01,img_6453,ADRES,E,21.624,0.7695,0.8361,0.9107,sam_uploaded,7240.25,34312,195739,4.71
2026-09-02T23:12:03.950,pi-test-01,img_6454,ADRES,Q,26.482,0.8937,0.8354,0.9103,sam_uploaded,6752.711,34312,310690,2.97
2026-09-02T23:12:03.950,pi-test-01,img_6454,ADRES,E,21.569,0.7688,0.8354,0.9103,sam_uploaded,7223.054,34312,196353,4.69
2026-09-02T23:12:20.006,pi-test-01,img_6455,ADRES,Q,26.477,0.8939,0.8387,0.9123,sam_uploaded,7553.818,34312,280564,3.28
2026-09-02T23:12:20.006,pi-test-01,img_6455,ADRES,E,21.618,0.7693,0.8387,0.9123,sam_uploaded,7629.791,34312,173616,5.31
2026-09-02T23:12:35.736,pi-test-01,img_6456,ADRES,Q,26.465,0.8935,0.8302,0.9072,sam_uploaded,7448.567,34312,282074,3.27
2026-09-02T23:12:35.736,pi-test-01,img_6456,ADRES,E,21.549,0.7688,0.8302,0.9072,sam_uploaded,7608.824,34312,175507,5.25
2026-09-02T23:12:50.795,pi-test-01,img_6457,ADRES,Q,24.504,0.8226,0.7409,0.8512,sam_uploaded,6770.752,34312,288391,3.2
2026-09-02T23:12:50.795,pi-test-01,img_6457,ADRES,E,20.359,0.6822,0.7409,0.8512,sam_uploaded,7598.421,34312,180842,5.1
2026-09-02T23:13:05.655,pi-test-01,img_6458,ADRES,Q,24.458,0.8217,0.7441,0.8533,sam_uploaded,6660.047,34312,290788,3.17
2026-09-02T23:13:05.655,pi-test-01,img_6458,ADRES,E,20.292,0.6812,0.7441,0.8533,sam_uploaded,7480.345,34312,183528,5.02
2026-09-02T23:13:20.665,pi-test-01,img_6459,ADRES,Q,24.461,0.8213,0.7428,0.8524,sam_uploaded,6734.776,34312,289908,3.18
2026-09-02T23:13:20.665,pi-test-01,img_6459,ADRES,E,20.32,0.6814,0.7428,0.8524,sam_uploaded,7581.781,34312,180857,5.1
2026-09-02T23:13:35.556,pi-test-01,img_6460,ADRES,Q,24.498,0.8216,0.7415,0.8516,sam_uploaded,6613.953,34312,291964,3.16
2026-09-02T23:13:35.556,pi-test-01,img_6460,ADRES,E,20.351,0.6821,0.7415,0.8516,sam_uploaded,7533.875,34312,180538,5.1
2026-09-02T23:13:55.090,pi-test-01,img_6461,ADRES,Q,25.845,0.9295,0.3909,0.5621,sam_uploaded,8316.836,34312,321876,2.86
2026-09-02T23:13:55.090,pi-test-01,img_6461,ADRES,E,20.964,0.8293,0.3909,0.5621,sam_uploaded,10368.909,34312,210940,4.37
2026-09-02T23:14:14.322,pi-test-01,img_6462,ADRES,Q,25.857,0.929,0.3865,0.5576,sam_uploaded,8194.56,34312,325049,2.84
2026-09-02T23:14:14.322,pi-test-01,img_6462,ADRES,E,21.064,0.83,0.3865,0.5576,sam_uploaded,10257.767,34312,212929,4.33
2026-09-02T23:14:31.170,pi-test-01,img_6463,ADRES,Q,25.893,0.93,0.3901,0.5612,sam_uploaded,6864.589,34312,361645,2.55
2026-09-02T23:14:31.170,pi-test-01,img_6463,ADRES,E,21.015,0.829,0.3901,0.5612,sam_uploaded,9123.321,34312,234713,3.93
2026-09-02T23:14:48.236,pi-test-01,img_6464,ADRES,Q,25.917,0.93,0.3892,0.5603,sam_uploaded,6948.19,34312,360282,2.56
2026-09-02T23:14:48.236,pi-test-01,img_6464,ADRES,E,21,0.83,0.3892,0.5603,sam_uploaded,9327.667,34312,230827,3.99
2026-09-02T23:15:00.903,pi-test-01,img_6465,ADRES,Q,24.899,0.8589,0.7492,0.8566,sam_uploaded,5457.759,34312,350190,2.63
2026-09-02T23:15:00.903,pi-test-01,img_6465,ADRES,E,20.705,0.7446,0.7492,0.8566,sam_uploaded,6391.522,34312,221206,4.17
2026-09-02T23:15:13.486,pi-test-01,img_6466,ADRES,Q,24.902,0.8587,0.7504,0.8574,sam_uploaded,5495.041,34312,351346,2.62
2026-09-02T23:15:13.486,pi-test-01,img_6466,ADRES,E,20.716,0.7447,0.7504,0.8574,sam_uploaded,6340.409,34312,222343,4.14
2026-09-02T23:15:26.497,pi-test-01,img_6467,ADRES,Q,24.896,0.8588,0.7495,0.8568,sam_uploaded,5688.71,34312,345128,2.67
2026-09-02T23:15:26.497,pi-test-01,img_6467,ADRES,E,20.752,0.746,0.7495,0.8568,sam_uploaded,6555.307,34312,216638,4.25
2026-09-02T23:15:39.517,pi-test-01,img_6468,ADRES,Q,24.904,0.8589,0.7486,0.8562,sam_uploaded,5707.121,34312,345719,2.67
2026-09-02T23:15:39.517,pi-test-01,img_6468,ADRES,E,20.768,0.7452,0.7486,0.8562,sam_uploaded,6517.011,34312,217674,4.23
2026-09-02T23:15:53.477,pi-test-01,img_6469,ADRES,Q,27.517,0.8324,0.6971,0.8215,sam_uploaded,7699.926,34312,163761,5.63
2026-09-02T23:15:53.477,pi-test-01,img_6469,ADRES,E,22.456,0.7377,0.6971,0.8215,sam_uploaded,5444.572,34312,92961,9.91
2026-09-02T23:16:07.409,pi-test-01,img_6470,ADRES,Q,27.541,0.8323,0.8068,0.8931,sam_uploaded,7800.159,34312,163954,5.62
2026-09-02T23:16:07.409,pi-test-01,img_6470,ADRES,E,22.462,0.737,0.8068,0.8931,sam_uploaded,5481.657,34312,92358,9.98
2026-09-02T23:16:20.798,pi-test-01,img_6471,ADRES,Q,27.564,0.8326,0.8229,0.9028,sam_uploaded,7423.151,34312,174419,5.28
2026-09-02T23:16:20.798,pi-test-01,img_6471,ADRES,E,22.493,0.7383,0.8229,0.9028,sam_uploaded,5414.856,34312,98178,9.39
2026-09-02T23:16:34.242,pi-test-01,img_6472,ADRES,Q,27.562,0.8326,0.8726,0.932,sam_uploaded,7429.299,34312,174257,5.29
2026-09-02T23:16:34.242,pi-test-01,img_6472,ADRES,E,22.523,0.7384,0.8726,0.932,sam_uploaded,5415.149,34312,97263,9.48
2026-09-02T23:16:45.504,pi-test-01,img_6473,ADRES,Q,27.184,0.7922,0.8359,0.9106,sam_uploaded,6185.24,34312,146371,6.3
2026-09-02T23:16:45.504,pi-test-01,img_6473,ADRES,E,23.039,0.6959,0.8359,0.9106,sam_uploaded,4563.101,34312,80574,11.44
2026-09-02T23:16:56.813,pi-test-01,img_6474,ADRES,Q,27.172,0.7915,0.834,0.9095,sam_uploaded,6201.283,34312,145370,6.34
2026-09-02T23:16:56.813,pi-test-01,img_6474,ADRES,E,23.033,0.696,0.834,0.9095,sam_uploaded,4509.447,34312,79927,11.53
2026-09-02T23:17:08.377,pi-test-01,img_6475,ADRES,Q,27.157,0.7919,0.8329,0.9088,sam_uploaded,6354.54,34312,139544,6.6
2026-09-02T23:17:08.377,pi-test-01,img_6475,ADRES,E,22.964,0.6951,0.8329,0.9088,sam_uploaded,4613.922,34312,77572,11.88
2026-09-02T23:17:19.869,pi-test-01,img_6476,ADRES,Q,27.206,0.7921,0.8323,0.9085,sam_uploaded,6359.248,34312,140140,6.58
2026-09-02T23:17:19.869,pi-test-01,img_6476,ADRES,E,23.027,0.6956,0.8323,0.9085,sam_uploaded,4534.615,34312,78029,11.81
2026-09-02T23:17:31.323,pi-test-01,img_6477,ADRES,Q,25.481,0.7122,0.7012,0.8244,sam_uploaded,6170.855,34312,126690,7.27
2026-09-02T23:17:31.323,pi-test-01,img_6477,ADRES,E,21.9,0.5912,0.7012,0.8244,sam_uploaded,4667.111,34312,75147,12.26
2026-09-02T23:17:42.793,pi-test-01,img_6478,ADRES,Q,25.56,0.7127,0.6639,0.798,sam_uploaded,6208.388,34312,127911,7.21
2026-09-02T23:17:42.793,pi-test-01,img_6478,ADRES,E,22.025,0.5932,0.6639,0.798,sam_uploaded,4726.455,34312,74262,12.41
2026-09-02T23:17:54.069,pi-test-01,img_6479,ADRES,Q,25.545,0.7126,0.6982,0.8223,sam_uploaded,6011.718,34312,133491,6.9
2026-09-02T23:17:54.069,pi-test-01,img_6479,ADRES,E,22.019,0.5932,0.6982,0.8223,sam_uploaded,4646.256,34312,77404,11.91
2026-09-02T23:18:05.555,pi-test-01,img_6480,ADRES,Q,25.535,0.7129,0.6588,0.7943,sam_uploaded,6162.533,34312,133175,6.92
2026-09-02T23:18:05.555,pi-test-01,img_6480,ADRES,E,22.006,0.5942,0.6588,0.7943,sam_uploaded,4721.615,34312,77229,11.93
2026-09-02T23:18:17.854,pi-test-01,img_6481,ADRES,Q,26.622,0.7877,0.8266,0.9051,sam_uploaded,6439.967,34312,183068,5.03
2026-09-02T23:18:17.854,pi-test-01,img_6481,ADRES,E,22.305,0.6625,0.8266,0.9051,sam_uploaded,5284.937,34312,106847,8.63
2026-09-02T23:18:30.455,pi-test-01,img_6482,ADRES,Q,26.603,0.7875,0.7481,0.8559,sam_uploaded,6610.216,34312,180110,5.12
2026-09-02T23:18:30.455,pi-test-01,img_6482,ADRES,E,22.28,0.6619,0.7481,0.8559,sam_uploaded,5395.423,34312,104996,8.78
2026-09-02T23:18:43.965,pi-test-01,img_6483,ADRES,Q,26.539,0.787,0.7847,0.8794,sam_uploaded,7343.75,34312,152283,6.05
2026-09-02T23:18:43.965,pi-test-01,img_6483,ADRES,E,22.193,0.6598,0.7847,0.8794,sam_uploaded,5544.918,34312,92596,9.95
2026-09-02T23:18:57.289,pi-test-01,img_6484,ADRES,Q,26.599,0.7873,0.7526,0.8588,sam_uploaded,7298.992,34312,152575,6.04
2026-09-02T23:18:57.289,pi-test-01,img_6484,ADRES,E,22.249,0.6608,0.7526,0.8588,sam_uploaded,5498.991,34312,92814,9.93
2026-09-02T23:19:11.976,pi-test-01,img_6485,ADRES,Q,27.051,0.8543,0.8806,0.9365,sam_uploaded,7602.594,34312,246953,3.73
2026-09-02T23:19:11.976,pi-test-01,img_6485,ADRES,E,22.292,0.7371,0.8806,0.9365,sam_uploaded,6425.057,34312,136464,6.75
2026-09-02T23:19:26.540,pi-test-01,img_6486,ADRES,Q,26.979,0.8536,0.8795,0.9359,sam_uploaded,7492.315,34312,250796,3.67
2026-09-02T23:19:26.540,pi-test-01,img_6486,ADRES,E,22.269,0.7366,0.8795,0.9359,sam_uploaded,6388.645,34312,138348,6.66
2026-09-02T23:19:41.782,pi-test-01,img_6487,ADRES,Q,27.045,0.8542,0.883,0.9379,sam_uploaded,8067.912,34312,234344,3.93
2026-09-02T23:19:41.782,pi-test-01,img_6487,ADRES,E,22.27,0.7369,0.883,0.9379,sam_uploaded,6495.18,34312,132744,6.94
2026-09-02T23:19:57.270,pi-test-01,img_6488,ADRES,Q,27.083,0.8545,0.8839,0.9384,sam_uploaded,8062.533,34312,233965,3.94
2026-09-02T23:19:57.270,pi-test-01,img_6488,ADRES,E,22.319,0.7371,0.8839,0.9384,sam_uploaded,6616.93,34312,130652,7.05
2026-09-02T23:20:09.490,pi-test-01,img_6489,ADRES,Q,26.101,0.7429,0.7159,0.8344,sam_uploaded,6584.267,34312,151313,6.09
2026-09-02T23:20:09.490,pi-test-01,img_6489,ADRES,E,21.876,0.6296,0.7159,0.8344,sam_uploaded,4960.489,34312,86837,10.61
2026-09-02T23:20:21.747,pi-test-01,img_6490,ADRES,Q,26.094,0.7427,0.6972,0.8216,sam_uploaded,6663.019,34312,150136,6.14
2026-09-02T23:20:21.747,pi-test-01,img_6490,ADRES,E,21.838,0.6289,0.6972,0.8216,sam_uploaded,5013.077,34312,85738,10.75
2026-09-02T23:20:33.148,pi-test-01,img_6491,ADRES,Q,26.196,0.7436,0.7371,0.8487,sam_uploaded,5873.678,34312,173958,5.3
2026-09-02T23:20:33.148,pi-test-01,img_6491,ADRES,E,21.959,0.6298,0.7371,0.8487,sam_uploaded,4861.227,34312,95609,9.64
2026-09-02T23:20:44.029,pi-test-01,img_6492,ADRES,Q,26.087,0.743,0.6575,0.7933,sam_uploaded,5598.826,34312,181768,5.07
2026-09-02T23:20:44.029,pi-test-01,img_6492,ADRES,E,21.833,0.6298,0.6575,0.7933,sam_uploaded,4718.055,34312,100065,9.21
2026-09-02T23:20:57.655,pi-test-01,img_6493,ADRES,Q,26.887,0.8295,0.8418,0.9141,sam_uploaded,6975.813,34312,228398,4.04
2026-09-02T23:20:57.655,pi-test-01,img_6493,ADRES,E,22.292,0.7275,0.8418,0.9141,sam_uploaded,5958.48,34312,129112,7.14
2026-09-02T23:21:11.433,pi-test-01,img_6494,ADRES,Q,26.814,0.8289,0.8397,0.9129,sam_uploaded,7029.962,34312,228579,4.03
2026-09-02T23:21:11.433,pi-test-01,img_6494,ADRES,E,22.267,0.7269,0.8397,0.9129,sam_uploaded,5965.787,34312,128583,7.17
2026-09-02T23:21:25.505,pi-test-01,img_6495,ADRES,Q,26.887,0.8297,0.8444,0.9157,sam_uploaded,7298.605,34312,221694,4.16
2026-09-02T23:21:25.505,pi-test-01,img_6495,ADRES,E,22.284,0.7267,0.8444,0.9157,sam_uploaded,6075.699,34312,125896,7.32
2026-09-02T23:21:39.409,pi-test-01,img_6496,ADRES,Q,26.842,0.8293,0.8437,0.9152,sam_uploaded,7246.303,34312,224704,4.1
2026-09-02T23:21:39.409,pi-test-01,img_6496,ADRES,E,22.273,0.7273,0.8437,0.9152,sam_uploaded,6049.691,34312,128032,7.2
2026-09-02T23:21:53.830,pi-test-01,img_6497,ADRES,Q,26.222,0.8279,0.713,0.8324,sam_uploaded,7720.981,34312,188774,4.88
2026-09-02T23:21:53.830,pi-test-01,img_6497,ADRES,E,21.83,0.7048,0.713,0.8324,sam_uploaded,6065.057,34312,110422,8.35
2026-09-02T23:22:08.281,pi-test-01,img_6498,ADRES,Q,26.275,0.8277,0.67,0.8024,sam_uploaded,7742.973,34312,188274,4.89
2026-09-02T23:22:08.281,pi-test-01,img_6498,ADRES,E,21.895,0.7048,0.67,0.8024,sam_uploaded,6079.592,34312,109676,8.4
2026-09-02T23:22:22.726,pi-test-01,img_6499,ADRES,Q,26.263,0.8282,0.7078,0.8289,sam_uploaded,7724.312,34312,185098,4.98
2026-09-02T23:22:22.726,pi-test-01,img_6499,ADRES,E,21.837,0.705,0.7078,0.8289,sam_uploaded,6029.893,34312,108471,8.5
2026-09-02T23:22:36.985,pi-test-01,img_6500,ADRES,Q,26.279,0.8281,0.6767,0.8072,sam_uploaded,7602.373,34312,188744,4.88
2026-09-02T23:22:36.985,pi-test-01,img_6500,ADRES,E,21.929,0.7066,0.6767,0.8072,sam_uploaded,5975.869,34312,110430,8.35
2026-09-02T23:22:52.211,pi-test-01,img_6501,ADRES,Q,25.458,0.829,0.7783,0.8753,sam_uploaded,7425.613,34312,233228,3.95
2026-09-02T23:22:52.211,pi-test-01,img_6501,ADRES,E,21.197,0.6934,0.7783,0.8753,sam_uploaded,7013.352,34312,144008,6.4
2026-09-02T23:23:07.344,pi-test-01,img_6502,ADRES,Q,25.418,0.8279,0.6498,0.7877,sam_uploaded,7449.041,34312,235692,3.91
2026-09-02T23:23:07.344,pi-test-01,img_6502,ADRES,E,21.124,0.6914,0.6498,0.7877,sam_uploaded,6986.286,34312,145367,6.34
2026-09-02T23:23:21.739,pi-test-01,img_6503,ADRES,Q,25.408,0.8279,0.7116,0.8315,sam_uploaded,7032.182,34312,243546,3.78
2026-09-02T23:23:21.739,pi-test-01,img_6503,ADRES,E,21.184,0.6929,0.7116,0.8315,sam_uploaded,6724.771,34312,150604,6.12
2026-09-02T23:23:36.301,pi-test-01,img_6504,ADRES,Q,25.419,0.8286,0.7291,0.8433,sam_uploaded,7062.432,34312,243958,3.78
2026-09-02T23:23:36.301,pi-test-01,img_6504,ADRES,E,21.136,0.6919,0.7291,0.8433,sam_uploaded,6781.711,34312,150493,6.12
2026-09-02T23:23:49.444,pi-test-01,img_6505,ADRES,Q,25.962,0.7796,0.7841,0.879,sam_uploaded,6787.648,34312,185702,4.96
2026-09-02T23:23:49.444,pi-test-01,img_6505,ADRES,E,21.883,0.6627,0.7841,0.879,sam_uploaded,5748.403,34312,111168,8.29
2026-09-02T23:24:02.573,pi-test-01,img_6506,ADRES,Q,25.987,0.7794,0.7723,0.8715,sam_uploaded,6811.927,34312,185499,4.97
2026-09-02T23:24:02.573,pi-test-01,img_6506,ADRES,E,21.874,0.6621,0.7723,0.8715,sam_uploaded,5742.83,34312,111686,8.25
2026-09-02T23:24:14.769,pi-test-01,img_6507,ADRES,Q,26.031,0.7796,0.7884,0.8817,sam_uploaded,6101.38,34312,206598,4.46
2026-09-02T23:24:14.769,pi-test-01,img_6507,ADRES,E,21.935,0.6625,0.7884,0.8817,sam_uploaded,5469.775,34312,123591,7.46
2026-09-02T23:24:26.939,pi-test-01,img_6508,ADRES,Q,26.003,0.7798,0.7741,0.8726,sam_uploaded,6056.966,34312,208842,4.41
2026-09-02T23:24:26.939,pi-test-01,img_6508,ADRES,E,21.913,0.663,0.7741,0.8726,sam_uploaded,5418.509,34312,124664,7.39
2026-09-02T23:24:39.946,pi-test-01,img_6509,ADRES,Q,27.721,0.8535,0.886,0.9396,sam_uploaded,7020.431,34312,167521,5.5
2026-09-02T23:24:39.946,pi-test-01,img_6509,ADRES,E,22.776,0.7448,0.886,0.9396,sam_uploaded,5276.619,34312,95204,9.68
2026-09-02T23:24:52.693,pi-test-01,img_6510,ADRES,Q,27.705,0.8533,0.8269,0.9053,sam_uploaded,6914.403,34312,170045,5.42
2026-09-02T23:24:52.693,pi-test-01,img_6510,ADRES,E,22.804,0.7457,0.8269,0.9053,sam_uploaded,5219.402,34312,97423,9.46
2026-09-02T23:25:05.288,pi-test-01,img_6511,ADRES,Q,27.64,0.8526,0.8039,0.8913,sam_uploaded,6862.266,34312,171075,5.39
2026-09-02T23:25:05.288,pi-test-01,img_6511,ADRES,E,22.704,0.7431,0.8039,0.8913,sam_uploaded,5206.829,34312,97059,9.5
2026-09-02T23:25:18.023,pi-test-01,img_6512,ADRES,Q,27.712,0.8532,0.8433,0.915,sam_uploaded,6914.747,34312,167746,5.49
2026-09-02T23:25:18.023,pi-test-01,img_6512,ADRES,E,22.761,0.7437,0.8433,0.915,sam_uploaded,5217.696,34312,96102,9.59
2026-09-02T23:25:29.717,pi-test-01,img_6513,ADRES,Q,25.136,0.7451,0.6813,0.8105,sam_uploaded,5707.48,34312,176958,5.21
2026-09-02T23:25:29.717,pi-test-01,img_6513,ADRES,E,21.321,0.6219,0.6813,0.8105,sam_uploaded,5340.234,34312,108581,8.49
2026-09-02T23:25:41.563,pi-test-01,img_6514,ADRES,Q,25.117,0.7448,0.6362,0.7776,sam_uploaded,5875.569,34312,170441,5.41
2026-09-02T23:25:41.563,pi-test-01,img_6514,ADRES,E,21.233,0.6207,0.6362,0.7776,sam_uploaded,5368.761,34312,105929,8.7
2026-09-02T23:25:53.643,pi-test-01,img_6515,ADRES,Q,25.135,0.746,0.6804,0.8098,sam_uploaded,6010.052,34312,169083,5.45
2026-09-02T23:25:53.643,pi-test-01,img_6515,ADRES,E,21.27,0.6217,0.6804,0.8098,sam_uploaded,5466.279,34312,103354,8.92
2026-09-02T23:26:05.487,pi-test-01,img_6516,ADRES,Q,25.117,0.746,0.6463,0.7851,sam_uploaded,5778.301,34312,174374,5.29
2026-09-02T23:26:05.487,pi-test-01,img_6516,ADRES,E,21.285,0.6223,0.6463,0.7851,sam_uploaded,5389.95,34312,106403,8.66
2026-09-02T23:26:21.098,pi-test-01,img_6517,ADRES,Q,26.228,0.831,0.7452,0.854,sam_uploaded,7515.829,34312,254460,3.62
2026-09-02T23:26:21.098,pi-test-01,img_6517,ADRES,E,21.753,0.7084,0.7452,0.854,sam_uploaded,7303.897,34312,153224,6.01
2026-09-02T23:26:36.016,pi-test-01,img_6518,ADRES,Q,26.231,0.8309,0.7543,0.86,sam_uploaded,7091.033,34312,266246,3.46
2026-09-02T23:26:36.016,pi-test-01,img_6518,ADRES,E,21.809,0.7085,0.7543,0.86,sam_uploaded,7137.566,34312,157065,5.87
2026-09-02T23:26:50.791,pi-test-01,img_6519,ADRES,Q,26.257,0.8312,0.7658,0.8674,sam_uploaded,6993.834,34312,267717,3.44
2026-09-02T23:26:50.791,pi-test-01,img_6519,ADRES,E,21.835,0.7099,0.7658,0.8674,sam_uploaded,7019.636,34312,161629,5.7
2026-09-02T23:27:06.126,pi-test-01,img_6520,ADRES,Q,26.255,0.8318,0.6566,0.7927,sam_uploaded,7323.944,34312,259684,3.55
2026-09-02T23:27:06.126,pi-test-01,img_6520,ADRES,E,21.817,0.7097,0.6566,0.7927,sam_uploaded,7283.69,34312,155330,5.93
2026-09-02T23:27:21.061,pi-test-01,img_6521,ADRES,Q,26.058,0.8413,0.8017,0.8899,sam_uploaded,7177.047,34312,263106,3.5
2026-09-02T23:27:21.061,pi-test-01,img_6521,ADRES,E,21.64,0.7237,0.8017,0.8899,sam_uploaded,7078.029,34312,162292,5.68
2026-09-02T23:27:36.054,pi-test-01,img_6522,ADRES,Q,26.059,0.841,0.8014,0.8897,sam_uploaded,7143.045,34312,264378,3.49
2026-09-02T23:27:36.054,pi-test-01,img_6522,ADRES,E,21.644,0.724,0.8014,0.8897,sam_uploaded,7073.821,34312,163271,5.64
2026-09-02T23:27:50.314,pi-test-01,img_6523,ADRES,Q,26.103,0.8422,0.7987,0.8881,sam_uploaded,6722.476,34312,274121,3.36
2026-09-02T23:27:50.314,pi-test-01,img_6523,ADRES,E,21.736,0.7262,0.7987,0.8881,sam_uploaded,6809.266,34312,168924,5.46
2026-09-02T23:28:04.399,pi-test-01,img_6524,ADRES,Q,26.106,0.8413,0.787,0.8808,sam_uploaded,6593.941,34312,278208,3.31
2026-09-02T23:28:04.399,pi-test-01,img_6524,ADRES,E,21.713,0.7261,0.787,0.8808,sam_uploaded,6766.193,34312,172093,5.36
2026-09-02T23:28:17.878,pi-test-01,img_6525,ADRES,Q,23.151,0.8023,0.5574,0.7158,sam_uploaded,6827.135,34312,158570,5.81
2026-09-02T23:28:17.878,pi-test-01,img_6525,ADRES,E,19.361,0.649,0.5574,0.7158,sam_uploaded,6013.58,34312,100416,9.18
2026-09-02T23:28:31.344,pi-test-01,img_6526,ADRES,Q,23.124,0.8017,0.5317,0.6942,sam_uploaded,6829.255,34312,157960,5.83
2026-09-02T23:28:31.344,pi-test-01,img_6526,ADRES,E,19.353,0.6491,0.5317,0.6942,sam_uploaded,5957.753,34312,100772,9.15
2026-09-02T23:28:44.162,pi-test-01,img_6527,ADRES,Q,23.185,0.8065,0.555,0.7138,sam_uploaded,6279.344,34312,173737,5.3
2026-09-02T23:28:44.162,pi-test-01,img_6527,ADRES,E,19.389,0.6552,0.555,0.7138,sam_uploaded,5902.565,34312,108236,8.51
2026-09-02T23:28:57.055,pi-test-01,img_6528,ADRES,Q,23.232,0.8075,0.5502,0.7098,sam_uploaded,6334.285,34312,170047,5.42
2026-09-02T23:28:57.055,pi-test-01,img_6528,ADRES,E,19.512,0.6578,0.5502,0.7098,sam_uploaded,5873.081,34312,105974,8.7
2026-09-02T23:29:07.191,pi-test-01,img_6529,ADRES,Q,25.037,0.7686,0.7608,0.8642,sam_uploaded,5566.671,34312,130443,7.07
2026-09-02T23:29:07.191,pi-test-01,img_6529,ADRES,E,20.661,0.673,0.7608,0.8642,sam_uploaded,3958.005,34312,69701,13.22
2026-09-02T23:29:17.522,pi-test-01,img_6530,ADRES,Q,25.082,0.7688,0.6895,0.8162,sam_uploaded,5594.375,34312,131724,7
2026-09-02T23:29:17.522,pi-test-01,img_6530,ADRES,E,20.775,0.6738,0.6895,0.8162,sam_uploaded,4006.92,34312,70126,13.14
2026-09-02T23:29:27.612,pi-test-01,img_6531,ADRES,Q,25.061,0.7685,0.7637,0.866,sam_uploaded,5489.659,34312,136930,6.73
2026-09-02T23:29:27.612,pi-test-01,img_6531,ADRES,E,20.704,0.6719,0.7637,0.866,sam_uploaded,4039.557,34312,71251,12.93
2026-09-02T23:29:37.784,pi-test-01,img_6532,ADRES,Q,25.079,0.7686,0.6632,0.7975,sam_uploaded,5572.802,34312,135488,6.8
2026-09-02T23:29:37.784,pi-test-01,img_6532,ADRES,E,20.724,0.6714,0.6632,0.7975,sam_uploaded,4000.516,34312,71781,12.84
2026-09-02T23:29:50.490,pi-test-01,img_6533,ADRES,Q,25.745,0.7846,0.7724,0.8716,sam_uploaded,6719.052,34312,172398,5.35
2026-09-02T23:29:50.490,pi-test-01,img_6533,ADRES,E,21.238,0.6711,0.7724,0.8716,sam_uploaded,5348.227,34312,101457,9.08
2026-09-02T23:30:03.341,pi-test-01,img_6534,ADRES,Q,25.71,0.7845,0.7659,0.8675,sam_uploaded,6730.582,34312,174004,5.3
2026-09-02T23:30:03.341,pi-test-01,img_6534,ADRES,E,21.281,0.6723,0.7659,0.8675,sam_uploaded,5399.225,34312,102016,9.03
2026-09-02T23:30:15.788,pi-test-01,img_6535,ADRES,Q,25.787,0.7849,0.7718,0.8712,sam_uploaded,6515.829,34312,183493,5.02
2026-09-02T23:30:15.788,pi-test-01,img_6535,ADRES,E,21.371,0.6723,0.7718,0.8712,sam_uploaded,5348.043,34312,106068,8.69
2026-09-02T23:30:28.417,pi-test-01,img_6536,ADRES,Q,25.704,0.7843,0.7657,0.8673,sam_uploaded,6595.966,34312,182135,5.06
2026-09-02T23:30:28.417,pi-test-01,img_6536,ADRES,E,21.31,0.6726,0.7657,0.8673,sam_uploaded,5391.256,34312,106135,8.68
2026-09-02T23:30:42.342,pi-test-01,img_6537,ADRES,Q,23.253,0.817,0.8038,0.8912,sam_uploaded,6814.675,34312,181644,5.07
2026-09-02T23:30:42.342,pi-test-01,img_6537,ADRES,E,19.354,0.6249,0.8038,0.8912,sam_uploaded,6455.137,34312,115889,7.95
2026-09-02T23:30:56.073,pi-test-01,img_6538,ADRES,Q,23.244,0.8163,0.8156,0.8984,sam_uploaded,6694.434,34312,182632,5.05
2026-09-02T23:30:56.073,pi-test-01,img_6538,ADRES,E,19.336,0.6244,0.8156,0.8984,sam_uploaded,6422.661,34312,116232,7.93
2026-09-02T23:31:09.586,pi-test-01,img_6539,ADRES,Q,23.226,0.817,0.809,0.8944,sam_uploaded,6565.134,34312,186467,4.94
2026-09-02T23:31:09.586,pi-test-01,img_6539,ADRES,E,19.226,0.62,0.809,0.8944,sam_uploaded,6288.018,34312,119591,7.71
2026-09-02T23:31:23.211,pi-test-01,img_6540,ADRES,Q,23.277,0.8173,0.811,0.8957,sam_uploaded,6669.081,34312,183939,5.01
2026-09-02T23:31:23.211,pi-test-01,img_6540,ADRES,E,19.406,0.6246,0.811,0.8957,sam_uploaded,6374.08,34312,118111,7.8
2026-09-02T23:31:36.723,pi-test-01,img_6541,ADRES,Q,24.204,0.7314,0.7445,0.8535,sam_uploaded,6685.782,34312,193580,4.76
2026-09-02T23:31:36.723,pi-test-01,img_6541,ADRES,E,20.641,0.603,0.7445,0.8535,sam_uploaded,6141.274,34312,119193,7.73
2026-09-02T23:31:50.124,pi-test-01,img_6542,ADRES,Q,24.243,0.7317,0.74,0.8505,sam_uploaded,6613.008,34312,194427,4.74
2026-09-02T23:31:50.124,pi-test-01,img_6542,ADRES,E,20.709,0.6033,0.74,0.8505,sam_uploaded,6163.152,34312,119289,7.73
2026-09-02T23:32:03.012,pi-test-01,img_6543,ADRES,Q,24.212,0.7314,0.7477,0.8557,sam_uploaded,6313.367,34312,200049,4.61
2026-09-02T23:32:03.012,pi-test-01,img_6543,ADRES,E,20.619,0.6027,0.7477,0.8557,sam_uploaded,5964.958,34312,121968,7.56
2026-09-02T23:32:16.067,pi-test-01,img_6544,ADRES,Q,24.275,0.7322,0.7436,0.8529,sam_uploaded,6383.031,34312,199281,4.62
2026-09-02T23:32:16.067,pi-test-01,img_6544,ADRES,E,20.742,0.6037,0.7436,0.8529,sam_uploaded,5997.401,34312,122068,7.55
2026-09-02T23:32:27.295,pi-test-01,img_6545,ADRES,Q,25.799,0.681,0.7018,0.8248,sam_uploaded,5868.376,34312,152997,6.02
2026-09-02T23:32:27.295,pi-test-01,img_6545,ADRES,E,22.063,0.5752,0.7018,0.8248,sam_uploaded,4736.653,34312,88055,10.47
2026-09-02T23:32:38.621,pi-test-01,img_6546,ADRES,Q,25.855,0.6815,0.708,0.8291,sam_uploaded,5902.444,34312,152038,6.06
2026-09-02T23:32:38.621,pi-test-01,img_6546,ADRES,E,22.159,0.5755,0.708,0.8291,sam_uploaded,4751.324,34312,87959,10.48
2026-09-02T23:32:48.695,pi-test-01,img_6547,ADRES,Q,25.895,0.6826,0.7103,0.8306,sam_uploaded,4961.578,34312,178494,5.16
2026-09-02T23:32:48.695,pi-test-01,img_6547,ADRES,E,22.224,0.5782,0.7103,0.8306,sam_uploaded,4448.682,34312,98604,9.35
2026-09-02T23:32:58.660,pi-test-01,img_6548,ADRES,Q,25.873,0.6822,0.7152,0.834,sam_uploaded,4940.875,34312,179108,5.15
2026-09-02T23:32:58.660,pi-test-01,img_6548,ADRES,E,22.169,0.5769,0.7152,0.834,sam_uploaded,4477.804,34312,97728,9.43
2026-09-02T23:33:12.540,pi-test-01,img_6549,ADRES,Q,24.769,0.7927,0.716,0.8345,sam_uploaded,6734.558,34312,219187,4.2
2026-09-02T23:33:12.540,pi-test-01,img_6549,ADRES,E,20.45,0.6714,0.716,0.8345,sam_uploaded,6428.945,34312,133246,6.92
2026-09-02T23:33:26.064,pi-test-01,img_6550,ADRES,Q,24.816,0.7934,0.7133,0.8326,sam_uploaded,6484.402,34312,224346,4.11
2026-09-02T23:33:26.064,pi-test-01,img_6550,ADRES,E,20.612,0.6754,0.7133,0.8326,sam_uploaded,6298.064,34312,134805,6.84
2026-09-02T23:33:39.329,pi-test-01,img_6551,ADRES,Q,24.783,0.7935,0.6957,0.8206,sam_uploaded,6280.042,34312,233366,3.95
2026-09-02T23:33:39.329,pi-test-01,img_6551,ADRES,E,20.484,0.6717,0.6957,0.8206,sam_uploaded,6204.739,34312,140576,6.56
2026-09-02T23:33:52.422,pi-test-01,img_6552,ADRES,Q,24.747,0.7928,0.7108,0.831,sam_uploaded,6266.892,34312,233341,3.95
2026-09-02T23:33:52.422,pi-test-01,img_6552,ADRES,E,20.495,0.6724,0.7108,0.831,sam_uploaded,6164.985,34312,140678,6.55
2026-09-02T23:34:04.021,pi-test-01,img_6553,ADRES,Q,26.344,0.7985,0.2288,0.3724,sam_uploaded,6243.944,34312,126898,7.26
2026-09-02T23:34:04.021,pi-test-01,img_6553,ADRES,E,21.553,0.6568,0.2288,0.3724,sam_uploaded,4839.323,34312,80794,11.41
2026-09-02T23:34:15.694,pi-test-01,img_6554,ADRES,Q,26.322,0.7991,0.2496,0.3995,sam_uploaded,6225.974,34312,126341,7.29
2026-09-02T23:34:15.694,pi-test-01,img_6554,ADRES,E,21.572,0.6588,0.2496,0.3995,sam_uploaded,4838.963,34312,80208,11.49
2026-09-02T23:34:26.348,pi-test-01,img_6555,ADRES,Q,26.359,0.7992,0.2279,0.3713,sam_uploaded,5318.076,34312,151964,6.06
2026-09-02T23:34:26.348,pi-test-01,img_6555,ADRES,E,21.587,0.6584,0.2279,0.3713,sam_uploaded,4738.945,34312,84427,10.92
2026-09-02T23:34:37.075,pi-test-01,img_6556,ADRES,Q,26.35,0.7996,0.1873,0.3155,sam_uploaded,5401.331,34312,150252,6.13
2026-09-02T23:34:37.075,pi-test-01,img_6556,ADRES,E,21.56,0.6586,0.1873,0.3155,sam_uploaded,4734.031,34312,85330,10.8
2026-09-02T23:34:46.798,pi-test-01,img_6557,ADRES,Q,24.154,0.6671,0.7136,0.8328,sam_uploaded,4835.637,34312,107572,8.57
2026-09-02T23:34:46.798,pi-test-01,img_6557,ADRES,E,21.281,0.5537,0.7136,0.8328,sam_uploaded,4294.555,34312,67367,13.68
2026-09-02T23:34:56.575,pi-test-01,img_6558,ADRES,Q,24.19,0.668,0.6606,0.7956,sam_uploaded,4816.145,34312,107082,8.61
2026-09-02T23:34:56.575,pi-test-01,img_6558,ADRES,E,21.375,0.5562,0.6606,0.7956,sam_uploaded,4283.071,34312,67141,13.73
2026-09-02T23:35:05.801,pi-test-01,img_6559,ADRES,Q,24.213,0.669,0.6851,0.8131,sam_uploaded,4497.855,34312,121680,7.57
2026-09-02T23:35:05.801,pi-test-01,img_6559,ADRES,E,21.4,0.5578,0.6851,0.8131,sam_uploaded,4121.221,34312,75509,12.21
2026-09-02T23:35:14.852,pi-test-01,img_6560,ADRES,Q,24.189,0.6682,0.7357,0.8477,sam_uploaded,4372.573,34312,124759,7.39
2026-09-02T23:35:14.852,pi-test-01,img_6560,ADRES,E,21.346,0.5574,0.7357,0.8477,sam_uploaded,4138.926,34312,76121,12.11
2026-09-02T23:35:28.894,pi-test-01,img_6561,ADRES,Q,26.717,0.8214,0.8292,0.9066,sam_uploaded,7511.172,34312,167278,5.51
2026-09-02T23:35:28.894,pi-test-01,img_6561,ADRES,E,22.202,0.6946,0.8292,0.9066,sam_uploaded,5987.516,34312,103847,8.87
2026-09-02T23:35:42.803,pi-test-01,img_6562,ADRES,Q,26.635,0.8198,0.9126,0.9543,sam_uploaded,7363.018,34312,171006,5.39
2026-09-02T23:35:42.803,pi-test-01,img_6562,ADRES,E,22.097,0.6924,0.9126,0.9543,sam_uploaded,5927.862,34312,105060,8.77
2026-09-02T23:35:57.133,pi-test-01,img_6563,ADRES,Q,26.668,0.8207,0.9062,0.9508,sam_uploaded,7682.169,34312,160413,5.75
2026-09-02T23:35:57.133,pi-test-01,img_6563,ADRES,E,22.175,0.6944,0.9062,0.9508,sam_uploaded,6020.576,34312,99808,9.23
2026-09-02T23:36:11.299,pi-test-01,img_6564,ADRES,Q,26.691,0.8207,0.8197,0.9009,sam_uploaded,7564.153,34312,159776,5.77
2026-09-02T23:36:11.299,pi-test-01,img_6564,ADRES,E,22.194,0.6945,0.8197,0.9009,sam_uploaded,5974.335,34312,99866,9.23
2026-09-02T23:36:20.225,pi-test-01,img_6565,ADRES,Q,22.242,0.6558,0.4818,0.6503,sam_uploaded,4523.772,34312,93647,9.84
2026-09-02T23:36:20.225,pi-test-01,img_6565,ADRES,E,19.064,0.5174,0.4818,0.6503,sam_uploaded,3782.061,34312,55740,16.53
2026-09-02T23:36:29.073,pi-test-01,img_6566,ADRES,Q,22.217,0.655,0.6193,0.7649,sam_uploaded,4529.052,34312,93630,9.84
2026-09-02T23:36:29.073,pi-test-01,img_6566,ADRES,E,18.968,0.5141,0.6193,0.7649,sam_uploaded,3777.714,34312,55726,16.54
2026-09-02T23:36:37.871,pi-test-01,img_6567,ADRES,Q,22.233,0.6556,0.482,0.6505,sam_uploaded,4497.231,34312,94564,9.75
2026-09-02T23:36:37.871,pi-test-01,img_6567,ADRES,E,19.017,0.519,0.482,0.6505,sam_uploaded,3778.19,34312,56066,16.44
2026-09-02T23:36:46.854,pi-test-01,img_6568,ADRES,Q,22.238,0.6568,0.4949,0.6621,sam_uploaded,4536.959,34312,94669,9.73
2026-09-02T23:36:46.854,pi-test-01,img_6568,ADRES,E,19.011,0.5186,0.4949,0.6621,sam_uploaded,3849.958,34312,56202,16.4
2026-09-02T23:36:58.987,pi-test-01,img_6569,ADRES,Q,25.389,0.8358,0.6858,0.8137,sam_uploaded,6587.404,34312,131692,7
2026-09-02T23:36:58.987,pi-test-01,img_6569,ADRES,E,21.627,0.7254,0.6858,0.8137,sam_uploaded,4930.227,34312,79993,11.52
2026-09-02T23:37:11.181,pi-test-01,img_6570,ADRES,Q,25.436,0.8361,0.7525,0.8588,sam_uploaded,6606.283,34312,132144,6.97
2026-09-02T23:37:11.181,pi-test-01,img_6570,ADRES,E,21.773,0.7292,0.7525,0.8588,sam_uploaded,4967.473,34312,80115,11.5
2026-09-02T23:37:23.147,pi-test-01,img_6571,ADRES,Q,25.414,0.8364,0.7324,0.8456,sam_uploaded,6506.991,34312,132062,6.98
2026-09-02T23:37:23.147,pi-test-01,img_6571,ADRES,E,21.634,0.7259,0.7324,0.8456,sam_uploaded,4921.257,34312,80332,11.47
2026-09-02T23:37:35.116,pi-test-01,img_6572,ADRES,Q,25.443,0.8368,0.7412,0.8513,sam_uploaded,6505.933,34312,131822,6.99
2026-09-02T23:37:35.116,pi-test-01,img_6572,ADRES,E,21.776,0.7306,0.7412,0.8513,sam_uploaded,4919.932,34312,80053,11.51
2026-09-02T23:37:46.789,pi-test-01,img_6573,ADRES,Q,27.519,0.8603,0.7329,0.8459,sam_uploaded,6342.233,34312,146981,6.27
2026-09-02T23:37:46.789,pi-test-01,img_6573,ADRES,E,22.185,0.76,0.7329,0.8459,sam_uploaded,4649.933,34312,85754,10.75
2026-09-02T23:37:58.501,pi-test-01,img_6574,ADRES,Q,27.504,0.8603,0.7319,0.8452,sam_uploaded,6404.955,34312,145542,6.33
2026-09-02T23:37:58.501,pi-test-01,img_6574,ADRES,E,22.151,0.7595,0.7319,0.8452,sam_uploaded,4707.857,34312,85514,10.78
2026-09-02T23:38:10.238,pi-test-01,img_6575,ADRES,Q,27.509,0.8604,0.7334,0.8462,sam_uploaded,6301.851,34312,157289,5.86
2026-09-02T23:38:10.238,pi-test-01,img_6575,ADRES,E,22.208,0.7606,0.7334,0.8462,sam_uploaded,4753.141,34312,89724,10.27
2026-09-02T23:38:21.651,pi-test-01,img_6576,ADRES,Q,27.56,0.8608,0.6035,0.7528,sam_uploaded,6111.149,34312,160523,5.74
2026-09-02T23:38:21.651,pi-test-01,img_6576,ADRES,E,22.219,0.7612,0.6035,0.7528,sam_uploaded,4658.247,34312,92536,9.96
2026-09-02T23:38:35.801,pi-test-01,img_6577,ADRES,Q,25.594,0.8196,0.6783,0.8083,sam_uploaded,7286.705,34312,173011,5.33
2026-09-02T23:38:35.801,pi-test-01,img_6577,ADRES,E,21.323,0.6838,0.6783,0.8083,sam_uploaded,6189.788,34312,108359,8.51
2026-09-02T23:38:49.836,pi-test-01,img_6578,ADRES,Q,25.614,0.8197,0.6875,0.8148,sam_uploaded,7282.472,34312,172970,5.33
2026-09-02T23:38:49.836,pi-test-01,img_6578,ADRES,E,21.267,0.6833,0.6875,0.8148,sam_uploaded,6176.434,34312,108499,8.49
2026-09-02T23:39:03.492,pi-test-01,img_6579,ADRES,Q,25.623,0.8203,0.5258,0.6892,sam_uploaded,7050.219,34312,179447,5.14
2026-09-02T23:39:03.492,pi-test-01,img_6579,ADRES,E,21.297,0.6863,0.5258,0.6892,sam_uploaded,6060.386,34312,112755,8.17
2026-09-02T23:39:17.284,pi-test-01,img_6580,ADRES,Q,25.65,0.8212,0.6044,0.7534,sam_uploaded,7049.041,34312,178732,5.16
2026-09-02T23:39:17.284,pi-test-01,img_6580,ADRES,E,21.374,0.6869,0.6044,0.7534,sam_uploaded,6119.712,34312,112427,8.2
2026-09-02T23:39:29.592,pi-test-01,img_6581,ADRES,Q,24.96,0.8075,0.3739,0.5443,sam_uploaded,6449.156,34312,142887,6.45
2026-09-02T23:39:29.592,pi-test-01,img_6581,ADRES,E,20.605,0.6867,0.3739,0.5443,sam_uploaded,5241.415,34312,86649,10.64
2026-09-02T23:39:41.824,pi-test-01,img_6582,ADRES,Q,24.958,0.8066,0.3834,0.5543,sam_uploaded,6417.51,34312,143338,6.43
2026-09-02T23:39:41.824,pi-test-01,img_6582,ADRES,E,20.617,0.6866,0.3834,0.5543,sam_uploaded,5237.564,34312,87092,10.58
2026-09-02T23:39:54.144,pi-test-01,img_6583,ADRES,Q,25,0.8085,0.5505,0.7101,sam_uploaded,6447.648,34312,149857,6.15
2026-09-02T23:39:54.144,pi-test-01,img_6583,ADRES,E,20.679,0.6903,0.5505,0.7101,sam_uploaded,5262.738,34312,90992,10.13
2026-09-02T23:40:06.395,pi-test-01,img_6584,ADRES,Q,24.975,0.8075,0.6019,0.7515,sam_uploaded,6368.76,34312,150660,6.12
2026-09-02T23:40:06.395,pi-test-01,img_6584,ADRES,E,20.694,0.6907,0.6019,0.7515,sam_uploaded,5262.076,34312,91349,10.09
2026-09-02T23:40:18.284,pi-test-01,img_6585,ADRES,Q,23.583,0.7288,0.6021,0.7516,sam_uploaded,6032.211,34312,141488,6.51
2026-09-02T23:40:18.284,pi-test-01,img_6585,ADRES,E,19.914,0.5995,0.6021,0.7516,sam_uploaded,5287.731,34312,87832,10.49
2026-09-02T23:40:30.357,pi-test-01,img_6586,ADRES,Q,23.585,0.7291,0.5695,0.7257,sam_uploaded,6131.409,34312,139786,6.59
2026-09-02T23:40:30.357,pi-test-01,img_6586,ADRES,E,19.956,0.6,0.5695,0.7257,sam_uploaded,5336.713,34312,87679,10.51
2026-09-02T23:40:42.144,pi-test-01,img_6587,ADRES,Q,23.632,0.7301,0.6,0.75,sam_uploaded,5991.864,34312,143034,6.44
2026-09-02T23:40:42.144,pi-test-01,img_6587,ADRES,E,20.018,0.602,0.6,0.75,sam_uploaded,5252.44,34312,88710,10.39
2026-09-02T23:40:54.133,pi-test-01,img_6588,ADRES,Q,23.609,0.73,0.5026,0.6689,sam_uploaded,6008.303,34312,144706,6.37
2026-09-02T23:40:54.133,pi-test-01,img_6588,ADRES,E,19.972,0.6022,0.5026,0.6689,sam_uploaded,5337.842,34312,89673,10.28
2026-09-02T23:41:04.770,pi-test-01,img_6589,ADRES,Q,25.295,0.7215,0.6515,0.789,sam_uploaded,5281.926,34312,139615,6.6
2026-09-02T23:41:04.770,pi-test-01,img_6589,ADRES,E,20.715,0.5904,0.6515,0.789,sam_uploaded,4500.722,34312,81928,11.25
2026-09-02T23:41:14.904,pi-test-01,img_6590,ADRES,Q,25.251,0.7213,0.4083,0.5799,sam_uploaded,5063.996,34312,146920,6.27
2026-09-02T23:41:14.904,pi-test-01,img_6590,ADRES,E,20.644,0.5892,0.4083,0.5799,sam_uploaded,4458.493,34312,84566,10.9
2026-09-02T23:41:25.538,pi-test-01,img_6591,ADRES,Q,25.238,0.7209,0.653,0.7901,sam_uploaded,5431.086,34312,129018,7.14
2026-09-02T23:41:25.538,pi-test-01,img_6591,ADRES,E,20.607,0.5875,0.653,0.7901,sam_uploaded,4610.776,34312,77164,11.94
2026-09-02T23:41:36.326,pi-test-01,img_6592,ADRES,Q,25.213,0.7204,0.3695,0.5396,sam_uploaded,5586.374,34312,125484,7.34
2026-09-02T23:41:36.326,pi-test-01,img_6592,ADRES,E,20.533,0.5869,0.3695,0.5396,sam_uploaded,4554.641,34312,76017,12.12
2026-09-02T23:41:48.668,pi-test-01,img_6593,ADRES,Q,24.428,0.7752,0.7549,0.8603,sam_uploaded,6610.681,34312,126286,7.3
2026-09-02T23:41:48.668,pi-test-01,img_6593,ADRES,E,21.042,0.6536,0.7549,0.8603,sam_uploaded,5207.044,34312,79439,11.6
2026-09-02T23:42:01.170,pi-test-01,img_6594,ADRES,Q,24.353,0.7738,0.7569,0.8617,sam_uploaded,6686.43,34312,126589,7.28
2026-09-02T23:42:01.170,pi-test-01,img_6594,ADRES,E,20.896,0.648,0.7569,0.8617,sam_uploaded,5208.574,34312,79547,11.59
2026-09-02T23:42:13.523,pi-test-01,img_6595,ADRES,Q,24.407,0.7752,0.7513,0.858,sam_uploaded,6566.764,34312,126629,7.28
2026-09-02T23:42:13.523,pi-test-01,img_6595,ADRES,E,20.968,0.6511,0.7513,0.858,sam_uploaded,5239.309,34312,79756,11.56
2026-09-02T23:42:25.996,pi-test-01,img_6596,ADRES,Q,24.408,0.7745,0.757,0.8617,sam_uploaded,6595.243,34312,127095,7.25
2026-09-02T23:42:25.996,pi-test-01,img_6596,ADRES,E,20.989,0.6536,0.757,0.8617,sam_uploaded,5230.218,34312,80429,11.46
2026-09-02T23:42:38.986,pi-test-01,img_6597,ADRES,Q,24.99,0.7784,0.6545,0.7912,sam_uploaded,6764.138,34312,141838,6.5
2026-09-02T23:42:38.986,pi-test-01,img_6597,ADRES,E,20.634,0.6343,0.6545,0.7912,sam_uploaded,5584.191,34312,89070,10.35
2026-09-02T23:42:52.160,pi-test-01,img_6598,ADRES,Q,25.012,0.7785,0.6434,0.783,sam_uploaded,6815.714,34312,140631,6.55
2026-09-02T23:42:52.160,pi-test-01,img_6598,ADRES,E,20.647,0.6332,0.6434,0.783,sam_uploaded,5564.622,34312,88629,10.4
2026-09-02T23:43:05.234,pi-test-01,img_6599,ADRES,Q,25.05,0.7789,0.6771,0.8074,sam_uploaded,6791.644,34312,142518,6.47
2026-09-02T23:43:05.234,pi-test-01,img_6599,ADRES,E,20.726,0.6355,0.6771,0.8074,sam_uploaded,5596.149,34312,89346,10.31
2026-09-02T23:43:18.249,pi-test-01,img_6600,ADRES,Q,25.043,0.7795,0.5733,0.7288,sam_uploaded,6756.124,34312,143097,6.44
2026-09-02T23:43:18.249,pi-test-01,img_6600,ADRES,E,20.742,0.6374,0.5733,0.7288,sam_uploaded,5577.694,34312,89772,10.27
2026-09-02T23:43:31.715,pi-test-01,img_6601,ADRES,Q,27.109,0.7963,0.5623,0.7198,sam_uploaded,7211.824,34312,159303,5.79
2026-09-02T23:43:31.715,pi-test-01,img_6601,ADRES,E,22.284,0.6671,0.5623,0.7198,sam_uploaded,5695.234,34312,95817,9.62
2026-09-02T23:43:45.054,pi-test-01,img_6602,ADRES,Q,27.101,0.7962,0.4554,0.6258,sam_uploaded,7154.097,34312,160773,5.73
2026-09-02T23:43:45.054,pi-test-01,img_6602,ADRES,E,22.32,0.6678,0.4554,0.6258,sam_uploaded,5653.147,34312,96312,9.57
2026-09-02T23:43:57.657,pi-test-01,img_6603,ADRES,Q,27.133,0.7962,0.6023,0.7518,sam_uploaded,6490.188,34312,180451,5.11
2026-09-02T23:43:57.657,pi-test-01,img_6603,ADRES,E,22.337,0.668,0.6023,0.7518,sam_uploaded,5530.947,34312,104483,8.82
2026-09-02T23:44:10.864,pi-test-01,img_6604,ADRES,Q,27.132,0.7963,0.5505,0.7101,sam_uploaded,6904.135,34312,172503,5.34
2026-09-02T23:44:10.864,pi-test-01,img_6604,ADRES,E,22.354,0.6683,0.5505,0.7101,sam_uploaded,5648.064,34312,101129,9.11
2026-09-02T23:44:25.308,pi-test-01,img_6605,ADRES,Q,25.543,0.8151,0.7713,0.8709,sam_uploaded,7384.062,34312,182647,5.05
2026-09-02T23:44:25.308,pi-test-01,img_6605,ADRES,E,20.948,0.6744,0.7713,0.8709,sam_uploaded,6474.766,34312,116676,7.9
2026-09-02T23:44:40.132,pi-test-01,img_6606,ADRES,Q,25.555,0.8152,0.6923,0.8182,sam_uploaded,7320.802,34312,182089,5.06
2026-09-02T23:44:40.132,pi-test-01,img_6606,ADRES,E,20.888,0.673,0.6923,0.8182,sam_uploaded,6432.307,34312,116138,7.94
2026-09-02T23:44:54.865,pi-test-01,img_6607,ADRES,Q,25.537,0.8147,0.7757,0.8737,sam_uploaded,7385.956,34312,187984,4.9
2026-09-02T23:44:54.865,pi-test-01,img_6607,ADRES,E,20.881,0.6725,0.7757,0.8737,sam_uploaded,6541.426,34312,118398,7.78
2026-09-02T23:45:09.633,pi-test-01,img_6608,ADRES,Q,25.481,0.8143,0.7528,0.859,sam_uploaded,7415.02,34312,185190,4.98
2026-09-02T23:45:09.633,pi-test-01,img_6608,ADRES,E,20.827,0.6725,0.7528,0.859,sam_uploaded,6598.439,34312,118563,7.77
2026-09-02T23:45:20.070,pi-test-01,img_6609,ADRES,Q,24.075,0.7821,0.6351,0.7768,sam_uploaded,5347.866,34312,137116,6.72
2026-09-02T23:45:20.070,pi-test-01,img_6609,ADRES,E,19.907,0.6493,0.6351,0.7768,sam_uploaded,4437.157,34312,82407,11.18
2026-09-02T23:45:30.490,pi-test-01,img_6610,ADRES,Q,24.076,0.7828,0.6329,0.7752,sam_uploaded,5374.606,34312,136727,6.74
2026-09-02T23:45:30.490,pi-test-01,img_6610,ADRES,E,19.897,0.6484,0.6329,0.7752,sam_uploaded,4444.572,34312,82536,11.17
2026-09-02T23:45:40.354,pi-test-01,img_6611,ADRES,Q,24.093,0.7824,0.6418,0.7818,sam_uploaded,4979.143,34312,153034,6.02
2026-09-02T23:45:40.354,pi-test-01,img_6611,ADRES,E,20.016,0.6508,0.6418,0.7818,sam_uploaded,4316.03,34312,87186,10.57
2026-09-02T23:45:50.309,pi-test-01,img_6612,ADRES,Q,24.019,0.7816,0.6395,0.7801,sam_uploaded,4982.146,34312,153842,5.99
2026-09-02T23:45:50.309,pi-test-01,img_6612,ADRES,E,19.894,0.6501,0.6395,0.7801,sam_uploaded,4338.394,34312,88986,10.36
2026-09-02T23:46:01.559,pi-test-01,img_6613,ADRES,Q,23.804,0.7183,0.6065,0.7551,sam_uploaded,5553.578,34312,165202,5.58
2026-09-02T23:46:01.559,pi-test-01,img_6613,ADRES,E,20.118,0.5806,0.6065,0.7551,sam_uploaded,5078.118,34312,100681,9.15
2026-09-02T23:46:12.721,pi-test-01,img_6614,ADRES,Q,23.791,0.7179,0.6037,0.7529,sam_uploaded,5495.323,34312,165734,5.56
2026-09-02T23:46:12.721,pi-test-01,img_6614,ADRES,E,20.069,0.5792,0.6037,0.7529,sam_uploaded,5038.822,34312,99318,9.28
2026-09-02T23:46:24.026,pi-test-01,img_6615,ADRES,Q,23.685,0.7144,0.6015,0.7511,sam_uploaded,5647.032,34312,161865,5.69
2026-09-02T23:46:24.026,pi-test-01,img_6615,ADRES,E,19.938,0.5725,0.6015,0.7511,sam_uploaded,5096.437,34312,99284,9.28
2026-09-02T23:46:35.382,pi-test-01,img_6616,ADRES,Q,23.654,0.7137,0.6044,0.7534,sam_uploaded,5637.511,34312,162174,5.68
2026-09-02T23:46:35.382,pi-test-01,img_6616,ADRES,E,19.953,0.5726,0.6044,0.7534,sam_uploaded,5068.123,34312,99736,9.24
2026-09-02T23:46:47.946,pi-test-01,img_6617,ADRES,Q,25.809,0.7658,0.7717,0.8711,sam_uploaded,6450.718,34312,172902,5.33
2026-09-02T23:46:47.946,pi-test-01,img_6617,ADRES,E,21.611,0.6673,0.7717,0.8711,sam_uploaded,5426.989,34312,104761,8.8
2026-09-02T23:47:00.543,pi-test-01,img_6618,ADRES,Q,25.815,0.7655,0.7704,0.8703,sam_uploaded,6488.669,34312,172078,5.36
2026-09-02T23:47:00.543,pi-test-01,img_6618,ADRES,E,21.561,0.6663,0.7704,0.8703,sam_uploaded,5484.465,34312,104257,8.84
2026-09-02T23:47:11.752,pi-test-01,img_6619,ADRES,Q,25.919,0.7668,0.6499,0.7878,sam_uploaded,5491.28,34312,211461,4.36
2026-09-02T23:47:11.752,pi-test-01,img_6619,ADRES,E,21.768,0.6701,0.6499,0.7878,sam_uploaded,4980.633,34312,124793,7.39
2026-09-02T23:47:22.820,pi-test-01,img_6620,ADRES,Q,25.992,0.7677,0.7631,0.8656,sam_uploaded,5426.095,34312,211360,4.36
2026-09-02T23:47:22.820,pi-test-01,img_6620,ADRES,E,21.847,0.6711,0.7631,0.8656,sam_uploaded,4988.056,34312,124242,7.42
2026-09-02T23:47:33.302,pi-test-01,img_6621,ADRES,Q,23.689,0.7058,0.5007,0.6673,sam_uploaded,4837.906,34312,201507,4.57
2026-09-02T23:47:33.302,pi-test-01,img_6621,ADRES,E,20.079,0.5578,0.5007,0.6673,sam_uploaded,5005.985,34312,119873,7.69
2026-09-02T23:47:43.775,pi-test-01,img_6622,ADRES,Q,23.68,0.7054,0.4846,0.6529,sam_uploaded,4865.396,34312,198697,4.64
2026-09-02T23:47:43.775,pi-test-01,img_6622,ADRES,E,20.053,0.558,0.4846,0.6529,sam_uploaded,4970.429,34312,117860,7.82
2026-09-02T23:47:56.373,pi-test-01,img_6623,ADRES,Q,23.593,0.7012,0.5314,0.694,sam_uploaded,6393.878,34312,152196,6.06
2026-09-02T23:47:56.373,pi-test-01,img_6623,ADRES,E,19.978,0.55,0.5314,0.694,sam_uploaded,5516.9,34312,94211,9.78
2026-09-02T23:48:08.953,pi-test-01,img_6624,ADRES,Q,23.55,0.7002,0.609,0.757,sam_uploaded,6400.083,34312,152792,6.03
2026-09-02T23:48:08.953,pi-test-01,img_6624,ADRES,E,19.928,0.5502,0.609,0.757,sam_uploaded,5562.135,34312,93869,9.82
2026-09-02T23:48:19.956,pi-test-01,img_6625,ADRES,Q,25.073,0.7872,0.7075,0.8287,sam_uploaded,5928.504,34312,133212,6.92
2026-09-02T23:48:19.956,pi-test-01,img_6625,ADRES,E,20.778,0.6543,0.7075,0.8287,sam_uploaded,4459.068,34312,77231,11.93
2026-09-02T23:48:30.801,pi-test-01,img_6626,ADRES,Q,25.097,0.7869,0.8245,0.9038,sam_uploaded,5917.932,34312,132321,6.96
2026-09-02T23:48:30.801,pi-test-01,img_6626,ADRES,E,20.822,0.654,0.8245,0.9038,sam_uploaded,4415.758,34312,76660,12.02
2026-09-02T23:48:41.707,pi-test-01,img_6627,ADRES,Q,25.09,0.786,0.786,0.8802,sam_uploaded,5813.636,34312,138624,6.65
2026-09-02T23:48:41.707,pi-test-01,img_6627,ADRES,E,20.793,0.6531,0.786,0.8802,sam_uploaded,4421.847,34312,78256,11.78
2026-09-02T23:48:52.770,pi-test-01,img_6628,ADRES,Q,25.055,0.7861,0.8277,0.9058,sam_uploaded,5883.134,34312,136389,6.76
2026-09-02T23:48:52.770,pi-test-01,img_6628,ADRES,E,20.8,0.6527,0.8277,0.9058,sam_uploaded,4472.632,34312,77923,11.83
2026-09-02T23:49:04.442,pi-test-01,img_6629,ADRES,Q,23.471,0.742,0.486,0.6541,sam_uploaded,5748.102,34312,165489,5.57
2026-09-02T23:49:04.442,pi-test-01,img_6629,ADRES,E,19.654,0.6112,0.486,0.6541,sam_uploaded,5215.627,34312,102799,8.97
2026-09-02T23:49:16.037,pi-test-01,img_6630,ADRES,Q,23.501,0.7432,0.467,0.6366,sam_uploaded,5764.329,34312,166118,5.55
2026-09-02T23:49:16.037,pi-test-01,img_6630,ADRES,E,19.668,0.6111,0.467,0.6366,sam_uploaded,5201.766,34312,102651,8.98
2026-09-02T23:49:26.906,pi-test-01,img_6631,ADRES,Q,23.53,0.7434,0.4887,0.6566,sam_uploaded,5233.151,34312,193309,4.77
2026-09-02T23:49:26.906,pi-test-01,img_6631,ADRES,E,19.816,0.618,0.4887,0.6566,sam_uploaded,4974.679,34312,117369,7.85
2026-09-02T23:49:37.789,pi-test-01,img_6632,ADRES,Q,23.596,0.7443,0.4771,0.646,sam_uploaded,5214.738,34312,191380,4.82
2026-09-02T23:49:37.789,pi-test-01,img_6632,ADRES,E,19.91,0.6204,0.4771,0.646,sam_uploaded,4970.46,34312,116657,7.9
2026-09-02T23:49:50.700,pi-test-01,img_6633,ADRES,Q,23.474,0.7732,0.6593,0.7947,sam_uploaded,6372.493,34312,192674,4.78
2026-09-02T23:49:50.700,pi-test-01,img_6633,ADRES,E,19.499,0.6236,0.6593,0.7947,sam_uploaded,5789.714,34312,117317,7.86
2026-09-02T23:50:03.476,pi-test-01,img_6634,ADRES,Q,23.463,0.7722,0.6533,0.7903,sam_uploaded,6361.027,34312,191441,4.81
2026-09-02T23:50:03.476,pi-test-01,img_6634,ADRES,E,19.45,0.6231,0.6533,0.7903,sam_uploaded,5773.94,34312,116804,7.89
2026-09-02T23:50:15.782,pi-test-01,img_6635,ADRES,Q,23.461,0.7712,0.6529,0.79,sam_uploaded,5959.366,34312,207914,4.43
2026-09-02T23:50:15.782,pi-test-01,img_6635,ADRES,E,19.483,0.6215,0.6529,0.79,sam_uploaded,5515.121,34312,127745,7.21
2026-09-02T23:50:27.950,pi-test-01,img_6636,ADRES,Q,23.426,0.7707,0.6587,0.7942,sam_uploaded,5952.713,34312,208094,4.43
2026-09-02T23:50:27.950,pi-test-01,img_6636,ADRES,E,19.438,0.6212,0.6587,0.7942,sam_uploaded,5538.272,34312,127147,7.25
2026-09-02T23:50:40.667,pi-test-01,img_6637,ADRES,Q,27.759,0.8598,0.6231,0.7678,sam_uploaded,7062.731,34312,145068,6.35
2026-09-02T23:50:40.667,pi-test-01,img_6637,ADRES,E,22.271,0.7201,0.6231,0.7678,sam_uploaded,5049.562,34312,88448,10.42
2026-09-02T23:50:53.362,pi-test-01,img_6638,ADRES,Q,27.73,0.8596,0.6457,0.7847,sam_uploaded,7064.405,34312,144210,6.39
2026-09-02T23:50:53.362,pi-test-01,img_6638,ADRES,E,22.284,0.7207,0.6457,0.7847,sam_uploaded,5003.894,34312,87105,10.58
2026-09-02T23:51:05.888,pi-test-01,img_6639,ADRES,Q,27.699,0.8592,0.5944,0.7456,sam_uploaded,6838.033,34312,154386,5.97
2026-09-02T23:51:05.888,pi-test-01,img_6639,ADRES,E,22.272,0.7197,0.5944,0.7456,sam_uploaded,5026.841,34312,88878,10.37
2026-09-02T23:51:18.135,pi-test-01,img_6640,ADRES,Q,27.735,0.8594,0.5446,0.7052,sam_uploaded,6719.478,34312,157700,5.84
2026-09-02T23:51:18.135,pi-test-01,img_6640,ADRES,E,22.277,0.72,0.5446,0.7052,sam_uploaded,4983.219,34312,89227,10.33
2026-09-02T23:51:32.885,pi-test-01,img_6641,ADRES,Q,26.12,0.8073,0.7738,0.8725,sam_uploaded,7638.284,34312,182701,5.04
2026-09-02T23:51:32.885,pi-test-01,img_6641,ADRES,E,21.815,0.6879,0.7738,0.8725,sam_uploaded,6417.819,34312,115827,7.96
2026-09-02T23:51:47.476,pi-test-01,img_6642,ADRES,Q,26.113,0.8072,0.7602,0.8638,sam_uploaded,7639.352,34312,183452,5.02
2026-09-02T23:51:47.476,pi-test-01,img_6642,ADRES,E,21.778,0.6881,0.7602,0.8638,sam_uploaded,6361.786,34312,116100,7.94
2026-09-02T23:52:02.015,pi-test-01,img_6643,ADRES,Q,26.061,0.8066,0.7648,0.8667,sam_uploaded,7614.186,34312,182320,5.05
2026-09-02T23:52:02.015,pi-test-01,img_6643,ADRES,E,21.766,0.6869,0.7648,0.8667,sam_uploaded,6377.112,34312,112893,8.16
2026-09-02T23:52:16.571,pi-test-01,img_6644,ADRES,Q,26.079,0.8067,0.757,0.8617,sam_uploaded,7589.745,34312,182576,5.05
2026-09-02T23:52:16.571,pi-test-01,img_6644,ADRES,E,21.724,0.6857,0.757,0.8617,sam_uploaded,6366.961,34312,114909,8.02
2026-09-02T23:52:30.683,pi-test-01,img_6645,ADRES,Q,24.437,0.7593,0.7023,0.8251,sam_uploaded,7190.463,34312,165799,5.56
2026-09-02T23:52:30.683,pi-test-01,img_6645,ADRES,E,20.779,0.6282,0.7023,0.8251,sam_uploaded,6257.459,34312,105233,8.76
2026-09-02T23:52:44.616,pi-test-01,img_6646,ADRES,Q,24.564,0.7615,0.701,0.8242,sam_uploaded,7114.221,34312,165244,5.58
2026-09-02T23:52:44.616,pi-test-01,img_6646,ADRES,E,20.976,0.6309,0.701,0.8242,sam_uploaded,6174.736,34312,104372,8.83
2026-09-02T23:52:57.870,pi-test-01,img_6647,ADRES,Q,24.532,0.7609,0.7309,0.8445,sam_uploaded,6624.116,34312,180733,5.1
2026-09-02T23:52:57.870,pi-test-01,img_6647,ADRES,E,20.906,0.6295,0.7309,0.8445,sam_uploaded,5957.363,34312,116899,7.88
2026-09-02T23:53:10.941,pi-test-01,img_6648,ADRES,Q,24.516,0.7605,0.7022,0.825,sam_uploaded,6435.09,34312,186704,4.94
2026-09-02T23:53:10.941,pi-test-01,img_6648,ADRES,E,20.879,0.6281,0.7022,0.825,sam_uploaded,5999.008,34312,117069,7.87
2026-09-02T23:53:21.306,pi-test-01,img_6649,ADRES,Q,25.356,0.801,0.8176,0.8996,sam_uploaded,5502.269,34312,116234,7.93
2026-09-02T23:53:21.306,pi-test-01,img_6649,ADRES,E,21.292,0.6801,0.8176,0.8996,sam_uploaded,4278.808,34312,71084,12.96
2026-09-02T23:53:31.770,pi-test-01,img_6650,ADRES,Q,25.313,0.8005,0.2961,0.457,sam_uploaded,5517.57,34312,116679,7.9
2026-09-02T23:53:31.770,pi-test-01,img_6650,ADRES,E,21.245,0.6787,0.2961,0.457,sam_uploaded,4342.827,34312,71820,12.83
2026-09-02T23:53:42.197,pi-test-01,img_6651,ADRES,Q,25.363,0.8013,0.8163,0.8989,sam_uploaded,5530.625,34312,115416,7.99
2026-09-02T23:53:42.197,pi-test-01,img_6651,ADRES,E,21.302,0.6806,0.8163,0.8989,sam_uploaded,4285.161,34312,70451,13.08
2026-09-02T23:53:52.773,pi-test-01,img_6652,ADRES,Q,25.287,0.8001,0.3294,0.4956,sam_uploaded,5604.114,34312,115854,7.95
2026-09-02T23:53:52.773,pi-test-01,img_6652,ADRES,E,21.232,0.6785,0.3294,0.4956,sam_uploaded,4419.678,34312,70429,13.09
2026-09-02T23:54:05.590,pi-test-01,img_6653,ADRES,Q,26.062,0.8172,0.5634,0.7207,sam_uploaded,7034.702,34312,144208,6.39
2026-09-02T23:54:05.590,pi-test-01,img_6653,ADRES,E,21.663,0.6741,0.5634,0.7207,sam_uploaded,5248.634,34312,88145,10.46
2026-09-02T23:54:18.466,pi-test-01,img_6654,ADRES,Q,26.066,0.8173,0.5957,0.7466,sam_uploaded,7058.133,34312,144413,6.38
2026-09-02T23:54:18.466,pi-test-01,img_6654,ADRES,E,21.714,0.6744,0.5957,0.7466,sam_uploaded,5269.183,34312,88285,10.44
2026-09-02T23:54:29.855,pi-test-01,img_6655,ADRES,Q,26.104,0.8187,0.5872,0.7399,sam_uploaded,5735.167,34312,186981,4.93
2026-09-02T23:54:29.855,pi-test-01,img_6655,ADRES,E,21.74,0.6782,0.5872,0.7399,sam_uploaded,5028.222,34312,105611,8.73
2026-09-02T23:54:41.666,pi-test-01,img_6656,ADRES,Q,26.158,0.819,0.6737,0.805,sam_uploaded,6011.532,34312,181717,5.07
2026-09-02T23:54:41.666,pi-test-01,img_6656,ADRES,E,21.798,0.6787,0.6737,0.805,sam_uploaded,5197.286,34312,102089,9.03
2026-09-02T23:54:51.229,pi-test-01,img_6657,ADRES,Q,23.153,0.5812,0.6777,0.8079,sam_uploaded,4815.096,34312,114625,8.04
2026-09-02T23:54:51.229,pi-test-01,img_6657,ADRES,E,20.013,0.4528,0.6777,0.8079,sam_uploaded,4149.337,34312,68713,13.41
2026-09-02T23:55:00.748,pi-test-01,img_6658,ADRES,Q,23.133,0.5813,0.6797,0.8093,sam_uploaded,4819.42,34312,113302,8.13
2026-09-02T23:55:00.748,pi-test-01,img_6658,ADRES,E,20.018,0.453,0.6797,0.8093,sam_uploaded,4104.004,34312,68174,13.52
2026-09-02T23:55:09.856,pi-test-01,img_6659,ADRES,Q,23.175,0.5819,0.6779,0.808,sam_uploaded,4511.92,34312,123427,7.47
2026-09-02T23:55:09.856,pi-test-01,img_6659,ADRES,E,20.033,0.4547,0.6779,0.808,sam_uploaded,4051.055,34312,71295,12.93
2026-09-02T23:55:19.029,pi-test-01,img_6660,ADRES,Q,23.153,0.5821,0.6839,0.8123,sam_uploaded,4467.392,34312,127618,7.22
2026-09-02T23:55:19.029,pi-test-01,img_6660,ADRES,E,20.016,0.4552,0.6839,0.8123,sam_uploaded,4026.549,34312,73386,12.56
2026-09-02T23:55:34.660,pi-test-01,img_6661,ADRES,Q,26.081,0.8428,0.8527,0.9205,sam_uploaded,7752.639,34312,212164,4.34
2026-09-02T23:55:34.660,pi-test-01,img_6661,ADRES,E,21.468,0.7171,0.8527,0.9205,sam_uploaded,7175.324,34312,133201,6.92
2026-09-02T23:55:50.506,pi-test-01,img_6662,ADRES,Q,26.141,0.844,0.8493,0.9185,sam_uploaded,7975.895,34312,210057,4.39
2026-09-02T23:55:50.506,pi-test-01,img_6662,ADRES,E,21.591,0.7197,0.8493,0.9185,sam_uploaded,7203.231,34312,131693,7
2026-09-02T23:56:05.623,pi-test-01,img_6663,ADRES,Q,26.19,0.8449,0.8533,0.9208,sam_uploaded,7338.135,34312,228995,4.02
2026-09-02T23:56:05.623,pi-test-01,img_6663,ADRES,E,21.557,0.72,0.8533,0.9208,sam_uploaded,7011.326,34312,142117,6.48
2026-09-02T23:56:20.315,pi-test-01,img_6664,ADRES,Q,26.106,0.8441,0.8538,0.9212,sam_uploaded,7043.215,34312,235636,3.91
2026-09-02T23:56:20.315,pi-test-01,img_6664,ADRES,E,21.495,0.719,0.8538,0.9212,sam_uploaded,6940.487,34312,146261,6.3
2026-09-02T23:56:37.517,pi-test-01,img_6665,ADRES,Q,25.897,0.8834,0.5355,0.6975,sam_uploaded,8548.702,34312,227179,4.06
2026-09-02T23:56:37.517,pi-test-01,img_6665,ADRES,E,21.322,0.7509,0.5355,0.6975,sam_uploaded,7951.842,34312,147588,6.24
2026-09-02T23:56:54.523,pi-test-01,img_6666,ADRES,Q,25.915,0.8837,0.5364,0.6982,sam_uploaded,8447.291,34312,229508,4.02
2026-09-02T23:56:54.523,pi-test-01,img_6666,ADRES,E,21.303,0.7503,0.5364,0.6982,sam_uploaded,7934.398,34312,148369,6.21
2026-09-02T23:57:12.145,pi-test-01,img_6667,ADRES,Q,25.83,0.8821,0.5381,0.6997,sam_uploaded,8759.987,34312,219285,4.2
2026-09-02T23:57:12.145,pi-test-01,img_6667,ADRES,E,21.129,0.7444,0.5381,0.6997,sam_uploaded,8170.436,34312,143230,6.43
2026-09-02T23:57:29.655,pi-test-01,img_6668,ADRES,Q,25.911,0.8835,0.5378,0.6995,sam_uploaded,8747.694,34312,219296,4.2
2026-09-02T23:57:29.655,pi-test-01,img_6668,ADRES,E,21.249,0.7471,0.5378,0.6995,sam_uploaded,8101.001,34312,142620,6.46
2026-09-02T23:57:45.235,pi-test-01,img_6669,ADRES,Q,25.672,0.839,0.3402,0.5077,sam_uploaded,8115.368,34312,191363,4.82
2026-09-02T23:57:45.235,pi-test-01,img_6669,ADRES,E,21.253,0.7101,0.3402,0.5077,sam_uploaded,6873.843,34312,121285,7.6
2026-09-02T23:58:00.739,pi-test-01,img_6670,ADRES,Q,25.772,0.8399,0.3398,0.5072,sam_uploaded,8073.5,34312,190352,4.84
2026-09-02T23:58:00.739,pi-test-01,img_6670,ADRES,E,21.398,0.7126,0.3398,0.5072,sam_uploaded,6840.79,34312,120910,7.62
2026-09-02T23:58:15.998,pi-test-01,img_6671,ADRES,Q,25.627,0.8379,0.3436,0.5115,sam_uploaded,7911.853,34312,196912,4.68
2026-09-02T23:58:15.998,pi-test-01,img_6671,ADRES,E,21.281,0.7081,0.3436,0.5115,sam_uploaded,6712.535,34312,124860,7.38
2026-09-02T23:58:31.176,pi-test-01,img_6672,ADRES,Q,25.663,0.838,0.3371,0.5042,sam_uploaded,7859.956,34312,196501,4.69
2026-09-02T23:58:31.176,pi-test-01,img_6672,ADRES,E,21.267,0.7087,0.3371,0.5042,sam_uploaded,6753.893,34312,125394,7.35
2026-09-02T23:58:44.255,pi-test-01,img_6673,ADRES,Q,24.217,0.8024,0.5968,0.7475,sam_uploaded,6179.224,34312,214416,4.3
2026-09-02T23:58:44.255,pi-test-01,img_6673,ADRES,E,20.101,0.675,0.5968,0.7475,sam_uploaded,6025.375,34312,132717,6.94
2026-09-02T23:58:56.895,pi-test-01,img_6674,ADRES,Q,24.266,0.8023,0.5553,0.7141,sam_uploaded,6085.857,34312,218869,4.21
2026-09-02T23:58:56.895,pi-test-01,img_6674,ADRES,E,20.259,0.6786,0.5553,0.7141,sam_uploaded,5870.275,34312,136135,6.77
2026-09-02T23:59:10.088,pi-test-01,img_6675,ADRES,Q,24.176,0.8009,0.5806,0.7347,sam_uploaded,6435.424,34312,209687,4.4
2026-09-02T23:59:10.088,pi-test-01,img_6675,ADRES,E,20.062,0.6732,0.5806,0.7347,sam_uploaded,6141.828,34312,130393,7.07
2026-09-02T23:59:23.494,pi-test-01,img_6676,ADRES,Q,24.263,0.8018,0.5559,0.7146,sam_uploaded,6563.287,34312,208361,4.42
2026-09-02T23:59:23.494,pi-test-01,img_6676,ADRES,E,20.315,0.6796,0.5559,0.7146,sam_uploaded,6255.82,34312,128507,7.17
2026-09-02T23:59:35.558,pi-test-01,img_6677,ADRES,Q,23.893,0.7947,0.6589,0.7944,sam_uploaded,6054.665,34312,173523,5.31
2026-09-02T23:59:35.558,pi-test-01,img_6677,ADRES,E,19.966,0.6417,0.6589,0.7944,sam_uploaded,5345.332,34312,104375,8.83
2026-09-02T23:59:47.523,pi-test-01,img_6678,ADRES,Q,23.856,0.7943,0.6619,0.7965,sam_uploaded,6074.778,34312,171475,5.37
2026-09-02T23:59:47.523,pi-test-01,img_6678,ADRES,E,19.939,0.6407,0.6619,0.7965,sam_uploaded,5319.007,34312,103504,8.9
2026-09-03T00:00:00.018,pi-test-01,img_6679,ADRES,Q,23.728,0.7894,0.6597,0.795,sam_uploaded,6431.997,34312,160435,5.74
2026-09-03T00:00:00.018,pi-test-01,img_6679,ADRES,E,19.764,0.6302,0.6597,0.795,sam_uploaded,5414.37,34312,98092,9.4
2026-09-03T00:00:12.517,pi-test-01,img_6680,ADRES,Q,23.699,0.7897,0.6619,0.7966,sam_uploaded,6392.666,34312,162366,5.68
2026-09-03T00:00:12.517,pi-test-01,img_6680,ADRES,E,19.754,0.6302,0.6619,0.7966,sam_uploaded,5441.85,34312,98683,9.34
2026-09-03T00:00:22.536,pi-test-01,img_6681,ADRES,Q,23.223,0.7117,0.5942,0.7455,sam_uploaded,5202.147,34312,132085,6.98
2026-09-03T00:00:22.536,pi-test-01,img_6681,ADRES,E,19.636,0.58,0.5942,0.7455,sam_uploaded,4162.264,34312,74791,12.32
2026-09-03T00:00:32.540,pi-test-01,img_6682,ADRES,Q,23.242,0.7117,0.5912,0.7431,sam_uploaded,5234.85,34312,132395,6.96
2026-09-03T00:00:32.540,pi-test-01,img_6682,ADRES,E,19.644,0.5803,0.5912,0.7431,sam_uploaded,4153.768,34312,74956,12.3
2026-09-03T00:00:42.388,pi-test-01,img_6683,ADRES,Q,23.256,0.712,0.592,0.7437,sam_uploaded,5058.23,34312,141301,6.52
2026-09-03T00:00:42.388,pi-test-01,img_6683,ADRES,E,19.675,0.5809,0.592,0.7437,sam_uploaded,4189.985,34312,78043,11.81
2026-09-03T00:00:52.234,pi-test-01,img_6684,ADRES,Q,23.205,0.7118,0.5947,0.7458,sam_uploaded,5056.097,34312,141636,6.51
2026-09-03T00:00:52.234,pi-test-01,img_6684,ADRES,E,19.655,0.5805,0.5947,0.7458,sam_uploaded,4173.959,34312,78858,11.69
2026-09-03T00:01:06.576,pi-test-01,img_6685,ADRES,Q,23.729,0.7994,0.5601,0.718,sam_uploaded,6962.144,34312,210402,4.38
2026-09-03T00:01:06.576,pi-test-01,img_6685,ADRES,E,19.857,0.6674,0.5601,0.718,sam_uploaded,6690.319,34312,133964,6.88
2026-09-03T00:01:20.880,pi-test-01,img_6686,ADRES,Q,23.724,0.7988,0.5474,0.7075,sam_uploaded,6931.133,34312,211416,4.36
2026-09-03T00:01:20.880,pi-test-01,img_6686,ADRES,E,19.837,0.667,0.5474,0.7075,sam_uploaded,6727.259,34312,135061,6.82
2026-09-03T00:01:34.256,pi-test-01,img_6687,ADRES,Q,23.797,0.801,0.5707,0.7267,sam_uploaded,6243.7,34312,235916,3.91
2026-09-03T00:01:34.256,pi-test-01,img_6687,ADRES,E,19.916,0.6711,0.5707,0.7267,sam_uploaded,6381.675,34312,148190,6.22
2026-09-03T00:01:47.700,pi-test-01,img_6688,ADRES,Q,23.813,0.8014,0.526,0.6894,sam_uploaded,6369.251,34312,232128,3.97
2026-09-03T00:01:47.700,pi-test-01,img_6688,ADRES,E,19.95,0.6709,0.526,0.6894,sam_uploaded,6420.17,34312,146832,6.28
2026-09-03T00:02:02.805,pi-test-01,img_6689,ADRES,Q,24.264,0.8374,0.5746,0.7298,sam_uploaded,7099.046,34312,254940,3.61
2026-09-03T00:02:02.805,pi-test-01,img_6689,ADRES,E,20.141,0.7145,0.5746,0.7298,sam_uploaded,7335.082,34312,158962,5.8
2026-09-03T00:02:17.953,pi-test-01,img_6690,ADRES,Q,24.25,0.8373,0.5671,0.7237,sam_uploaded,7075.733,34312,258273,3.57
2026-09-03T00:02:17.953,pi-test-01,img_6690,ADRES,E,20.187,0.7151,0.5671,0.7237,sam_uploaded,7372.003,34312,160099,5.76
2026-09-03T00:02:32.251,pi-test-01,img_6691,ADRES,Q,24.21,0.8362,0.5738,0.7292,sam_uploaded,6558.776,34312,270596,3.41
2026-09-03T00:02:32.251,pi-test-01,img_6691,ADRES,E,20.085,0.7118,0.5738,0.7292,sam_uploaded,6957.449,34312,168692,5.46
2026-09-03T00:02:46.638,pi-test-01,img_6692,ADRES,Q,24.214,0.8362,0.5664,0.7232,sam_uploaded,6618.43,34312,269855,3.42
2026-09-03T00:02:46.638,pi-test-01,img_6692,ADRES,E,20.124,0.7135,0.5664,0.7232,sam_uploaded,6990.843,34312,167956,5.49
2026-09-03T00:02:58.448,pi-test-01,img_6693,ADRES,Q,24.964,0.7951,0.6551,0.7916,sam_uploaded,5732.51,34312,189465,4.86
2026-09-03T00:02:58.448,pi-test-01,img_6693,ADRES,E,20.649,0.6832,0.6551,0.7916,sam_uploaded,5379.233,34312,116114,7.94
2026-09-03T00:03:10.429,pi-test-01,img_6694,ADRES,Q,24.928,0.7945,0.6394,0.7801,sam_uploaded,5794.149,34312,188852,4.88
2026-09-03T00:03:10.429,pi-test-01,img_6694,ADRES,E,20.659,0.6831,0.6394,0.7801,sam_uploaded,5365.925,34312,115887,7.95
2026-09-03T00:03:22.362,pi-test-01,img_6695,ADRES,Q,24.943,0.7947,0.6595,0.7948,sam_uploaded,5860.033,34312,182489,5.05
2026-09-03T00:03:22.362,pi-test-01,img_6695,ADRES,E,20.683,0.6858,0.6595,0.7948,sam_uploaded,5378.602,34312,112371,8.2
2026-09-03T00:03:34.496,pi-test-01,img_6696,ADRES,Q,24.991,0.7968,0.6477,0.7862,sam_uploaded,5823.464,34312,182873,5.04
2026-09-03T00:03:34.496,pi-test-01,img_6696,ADRES,E,20.711,0.6878,0.6477,0.7862,sam_uploaded,5334.324,34312,112586,8.19
2026-09-03T00:03:43.466,pi-test-01,img_6697,ADRES,Q,22.968,0.7233,0.5756,0.7306,sam_uploaded,4441.007,34312,130215,7.08
2026-09-03T00:03:43.466,pi-test-01,img_6697,ADRES,E,19.088,0.5844,0.5756,0.7306,sam_uploaded,3856.831,34312,73064,12.61
2026-09-03T00:03:52.343,pi-test-01,img_6698,ADRES,Q,22.94,0.7232,0.5818,0.7356,sam_uploaded,4427.796,34312,129043,7.14
2026-09-03T00:03:52.343,pi-test-01,img_6698,ADRES,E,18.967,0.5825,0.5818,0.7356,sam_uploaded,3813.343,34312,72826,12.65
2026-09-03T00:04:01.458,pi-test-01,img_6699,ADRES,Q,22.844,0.7194,0.5818,0.7356,sam_uploaded,4662.767,34312,123987,7.43
2026-09-03T00:04:01.458,pi-test-01,img_6699,ADRES,E,18.888,0.5747,0.5818,0.7356,sam_uploaded,3903.528,34312,70913,13
2026-09-03T00:04:10.461,pi-test-01,img_6700,ADRES,Q,22.941,0.7197,0.5761,0.731,sam_uploaded,4615.493,34312,123244,7.48
2026-09-03T00:04:10.461,pi-test-01,img_6700,ADRES,E,19.028,0.5776,0.5761,0.731,sam_uploaded,3854.426,34312,70694,13.04
2026-09-03T00:04:20.892,pi-test-01,img_6701,ADRES,Q,23.062,0.7612,0.5308,0.6935,sam_uploaded,4805.575,34312,233445,3.95
2026-09-03T00:04:20.892,pi-test-01,img_6701,ADRES,E,19.356,0.6081,0.5308,0.6935,sam_uploaded,4953.771,34312,145021,6.35
2026-09-03T00:04:31.348,pi-test-01,img_6702,ADRES,Q,23.084,0.7612,0.5333,0.6956,sam_uploaded,4823.985,34312,232423,3.97
2026-09-03T00:04:31.348,pi-test-01,img_6702,ADRES,E,19.351,0.6098,0.5333,0.6956,sam_uploaded,4966.137,34312,144230,6.39
2026-09-03T00:04:43.708,pi-test-01,img_6703,ADRES,Q,22.873,0.7565,0.5331,0.6954,sam_uploaded,6069.328,34312,189548,4.86
2026-09-03T00:04:43.708,pi-test-01,img_6703,ADRES,E,19.111,0.5977,0.5331,0.6954,sam_uploaded,5648.348,34312,116804,7.89
2026-09-03T00:04:56.196,pi-test-01,img_6704,ADRES,Q,22.948,0.7574,0.5343,0.6964,sam_uploaded,6059.86,34312,192134,4.8
2026-09-03T00:04:56.196,pi-test-01,img_6704,ADRES,E,19.168,0.6008,0.5343,0.6964,sam_uploaded,5655.327,34312,117913,7.82
2026-09-03T00:05:07.653,pi-test-01,img_6705,ADRES,Q,23.518,0.7648,0.6244,0.7688,sam_uploaded,5613.623,34312,179165,5.14
2026-09-03T00:05:07.653,pi-test-01,img_6705,ADRES,E,19.541,0.6329,0.6244,0.7688,sam_uploaded,5171.692,34312,107324,8.59
2026-09-03T00:05:19.274,pi-test-01,img_6706,ADRES,Q,23.568,0.7652,0.6267,0.7705,sam_uploaded,5680.647,34312,179957,5.12
2026-09-03T00:05:19.274,pi-test-01,img_6706,ADRES,E,19.643,0.6346,0.6267,0.7705,sam_uploaded,5240.262,34312,108196,8.52
2026-09-03T00:05:31.053,pi-test-01,img_6707,ADRES,Q,23.418,0.7621,0.6243,0.7687,sam_uploaded,5862.706,34312,170601,5.4
2026-09-03T00:05:31.053,pi-test-01,img_6707,ADRES,E,19.459,0.6285,0.6243,0.7687,sam_uploaded,5258.657,34312,103977,8.86
2026-09-03T00:05:42.999,pi-test-01,img_6708,ADRES,Q,23.341,0.7609,0.6262,0.7701,sam_uploaded,5827.125,34312,169647,5.43
2026-09-03T00:05:42.999,pi-test-01,img_6708,ADRES,E,19.403,0.6272,0.6262,0.7701,sam_uploaded,5293.475,34312,103432,8.91
2026-09-03T00:05:54.039,pi-test-01,img_6709,ADRES,Q,23.199,0.7627,0.6414,0.7815,sam_uploaded,5518.035,34312,171476,5.37
2026-09-03T00:05:54.039,pi-test-01,img_6709,ADRES,E,19.357,0.6171,0.6414,0.7815,sam_uploaded,4835.76,34312,100832,9.14
2026-09-03T00:06:05.190,pi-test-01,img_6710,ADRES,Q,23.143,0.7615,0.6136,0.7606,sam_uploaded,5641.347,34312,171026,5.39
2026-09-03T00:06:05.190,pi-test-01,img_6710,ADRES,E,19.236,0.6132,0.6136,0.7606,sam_uploaded,4947.46,34312,100477,9.17
2026-09-03T00:06:16.658,pi-test-01,img_6711,ADRES,Q,23.129,0.762,0.5991,0.7493,sam_uploaded,5866.038,34312,160564,5.74
2026-09-03T00:06:16.658,pi-test-01,img_6711,ADRES,E,19.244,0.612,0.5991,0.7493,sam_uploaded,4988.187,34312,95299,9.67
2026-09-03T00:06:28.140,pi-test-01,img_6712,ADRES,Q,23.092,0.7607,0.5989,0.7492,sam_uploaded,5843.723,34312,160167,5.75
2026-09-03T00:06:28.140,pi-test-01,img_6712,ADRES,E,19.178,0.6102,0.5989,0.7492,sam_uploaded,4948.903,34312,95443,9.66
2026-09-03T00:06:40.496,pi-test-01,img_6713,ADRES,Q,23.012,0.772,0.4254,0.5969,sam_uploaded,5842.962,34312,215754,4.27
2026-09-03T00:06:40.496,pi-test-01,img_6713,ADRES,E,19.332,0.6156,0.4254,0.5969,sam_uploaded,5736.305,34312,132052,6.98
2026-09-03T00:06:52.645,pi-test-01,img_6714,ADRES,Q,23.052,0.7732,0.4211,0.5927,sam_uploaded,5812.851,34312,216115,4.26
2026-09-03T00:06:52.645,pi-test-01,img_6714,ADRES,E,19.291,0.6147,0.4211,0.5927,sam_uploaded,5671.441,34312,132114,6.98
2026-09-03T00:07:05.779,pi-test-01,img_6715,ADRES,Q,23.106,0.7749,0.4255,0.5969,sam_uploaded,6395.144,34312,202000,4.56
2026-09-03T00:07:05.779,pi-test-01,img_6715,ADRES,E,19.391,0.6177,0.4255,0.5969,sam_uploaded,6035.161,34312,123157,7.48
2026-09-03T00:07:18.613,pi-test-01,img_6716,ADRES,Q,23.098,0.7739,0.4284,0.5999,sam_uploaded,6214.557,34312,204682,4.5
2026-09-03T00:07:18.613,pi-test-01,img_6716,ADRES,E,19.441,0.6192,0.4284,0.5999,sam_uploaded,5928.13,34312,125314,7.35
2026-09-03T00:07:30.865,pi-test-01,img_6717,ADRES,Q,23.135,0.8148,0.6186,0.7644,sam_uploaded,5694.919,34312,245038,3.76
2026-09-03T00:07:30.865,pi-test-01,img_6717,ADRES,E,19.081,0.6701,0.6186,0.7644,sam_uploaded,5810.315,34312,150066,6.14
2026-09-03T00:07:43.356,pi-test-01,img_6718,ADRES,Q,23.123,0.8147,0.6224,0.7673,sam_uploaded,5847.426,34312,241259,3.82
2026-09-03T00:07:43.356,pi-test-01,img_6718,ADRES,E,19.071,0.6668,0.6224,0.7673,sam_uploaded,5840.228,34312,148721,6.2
2026-09-03T00:07:56.872,pi-test-01,img_6719,ADRES,Q,23.01,0.8117,0.6252,0.7694,sam_uploaded,6598.382,34312,213684,4.31
2026-09-03T00:07:56.872,pi-test-01,img_6719,ADRES,E,18.867,0.6603,0.6252,0.7694,sam_uploaded,6256.725,34312,132723,6.94
2026-09-03T00:08:10.141,pi-test-01,img_6720,ADRES,Q,23.065,0.8135,0.6328,0.7751,sam_uploaded,6403.997,34312,216499,4.26
2026-09-03T00:08:10.141,pi-test-01,img_6720,ADRES,E,18.973,0.6661,0.6328,0.7751,sam_uploaded,6156.539,34312,134155,6.87
2026-09-03T00:08:18.692,pi-test-01,img_6721,ADRES,Q,21.375,0.629,0.4621,0.6321,sam_uploaded,4291.84,34312,126461,7.29
2026-09-03T00:08:18.692,pi-test-01,img_6721,ADRES,E,18.117,0.4465,0.4621,0.6321,sam_uploaded,3638.882,34312,68442,13.47
2026-09-03T00:08:27.418,pi-test-01,img_6722,ADRES,Q,21.345,0.6273,0.4412,0.6122,sam_uploaded,4349.844,34312,127694,7.22
2026-09-03T00:08:27.418,pi-test-01,img_6722,ADRES,E,18.117,0.4451,0.4412,0.6122,sam_uploaded,3767.727,34312,68783,13.4
2026-09-03T00:08:36.056,pi-test-01,img_6723,ADRES,Q,21.466,0.6323,0.4616,0.6317,sam_uploaded,4149.603,34312,134069,6.87
2026-09-03T00:08:36.056,pi-test-01,img_6723,ADRES,E,18.211,0.4489,0.4616,0.6317,sam_uploaded,3656.029,34312,72501,12.71
2026-09-03T00:08:44.341,pi-test-01,img_6724,ADRES,Q,21.469,0.6326,0.4693,0.6388,sam_uploaded,4084.655,34312,134614,6.85
2026-09-03T00:08:44.341,pi-test-01,img_6724,ADRES,E,18.212,0.4515,0.4693,0.6388,sam_uploaded,3502.947,34312,72172,12.77
2026-09-03T00:08:55.232,pi-test-01,img_6725,ADRES,Q,22.615,0.7233,0.6199,0.7654,sam_uploaded,5544.287,34312,143956,6.4
2026-09-03T00:08:55.232,pi-test-01,img_6725,ADRES,E,19.271,0.5759,0.6199,0.7654,sam_uploaded,4661.553,34312,83454,11.04
2026-09-03T00:09:06.029,pi-test-01,img_6726,ADRES,Q,22.552,0.7232,0.6212,0.7664,sam_uploaded,5545.611,34312,144156,6.39
2026-09-03T00:09:06.029,pi-test-01,img_6726,ADRES,E,19.152,0.5753,0.6212,0.7664,sam_uploaded,4632.513,34312,83511,11.04
2026-09-03T00:09:16.794,pi-test-01,img_6727,ADRES,Q,22.549,0.7231,0.6235,0.7681,sam_uploaded,5497.361,34312,147938,6.23
2026-09-03T00:09:16.794,pi-test-01,img_6727,ADRES,E,19.1,0.5729,0.6235,0.7681,sam_uploaded,4663.174,34312,86190,10.69
2026-09-03T00:09:27.532,pi-test-01,img_6728,ADRES,Q,22.574,0.7225,0.6231,0.7678,sam_uploaded,5451.333,34312,146265,6.3
2026-09-03T00:09:27.532,pi-test-01,img_6728,ADRES,E,19.195,0.5743,0.6231,0.7678,sam_uploaded,4628.826,34312,85269,10.81
2026-09-03T00:09:37.663,pi-test-01,img_6729,ADRES,Q,22.993,0.747,0.617,0.7632,sam_uploaded,5071.84,34312,152297,6.05
2026-09-03T00:09:37.663,pi-test-01,img_6729,ADRES,E,19.18,0.6045,0.617,0.7632,sam_uploaded,4431.152,34312,92116,10
2026-09-03T00:09:48.011,pi-test-01,img_6730,ADRES,Q,22.995,0.7472,0.6157,0.7622,sam_uploaded,5093.502,34312,151221,6.09
2026-09-03T00:09:48.011,pi-test-01,img_6730,ADRES,E,19.171,0.6048,0.6157,0.7622,sam_uploaded,4488.218,34312,91230,10.1
2026-09-03T00:09:58.270,pi-test-01,img_6731,ADRES,Q,23.02,0.7465,0.6138,0.7607,sam_uploaded,5176.802,34312,145980,6.31
2026-09-03T00:09:58.270,pi-test-01,img_6731,ADRES,E,19.144,0.6004,0.6138,0.7607,sam_uploaded,4482.21,34312,88240,10.44
2026-09-03T00:10:08.514,pi-test-01,img_6732,ADRES,Q,22.909,0.7452,0.62,0.7655,sam_uploaded,5141.414,34312,145986,6.31
2026-09-03T00:10:08.514,pi-test-01,img_6732,ADRES,E,19.001,0.5991,0.62,0.7655,sam_uploaded,4485.274,34312,88762,10.38
2026-09-03T00:10:21.068,pi-test-01,img_6733,ADRES,Q,24.289,0.8193,0.6918,0.8178,sam_uploaded,6416.149,34312,184303,5
2026-09-03T00:10:21.068,pi-test-01,img_6733,ADRES,E,20.12,0.6716,0.6918,0.8178,sam_uploaded,5463.375,34312,111121,8.29
2026-09-03T00:10:33.379,pi-test-01,img_6734,ADRES,Q,24.288,0.8194,0.7185,0.8362,sam_uploaded,6257.863,34312,189728,4.86
2026-09-03T00:10:33.379,pi-test-01,img_6734,ADRES,E,20.138,0.6725,0.7185,0.8362,sam_uploaded,5433.558,34312,113074,8.15
2026-09-03T00:10:46.181,pi-test-01,img_6735,ADRES,Q,24.281,0.8196,0.7018,0.8247,sam_uploaded,6672.046,34312,172252,5.35
2026-09-03T00:10:46.181,pi-test-01,img_6735,ADRES,E,20.104,0.6719,0.7018,0.8247,sam_uploaded,5492.429,34312,103278,8.92
2026-09-03T00:10:59.077,pi-test-01,img_6736,ADRES,Q,24.284,0.8193,0.7329,0.8458,sam_uploaded,6715.465,34312,170875,5.39
2026-09-03T00:10:59.077,pi-test-01,img_6736,ADRES,E,20.041,0.6695,0.7329,0.8458,sam_uploaded,5565.944,34312,102829,8.96
2026-09-03T00:11:09.459,pi-test-01,img_6737,ADRES,Q,23.45,0.7268,0.6418,0.7818,sam_uploaded,5363.291,34312,139643,6.6
2026-09-03T00:11:09.459,pi-test-01,img_6737,ADRES,E,19.74,0.5908,0.6418,0.7818,sam_uploaded,4371.949,34312,80695,11.42
2026-09-03T00:11:19.606,pi-test-01,img_6738,ADRES,Q,23.449,0.7274,0.6532,0.7902,sam_uploaded,5315.461,34312,139285,6.62
2026-09-03T00:11:19.606,pi-test-01,img_6738,ADRES,E,19.672,0.5901,0.6532,0.7902,sam_uploaded,4291.02,34312,81400,11.32
2026-09-03T00:11:29.753,pi-test-01,img_6739,ADRES,Q,23.482,0.7272,0.6412,0.7814,sam_uploaded,5232.182,34312,143686,6.41
2026-09-03T00:11:29.753,pi-test-01,img_6739,ADRES,E,19.801,0.5921,0.6412,0.7814,sam_uploaded,4275.652,34312,82745,11.14
2026-09-03T00:11:39.993,pi-test-01,img_6740,ADRES,Q,23.467,0.728,0.6445,0.7838,sam_uploaded,5323.721,34312,143742,6.41
2026-09-03T00:11:39.993,pi-test-01,img_6740,ADRES,E,19.696,0.5912,0.6445,0.7838,sam_uploaded,4344.28,34312,82848,11.12
2026-09-03T00:11:51.422,pi-test-01,img_6741,ADRES,Q,24.048,0.7651,0.7234,0.8395,sam_uploaded,5928.346,34312,161199,5.72
2026-09-03T00:11:51.422,pi-test-01,img_6741,ADRES,E,19.915,0.6281,0.7234,0.8395,sam_uploaded,4861.435,34312,94781,9.72
2026-09-03T00:12:02.790,pi-test-01,img_6742,ADRES,Q,24.001,0.7645,0.719,0.8365,sam_uploaded,5862.484,34312,163552,5.63
2026-09-03T00:12:02.790,pi-test-01,img_6742,ADRES,E,19.89,0.6265,0.719,0.8365,sam_uploaded,4798.241,34312,96831,9.52
2026-09-03T00:12:14.053,pi-test-01,img_6743,ADRES,Q,24.115,0.7664,0.7133,0.8327,sam_uploaded,5746.075,34312,166404,5.54
2026-09-03T00:12:14.053,pi-test-01,img_6743,ADRES,E,20.037,0.6319,0.7133,0.8327,sam_uploaded,4815.973,34312,97560,9.45
2026-09-03T00:12:25.295,pi-test-01,img_6744,ADRES,Q,24.087,0.7666,0.7185,0.8362,sam_uploaded,5799.27,34312,164974,5.59
2026-09-03T00:12:25.295,pi-test-01,img_6744,ADRES,E,19.955,0.6297,0.7185,0.8362,sam_uploaded,4790.09,34312,95777,9.62
2026-09-03T00:12:38.042,pi-test-01,img_6745,ADRES,Q,23.009,0.7938,0.6952,0.8202,sam_uploaded,6303.095,34312,213833,4.31
2026-09-03T00:12:38.042,pi-test-01,img_6745,ADRES,E,19.086,0.6416,0.6952,0.8202,sam_uploaded,5797.28,34312,126863,7.26
2026-09-03T00:12:50.859,pi-test-01,img_6746,ADRES,Q,22.986,0.7944,0.6933,0.8189,sam_uploaded,6297.05,34312,215243,4.28
2026-09-03T00:12:50.859,pi-test-01,img_6746,ADRES,E,19.023,0.6409,0.6933,0.8189,sam_uploaded,5825.907,34312,127751,7.21
2026-09-03T00:13:03.790,pi-test-01,img_6747,ADRES,Q,22.978,0.7938,0.6933,0.8189,sam_uploaded,6375.781,34312,211975,4.35
2026-09-03T00:13:03.790,pi-test-01,img_6747,ADRES,E,19.055,0.6402,0.6933,0.8189,sam_uploaded,5813.312,34312,126971,7.26
2026-09-03T00:13:16.539,pi-test-01,img_6748,ADRES,Q,23.006,0.7943,0.692,0.818,sam_uploaded,6337.654,34312,212019,4.35
2026-09-03T00:13:16.539,pi-test-01,img_6748,ADRES,E,19.042,0.6397,0.692,0.818,sam_uploaded,5798.273,34312,126710,7.27
2026-09-03T00:13:26.319,pi-test-01,img_6749,ADRES,Q,23.118,0.6951,0.5991,0.7493,sam_uploaded,5053.028,34312,125382,7.35
2026-09-03T00:13:26.319,pi-test-01,img_6749,ADRES,E,19.749,0.5429,0.5991,0.7493,sam_uploaded,4067.834,34312,72232,12.76
2026-09-03T00:13:36.259,pi-test-01,img_6750,ADRES,Q,23.081,0.6937,0.599,0.7493,sam_uploaded,5115.573,34312,127432,7.23
2026-09-03T00:13:36.259,pi-test-01,img_6750,ADRES,E,19.729,0.5413,0.599,0.7493,sam_uploaded,4161.319,34312,72055,12.79
2026-09-03T00:13:46.313,pi-test-01,img_6751,ADRES,Q,23.153,0.6975,0.6003,0.7502,sam_uploaded,5149.521,34312,126478,7.29
2026-09-03T00:13:46.313,pi-test-01,img_6751,ADRES,E,19.753,0.5435,0.6003,0.7502,sam_uploaded,4156.251,34312,72659,12.68
2026-09-03T00:13:56.367,pi-test-01,img_6752,ADRES,Q,23.171,0.6972,0.5951,0.7462,sam_uploaded,5095.196,34312,125807,7.33
2026-09-03T00:13:56.367,pi-test-01,img_6752,ADRES,E,19.788,0.5442,0.5951,0.7462,sam_uploaded,4086.942,34312,71908,12.82
2026-09-03T00:14:07.700,pi-test-01,img_6753,ADRES,Q,24.032,0.7623,0.728,0.8426,sam_uploaded,5987.949,34312,143098,6.44
2026-09-03T00:14:07.700,pi-test-01,img_6753,ADRES,E,20.035,0.6261,0.728,0.8426,sam_uploaded,4679.809,34312,82322,11.2
2026-09-03T00:14:19.045,pi-test-01,img_6754,ADRES,Q,24.044,0.7624,0.7259,0.8412,sam_uploaded,5994.592,34312,143527,6.42
2026-09-03T00:14:19.045,pi-test-01,img_6754,ADRES,E,20.018,0.625,0.7259,0.8412,sam_uploaded,4764.852,34312,82700,11.14
2026-09-03T00:14:30.282,pi-test-01,img_6755,ADRES,Q,24.052,0.7628,0.7228,0.8391,sam_uploaded,5901.635,34312,149407,6.17
2026-09-03T00:14:30.282,pi-test-01,img_6755,ADRES,E,20.07,0.6272,0.7228,0.8391,sam_uploaded,4710.69,34312,86539,10.65
2026-09-03T00:14:41.387,pi-test-01,img_6756,ADRES,Q,24.051,0.7623,0.7172,0.8353,sam_uploaded,5850.469,34312,148781,6.19
2026-09-03T00:14:41.387,pi-test-01,img_6756,ADRES,E,20.042,0.625,0.7172,0.8353,sam_uploaded,4621.222,34312,85817,10.74
2026-09-03T00:14:50.595,pi-test-01,img_6757,ADRES,Q,22.945,0.7174,0.5926,0.7442,sam_uploaded,4688.012,34312,134339,6.86
2026-09-03T00:14:50.595,pi-test-01,img_6757,ADRES,E,19.262,0.5862,0.5926,0.7442,sam_uploaded,3943.375,34312,77207,11.94
2026-09-03T00:14:59.795,pi-test-01,img_6758,ADRES,Q,22.906,0.7171,0.5808,0.7348,sam_uploaded,4663.017,34312,134473,6.85
2026-09-03T00:14:59.795,pi-test-01,img_6758,ADRES,E,19.189,0.5854,0.5808,0.7348,sam_uploaded,3959.877,34312,77514,11.89
2026-09-03T00:15:09.206,pi-test-01,img_6759,ADRES,Q,22.867,0.7164,0.5824,0.7361,sam_uploaded,4764.199,34312,128145,7.19
2026-09-03T00:15:09.206,pi-test-01,img_6759,ADRES,E,19.098,0.5816,0.5824,0.7361,sam_uploaded,4017.846,34312,73554,12.53
2026-09-03T00:15:18.600,pi-test-01,img_6760,ADRES,Q,22.841,0.7162,0.586,0.739,sam_uploaded,4787.342,34312,128325,7.18
2026-09-03T00:15:18.600,pi-test-01,img_6760,ADRES,E,19.054,0.5803,0.586,0.739,sam_uploaded,3965.99,34312,74194,12.42
2026-09-03T00:15:31.592,pi-test-01,img_6761,ADRES,Q,25.207,0.802,0.7935,0.8849,sam_uploaded,6855.504,34312,172957,5.33
2026-09-03T00:15:31.592,pi-test-01,img_6761,ADRES,E,21.002,0.661,0.7935,0.8849,sam_uploaded,5504.036,34312,102106,9.03
2026-09-03T00:15:44.691,pi-test-01,img_6762,ADRES,Q,25.221,0.8017,0.7953,0.886,sam_uploaded,6919.306,34312,171386,5.38
2026-09-03T00:15:44.691,pi-test-01,img_6762,ADRES,E,20.961,0.6603,0.7953,0.886,sam_uploaded,5526.255,34312,102031,9.03
2026-09-03T00:15:57.920,pi-test-01,img_6763,ADRES,Q,25.18,0.8019,0.7953,0.886,sam_uploaded,7006.405,34312,165113,5.58
2026-09-03T00:15:57.920,pi-test-01,img_6763,ADRES,E,20.917,0.6588,0.7953,0.886,sam_uploaded,5538.053,34312,98768,9.33
2026-09-03T00:16:11.219,pi-test-01,img_6764,ADRES,Q,25.223,0.8018,0.7937,0.885,sam_uploaded,7106.714,34312,164094,5.62
2026-09-03T00:16:11.219,pi-test-01,img_6764,ADRES,E,20.991,0.6606,0.7937,0.885,sam_uploaded,5616.919,34312,98190,9.39
2026-09-03T00:16:21.393,pi-test-01,img_6765,ADRES,Q,23.772,0.7287,0.672,0.8038,sam_uploaded,5352.815,34312,130790,7.05
2026-09-03T00:16:21.393,pi-test-01,img_6765,ADRES,E,19.859,0.596,0.672,0.8038,sam_uploaded,4232.537,34312,75912,12.14
2026-09-03T00:16:31.825,pi-test-01,img_6766,ADRES,Q,23.733,0.7275,0.6713,0.8034,sam_uploaded,5368.482,34312,128930,7.15
2026-09-03T00:16:31.825,pi-test-01,img_6766,ADRES,E,19.906,0.5957,0.6713,0.8034,sam_uploaded,4211.481,34312,74766,12.33
2026-09-03T00:16:41.576,pi-test-01,img_6767,ADRES,Q,23.85,0.7297,0.6822,0.811,sam_uploaded,5084.885,34312,142002,6.49
2026-09-03T00:16:41.576,pi-test-01,img_6767,ADRES,E,19.945,0.5985,0.6822,0.811,sam_uploaded,4118.368,34312,81474,11.31
2026-09-03T00:16:51.499,pi-test-01,img_6768,ADRES,Q,23.788,0.7296,0.6669,0.8002,sam_uploaded,5126.947,34312,143730,6.41
2026-09-03T00:16:51.499,pi-test-01,img_6768,ADRES,E,19.917,0.5978,0.6669,0.8002,sam_uploaded,4187.856,34312,82246,11.21
2026-09-03T00:17:02.883,pi-test-01,img_6769,ADRES,Q,23.578,0.7366,0.6866,0.8141,sam_uploaded,5824.78,34312,159519,5.78
2026-09-03T00:17:02.883,pi-test-01,img_6769,ADRES,E,19.846,0.5971,0.6866,0.8141,sam_uploaded,4905.027,34312,93959,9.81
2026-09-03T00:17:14.236,pi-test-01,img_6770,ADRES,Q,23.541,0.7356,0.6515,0.789,sam_uploaded,5741.917,34312,160856,5.73
2026-09-03T00:17:14.236,pi-test-01,img_6770,ADRES,E,19.741,0.5952,0.6515,0.789,sam_uploaded,4838.345,34312,94735,9.73
2026-09-03T00:17:25.048,pi-test-01,img_6771,ADRES,Q,23.617,0.7384,0.6601,0.7952,sam_uploaded,5409.072,34312,173516,5.31
2026-09-03T00:17:25.048,pi-test-01,img_6771,ADRES,E,19.877,0.6006,0.6601,0.7952,sam_uploaded,4739.984,34312,99147,9.3
2026-09-03T00:17:35.893,pi-test-01,img_6772,ADRES,Q,23.634,0.7383,0.6863,0.8139,sam_uploaded,5469.526,34312,171144,5.38
2026-09-03T00:17:35.893,pi-test-01,img_6772,ADRES,E,19.862,0.5991,0.6863,0.8139,sam_uploaded,4699.28,34312,98187,9.39
2026-09-03T00:17:48.818,pi-test-01,img_6773,ADRES,Q,23.594,0.7889,0.7193,0.8368,sam_uploaded,6614.688,34312,192586,4.79
2026-09-03T00:17:48.818,pi-test-01,img_6773,ADRES,E,19.622,0.6392,0.7193,0.8368,sam_uploaded,5707.653,34312,114371,8.06
2026-09-03T00:18:02.086,pi-test-01,img_6774,ADRES,Q,23.611,0.7888,0.7136,0.8329,sam_uploaded,6722.327,34312,191046,4.82
2026-09-03T00:18:02.086,pi-test-01,img_6774,ADRES,E,19.624,0.638,0.7136,0.8329,sam_uploaded,5799.046,34312,113880,8.09
2026-09-03T00:18:15.031,pi-test-01,img_6775,ADRES,Q,23.586,0.7883,0.7208,0.8377,sam_uploaded,6562.239,34312,197945,4.66
2026-09-03T00:18:15.031,pi-test-01,img_6775,ADRES,E,19.569,0.636,0.7208,0.8377,sam_uploaded,5749.884,34312,117540,7.84
2026-09-03T00:18:27.831,pi-test-01,img_6776,ADRES,Q,23.584,0.7881,0.7163,0.8347,sam_uploaded,6415.1,34312,198738,4.64
2026-09-03T00:18:27.831,pi-test-01,img_6776,ADRES,E,19.533,0.6341,0.7163,0.8347,sam_uploaded,5651.717,34312,117804,7.82
2026-09-03T00:18:37.084,pi-test-01,img_6777,ADRES,Q,26.829,0.7392,0.7832,0.8784,sam_uploaded,4752.24,34312,110732,8.32
2026-09-03T00:18:37.084,pi-test-01,img_6777,ADRES,E,23.161,0.6567,0.7832,0.8784,sam_uploaded,3834.971,34312,62119,14.84
2026-09-03T00:18:46.293,pi-test-01,img_6778,ADRES,Q,26.877,0.7393,0.7809,0.877,sam_uploaded,4788.907,34312,110342,8.35
2026-09-03T00:18:46.293,pi-test-01,img_6778,ADRES,E,23.268,0.658,0.7809,0.877,sam_uploaded,3797.966,34312,61838,14.9
2026-09-03T00:18:55.507,pi-test-01,img_6779,ADRES,Q,26.815,0.7385,0.7849,0.8795,sam_uploaded,4772.255,34312,112132,8.22
2026-09-03T00:18:55.507,pi-test-01,img_6779,ADRES,E,23.14,0.6559,0.7849,0.8795,sam_uploaded,3811.759,34312,62634,14.71
2026-09-03T00:19:04.649,pi-test-01,img_6780,ADRES,Q,26.859,0.739,0.784,0.8789,sam_uploaded,4727.383,34312,112643,8.18
2026-09-03T00:19:04.649,pi-test-01,img_6780,ADRES,E,23.214,0.6561,0.784,0.8789,sam_uploaded,3791.721,34312,63124,14.6
2026-09-03T00:19:14.137,pi-test-01,img_6781,ADRES,Q,27.43,0.7783,0.8178,0.8998,sam_uploaded,5059.035,34312,129931,7.09
2026-09-03T00:19:14.137,pi-test-01,img_6781,ADRES,E,22.818,0.6935,0.8178,0.8998,sam_uploaded,3886.685,34312,71566,12.88
2026-09-03T00:19:23.660,pi-test-01,img_6782,ADRES,Q,27.395,0.7779,0.8187,0.9003,sam_uploaded,4989.961,34312,134042,6.88
2026-09-03T00:19:23.660,pi-test-01,img_6782,ADRES,E,22.834,0.6927,0.8187,0.9003,sam_uploaded,3911.355,34312,73357,12.56
2026-09-03T00:19:33.275,pi-test-01,img_6783,ADRES,Q,27.343,0.7775,0.8149,0.898,sam_uploaded,5058.897,34312,127528,7.23
2026-09-03T00:19:33.275,pi-test-01,img_6783,ADRES,E,22.799,0.692,0.8149,0.898,sam_uploaded,3922.677,34312,70761,13.02
2026-09-03T00:19:42.805,pi-test-01,img_6784,ADRES,Q,27.325,0.7777,0.8229,0.9028,sam_uploaded,5086.189,34312,125457,7.35
2026-09-03T00:19:42.805,pi-test-01,img_6784,ADRES,E,22.721,0.6912,0.8229,0.9028,sam_uploaded,3888.625,34312,69861,13.19
2026-09-03T00:19:53.712,pi-test-01,img_6785,ADRES,Q,26.344,0.732,0.6971,0.8216,sam_uploaded,5784.327,34312,150584,6.12
2026-09-03T00:19:53.712,pi-test-01,img_6785,ADRES,E,22.242,0.6314,0.6971,0.8216,sam_uploaded,4469.984,34312,82587,11.16
2026-09-03T00:20:04.437,pi-test-01,img_6786,ADRES,Q,26.309,0.7315,0.6998,0.8234,sam_uploaded,5734.951,34312,150216,6.14
2026-09-03T00:20:04.437,pi-test-01,img_6786,ADRES,E,22.211,0.6313,0.6998,0.8234,sam_uploaded,4393.287,34312,82600,11.16
2026-09-03T00:20:15.512,pi-test-01,img_6787,ADRES,Q,26.276,0.731,0.6983,0.8224,sam_uploaded,5993.225,34312,139147,6.62
2026-09-03T00:20:15.512,pi-test-01,img_6787,ADRES,E,22.207,0.6309,0.6983,0.8224,sam_uploaded,4476.364,34312,77101,11.95
2026-09-03T00:20:26.574,pi-test-01,img_6788,ADRES,Q,26.285,0.7313,0.7031,0.8257,sam_uploaded,6001.764,34312,139482,6.61
2026-09-03T00:20:26.574,pi-test-01,img_6788,ADRES,E,22.133,0.6295,0.7031,0.8257,sam_uploaded,4441.34,34312,76966,11.97
2026-09-03T00:20:38.141,pi-test-01,img_6789,ADRES,Q,26.464,0.7882,0.7813,0.8772,sam_uploaded,6088.961,34312,172494,5.34
2026-09-03T00:20:38.141,pi-test-01,img_6789,ADRES,E,22.262,0.6758,0.7813,0.8772,sam_uploaded,4893.588,34312,97856,9.42
2026-09-03T00:20:49.830,pi-test-01,img_6790,ADRES,Q,26.5,0.7886,0.8259,0.9047,sam_uploaded,6193.194,34312,170437,5.41
2026-09-03T00:20:49.830,pi-test-01,img_6790,ADRES,E,22.347,0.6766,0.8259,0.9047,sam_uploaded,4915.244,34312,96922,9.51
2026-09-03T00:21:02.065,pi-test-01,img_6791,ADRES,Q,26.437,0.7876,0.7923,0.8841,sam_uploaded,6568.467,34312,153321,6.01
2026-09-03T00:21:02.065,pi-test-01,img_6791,ADRES,E,22.267,0.6755,0.7923,0.8841,sam_uploaded,5068.769,34312,90200,10.22
2026-09-03T00:21:14.169,pi-test-01,img_6792,ADRES,Q,26.372,0.7873,0.8297,0.9069,sam_uploaded,6507.862,34312,154301,5.97
2026-09-03T00:21:14.169,pi-test-01,img_6792,ADRES,E,22.178,0.6738,0.8297,0.9069,sam_uploaded,5032.697,34312,89523,10.29
2026-09-03T00:21:24.342,pi-test-01,img_6793,ADRES,Q,26.688,0.7167,0.7079,0.829,sam_uploaded,5326.482,34312,133376,6.91
2026-09-03T00:21:24.342,pi-test-01,img_6793,ADRES,E,22.906,0.6061,0.7079,0.829,sam_uploaded,4152.722,34312,75690,12.18
2026-09-03T00:21:34.323,pi-test-01,img_6794,ADRES,Q,26.673,0.7161,0.7084,0.8293,sam_uploaded,5257.02,34312,136059,6.77
2026-09-03T00:21:34.323,pi-test-01,img_6794,ADRES,E,22.854,0.6052,0.7084,0.8293,sam_uploaded,4168.3,34312,77025,11.96
2026-09-03T00:21:44.673,pi-test-01,img_6795,ADRES,Q,26.625,0.7158,0.7078,0.8289,sam_uploaded,5516.38,34312,126685,7.27
2026-09-03T00:21:44.673,pi-test-01,img_6795,ADRES,E,22.829,0.6056,0.7078,0.8289,sam_uploaded,4230.504,34312,72366,12.74
2026-09-03T00:21:54.897,pi-test-01,img_6796,ADRES,Q,26.671,0.7163,0.7069,0.8283,sam_uploaded,5465.246,34312,125467,7.35
2026-09-03T00:21:54.897,pi-test-01,img_6796,ADRES,E,22.865,0.6053,0.7069,0.8283,sam_uploaded,4216.04,34312,71592,12.87
2026-09-03T00:22:06.329,pi-test-01,img_6797,ADRES,Q,26.75,0.7945,0.7871,0.8809,sam_uploaded,6235.215,34312,147525,6.25
2026-09-03T00:22:06.329,pi-test-01,img_6797,ADRES,E,21.776,0.697,0.7871,0.8809,sam_uploaded,4559.238,34312,80559,11.44
2026-09-03T00:22:17.764,pi-test-01,img_6798,ADRES,Q,26.853,0.7955,0.7694,0.8697,sam_uploaded,6271.5,34312,147006,6.27
2026-09-03T00:22:17.764,pi-test-01,img_6798,ADRES,E,21.874,0.6981,0.7694,0.8697,sam_uploaded,4576.778,34312,80703,11.42
2026-09-03T00:22:28.923,pi-test-01,img_6799,ADRES,Q,26.86,0.7953,0.7903,0.8829,sam_uploaded,6032.318,34312,158886,5.8
2026-09-03T00:22:28.923,pi-test-01,img_6799,ADRES,E,21.923,0.7002,0.7903,0.8829,sam_uploaded,4549.221,34312,87464,10.54
2026-09-03T00:22:40.196,pi-test-01,img_6800,ADRES,Q,26.922,0.7959,0.7869,0.8807,sam_uploaded,5999.054,34312,160727,5.73
2026-09-03T00:22:40.196,pi-test-01,img_6800,ADRES,E,21.977,0.7007,0.7869,0.8807,sam_uploaded,4607.371,34312,87266,10.56
2026-09-03T00:22:53.018,pi-test-01,img_6801,ADRES,Q,27.068,0.8019,0.8161,0.8987,sam_uploaded,6668.742,34312,190842,4.83
2026-09-03T00:22:53.018,pi-test-01,img_6801,ADRES,E,22.419,0.6932,0.8161,0.8987,sam_uploaded,5527.23,34312,112154,8.22
2026-09-03T00:23:05.659,pi-test-01,img_6802,ADRES,Q,27.054,0.8019,0.8126,0.8966,sam_uploaded,6602.585,34312,192169,4.8
2026-09-03T00:23:05.659,pi-test-01,img_6802,ADRES,E,22.521,0.6941,0.8126,0.8966,sam_uploaded,5444.872,34312,112708,8.18
2026-09-03T00:23:18.613,pi-test-01,img_6803,ADRES,Q,27.089,0.8022,0.811,0.8956,sam_uploaded,6808.642,34312,184259,5
2026-09-03T00:23:18.613,pi-test-01,img_6803,ADRES,E,22.537,0.6949,0.811,0.8956,sam_uploaded,5500.786,34312,108534,8.49
2026-09-03T00:23:31.630,pi-test-01,img_6804,ADRES,Q,26.981,0.8013,0.8149,0.898,sam_uploaded,6772.129,34312,184385,5
2026-09-03T00:23:31.630,pi-test-01,img_6804,ADRES,E,22.472,0.6934,0.8149,0.898,sam_uploaded,5503.712,34312,108667,8.48
2026-09-03T00:23:41.459,pi-test-01,img_6805,ADRES,Q,25.594,0.82,0.6491,0.7872,sam_uploaded,5360.678,34312,102785,8.97
2026-09-03T00:23:41.459,pi-test-01,img_6805,ADRES,E,21.187,0.7233,0.6491,0.7872,sam_uploaded,3968.173,34312,59183,15.57
2026-09-03T00:23:51.292,pi-test-01,img_6806,ADRES,Q,25.599,0.82,0.6439,0.7834,sam_uploaded,5374.573,34312,102957,8.95
2026-09-03T00:23:51.292,pi-test-01,img_6806,ADRES,E,21.209,0.7234,0.6439,0.7834,sam_uploaded,3952.634,34312,59056,15.61
2026-09-03T00:24:01.229,pi-test-01,img_6807,ADRES,Q,25.606,0.8199,0.6386,0.7795,sam_uploaded,5391.733,34312,101126,9.11
2026-09-03T00:24:01.229,pi-test-01,img_6807,ADRES,E,21.206,0.7238,0.6386,0.7795,sam_uploaded,3953.509,34312,57891,15.92
2026-09-03T00:24:10.986,pi-test-01,img_6808,ADRES,Q,25.579,0.8199,0.6392,0.7799,sam_uploaded,5339.184,34312,100628,9.16
2026-09-03T00:24:10.986,pi-test-01,img_6808,ADRES,E,21.19,0.7241,0.6392,0.7799,sam_uploaded,3952.509,34312,57890,15.92
2026-09-03T00:24:19.477,pi-test-01,img_6809,ADRES,Q,22.292,0.7584,0.3682,0.5382,sam_uploaded,4237.492,34312,81538,11.3
2026-09-03T00:24:19.477,pi-test-01,img_6809,ADRES,E,19.218,0.6666,0.3682,0.5382,sam_uploaded,3467.744,34312,48078,19.17
2026-09-03T00:24:27.843,pi-test-01,img_6810,ADRES,Q,22.285,0.7582,0.3644,0.5342,sam_uploaded,4322.387,34312,81367,11.33
2026-09-03T00:24:27.843,pi-test-01,img_6810,ADRES,E,19.2,0.666,0.3644,0.5342,sam_uploaded,3487.923,34312,48112,19.16
2026-09-03T00:24:36.233,pi-test-01,img_6811,ADRES,Q,22.28,0.7583,0.3639,0.5336,sam_uploaded,4343.679,34312,83192,11.08
2026-09-03T00:24:36.233,pi-test-01,img_6811,ADRES,E,19.202,0.6676,0.3639,0.5336,sam_uploaded,3519.695,34312,49846,18.49
2026-09-03T00:24:44.557,pi-test-01,img_6812,ADRES,Q,22.307,0.7585,0.358,0.5272,sam_uploaded,4305.89,34312,83190,11.08
2026-09-03T00:24:44.557,pi-test-01,img_6812,ADRES,E,19.222,0.6688,0.358,0.5272,sam_uploaded,3506.199,34312,49222,18.72
2026-09-03T00:24:53.492,pi-test-01,img_6813,ADRES,Q,23.031,0.7917,0.5419,0.7029,sam_uploaded,4622.668,34312,92173,10
2026-09-03T00:24:53.492,pi-test-01,img_6813,ADRES,E,19.827,0.7003,0.5419,0.7029,sam_uploaded,3744.282,34312,54659,16.86
2026-09-03T00:25:02.396,pi-test-01,img_6814,ADRES,Q,23.006,0.792,0.5247,0.6882,sam_uploaded,4619.674,34312,93324,9.88
2026-09-03T00:25:02.396,pi-test-01,img_6814,ADRES,E,19.778,0.6999,0.5247,0.6882,sam_uploaded,3780.029,34312,55463,16.62
2026-09-03T00:25:11.277,pi-test-01,img_6815,ADRES,Q,23.017,0.7912,0.5358,0.6977,sam_uploaded,4606.347,34312,92096,10.01
2026-09-03T00:25:11.277,pi-test-01,img_6815,ADRES,E,19.776,0.6978,0.5358,0.6977,sam_uploaded,3777.685,34312,54726,16.84
2026-09-03T00:25:20.206,pi-test-01,img_6816,ADRES,Q,23.012,0.7917,0.5418,0.7028,sam_uploaded,4671.957,34312,92099,10.01
2026-09-03T00:25:20.206,pi-test-01,img_6816,ADRES,E,19.752,0.698,0.5418,0.7028,sam_uploaded,3729.657,34312,54513,16.91
2026-09-03T00:25:29.307,pi-test-01,img_6817,ADRES,Q,22.054,0.7392,0.5598,0.7178,sam_uploaded,4830.8,34312,86546,10.65
2026-09-03T00:25:29.307,pi-test-01,img_6817,ADRES,E,20.225,0.6741,0.5598,0.7178,sam_uploaded,3775.042,34312,50515,18.24
2026-09-03T00:25:38.966,pi-test-01,img_6818,ADRES,Q,22.027,0.7393,0.5649,0.722,sam_uploaded,4907.296,34312,86832,10.61
2026-09-03T00:25:38.966,pi-test-01,img_6818,ADRES,E,20.156,0.671,0.5649,0.722,sam_uploaded,3840.608,34312,50580,18.22
2026-09-03T00:25:48.259,pi-test-01,img_6819,ADRES,Q,22.038,0.7366,0.5713,0.7271,sam_uploaded,4873.05,34312,84705,10.88
2026-09-03T00:25:48.259,pi-test-01,img_6819,ADRES,E,20.21,0.6672,0.5713,0.7271,sam_uploaded,3811.416,34312,49229,18.72
2026-09-03T00:25:57.356,pi-test-01,img_6820,ADRES,Q,22.009,0.7365,0.5621,0.7196,sam_uploaded,4829.693,34312,84760,10.87
2026-09-03T00:25:57.356,pi-test-01,img_6820,ADRES,E,20.132,0.6649,0.5621,0.7196,sam_uploaded,3772.637,34312,49224,18.72
2026-09-03T00:26:08.370,pi-test-01,img_6821,ADRES,Q,23.218,0.7669,0.5847,0.7379,sam_uploaded,5701.971,34312,110599,8.33
2026-09-03T00:26:08.370,pi-test-01,img_6821,ADRES,E,20.761,0.6572,0.5847,0.7379,sam_uploaded,4641.468,34312,66762,13.8
2026-09-03T00:26:19.400,pi-test-01,img_6822,ADRES,Q,23.227,0.7671,0.6831,0.8117,sam_uploaded,5743.506,34312,111474,8.27
2026-09-03T00:26:19.400,pi-test-01,img_6822,ADRES,E,20.785,0.6561,0.6831,0.8117,sam_uploaded,4673.363,34312,66864,13.78
2026-09-03T00:26:30.345,pi-test-01,img_6823,ADRES,Q,23.212,0.766,0.494,0.6613,sam_uploaded,5717.191,34312,110033,8.38
2026-09-03T00:26:30.345,pi-test-01,img_6823,ADRES,E,20.703,0.654,0.494,0.6613,sam_uploaded,4632.234,34312,66297,13.9
2026-09-03T00:26:41.212,pi-test-01,img_6824,ADRES,Q,23.215,0.7656,0.5823,0.736,sam_uploaded,5703.728,34312,109915,8.38
2026-09-03T00:26:41.212,pi-test-01,img_6824,ADRES,E,20.749,0.6562,0.5823,0.736,sam_uploaded,4634.167,34312,66280,13.9
2026-09-03T00:26:51.778,pi-test-01,img_6825,ADRES,Q,24.788,0.8078,0.6234,0.768,sam_uploaded,5656.456,34312,110388,8.35
2026-09-03T00:26:51.778,pi-test-01,img_6825,ADRES,E,20.922,0.6915,0.6234,0.768,sam_uploaded,4351.18,34312,64670,14.25
2026-09-03T00:27:02.226,pi-test-01,img_6826,ADRES,Q,24.78,0.8078,0.5848,0.738,sam_uploaded,5619.649,34312,110481,8.34
2026-09-03T00:27:02.226,pi-test-01,img_6826,ADRES,E,20.906,0.6914,0.5848,0.738,sam_uploaded,4308.1,34312,64727,14.24
2026-09-03T00:27:12.777,pi-test-01,img_6827,ADRES,Q,24.763,0.8074,0.6167,0.7629,sam_uploaded,5673.017,34312,111761,8.25
2026-09-03T00:27:12.777,pi-test-01,img_6827,ADRES,E,20.824,0.689,0.6167,0.7629,sam_uploaded,4320.197,34312,65607,14.05
2026-09-03T00:27:23.392,pi-test-01,img_6828,ADRES,Q,24.801,0.8075,0.4652,0.635,sam_uploaded,5726.648,34312,111338,8.28
2026-09-03T00:27:23.392,pi-test-01,img_6828,ADRES,E,20.975,0.6912,0.4652,0.635,sam_uploaded,4350.25,34312,65501,14.07
2026-09-03T00:27:37.067,pi-test-01,img_6829,ADRES,Q,24.752,0.8322,0.6913,0.8175,sam_uploaded,7265.73,34312,153733,5.99
2026-09-03T00:27:37.067,pi-test-01,img_6829,ADRES,E,20.763,0.6924,0.6913,0.8175,sam_uploaded,5822.989,34312,92967,9.91
2026-09-03T00:27:50.805,pi-test-01,img_6830,ADRES,Q,24.745,0.8323,0.6939,0.8193,sam_uploaded,7236.051,34312,154125,5.98
2026-09-03T00:27:50.805,pi-test-01,img_6830,ADRES,E,20.737,0.6921,0.6939,0.8193,sam_uploaded,5883.172,34312,92956,9.91
2026-09-03T00:28:04.636,pi-test-01,img_6831,ADRES,Q,24.742,0.832,0.6857,0.8135,sam_uploaded,7369.769,34312,150242,6.13
2026-09-03T00:28:04.636,pi-test-01,img_6831,ADRES,E,20.747,0.6914,0.6857,0.8135,sam_uploaded,5841.32,34312,92402,9.97
2026-09-03T00:28:18.467,pi-test-01,img_6832,ADRES,Q,24.76,0.8321,0.6961,0.8208,sam_uploaded,7372.428,34312,150591,6.12
2026-09-03T00:28:18.467,pi-test-01,img_6832,ADRES,E,20.76,0.6931,0.6961,0.8208,sam_uploaded,5847.051,34312,92555,9.96
2026-09-03T00:28:28.847,pi-test-01,img_6833,ADRES,Q,22.645,0.7564,0.4402,0.6113,sam_uploaded,5398.835,34312,114751,8.03
2026-09-03T00:28:28.847,pi-test-01,img_6833,ADRES,E,19.561,0.6361,0.4402,0.6113,sam_uploaded,4394.131,34312,68615,13.43
2026-09-03T00:28:39.140,pi-test-01,img_6834,ADRES,Q,22.679,0.7567,0.4362,0.6074,sam_uploaded,5318.016,34312,115117,8.01
2026-09-03T00:28:39.140,pi-test-01,img_6834,ADRES,E,19.626,0.6359,0.4362,0.6074,sam_uploaded,4361.285,34312,68805,13.39
2026-09-03T00:28:49.348,pi-test-01,img_6835,ADRES,Q,22.675,0.7576,0.4395,0.6106,sam_uploaded,5271.23,34312,120201,7.67
2026-09-03T00:28:49.348,pi-test-01,img_6835,ADRES,E,19.645,0.6396,0.4395,0.6106,sam_uploaded,4344.154,34312,71618,12.87
2026-09-03T00:28:59.777,pi-test-01,img_6836,ADRES,Q,22.682,0.7577,0.4404,0.6115,sam_uploaded,5406.516,34312,120551,7.64
2026-09-03T00:28:59.777,pi-test-01,img_6836,ADRES,E,19.628,0.6395,0.4404,0.6115,sam_uploaded,4465.882,34312,71812,12.83
2026-09-03T00:29:09.903,pi-test-01,img_6837,ADRES,Q,22.845,0.7732,0.4899,0.6576,sam_uploaded,5207.126,34312,114132,8.07
2026-09-03T00:29:09.903,pi-test-01,img_6837,ADRES,E,19.439,0.6509,0.4899,0.6576,sam_uploaded,4298.382,34312,68434,13.47
2026-09-03T00:29:19.961,pi-test-01,img_6838,ADRES,Q,22.848,0.7738,0.4982,0.6651,sam_uploaded,5135.957,34312,113906,8.09
2026-09-03T00:29:19.961,pi-test-01,img_6838,ADRES,E,19.475,0.653,0.4982,0.6651,sam_uploaded,4300.29,34312,68808,13.39
2026-09-03T00:29:30.080,pi-test-01,img_6839,ADRES,Q,22.851,0.774,0.4896,0.6574,sam_uploaded,5192.194,34312,115604,7.97
2026-09-03T00:29:30.080,pi-test-01,img_6839,ADRES,E,19.457,0.6521,0.4896,0.6574,sam_uploaded,4374.317,34312,69586,13.24
2026-09-03T00:29:40.199,pi-test-01,img_6840,ADRES,Q,22.86,0.7739,0.4915,0.659,sam_uploaded,5125.984,34312,115499,7.98
2026-09-03T00:29:40.199,pi-test-01,img_6840,ADRES,E,19.455,0.6518,0.4915,0.659,sam_uploaded,4334.158,34312,70082,13.15
2026-09-03T00:29:50.971,pi-test-01,img_6841,ADRES,Q,24.637,0.814,0.7899,0.8826,sam_uploaded,5841.677,34312,118109,7.8
2026-09-03T00:29:50.971,pi-test-01,img_6841,ADRES,E,20.815,0.6976,0.7899,0.8826,sam_uploaded,4422.842,34312,69549,13.25
2026-09-03T00:30:01.922,pi-test-01,img_6842,ADRES,Q,24.614,0.8143,0.7802,0.8765,sam_uploaded,5901.346,34312,117430,7.85
2026-09-03T00:30:01.922,pi-test-01,img_6842,ADRES,E,20.805,0.6962,0.7802,0.8765,sam_uploaded,4442.685,34312,69078,13.34
2026-09-03T00:30:12.884,pi-test-01,img_6843,ADRES,Q,24.682,0.8162,0.7936,0.8849,sam_uploaded,5836.072,34312,122791,7.51
2026-09-03T00:30:12.884,pi-test-01,img_6843,ADRES,E,20.943,0.7028,0.7936,0.8849,sam_uploaded,4466.595,34312,72117,12.78
2026-09-03T00:30:23.726,pi-test-01,img_6844,ADRES,Q,24.686,0.8163,0.7771,0.8745,sam_uploaded,5799.928,34312,123814,7.44
2026-09-03T00:30:23.726,pi-test-01,img_6844,ADRES,E,20.956,0.7033,0.7771,0.8745,sam_uploaded,4459.072,34312,72490,12.71
2026-09-03T00:30:35.837,pi-test-01,img_6845,ADRES,Q,25.276,0.8091,0.5383,0.6998,sam_uploaded,6653.366,34312,127331,7.24
2026-09-03T00:30:35.837,pi-test-01,img_6845,ADRES,E,20.757,0.6805,0.5383,0.6998,sam_uploaded,4864.348,34312,72740,12.67
2026-09-03T00:30:48.005,pi-test-01,img_6846,ADRES,Q,25.236,0.8086,0.589,0.7414,sam_uploaded,6707.781,34312,127010,7.26
2026-09-03T00:30:48.005,pi-test-01,img_6846,ADRES,E,20.698,0.6789,0.589,0.7414,sam_uploaded,4950.715,34312,72696,12.68
2026-09-03T00:31:00.296,pi-test-01,img_6847,ADRES,Q,25.25,0.8096,0.5236,0.6874,sam_uploaded,6711.31,34312,129741,7.1
2026-09-03T00:31:00.296,pi-test-01,img_6847,ADRES,E,20.715,0.6804,0.5236,0.6874,sam_uploaded,4975.875,34312,73156,12.6
2026-09-03T00:31:12.366,pi-test-01,img_6848,ADRES,Q,25.263,0.8097,0.5463,0.7066,sam_uploaded,6624.416,34312,130507,7.06
2026-09-03T00:31:12.366,pi-test-01,img_6848,ADRES,E,20.742,0.6795,0.5463,0.7066,sam_uploaded,4942.953,34312,73403,12.56
2026-09-03T00:31:25.387,pi-test-01,img_6849,ADRES,Q,25.275,0.8364,0.509,0.6746,sam_uploaded,6972.99,34312,142368,6.47
2026-09-03T00:31:25.387,pi-test-01,img_6849,ADRES,E,20.965,0.6976,0.509,0.6746,sam_uploaded,5506.887,34312,87634,10.52
2026-09-03T00:31:38.396,pi-test-01,img_6850,ADRES,Q,25.287,0.8366,0.5157,0.6805,sam_uploaded,6932.16,34312,142680,6.46
2026-09-03T00:31:38.396,pi-test-01,img_6850,ADRES,E,20.949,0.6973,0.5157,0.6805,sam_uploaded,5471.312,34312,87631,10.52
2026-09-03T00:31:51.249,pi-test-01,img_6851,ADRES,Q,25.283,0.8369,0.7716,0.8711,sam_uploaded,6893.993,34312,143821,6.41
2026-09-03T00:31:51.249,pi-test-01,img_6851,ADRES,E,20.945,0.6965,0.7716,0.8711,sam_uploaded,5427.911,34312,87915,10.48
2026-09-03T00:32:04.438,pi-test-01,img_6852,ADRES,Q,25.294,0.8368,0.5127,0.6779,sam_uploaded,6932.309,34312,143432,6.43
2026-09-03T00:32:04.438,pi-test-01,img_6852,ADRES,E,20.969,0.698,0.5127,0.6779,sam_uploaded,5523.03,34312,87931,10.48
2026-09-03T00:32:16.908,pi-test-01,img_6853,ADRES,Q,25.891,0.8473,0.3745,0.5449,sam_uploaded,6687.186,34312,134117,6.87
2026-09-03T00:32:16.908,pi-test-01,img_6853,ADRES,E,21.445,0.7218,0.3745,0.5449,sam_uploaded,5056.189,34312,80150,11.5
2026-09-03T00:32:29.404,pi-test-01,img_6854,ADRES,Q,25.937,0.8475,0.4098,0.5814,sam_uploaded,6721.609,34312,133698,6.89
2026-09-03T00:32:29.404,pi-test-01,img_6854,ADRES,E,21.495,0.722,0.4098,0.5814,sam_uploaded,5059.857,34312,80242,11.49
2026-09-03T00:32:42.036,pi-test-01,img_6855,ADRES,Q,25.957,0.8484,0.4185,0.5901,sam_uploaded,6750.094,34312,138102,6.67
2026-09-03T00:32:42.036,pi-test-01,img_6855,ADRES,E,21.532,0.724,0.4185,0.5901,sam_uploaded,5174.577,34312,81956,11.25
2026-09-03T00:32:54.381,pi-test-01,img_6856,ADRES,Q,25.903,0.8479,0.4278,0.5993,sam_uploaded,6720.643,34312,137159,6.72
2026-09-03T00:32:54.381,pi-test-01,img_6856,ADRES,E,21.484,0.7238,0.4278,0.5993,sam_uploaded,5057.782,34312,82210,11.21
2026-09-03T00:33:08.883,pi-test-01,img_6857,ADRES,Q,25.127,0.8611,0.7044,0.8266,sam_uploaded,7548.425,34312,173604,5.31
2026-09-03T00:33:08.883,pi-test-01,img_6857,ADRES,E,20.859,0.7151,0.7044,0.8266,sam_uploaded,6259.182,34312,107766,8.55
2026-09-03T00:33:23.429,pi-test-01,img_6858,ADRES,Q,25.128,0.8608,0.7333,0.8461,sam_uploaded,7538.125,34312,174592,5.28
2026-09-03T00:33:23.429,pi-test-01,img_6858,ADRES,E,20.855,0.7146,0.7333,0.8461,sam_uploaded,6276.115,34312,108245,8.51
2026-09-03T00:33:37.829,pi-test-01,img_6859,ADRES,Q,25.155,0.8621,0.7307,0.8444,sam_uploaded,7359.854,34312,183387,5.03
2026-09-03T00:33:37.829,pi-test-01,img_6859,ADRES,E,20.889,0.7176,0.7307,0.8444,sam_uploaded,6276.056,34312,112354,8.2
2026-09-03T00:33:52.197,pi-test-01,img_6860,ADRES,Q,25.188,0.8624,0.737,0.8486,sam_uploaded,7390.167,34312,181371,5.08
2026-09-03T00:33:52.197,pi-test-01,img_6860,ADRES,E,20.906,0.7185,0.737,0.8486,sam_uploaded,6329.032,34312,111272,8.28
2026-09-03T00:34:02.119,pi-test-01,img_6861,ADRES,Q,25.416,0.8122,0.4691,0.6387,sam_uploaded,5204.98,34312,124801,7.38
2026-09-03T00:34:02.119,pi-test-01,img_6861,ADRES,E,21.345,0.7141,0.4691,0.6387,sam_uploaded,4113.897,34312,70843,13.01
2026-09-03T00:34:12.052,pi-test-01,img_6862,ADRES,Q,25.441,0.8122,0.8031,0.8908,sam_uploaded,5286.888,34312,124598,7.4
2026-09-03T00:34:12.052,pi-test-01,img_6862,ADRES,E,21.343,0.7144,0.8031,0.8908,sam_uploaded,4156.597,34312,71369,12.91
2026-09-03T00:34:22.104,pi-test-01,img_6863,ADRES,Q,25.433,0.812,0.5988,0.749,sam_uploaded,5340.913,34312,113022,8.15
2026-09-03T00:34:22.104,pi-test-01,img_6863,ADRES,E,21.323,0.7123,0.5988,0.749,sam_uploaded,4100.969,34312,66261,13.91
2026-09-03T00:34:32.126,pi-test-01,img_6864,ADRES,Q,25.352,0.8115,0.425,0.5965,sam_uploaded,5320.228,34312,113203,8.14
2026-09-03T00:34:32.126,pi-test-01,img_6864,ADRES,E,21.24,0.7122,0.425,0.5965,sam_uploaded,4155.401,34312,66056,13.95
2026-09-03T00:34:43.209,pi-test-01,img_6865,ADRES,Q,24.216,0.7859,0.6712,0.8033,sam_uploaded,5798.957,34312,127109,7.25
2026-09-03T00:34:43.209,pi-test-01,img_6865,ADRES,E,20.509,0.6684,0.6712,0.8033,sam_uploaded,4670.02,34312,78943,11.67
2026-09-03T00:34:54.365,pi-test-01,img_6866,ADRES,Q,24.192,0.7856,0.634,0.776,sam_uploaded,5752.183,34312,126638,7.28
2026-09-03T00:34:54.365,pi-test-01,img_6866,ADRES,E,20.505,0.6688,0.634,0.776,sam_uploaded,4700.84,34312,78294,11.77
2026-09-03T00:35:05.382,pi-test-01,img_6867,ADRES,Q,24.177,0.7852,0.6585,0.7941,sam_uploaded,5744.43,34312,124720,7.39
2026-09-03T00:35:05.382,pi-test-01,img_6867,ADRES,E,20.465,0.6674,0.6585,0.7941,sam_uploaded,4610.293,34312,77344,11.92
2026-09-03T00:35:16.275,pi-test-01,img_6868,ADRES,Q,24.214,0.786,0.6291,0.7723,sam_uploaded,5694.977,34312,125161,7.36
2026-09-03T00:35:16.275,pi-test-01,img_6868,ADRES,E,20.503,0.668,0.6291,0.7723,sam_uploaded,4615.403,34312,77623,11.87
2026-09-03T00:35:29.085,pi-test-01,img_6869,ADRES,Q,23.971,0.7768,0.7295,0.8436,sam_uploaded,6718.921,34312,151490,6.08
2026-09-03T00:35:29.085,pi-test-01,img_6869,ADRES,E,20.287,0.6481,0.7295,0.8436,sam_uploaded,5483.709,34312,92099,10.01
2026-09-03T00:35:41.783,pi-test-01,img_6870,ADRES,Q,24.061,0.7775,0.6465,0.7853,sam_uploaded,6703.478,34312,150270,6.13
2026-09-03T00:35:41.783,pi-test-01,img_6870,ADRES,E,20.429,0.6505,0.6465,0.7853,sam_uploaded,5452.885,34312,92172,10
2026-09-03T00:35:54.678,pi-test-01,img_6871,ADRES,Q,23.978,0.7765,0.6685,0.8013,sam_uploaded,6777.956,34312,143498,6.42
2026-09-03T00:35:54.678,pi-test-01,img_6871,ADRES,E,20.255,0.6452,0.6685,0.8013,sam_uploaded,5428.049,34312,88943,10.36
2026-09-03T00:36:07.386,pi-test-01,img_6872,ADRES,Q,24.015,0.7766,0.7473,0.8553,sam_uploaded,6752.648,34312,143196,6.44
2026-09-03T00:36:07.386,pi-test-01,img_6872,ADRES,E,20.321,0.6464,0.7473,0.8553,sam_uploaded,5393.698,34312,88400,10.43
2026-09-03T00:36:17.105,pi-test-01,img_6873,ADRES,Q,23.678,0.7216,0.6216,0.7666,sam_uploaded,4809.034,34312,130842,7.04
2026-09-03T00:36:17.105,pi-test-01,img_6873,ADRES,E,20.126,0.5997,0.6216,0.7666,sam_uploaded,4354.079,34312,79193,11.64
2026-09-03T00:36:26.979,pi-test-01,img_6874,ADRES,Q,23.704,0.7223,0.6266,0.7704,sam_uploaded,4987.911,34312,124861,7.38
2026-09-03T00:36:26.979,pi-test-01,img_6874,ADRES,E,20.123,0.5981,0.6266,0.7704,sam_uploaded,4376.411,34312,75788,12.16
2026-09-03T00:36:37.338,pi-test-01,img_6875,ADRES,Q,23.633,0.721,0.6202,0.7656,sam_uploaded,5215.763,34312,114873,8.02
2026-09-03T00:36:37.338,pi-test-01,img_6875,ADRES,E,20.011,0.5944,0.6202,0.7656,sam_uploaded,4424.249,34312,70835,13.01
2026-09-03T00:36:47.494,pi-test-01,img_6876,ADRES,Q,23.665,0.7212,0.6023,0.7518,sam_uploaded,5132.06,34312,115135,8
2026-09-03T00:36:47.494,pi-test-01,img_6876,ADRES,E,20.075,0.5954,0.6023,0.7518,sam_uploaded,4444.708,34312,71471,12.89
2026-09-03T00:36:56.181,pi-test-01,img_6877,ADRES,Q,24.579,0.681,0.6827,0.8115,sam_uploaded,4584.382,34312,112954,8.16
2026-09-03T00:36:56.181,pi-test-01,img_6877,ADRES,E,21.209,0.5871,0.6827,0.8115,sam_uploaded,3619.962,34312,65609,14.05
2026-09-03T00:37:04.689,pi-test-01,img_6878,ADRES,Q,24.523,0.6799,0.6418,0.7818,sam_uploaded,4384.487,34312,119093,7.74
2026-09-03T00:37:04.689,pi-test-01,img_6878,ADRES,E,21.106,0.5846,0.6418,0.7818,sam_uploaded,3625.352,34312,67551,13.64
2026-09-03T00:37:13.739,pi-test-01,img_6879,ADRES,Q,24.571,0.6809,0.6888,0.8157,sam_uploaded,4709.088,34312,101814,9.05
2026-09-03T00:37:13.739,pi-test-01,img_6879,ADRES,E,21.134,0.5856,0.6888,0.8157,sam_uploaded,3728.161,34312,60179,15.31
2026-09-03T00:37:22.524,pi-test-01,img_6880,ADRES,Q,24.524,0.6801,0.6456,0.7846,sam_uploaded,4605.705,34312,100896,9.13
2026-09-03T00:37:22.524,pi-test-01,img_6880,ADRES,E,21.084,0.5832,0.6456,0.7846,sam_uploaded,3620.642,34312,59352,15.53
2026-09-03T00:37:33.520,pi-test-01,img_6881,ADRES,Q,22.951,0.7133,0.6097,0.7575,sam_uploaded,5671.578,34312,123586,7.46
2026-09-03T00:37:33.520,pi-test-01,img_6881,ADRES,E,19.857,0.5898,0.6097,0.7575,sam_uploaded,4557.977,34312,73436,12.55
2026-09-03T00:37:44.481,pi-test-01,img_6882,ADRES,Q,22.919,0.7125,0.6098,0.7576,sam_uploaded,5672.73,34312,122794,7.51
2026-09-03T00:37:44.481,pi-test-01,img_6882,ADRES,E,19.769,0.5876,0.6098,0.7576,sam_uploaded,4582.939,34312,73307,12.57
2026-09-03T00:37:55.478,pi-test-01,img_6883,ADRES,Q,22.937,0.7125,0.6167,0.7629,sam_uploaded,5697.566,34312,122306,7.54
2026-09-03T00:37:55.478,pi-test-01,img_6883,ADRES,E,19.8,0.5866,0.6167,0.7629,sam_uploaded,4579.249,34312,72720,12.67
2026-09-03T00:38:06.478,pi-test-01,img_6884,ADRES,Q,22.904,0.7117,0.6059,0.7546,sam_uploaded,5690.946,34312,122082,7.55
2026-09-03T00:38:06.478,pi-test-01,img_6884,ADRES,E,19.725,0.5855,0.6059,0.7546,sam_uploaded,4602.649,34312,72821,12.66
2026-09-03T00:38:20.094,pi-test-01,img_6885,ADRES,Q,24.335,0.8093,0.7079,0.8289,sam_uploaded,6231.205,34312,189034,4.88
2026-09-03T00:38:20.094,pi-test-01,img_6885,ADRES,E,20.354,0.6841,0.7079,0.8289,sam_uploaded,5610.746,34312,117080,7.87
2026-09-03T00:38:32.811,pi-test-01,img_6886,ADRES,Q,24.378,0.8101,0.7237,0.8397,sam_uploaded,6255.931,34312,188727,4.88
2026-09-03T00:38:32.811,pi-test-01,img_6886,ADRES,E,20.411,0.6831,0.7237,0.8397,sam_uploaded,5658.046,34312,117124,7.87
2026-09-03T00:38:45.850,pi-test-01,img_6887,ADRES,Q,24.289,0.8079,0.7269,0.8419,sam_uploaded,6719.106,34312,167129,5.51
2026-09-03T00:38:45.850,pi-test-01,img_6887,ADRES,E,20.274,0.6789,0.7269,0.8419,sam_uploaded,5774.498,34312,104846,8.79
2026-09-03T00:38:58.777,pi-test-01,img_6888,ADRES,Q,24.277,0.808,0.7223,0.8388,sam_uploaded,6663.156,34312,166283,5.54
2026-09-03T00:38:58.777,pi-test-01,img_6888,ADRES,E,20.244,0.6788,0.7223,0.8388,sam_uploaded,5711.74,34312,104638,8.81
2026-09-03T00:39:08.977,pi-test-01,img_6889,ADRES,Q,25.903,0.8333,0.8145,0.8978,sam_uploaded,5378.033,34312,136209,6.77
2026-09-03T00:39:08.977,pi-test-01,img_6889,ADRES,E,21.569,0.7376,0.8145,0.8978,sam_uploaded,4315.925,34312,80832,11.4
2026-09-03T00:39:19.257,pi-test-01,img_6890,ADRES,Q,25.856,0.8326,0.7811,0.8771,sam_uploaded,5390.408,34312,135792,6.79
2026-09-03T00:39:19.257,pi-test-01,img_6890,ADRES,E,21.544,0.7363,0.7811,0.8771,sam_uploaded,4312.848,34312,81966,11.24
2026-09-03T00:39:29.714,pi-test-01,img_6891,ADRES,Q,25.843,0.8329,0.627,0.7708,sam_uploaded,5498.299,34312,122905,7.5
2026-09-03T00:39:29.714,pi-test-01,img_6891,ADRES,E,21.488,0.7361,0.627,0.7708,sam_uploaded,4416.291,34312,73161,12.6
2026-09-03T00:39:40.277,pi-test-01,img_6892,ADRES,Q,25.865,0.8323,0.4511,0.6217,sam_uploaded,5546.302,34312,122438,7.53
2026-09-03T00:39:40.277,pi-test-01,img_6892,ADRES,E,21.51,0.7356,0.4511,0.6217,sam_uploaded,4418.539,34312,73093,12.61
2026-09-03T00:39:51.330,pi-test-01,img_6893,ADRES,Q,24.394,0.8008,0.596,0.7469,sam_uploaded,5781.174,34312,133149,6.92
2026-09-03T00:39:51.330,pi-test-01,img_6893,ADRES,E,20.543,0.6891,0.596,0.7469,sam_uploaded,4702.138,34312,82903,11.12
2026-09-03T00:40:02.503,pi-test-01,img_6894,ADRES,Q,24.386,0.8005,0.5804,0.7345,sam_uploaded,5879.651,34312,133705,6.89
2026-09-03T00:40:02.503,pi-test-01,img_6894,ADRES,E,20.503,0.6871,0.5804,0.7345,sam_uploaded,4784.78,34312,82493,11.17
2026-09-03T00:40:13.546,pi-test-01,img_6895,ADRES,Q,24.354,0.7999,0.6177,0.7637,sam_uploaded,5758.559,34312,131499,7.01
2026-09-03T00:40:13.546,pi-test-01,img_6895,ADRES,E,20.485,0.687,0.6177,0.7637,sam_uploaded,4729.978,34312,81317,11.33
2026-09-03T00:40:24.673,pi-test-01,img_6896,ADRES,Q,24.368,0.8004,0.6177,0.7636,sam_uploaded,5860.935,34312,131590,7
2026-09-03T00:40:24.673,pi-test-01,img_6896,ADRES,E,20.486,0.6879,0.6177,0.7636,sam_uploaded,4735.941,34312,81308,11.33
2026-09-03T00:40:36.921,pi-test-01,img_6897,ADRES,Q,23.948,0.7823,0.6656,0.7993,sam_uploaded,6460.71,34312,147687,6.24
2026-09-03T00:40:36.921,pi-test-01,img_6897,ADRES,E,20.388,0.6599,0.6656,0.7993,sam_uploaded,5241.949,34312,90083,10.23
2026-09-03T00:40:49.178,pi-test-01,img_6898,ADRES,Q,23.976,0.7827,0.6624,0.7969,sam_uploaded,6420.423,34312,148754,6.2
2026-09-03T00:40:49.178,pi-test-01,img_6898,ADRES,E,20.443,0.6617,0.6624,0.7969,sam_uploaded,5270.498,34312,90745,10.16
2026-09-03T00:41:01.505,pi-test-01,img_6899,ADRES,Q,23.922,0.7815,0.6623,0.7968,sam_uploaded,6500.158,34312,144709,6.37
2026-09-03T00:41:01.505,pi-test-01,img_6899,ADRES,E,20.335,0.6577,0.6623,0.7968,sam_uploaded,5229.763,34312,88857,10.37
2026-09-03T00:41:14.034,pi-test-01,img_6900,ADRES,Q,23.944,0.7814,0.67,0.8024,sam_uploaded,6518.911,34312,144283,6.39
2026-09-03T00:41:14.034,pi-test-01,img_6900,ADRES,E,20.369,0.6572,0.67,0.8024,sam_uploaded,5232.158,34312,88520,10.41
2026-09-03T00:41:35.496,pi-test-01,img_6902,ADRES,Q,24.084,0.7605,0.6653,0.799,sam_uploaded,4811.037,34312,120271,7.66
2026-09-03T00:41:35.496,pi-test-01,img_6902,ADRES,E,20.264,0.6443,0.6653,0.799,sam_uploaded,4181.907,34312,74512,12.37
2026-09-03T00:41:45.213,pi-test-01,img_6903,ADRES,Q,23.993,0.7587,0.6346,0.7765,sam_uploaded,4896.279,34312,112728,8.18
2026-09-03T00:41:45.213,pi-test-01,img_6903,ADRES,E,20.096,0.6383,0.6346,0.7765,sam_uploaded,4259.156,34312,70052,13.16
2026-09-03T00:41:54.552,pi-test-01,img_6904,ADRES,Q,24.006,0.7591,0.6382,0.7791,sam_uploaded,4701.492,34312,113353,8.13
2026-09-03T00:41:54.552,pi-test-01,img_6904,ADRES,E,20.066,0.6383,0.6382,0.7791,sam_uploaded,4154.447,34312,70727,13.03
2026-09-03T00:42:03.440,pi-test-01,img_6905,ADRES,Q,24.363,0.6791,0.6547,0.7913,sam_uploaded,4541.447,34312,109015,8.45
2026-09-03T00:42:03.440,pi-test-01,img_6905,ADRES,E,20.908,0.584,0.6547,0.7913,sam_uploaded,3748.576,34312,64948,14.19
2026-09-03T00:42:12.275,pi-test-01,img_6906,ADRES,Q,24.327,0.6791,0.6492,0.7873,sam_uploaded,4483.829,34312,113134,8.15
2026-09-03T00:42:12.275,pi-test-01,img_6906,ADRES,E,20.851,0.5823,0.6492,0.7873,sam_uploaded,3752.945,34312,67503,13.65
2026-09-03T00:42:21.159,pi-test-01,img_6907,ADRES,Q,24.333,0.679,0.6568,0.7929,sam_uploaded,4537.727,34312,104851,8.79
2026-09-03T00:42:21.159,pi-test-01,img_6907,ADRES,E,20.834,0.582,0.6568,0.7929,sam_uploaded,3831.985,34312,62574,14.73
2026-09-03T00:42:30.052,pi-test-01,img_6908,ADRES,Q,24.308,0.6787,0.6529,0.79,sam_uploaded,4623.347,34312,102800,8.96
2026-09-03T00:42:30.052,pi-test-01,img_6908,ADRES,E,20.818,0.581,0.6529,0.79,sam_uploaded,3770.809,34312,61628,14.95
2026-09-03T00:42:40.635,pi-test-01,img_6909,ADRES,Q,23.059,0.731,0.6063,0.7549,sam_uploaded,5412.813,34312,130157,7.08
2026-09-03T00:42:40.635,pi-test-01,img_6909,ADRES,E,19.749,0.6048,0.6063,0.7549,sam_uploaded,4631.635,34312,78089,11.8
2026-09-03T00:42:51.379,pi-test-01,img_6910,ADRES,Q,23.054,0.7307,0.6125,0.7597,sam_uploaded,5526.567,34312,128854,7.15
2026-09-03T00:42:51.379,pi-test-01,img_6910,ADRES,E,19.714,0.6021,0.6125,0.7597,sam_uploaded,4656.45,34312,77760,11.85
2026-09-03T00:43:02.143,pi-test-01,img_6911,ADRES,Q,23.059,0.7302,0.6183,0.7641,sam_uploaded,5521.816,34312,127286,7.24
2026-09-03T00:43:02.143,pi-test-01,img_6911,ADRES,E,19.735,0.6012,0.6183,0.7641,sam_uploaded,4705.972,34312,76635,12.03
2026-09-03T00:43:12.946,pi-test-01,img_6912,ADRES,Q,22.997,0.7293,0.5982,0.7486,sam_uploaded,5466.345,34312,127529,7.23
2026-09-03T00:43:12.946,pi-test-01,img_6912,ADRES,E,19.654,0.5998,0.5982,0.7486,sam_uploaded,4676.898,34312,76853,11.99
2026-09-03T00:43:25.331,pi-test-01,img_6913,ADRES,Q,24.512,0.8205,0.7161,0.8346,sam_uploaded,6159.901,34312,194808,4.73
2026-09-03T00:43:25.331,pi-test-01,img_6913,ADRES,E,20.352,0.6949,0.7161,0.8346,sam_uploaded,5614.827,34312,121433,7.59
2026-09-03T00:43:37.842,pi-test-01,img_6914,ADRES,Q,24.558,0.8209,0.6956,0.8205,sam_uploaded,6140.054,34312,196538,4.69
2026-09-03T00:43:37.842,pi-test-01,img_6914,ADRES,E,20.43,0.6962,0.6956,0.8205,sam_uploaded,5698.297,34312,121377,7.59
2026-09-03T00:43:50.965,pi-test-01,img_6915,ADRES,Q,24.429,0.8189,0.7213,0.8381,sam_uploaded,6640.999,34312,175635,5.25
2026-09-03T00:43:50.965,pi-test-01,img_6915,ADRES,E,20.198,0.6898,0.7213,0.8381,sam_uploaded,5844.913,34312,110352,8.35
2026-09-03T00:44:03.850,pi-test-01,img_6916,ADRES,Q,24.468,0.8194,0.7155,0.8342,sam_uploaded,6546.69,34312,175988,5.24
2026-09-03T00:44:03.850,pi-test-01,img_6916,ADRES,E,20.316,0.692,0.7155,0.8342,sam_uploaded,5717.794,34312,110113,8.37
2026-09-03T00:44:13.145,pi-test-01,img_6917,ADRES,Q,22.393,0.6354,0.4086,0.5801,sam_uploaded,4703.748,34312,116909,7.88
2026-09-03T00:44:13.145,pi-test-01,img_6917,ADRES,E,19.185,0.4936,0.4086,0.5801,sam_uploaded,4052.541,34312,69782,13.21
2026-09-03T00:44:22.423,pi-test-01,img_6918,ADRES,Q,22.376,0.6362,0.4158,0.5873,sam_uploaded,4698.759,34312,117639,7.83
2026-09-03T00:44:22.423,pi-test-01,img_6918,ADRES,E,19.099,0.4919,0.4158,0.5873,sam_uploaded,4048.388,34312,70017,13.16
2026-09-03T00:44:31.622,pi-test-01,img_6919,ADRES,Q,22.413,0.638,0.4135,0.5851,sam_uploaded,4570.272,34312,119871,7.69
2026-09-03T00:44:31.622,pi-test-01,img_6919,ADRES,E,19.222,0.4994,0.4135,0.5851,sam_uploaded,4054.319,34312,71077,12.97
2026-09-03T00:44:40.675,pi-test-01,img_6920,ADRES,Q,22.402,0.6375,0.4095,0.5811,sam_uploaded,4552.236,34312,118293,7.79
2026-09-03T00:44:40.675,pi-test-01,img_6920,ADRES,E,19.183,0.4982,0.4095,0.5811,sam_uploaded,3911.021,34312,70932,12.99
2026-09-03T00:44:52.980,pi-test-01,img_6921,ADRES,Q,24.075,0.7909,0.663,0.7973,sam_uploaded,6200.038,34312,166557,5.53
2026-09-03T00:44:52.980,pi-test-01,img_6921,ADRES,E,20.2,0.6615,0.663,0.7973,sam_uploaded,5459.037,34312,100511,9.17
2026-09-03T00:45:05.379,pi-test-01,img_6922,ADRES,Q,24.043,0.7908,0.661,0.7959,sam_uploaded,6271.295,34312,165394,5.57
2026-09-03T00:45:05.379,pi-test-01,img_6922,ADRES,E,20.151,0.6603,0.661,0.7959,sam_uploaded,5491.728,34312,99619,9.25
2026-09-03T00:45:17.885,pi-test-01,img_6923,ADRES,Q,23.988,0.7887,0.6145,0.7613,sam_uploaded,6320.436,34312,161710,5.7
2026-09-03T00:45:17.885,pi-test-01,img_6923,ADRES,E,20.064,0.6555,0.6145,0.7613,sam_uploaded,5471.365,34312,100519,9.17
2026-09-03T00:45:30.480,pi-test-01,img_6924,ADRES,Q,23.992,0.7885,0.6672,0.8004,sam_uploaded,6412.815,34312,161345,5.71
2026-09-03T00:45:30.480,pi-test-01,img_6924,ADRES,E,20.098,0.658,0.6672,0.8004,sam_uploaded,5569.126,34312,99514,9.26
2026-09-03T00:45:43.156,pi-test-01,img_6925,ADRES,Q,25.102,0.8076,0.7696,0.8698,sam_uploaded,6560.68,34312,158166,5.83
2026-09-03T00:45:43.156,pi-test-01,img_6925,ADRES,E,21.168,0.6991,0.7696,0.8698,sam_uploaded,5421.118,34312,93656,9.84
2026-09-03T00:45:55.755,pi-test-01,img_6926,ADRES,Q,25.113,0.8084,0.7619,0.8648,sam_uploaded,6560.919,34312,156818,5.88
2026-09-03T00:45:55.755,pi-test-01,img_6926,ADRES,E,21.184,0.6996,0.7619,0.8648,sam_uploaded,5414.51,34312,93802,9.82
2026-09-03T00:46:07.930,pi-test-01,img_6927,ADRES,Q,25.182,0.8095,0.7727,0.8718,sam_uploaded,6201.682,34312,169471,5.44
2026-09-03T00:46:07.930,pi-test-01,img_6927,ADRES,E,21.34,0.7038,0.7727,0.8718,sam_uploaded,5294.288,34312,98007,9.4
2026-09-03T00:46:20.226,pi-test-01,img_6928,ADRES,Q,25.105,0.8089,0.7736,0.8724,sam_uploaded,6283.143,34312,169020,5.45
2026-09-03T00:46:20.226,pi-test-01,img_6928,ADRES,E,21.154,0.7018,0.7736,0.8724,sam_uploaded,5398.666,34312,97269,9.47
2026-09-03T00:46:28.888,pi-test-01,img_6929,ADRES,Q,22.94,0.5924,0.4328,0.6041,sam_uploaded,4280.784,34312,104116,8.85
2026-09-03T00:46:28.888,pi-test-01,img_6929,ADRES,E,19.962,0.4708,0.4328,0.6041,sam_uploaded,3811.239,34312,61289,15.04
2026-09-03T00:46:37.674,pi-test-01,img_6930,ADRES,Q,22.881,0.5905,0.4248,0.5963,sam_uploaded,4341.688,34312,104747,8.8
2026-09-03T00:46:37.674,pi-test-01,img_6930,ADRES,E,19.841,0.4676,0.4248,0.5963,sam_uploaded,3871.06,34312,60939,15.12
2026-09-03T00:46:46.069,pi-test-01,img_6931,ADRES,Q,22.856,0.5883,0.444,0.6149,sam_uploaded,4118.651,34312,110276,8.36
2026-09-03T00:46:46.069,pi-test-01,img_6931,ADRES,E,19.854,0.4651,0.444,0.6149,sam_uploaded,3709.97,34312,63041,14.62
2026-09-03T00:46:54.369,pi-test-01,img_6932,ADRES,Q,22.886,0.5896,0.4394,0.6105,sam_uploaded,4083.004,34312,110137,8.37
2026-09-03T00:46:54.369,pi-test-01,img_6932,ADRES,E,19.894,0.4665,0.4394,0.6105,sam_uploaded,3668.178,34312,62977,14.63
2026-09-03T00:47:04.270,pi-test-01,img_6933,ADRES,Q,22.753,0.7033,0.5634,0.7207,sam_uploaded,4810.249,34312,145110,6.35
2026-09-03T00:47:04.270,pi-test-01,img_6933,ADRES,E,19.343,0.5728,0.5634,0.7207,sam_uploaded,4425.344,34312,86961,10.6
2026-09-03T00:47:14.049,pi-test-01,img_6934,ADRES,Q,22.747,0.7034,0.545,0.7055,sam_uploaded,4764.103,34312,145132,6.35
2026-09-03T00:47:14.049,pi-test-01,img_6934,ADRES,E,19.278,0.5712,0.545,0.7055,sam_uploaded,4432.827,34312,87366,10.55
2026-09-03T00:47:23.469,pi-test-01,img_6935,ADRES,Q,22.715,0.7038,0.5623,0.7198,sam_uploaded,4366.533,34312,163217,5.65
2026-09-03T00:47:23.469,pi-test-01,img_6935,ADRES,E,19.347,0.5756,0.5623,0.7198,sam_uploaded,4273.006,34312,96701,9.53
2026-09-03T00:47:32.939,pi-test-01,img_6936,ADRES,Q,22.764,0.7051,0.5591,0.7172,sam_uploaded,4425.189,34312,160476,5.74
2026-09-03T00:47:32.939,pi-test-01,img_6936,ADRES,E,19.344,0.5759,0.5591,0.7172,sam_uploaded,4273.846,34312,96011,9.6
2026-09-03T00:47:45.378,pi-test-01,img_6937,ADRES,Q,25.47,0.8065,0.7687,0.8692,sam_uploaded,6579.223,34312,146174,6.3
2026-09-03T00:47:45.378,pi-test-01,img_6937,ADRES,E,21.361,0.6991,0.7687,0.8692,sam_uploaded,5200.18,34312,88272,10.44
2026-09-03T00:47:57.825,pi-test-01,img_6938,ADRES,Q,25.465,0.8064,0.7651,0.8669,sam_uploaded,6575.853,34312,147257,6.26
2026-09-03T00:47:57.825,pi-test-01,img_6938,ADRES,E,21.367,0.7001,0.7651,0.8669,sam_uploaded,5210.231,34312,88156,10.45
2026-09-03T00:48:09.491,pi-test-01,img_6939,ADRES,Q,25.506,0.8076,0.7652,0.867,sam_uploaded,5971.018,34312,170948,5.39
2026-09-03T00:48:09.491,pi-test-01,img_6939,ADRES,E,21.396,0.7013,0.7652,0.867,sam_uploaded,5076.387,34312,101221,9.1
2026-09-03T00:48:21.261,pi-test-01,img_6940,ADRES,Q,25.556,0.8081,0.7627,0.8654,sam_uploaded,6057.959,34312,168223,5.48
2026-09-03T00:48:21.261,pi-test-01,img_6940,ADRES,E,21.475,0.7027,0.7627,0.8654,sam_uploaded,5028.578,34312,99212,9.29
2026-09-03T00:48:33.713,pi-test-01,img_6941,ADRES,Q,23.487,0.7873,0.6494,0.7874,sam_uploaded,6010.337,34312,193321,4.77
2026-09-03T00:48:33.713,pi-test-01,img_6941,ADRES,E,19.65,0.6514,0.6494,0.7874,sam_uploaded,5735.458,34312,116869,7.89
2026-09-03T00:48:46.048,pi-test-01,img_6942,ADRES,Q,23.485,0.7864,0.6582,0.7938,sam_uploaded,5984.418,34312,193746,4.76
2026-09-03T00:48:46.048,pi-test-01,img_6942,ADRES,E,19.657,0.6514,0.6582,0.7938,sam_uploaded,5739.271,34312,117355,7.85
2026-09-03T00:48:58.153,pi-test-01,img_6943,ADRES,Q,23.48,0.787,0.6521,0.7895,sam_uploaded,5774.626,34312,203225,4.53
2026-09-03T00:48:58.153,pi-test-01,img_6943,ADRES,E,19.574,0.6507,0.6521,0.7895,sam_uploaded,5574.387,34312,123293,7.47
2026-09-03T00:49:10.332,pi-test-01,img_6944,ADRES,Q,23.527,0.7878,0.6559,0.7922,sam_uploaded,5881.456,34312,200712,4.59
2026-09-03T00:49:10.332,pi-test-01,img_6944,ADRES,E,19.661,0.6522,0.6559,0.7922,sam_uploaded,5623.724,34312,122422,7.53
2026-09-03T00:49:19.054,pi-test-01,img_6945,ADRES,Q,22.186,0.6436,0.4158,0.5874,sam_uploaded,4412.569,34312,113325,8.13
2026-09-03T00:49:19.054,pi-test-01,img_6945,ADRES,E,18.967,0.4994,0.4158,0.5874,sam_uploaded,3778.968,34312,67649,13.62
2026-09-03T00:49:27.908,pi-test-01,img_6946,ADRES,Q,22.198,0.6447,0.4251,0.5966,sam_uploaded,4412.976,34312,114702,8.03
2026-09-03T00:49:27.908,pi-test-01,img_6946,ADRES,E,19,0.5007,0.4251,0.5966,sam_uploaded,3850.221,34312,68183,13.52
2026-09-03T00:49:36.564,pi-test-01,img_6947,ADRES,Q,22.274,0.6482,0.4198,0.5913,sam_uploaded,4344.345,34312,115377,7.99
2026-09-03T00:49:36.564,pi-test-01,img_6947,ADRES,E,19.092,0.5085,0.4198,0.5913,sam_uploaded,3786.599,34312,68148,13.52
2026-09-03T00:49:45.202,pi-test-01,img_6948,ADRES,Q,22.249,0.6464,0.4253,0.5968,sam_uploaded,4302.208,34312,114944,8.02
2026-09-03T00:49:45.202,pi-test-01,img_6948,ADRES,E,19.069,0.507,0.4253,0.5968,sam_uploaded,3747.548,34312,67707,13.61
2026-09-03T00:49:56.369,pi-test-01,img_6949,ADRES,Q,23.857,0.7902,0.6547,0.7913,sam_uploaded,5713.471,34312,141302,6.52
2026-09-03T00:49:56.369,pi-test-01,img_6949,ADRES,E,20.131,0.6682,0.6547,0.7913,sam_uploaded,4874.117,34312,84990,10.84
2026-09-03T00:50:07.675,pi-test-01,img_6950,ADRES,Q,23.846,0.7897,0.6535,0.7904,sam_uploaded,5760.649,34368,141911,6.49
2026-09-03T00:50:07.675,pi-test-01,img_6950,ADRES,E,20.183,0.6697,0.6535,0.7904,sam_uploaded,4908.19,34368,85934,10.72
2026-09-03T00:50:19.026,pi-test-01,img_6951,ADRES,Q,23.791,0.7877,0.6508,0.7885,sam_uploaded,5768.919,34368,140998,6.54
2026-09-03T00:50:19.026,pi-test-01,img_6951,ADRES,E,20.051,0.6628,0.6508,0.7885,sam_uploaded,4926.389,34368,85983,10.72
2026-09-03T00:50:30.254,pi-test-01,img_6952,ADRES,Q,23.799,0.7883,0.6518,0.7892,sam_uploaded,5700.286,34368,140032,6.58
2026-09-03T00:50:30.254,pi-test-01,img_6952,ADRES,E,20.044,0.6625,0.6518,0.7892,sam_uploaded,4879.505,34368,85353,10.8
2026-09-03T00:50:42.557,pi-test-01,img_6953,ADRES,Q,24.881,0.8057,0.7577,0.8622,sam_uploaded,6431.205,34368,155857,5.91
2026-09-03T00:50:42.557,pi-test-01,img_6953,ADRES,E,21.035,0.6995,0.7577,0.8622,sam_uploaded,5273.928,34368,93373,9.87
2026-09-03T00:50:54.790,pi-test-01,img_6954,ADRES,Q,24.91,0.8059,0.7354,0.8475,sam_uploaded,6447.467,34368,155568,5.92
2026-09-03T00:50:54.790,pi-test-01,img_6954,ADRES,E,21.167,0.702,0.7354,0.8475,sam_uploaded,5238.394,34368,92957,9.91
2026-09-03T00:51:07.049,pi-test-01,img_6955,ADRES,Q,24.936,0.8071,0.7625,0.8653,sam_uploaded,6304.09,34368,163856,5.62
2026-09-03T00:51:07.049,pi-test-01,img_6955,ADRES,E,21.167,0.7036,0.7625,0.8653,sam_uploaded,5272.826,34368,97356,9.47
2026-09-03T00:51:19.234,pi-test-01,img_6956,ADRES,Q,24.935,0.8069,0.7434,0.8528,sam_uploaded,6300.775,34368,163707,5.63
2026-09-03T00:51:19.234,pi-test-01,img_6956,ADRES,E,21.233,0.7035,0.7434,0.8528,sam_uploaded,5216.524,34368,97251,9.48
2026-09-03T00:51:28.047,pi-test-01,img_6957,ADRES,Q,22.847,0.6148,0.4668,0.6365,sam_uploaded,4233.198,34368,105506,8.74
2026-09-03T00:51:28.047,pi-test-01,img_6957,ADRES,E,19.974,0.4955,0.4668,0.6365,sam_uploaded,3797.485,34368,62529,14.74
2026-09-03T00:51:36.787,pi-test-01,img_6958,ADRES,Q,22.8,0.6138,0.4638,0.6336,sam_uploaded,4288.82,34368,106451,8.66
2026-09-03T00:51:36.787,pi-test-01,img_6958,ADRES,E,19.871,0.4929,0.4638,0.6336,sam_uploaded,3833.471,34368,62881,14.66
2026-09-03T00:51:45.271,pi-test-01,img_6959,ADRES,Q,22.786,0.6122,0.4683,0.6379,sam_uploaded,4172.367,34368,108549,8.49
2026-09-03T00:51:45.271,pi-test-01,img_6959,ADRES,E,19.827,0.488,0.4683,0.6379,sam_uploaded,3768.891,34368,63674,14.47
2026-09-03T00:51:53.774,pi-test-01,img_6960,ADRES,Q,22.791,0.6122,0.4719,0.6412,sam_uploaded,4199.507,34368,107216,8.6
2026-09-03T00:51:53.774,pi-test-01,img_6960,ADRES,E,19.893,0.4905,0.4719,0.6412,sam_uploaded,3693.955,34368,62453,14.76
2026-09-03T00:52:03.421,pi-test-01,img_6961,ADRES,Q,22.963,0.7144,0.5651,0.7221,sam_uploaded,4775.404,34368,133462,6.91
2026-09-03T00:52:03.421,pi-test-01,img_6961,ADRES,E,19.508,0.5883,0.5651,0.7221,sam_uploaded,4250.72,34368,81108,11.36
2026-09-03T00:52:13.144,pi-test-01,img_6962,ADRES,Q,22.968,0.7146,0.5686,0.725,sam_uploaded,4768.673,34368,135680,6.79
2026-09-03T00:52:13.144,pi-test-01,img_6962,ADRES,E,19.477,0.5863,0.5686,0.725,sam_uploaded,4313.938,34368,81778,11.27
2026-09-03T00:52:22.656,pi-test-01,img_6963,ADRES,Q,22.96,0.7149,0.5629,0.7204,sam_uploaded,4576.347,34368,144954,6.36
2026-09-03T00:52:22.656,pi-test-01,img_6963,ADRES,E,19.45,0.5879,0.5629,0.7204,sam_uploaded,4199.241,34368,86335,10.67
2026-09-03T00:52:31.984,pi-test-01,img_6964,ADRES,Q,22.968,0.715,0.5677,0.7243,sam_uploaded,4566.025,34368,143392,6.43
2026-09-03T00:52:31.984,pi-test-01,img_6964,ADRES,E,19.495,0.587,0.5677,0.7243,sam_uploaded,4186.514,34368,85654,10.76
2026-09-03T00:52:43.960,pi-test-01,img_6965,ADRES,Q,25.457,0.8182,0.7654,0.8671,sam_uploaded,6451.535,34368,140936,6.54
2026-09-03T00:52:43.960,pi-test-01,img_6965,ADRES,E,21.29,0.7123,0.7654,0.8671,sam_uploaded,4969.338,34368,83114,11.09
2026-09-03T00:52:55.947,pi-test-01,img_6966,ADRES,Q,25.441,0.8182,0.7784,0.8754,sam_uploaded,6382.411,34368,141607,6.51
2026-09-03T00:52:55.947,pi-test-01,img_6966,ADRES,E,21.257,0.7131,0.7784,0.8754,sam_uploaded,4973.623,34368,83753,11
2026-09-03T00:53:07.956,pi-test-01,img_6967,ADRES,Q,25.47,0.8199,0.7735,0.8723,sam_uploaded,6301.042,34368,145633,6.33
2026-09-03T00:53:07.956,pi-test-01,img_6967,ADRES,E,21.291,0.7159,0.7735,0.8723,sam_uploaded,4932.362,34368,86037,10.71
2026-09-03T00:53:19.753,pi-test-01,img_6968,ADRES,Q,25.494,0.8198,0.7753,0.8734,sam_uploaded,6248.248,34368,145358,6.34
2026-09-03T00:53:19.753,pi-test-01,img_6968,ADRES,E,21.285,0.715,0.7753,0.8734,sam_uploaded,4914.576,34368,85515,10.78
2026-09-03T00:53:32.272,pi-test-01,img_6969,ADRES,Q,23.731,0.7976,0.688,0.8152,sam_uploaded,6068.383,34368,195365,4.72
2026-09-03T00:53:32.272,pi-test-01,img_6969,ADRES,E,19.899,0.6657,0.688,0.8152,sam_uploaded,5749.405,34368,117453,7.85
2026-09-03T00:53:44.739,pi-test-01,img_6970,ADRES,Q,23.726,0.7974,0.6822,0.8111,sam_uploaded,6093.858,34368,196117,4.7
2026-09-03T00:53:44.739,pi-test-01,img_6970,ADRES,E,19.895,0.6655,0.6822,0.8111,sam_uploaded,5737.226,34368,118500,7.78
2026-09-03T00:53:57.089,pi-test-01,img_6971,ADRES,Q,23.734,0.7974,0.6789,0.8087,sam_uploaded,5966.402,34368,197772,4.66
2026-09-03T00:53:57.089,pi-test-01,img_6971,ADRES,E,19.877,0.6642,0.6789,0.8087,sam_uploaded,5629.677,34368,120663,7.64
2026-09-03T00:54:09.440,pi-test-01,img_6972,ADRES,Q,23.749,0.7979,0.6917,0.8178,sam_uploaded,6051.628,34368,196053,4.7
2026-09-03T00:54:09.440,pi-test-01,img_6972,ADRES,E,19.94,0.6662,0.6917,0.8178,sam_uploaded,5665.705,34368,119544,7.71
2026-09-03T00:54:27.073,pi-test-01,img_6973,ADRES,Q,27.204,0.8941,0.714,0.8331,sam_uploaded,8881.043,34368,244731,3.77
2026-09-03T00:54:27.073,pi-test-01,img_6973,ADRES,E,21.995,0.7832,0.714,0.8331,sam_uploaded,8048.649,34368,150144,6.14
2026-09-03T00:54:44.655,pi-test-01,img_6974,ADRES,Q,27.18,0.8942,0.7219,0.8385,sam_uploaded,8873.898,34496,245301,3.76
2026-09-03T00:54:44.655,pi-test-01,img_6974,ADRES,E,22.017,0.7832,0.7219,0.8385,sam_uploaded,8045.41,34496,151077,6.1
2026-09-03T00:55:01.712,pi-test-01,img_6975,ADRES,Q,27.249,0.8947,0.7026,0.8253,sam_uploaded,8536.503,34496,254264,3.62
2026-09-03T00:55:01.712,pi-test-01,img_6975,ADRES,E,22.067,0.785,0.7026,0.8253,sam_uploaded,7808.362,34496,157472,5.85
2026-09-03T00:55:18.598,pi-test-01,img_6976,ADRES,Q,27.239,0.8945,0.7122,0.8319,sam_uploaded,8413.461,34496,257021,3.59
2026-09-03T00:55:18.598,pi-test-01,img_6976,ADRES,E,22.019,0.7838,0.7122,0.8319,sam_uploaded,7745.223,34496,158737,5.81
2026-09-03T00:55:32.378,pi-test-01,img_6977,ADRES,Q,25.413,0.7999,0.7622,0.865,sam_uploaded,6691.323,34496,242823,3.8
2026-09-03T00:55:32.378,pi-test-01,img_6977,ADRES,E,21.095,0.684,0.7622,0.865,sam_uploaded,6382.229,34496,149722,6.16
2026-09-03T00:55:46.223,pi-test-01,img_6978,ADRES,Q,25.387,0.7994,0.7508,0.8576,sam_uploaded,6712.01,34496,241635,3.81
2026-09-03T00:55:46.223,pi-test-01,img_6978,ADRES,E,21.011,0.6827,0.7508,0.8576,sam_uploaded,6442.106,34496,149868,6.15
2026-09-03T00:56:00.308,pi-test-01,img_6979,ADRES,Q,25.373,0.7994,0.7486,0.8562,sam_uploaded,6851.292,34496,237124,3.89
2026-09-03T00:56:00.308,pi-test-01,img_6979,ADRES,E,20.952,0.682,0.7486,0.8562,sam_uploaded,6499.429,34496,144970,6.36
2026-09-03T00:56:14.392,pi-test-01,img_6980,ADRES,Q,25.318,0.7988,0.7491,0.8565,sam_uploaded,6855.248,34496,237523,3.88
2026-09-03T00:56:14.392,pi-test-01,img_6980,ADRES,E,20.967,0.6822,0.7491,0.8565,sam_uploaded,6516.927,34496,146093,6.31
2026-09-03T00:56:30.382,pi-test-01,img_6981,ADRES,Q,27.024,0.8697,0.7185,0.8362,sam_uploaded,7909.437,34496,227401,4.05
2026-09-03T00:56:30.382,pi-test-01,img_6981,ADRES,E,22.093,0.7601,0.7185,0.8362,sam_uploaded,6883.148,34496,139154,6.62
2026-09-03T00:56:45.810,pi-test-01,img_6982,ADRES,Q,26.895,0.8691,0.8898,0.9417,sam_uploaded,7873.872,34496,227540,4.05
2026-09-03T00:56:45.810,pi-test-01,img_6982,ADRES,E,22.02,0.7594,0.8898,0.9417,sam_uploaded,6852.379,34496,140133,6.58
2026-09-03T00:57:01.087,pi-test-01,img_6983,ADRES,Q,26.922,0.8691,0.723,0.8392,sam_uploaded,7805.561,34496,230625,4
2026-09-03T00:57:01.087,pi-test-01,img_6983,ADRES,E,22.02,0.7585,0.723,0.8392,sam_uploaded,6831.021,34496,141267,6.52
2026-09-03T00:57:16.735,pi-test-01,img_6984,ADRES,Q,26.916,0.8691,0.8943,0.9442,sam_uploaded,8027.914,34496,226950,4.06
2026-09-03T00:57:16.735,pi-test-01,img_6984,ADRES,E,22.034,0.7591,0.8943,0.9442,sam_uploaded,6888.563,34496,141074,6.53
2026-09-03T00:57:29.275,pi-test-01,img_6985,ADRES,Q,24.677,0.7677,0.6837,0.8121,sam_uploaded,5834.19,34496,269179,3.42
2026-09-03T00:57:29.275,pi-test-01,img_6985,ADRES,E,20.785,0.6437,0.6837,0.8121,sam_uploaded,5996.361,34496,168252,5.48
2026-09-03T00:57:41.986,pi-test-01,img_6986,ADRES,Q,24.707,0.768,0.6883,0.8153,sam_uploaded,5921.33,34496,265701,3.47
2026-09-03T00:57:41.986,pi-test-01,img_6986,ADRES,E,20.82,0.6438,0.6883,0.8153,sam_uploaded,6041.216,34496,165145,5.58
2026-09-03T00:57:56.088,pi-test-01,img_6987,ADRES,Q,24.661,0.7676,0.6866,0.8142,sam_uploaded,6747.807,34496,235842,3.91
2026-09-03T00:57:56.088,pi-test-01,img_6987,ADRES,E,20.853,0.6447,0.6866,0.8142,sam_uploaded,6642.688,34496,144737,6.37
2026-09-03T00:58:10.008,pi-test-01,img_6988,ADRES,Q,24.598,0.7667,0.6857,0.8136,sam_uploaded,6635.143,34496,241261,3.82
2026-09-03T00:58:10.008,pi-test-01,img_6988,ADRES,E,20.693,0.6427,0.6857,0.8136,sam_uploaded,6640.697,34496,148319,6.21
2026-09-03T00:58:20.026,pi-test-01,img_6989,ADRES,Q,23.267,0.6595,0.5064,0.6724,sam_uploaded,4809.574,34496,165996,5.55
2026-09-03T00:58:20.026,pi-test-01,img_6989,ADRES,E,19.851,0.5304,0.5064,0.6724,sam_uploaded,4515.052,34496,97546,9.45
2026-09-03T00:58:29.964,pi-test-01,img_6990,ADRES,Q,23.295,0.6591,0.51,0.6755,sam_uploaded,4764.108,34496,166939,5.52
2026-09-03T00:58:29.964,pi-test-01,img_6990,ADRES,E,19.943,0.531,0.51,0.6755,sam_uploaded,4524.66,34496,98461,9.36
2026-09-03T00:58:39.561,pi-test-01,img_6991,ADRES,Q,23.341,0.6602,0.5092,0.6748,sam_uploaded,4559.561,34496,176137,5.23
2026-09-03T00:58:39.561,pi-test-01,img_6991,ADRES,E,19.945,0.5313,0.5092,0.6748,sam_uploaded,4387.635,34624,104239,8.84
2026-09-03T00:58:49.258,pi-test-01,img_6992,ADRES,Q,23.319,0.6606,0.5033,0.6696,sam_uploaded,4646.471,34624,174154,5.29
2026-09-03T00:58:49.258,pi-test-01,img_6992,ADRES,E,19.917,0.5304,0.5033,0.6696,sam_uploaded,4486.65,34624,103400,8.91
2026-09-03T00:59:04.872,pi-test-01,img_6993,ADRES,Q,24.815,0.7984,0.7886,0.8818,sam_uploaded,7684.599,34624,217061,4.25
2026-09-03T00:59:04.872,pi-test-01,img_6993,ADRES,E,20.959,0.6788,0.7886,0.8818,sam_uploaded,7313.044,34624,135582,6.8
2026-09-03T00:59:20.334,pi-test-01,img_6994,ADRES,Q,24.801,0.7979,0.7949,0.8857,sam_uploaded,7561.055,34624,218641,4.22
2026-09-03T00:59:20.334,pi-test-01,img_6994,ADRES,E,20.885,0.6775,0.7949,0.8857,sam_uploaded,7205.443,34624,135652,6.79
2026-09-03T00:59:34.929,pi-test-01,img_6995,ADRES,Q,24.906,0.8001,0.7873,0.881,sam_uploaded,6722.761,34624,243695,3.78
2026-09-03T00:59:34.929,pi-test-01,img_6995,ADRES,E,21.007,0.6805,0.7873,0.881,sam_uploaded,6895.425,34624,147055,6.27
2026-09-03T00:59:49.215,pi-test-01,img_6996,ADRES,Q,24.921,0.8005,0.7834,0.8786,sam_uploaded,6791.374,34624,241898,3.81
2026-09-03T00:59:49.215,pi-test-01,img_6996,ADRES,E,20.975,0.6798,0.7834,0.8786,sam_uploaded,6823.026,34624,147699,6.24
2026-09-03T01:00:03.362,pi-test-01,img_6997,ADRES,Q,24.57,0.8129,0.7581,0.8624,sam_uploaded,6549.045,34624,279925,3.29
2026-09-03T01:00:03.362,pi-test-01,img_6997,ADRES,E,20.648,0.7085,0.7581,0.8624,sam_uploaded,6932.85,34624,174125,5.29
2026-09-03T01:00:17.707,pi-test-01,img_6998,ADRES,Q,24.593,0.8131,0.7338,0.8465,sam_uploaded,6564.119,34624,280858,3.28
2026-09-03T01:00:17.707,pi-test-01,img_6998,ADRES,E,20.639,0.7083,0.7338,0.8465,sam_uploaded,6993.759,34624,174076,5.29
2026-09-03T01:00:31.672,pi-test-01,img_6999,ADRES,Q,24.596,0.8134,0.7557,0.8609,sam_uploaded,6410.563,34624,284403,3.24
2026-09-03T01:00:31.672,pi-test-01,img_6999,ADRES,E,20.728,0.7105,0.7557,0.8609,sam_uploaded,6855.338,34624,176446,5.22
2026-09-03T01:00:45.685,pi-test-01,img_7000,ADRES,Q,24.584,0.8129,0.7421,0.852,sam_uploaded,6489.446,34624,282771,3.26
2026-09-03T01:00:45.685,pi-test-01,img_7000,ADRES,E,20.682,0.71,0.7421,0.852,sam_uploaded,6801.724,34624,177669,5.19
2026-09-03T01:00:58.459,pi-test-01,img_7001,ADRES,Q,25.618,0.7947,0.8144,0.8977,sam_uploaded,6985.738,34624,150524,6.12
2026-09-03T01:00:58.459,pi-test-01,img_7001,ADRES,E,21.562,0.6856,0.8144,0.8977,sam_uploaded,5199.877,34624,88150,10.45
2026-09-03T01:01:11.291,pi-test-01,img_7002,ADRES,Q,25.589,0.7945,0.7541,0.8598,sam_uploaded,7043.521,34624,150564,6.12
2026-09-03T01:01:11.291,pi-test-01,img_7002,ADRES,E,21.497,0.6834,0.7541,0.8598,sam_uploaded,5254.513,34624,89419,10.31
2026-09-03T01:01:23.948,pi-test-01,img_7003,ADRES,Q,25.595,0.7946,0.7506,0.8575,sam_uploaded,6868.216,34624,149645,6.16
2026-09-03T01:01:23.948,pi-test-01,img_7003,ADRES,E,21.489,0.684,0.7506,0.8575,sam_uploaded,5167.193,34624,88202,10.45
2026-09-03T01:01:36.837,pi-test-01,img_7004,ADRES,Q,25.595,0.7947,0.7437,0.853,sam_uploaded,7013.315,34624,148776,6.19
2026-09-03T01:01:36.837,pi-test-01,img_7004,ADRES,E,21.553,0.6852,0.7437,0.853,sam_uploaded,5208.444,34624,87655,10.51
2026-09-03T01:01:48.927,pi-test-01,img_7005,ADRES,Q,27.261,0.8532,0.9059,0.9506,sam_uploaded,6564.49,34624,142192,6.48
2026-09-03T01:01:48.927,pi-test-01,img_7005,ADRES,E,22.287,0.7534,0.9059,0.9506,sam_uploaded,4906.597,34624,83566,11.03
2026-09-03T01:02:00.939,pi-test-01,img_7006,ADRES,Q,27.258,0.8532,0.8943,0.9442,sam_uploaded,6529.565,34624,141364,6.52
2026-09-03T01:02:00.939,pi-test-01,img_7006,ADRES,E,22.279,0.7529,0.8943,0.9442,sam_uploaded,4887.09,34624,83571,11.03
2026-09-03T01:02:12.933,pi-test-01,img_7007,ADRES,Q,27.317,0.8534,0.9106,0.9532,sam_uploaded,6440.245,34624,148573,6.2
2026-09-03T01:02:12.933,pi-test-01,img_7007,ADRES,E,22.349,0.7543,0.9106,0.9532,sam_uploaded,4903.883,34624,86500,10.65
2026-09-03T01:02:24.861,pi-test-01,img_7008,ADRES,Q,27.291,0.8533,0.9108,0.9533,sam_uploaded,6410.52,34624,148004,6.23
2026-09-03T01:02:24.861,pi-test-01,img_7008,ADRES,E,22.327,0.7543,0.9108,0.9533,sam_uploaded,4903.632,34624,86683,10.63
2026-09-03T01:02:35.623,pi-test-01,img_7009,ADRES,Q,26.647,0.835,0.8317,0.9081,sam_uploaded,5725.083,34624,138653,6.65
2026-09-03T01:02:35.623,pi-test-01,img_7009,ADRES,E,21.756,0.7378,0.8317,0.9081,sam_uploaded,4508.574,34624,80934,11.39
2026-09-03T01:02:46.405,pi-test-01,img_7010,ADRES,Q,26.67,0.8348,0.8781,0.9351,sam_uploaded,5691.918,34624,139478,6.61
2026-09-03T01:02:46.405,pi-test-01,img_7010,ADRES,E,21.769,0.7379,0.8781,0.9351,sam_uploaded,4522.575,34624,81564,11.3
2026-09-03T01:02:57.313,pi-test-01,img_7011,ADRES,Q,26.627,0.8348,0.8856,0.9393,sam_uploaded,5834.793,34624,132842,6.94
2026-09-03T01:02:57.313,pi-test-01,img_7011,ADRES,E,21.709,0.7372,0.8856,0.9393,sam_uploaded,4562.313,34624,78111,11.8
2026-09-03T01:03:08.317,pi-test-01,img_7012,ADRES,Q,26.598,0.8344,0.8815,0.937,sam_uploaded,5816.478,34624,132511,6.95
2026-09-03T01:03:08.317,pi-test-01,img_7012,ADRES,E,21.651,0.7363,0.8815,0.937,sam_uploaded,4510.25,34624,77909,11.83
2026-09-03T01:03:17.078,pi-test-01,img_7013,ADRES,Q,23.163,0.7279,0.7182,0.836,sam_uploaded,4665.426,34624,122111,7.55
2026-09-03T01:03:17.078,pi-test-01,img_7013,ADRES,E,19.402,0.6089,0.7182,0.836,sam_uploaded,3503.883,34624,64042,14.39
2026-09-03T01:03:25.893,pi-test-01,img_7014,ADRES,Q,23.162,0.7278,0.709,0.8297,sam_uploaded,4670.525,34624,125074,7.37
2026-09-03T01:03:25.893,pi-test-01,img_7014,ADRES,E,19.331,0.6077,0.709,0.8297,sam_uploaded,3586.03,34624,65637,14.04
2026-09-03T01:03:34.712,pi-test-01,img_7015,ADRES,Q,23.175,0.7274,0.7185,0.8362,sam_uploaded,4631.109,34624,124468,7.4
2026-09-03T01:03:34.712,pi-test-01,img_7015,ADRES,E,19.37,0.6068,0.7185,0.8362,sam_uploaded,3505.842,34624,65325,14.11
2026-09-03T01:03:43.488,pi-test-01,img_7016,ADRES,Q,23.125,0.7269,0.7087,0.8295,sam_uploaded,4706.381,34624,120797,7.63
2026-09-03T01:03:43.488,pi-test-01,img_7016,ADRES,E,19.276,0.6054,0.7087,0.8295,sam_uploaded,3549.31,34624,64277,14.34
2026-09-03T01:03:54.179,pi-test-01,img_7017,ADRES,Q,26.786,0.8072,0.8575,0.9233,sam_uploaded,5520.124,34624,164976,5.59
2026-09-03T01:03:54.179,pi-test-01,img_7017,ADRES,E,22.397,0.6936,0.8575,0.9233,sam_uploaded,4618.261,34624,98289,9.38
2026-09-03T01:04:05.026,pi-test-01,img_7018,ADRES,Q,26.768,0.8067,0.855,0.9218,sam_uploaded,5577.954,34624,164088,5.62
2026-09-03T01:04:05.026,pi-test-01,img_7018,ADRES,E,22.279,0.6912,0.855,0.9218,sam_uploaded,4654.459,34624,97751,9.43
2026-09-03T01:04:16.516,pi-test-01,img_7019,ADRES,Q,26.827,0.8073,0.8573,0.9232,sam_uploaded,5993.316,34624,151508,6.08
2026-09-03T01:04:16.516,pi-test-01,img_7019,ADRES,E,22.412,0.6931,0.8573,0.9232,sam_uploaded,4874.53,34624,89520,10.29
2026-09-03T01:04:27.840,pi-test-01,img_7020,ADRES,Q,26.847,0.8075,0.8561,0.9225,sam_uploaded,5937.015,34624,151905,6.07
2026-09-03T01:04:27.840,pi-test-01,img_7020,ADRES,E,22.417,0.6932,0.8561,0.9225,sam_uploaded,4813.397,34624,90824,10.15
2026-09-03T01:04:36.416,pi-test-01,img_7021,ADRES,Q,24.118,0.6848,0.5694,0.7256,sam_uploaded,4474.107,34624,105364,8.75
2026-09-03T01:04:36.416,pi-test-01,img_7021,ADRES,E,20.788,0.5996,0.5694,0.7256,sam_uploaded,3558.134,34624,57160,16.12
2026-09-03T01:04:45.238,pi-test-01,img_7022,ADRES,Q,24.109,0.6849,0.5501,0.7098,sam_uploaded,4612.181,34624,102291,9.01
2026-09-03T01:04:45.238,pi-test-01,img_7022,ADRES,E,20.75,0.5997,0.5501,0.7098,sam_uploaded,3619.797,34624,56358,16.35
2026-09-03T01:04:54.055,pi-test-01,img_7023,ADRES,Q,24.157,0.6855,0.5695,0.7257,sam_uploaded,4517.789,34624,105890,8.7
2026-09-03T01:04:54.055,pi-test-01,img_7023,ADRES,E,20.807,0.5995,0.5695,0.7257,sam_uploaded,3621.318,34624,56974,16.18
2026-09-03T01:05:02.701,pi-test-01,img_7024,ADRES,Q,24.145,0.6857,0.5474,0.7075,sam_uploaded,4515.685,34624,107444,8.58
2026-09-03T01:05:02.701,pi-test-01,img_7024,ADRES,E,20.812,0.6014,0.5474,0.7075,sam_uploaded,3579.979,34624,57944,15.91
2026-09-03T01:05:15.816,pi-test-01,img_7025,ADRES,Q,26.444,0.848,0.858,0.9236,sam_uploaded,6718.949,34624,196667,4.69
2026-09-03T01:05:15.816,pi-test-01,img_7025,ADRES,E,21.898,0.7475,0.858,0.9236,sam_uploaded,5741.927,34624,118632,7.77
2026-09-03T01:05:28.930,pi-test-01,img_7026,ADRES,Q,26.374,0.8476,0.8573,0.9232,sam_uploaded,6725.509,34624,196681,4.69
2026-09-03T01:05:28.930,pi-test-01,img_7026,ADRES,E,21.901,0.7472,0.8573,0.9232,sam_uploaded,5779.674,34624,117342,7.85
2026-09-03T01:05:42.326,pi-test-01,img_7027,ADRES,Q,26.464,0.8479,0.8501,0.919,sam_uploaded,6855.697,34624,191891,4.8
2026-09-03T01:05:42.326,pi-test-01,img_7027,ADRES,E,22.046,0.749,0.8501,0.919,sam_uploaded,5857.996,34624,114957,8.02
2026-09-03T01:05:55.561,pi-test-01,img_7028,ADRES,Q,26.451,0.848,0.8564,0.9226,sam_uploaded,6805.293,34624,196054,4.7
2026-09-03T01:05:55.561,pi-test-01,img_7028,ADRES,E,21.944,0.7475,0.8564,0.9226,sam_uploaded,5824.249,34624,118002,7.81
2026-09-03T01:06:07.832,pi-test-01,img_7029,ADRES,Q,24.034,0.822,0.2093,0.3462,sam_uploaded,5691.833,34624,227460,4.05
2026-09-03T01:06:07.832,pi-test-01,img_7029,ADRES,E,19.824,0.6992,0.2093,0.3462,sam_uploaded,5912.094,34624,143128,6.44
2026-09-03T01:06:20.285,pi-test-01,img_7030,ADRES,Q,24.054,0.8221,0.1974,0.3297,sam_uploaded,5705.219,34624,228496,4.03
2026-09-03T01:06:20.285,pi-test-01,img_7030,ADRES,E,19.853,0.6986,0.1974,0.3297,sam_uploaded,6028.532,34624,141667,6.51
2026-09-03T01:06:31.608,pi-test-01,img_7031,ADRES,Q,24.14,0.8254,0.2061,0.3417,sam_uploaded,4935.881,34624,259836,3.55
2026-09-03T01:06:31.608,pi-test-01,img_7031,ADRES,E,19.998,0.7068,0.2061,0.3417,sam_uploaded,5415.249,34624,161102,5.72
2026-09-03T01:06:42.347,pi-test-01,img_7032,ADRES,Q,24.153,0.8258,0.1979,0.3305,sam_uploaded,4742.436,34624,266428,3.46
2026-09-03T01:06:42.347,pi-test-01,img_7032,ADRES,E,19.975,0.7066,0.1979,0.3305,sam_uploaded,5197.696,34624,165735,5.56
2026-09-03T01:06:52.610,pi-test-01,img_7033,ADRES,Q,23.143,0.7268,0.1245,0.2215,sam_uploaded,4466.805,34624,246527,3.74
2026-09-03T01:06:52.610,pi-test-01,img_7033,ADRES,E,19.53,0.6296,0.1245,0.2215,sam_uploaded,5063.082,34624,157474,5.85
2026-09-03T01:07:03.017,pi-test-01,img_7034,ADRES,Q,23.206,0.7281,0.1181,0.2112,sam_uploaded,4494.83,34624,249917,3.69
2026-09-03T01:07:03.017,pi-test-01,img_7034,ADRES,E,19.601,0.6299,0.1181,0.2112,sam_uploaded,5182.039,34624,157131,5.87
2026-09-03T01:07:12.197,pi-test-01,img_7035,ADRES,Q,23.191,0.728,0.1245,0.2214,sam_uploaded,4012.321,34624,270440,3.41
2026-09-03T01:07:12.197,pi-test-01,img_7035,ADRES,E,19.512,0.6286,0.1245,0.2214,sam_uploaded,4485.207,34624,174020,5.3
2026-09-03T01:07:21.350,pi-test-01,img_7036,ADRES,Q,23.187,0.7282,0.1168,0.2092,sam_uploaded,3972.422,34624,270264,3.41
2026-09-03T01:07:21.350,pi-test-01,img_7036,ADRES,E,19.578,0.631,0.1168,0.2092,sam_uploaded,4472.752,34624,172983,5.33
2026-09-03T01:07:35.140,pi-test-01,img_7037,ADRES,Q,24.369,0.8629,0.3937,0.565,sam_uploaded,6744.897,34624,210389,4.38
2026-09-03T01:07:35.140,pi-test-01,img_7037,ADRES,E,20.055,0.7383,0.3937,0.565,sam_uploaded,6282.578,34624,134248,6.86
2026-09-03T01:07:48.948,pi-test-01,img_7038,ADRES,Q,24.499,0.864,0.4273,0.5988,sam_uploaded,6809.471,34624,209101,4.41
2026-09-03T01:07:48.948,pi-test-01,img_7038,ADRES,E,20.283,0.7423,0.4273,0.5988,sam_uploaded,6315.724,34624,132762,6.94
2026-09-03T01:08:02.368,pi-test-01,img_7039,ADRES,Q,24.389,0.863,0.4008,0.5723,sam_uploaded,6601.114,34624,214884,4.29
2026-09-03T01:08:02.368,pi-test-01,img_7039,ADRES,E,20.13,0.7401,0.4008,0.5723,sam_uploaded,6154.059,34624,137779,6.69
2026-09-03T01:08:15.886,pi-test-01,img_7040,ADRES,Q,24.412,0.8627,0.4177,0.5893,sam_uploaded,6662.708,34624,214786,4.29
2026-09-03T01:08:15.886,pi-test-01,img_7040,ADRES,E,20.145,0.7394,0.4177,0.5893,sam_uploaded,6157.955,34624,139070,6.63
2026-09-03T01:08:28.859,pi-test-01,img_7041,ADRES,Q,26.07,0.8936,0.18,0.3051,sam_uploaded,5919.495,34624,308170,2.99
2026-09-03T01:08:28.859,pi-test-01,img_7041,ADRES,E,21.126,0.7817,0.18,0.3051,sam_uploaded,6340.273,34624,192124,4.8
2026-09-03T01:08:42.036,pi-test-01,img_7042,ADRES,Q,26.106,0.8939,0.1613,0.2779,sam_uploaded,6055.229,34624,303448,3.04
2026-09-03T01:08:42.036,pi-test-01,img_7042,ADRES,E,21.11,0.7805,0.1613,0.2779,sam_uploaded,6415.123,34624,190643,4.83
2026-09-03T01:08:54.872,pi-test-01,img_7043,ADRES,Q,26.117,0.8944,0.164,0.2818,sam_uploaded,6051.85,34624,305832,3.01
2026-09-03T01:08:54.872,pi-test-01,img_7043,ADRES,E,21.046,0.7804,0.164,0.2818,sam_uploaded,6120.098,34624,195405,4.72
2026-09-03T01:09:07.743,pi-test-01,img_7044,ADRES,Q,26.186,0.8949,0.168,0.2877,sam_uploaded,5987.481,34624,309500,2.98
2026-09-03T01:09:07.743,pi-test-01,img_7044,ADRES,E,21.19,0.7822,0.168,0.2877,sam_uploaded,6051.661,34624,198038,4.65
2026-09-03T01:09:18.208,pi-test-01,img_7045,ADRES,Q,24.208,0.7403,0.3868,0.5579,sam_uploaded,4675.068,34624,269759,3.42
2026-09-03T01:09:18.208,pi-test-01,img_7045,ADRES,E,20.462,0.6565,0.3868,0.5579,sam_uploaded,5085.137,34624,170401,5.41
2026-09-03T01:09:28.567,pi-test-01,img_7046,ADRES,Q,24.189,0.7408,0.3986,0.57,sam_uploaded,4574.36,34624,272896,3.38
2026-09-03T01:09:28.567,pi-test-01,img_7046,ADRES,E,20.422,0.6566,0.3986,0.57,sam_uploaded,5041.049,34624,171921,5.36
2026-09-03T01:09:38.492,pi-test-01,img_7047,ADRES,Q,24.269,0.7423,0.3851,0.5561,sam_uploaded,4405.423,34624,285806,3.22
2026-09-03T01:09:38.492,pi-test-01,img_7047,ADRES,E,20.584,0.6595,0.3851,0.5561,sam_uploaded,4634.271,34624,184560,4.99
2026-09-03T01:09:48.403,pi-test-01,img_7048,ADRES,Q,24.226,0.7416,0.385,0.556,sam_uploaded,4418.961,34624,285552,3.23
2026-09-03T01:09:48.403,pi-test-01,img_7048,ADRES,E,20.533,0.6583,0.385,0.556,sam_uploaded,4701.571,34624,183035,5.04
2026-09-03T01:10:01.748,pi-test-01,img_7049,ADRES,Q,25.227,0.856,0.2811,0.4389,sam_uploaded,6042.123,34624,273371,3.37
2026-09-03T01:10:01.748,pi-test-01,img_7049,ADRES,E,20.837,0.7577,0.2811,0.4389,sam_uploaded,6450.865,34624,171023,5.39
2026-09-03T01:10:14.897,pi-test-01,img_7050,ADRES,Q,25.265,0.8559,0.2751,0.4314,sam_uploaded,5932.276,34624,274768,3.35
2026-09-03T01:10:14.897,pi-test-01,img_7050,ADRES,E,20.9,0.7588,0.2751,0.4314,sam_uploaded,6391.273,34624,170683,5.4
2026-09-03T01:10:25.851,pi-test-01,img_7051,ADRES,Q,25.241,0.8562,0.2977,0.4588,sam_uploaded,4773.812,34624,326611,2.82
2026-09-03T01:10:25.851,pi-test-01,img_7051,ADRES,E,20.756,0.7544,0.2977,0.4588,sam_uploaded,5348.074,34624,210051,4.39
2026-09-03T01:10:36.816,pi-test-01,img_7052,ADRES,Q,25.297,0.8568,0.2815,0.4393,sam_uploaded,4807.628,34752,325775,2.83
2026-09-03T01:10:36.816,pi-test-01,img_7052,ADRES,E,20.932,0.7572,0.2815,0.4393,sam_uploaded,5306.654,34752,210373,4.38
2026-09-03T01:10:47.782,pi-test-01,img_7053,ADRES,Q,24.114,0.8287,0.2742,0.4304,sam_uploaded,4622.687,34752,360676,2.56
2026-09-03T01:10:47.782,pi-test-01,img_7053,ADRES,E,20.07,0.7385,0.2742,0.4304,sam_uploaded,5563.046,34752,236061,3.9
2026-09-03T01:10:58.744,pi-test-01,img_7054,ADRES,Q,24.178,0.8297,0.3144,0.4784,sam_uploaded,4562.178,35520,363151,2.54
2026-09-03T01:10:58.744,pi-test-01,img_7054,ADRES,E,20.215,0.7392,0.3144,0.4784,sam_uploaded,5514.581,35520,237967,3.87
2026-09-03T01:11:09.478,pi-test-01,img_7055,ADRES,Q,24.187,0.8297,0.2758,0.4324,sam_uploaded,4458.831,35544,365295,2.52
2026-09-03T01:11:09.478,pi-test-01,img_7055,ADRES,E,20.242,0.7415,0.2758,0.4324,sam_uploaded,5429.036,35544,239566,3.85
2026-09-03T01:11:20.420,pi-test-01,img_7056,ADRES,Q,24.183,0.8302,0.3124,0.4761,sam_uploaded,4528.694,35544,365051,2.52
2026-09-03T01:11:20.420,pi-test-01,img_7056,ADRES,E,20.23,0.741,0.3124,0.4761,sam_uploaded,5496.941,35544,239294,3.85
2026-09-03T01:11:35.404,pi-test-01,img_7057,ADRES,Q,23.676,0.8365,0.4055,0.577,sam_uploaded,6991.721,35544,251071,3.67
2026-09-03T01:11:35.404,pi-test-01,img_7057,ADRES,E,19.723,0.678,0.4055,0.577,sam_uploaded,7248.027,35544,156318,5.9
2026-09-03T01:11:50.559,pi-test-01,img_7058,ADRES,Q,23.7,0.8376,0.4172,0.5888,sam_uploaded,7023.822,35544,252082,3.66
2026-09-03T01:11:50.559,pi-test-01,img_7058,ADRES,E,19.693,0.6772,0.4172,0.5888,sam_uploaded,7435.988,35544,154880,5.95
2026-09-03T01:12:06.326,pi-test-01,img_7059,ADRES,Q,23.703,0.8382,0.4097,0.5813,sam_uploaded,7400.408,35544,241243,3.82
2026-09-03T01:12:06.326,pi-test-01,img_7059,ADRES,E,19.674,0.6776,0.4097,0.5813,sam_uploaded,7658.606,35544,148009,6.23
2026-09-03T01:12:21.969,pi-test-01,img_7060,ADRES,Q,23.699,0.8379,0.4208,0.5924,sam_uploaded,7189.685,35544,246307,3.74
2026-09-03T01:12:21.969,pi-test-01,img_7060,ADRES,E,19.688,0.6799,0.4208,0.5924,sam_uploaded,7581.105,35544,149419,6.17
2026-09-03T01:12:36.050,pi-test-01,img_7061,ADRES,Q,23.731,0.7927,0.7955,0.8861,sam_uploaded,6704.957,35544,241475,3.82
2026-09-03T01:12:36.050,pi-test-01,img_7061,ADRES,E,19.788,0.6512,0.7955,0.8861,sam_uploaded,6614.019,35672,143033,6.44
2026-09-03T01:12:50.136,pi-test-01,img_7062,ADRES,Q,23.723,0.7919,0.7552,0.8605,sam_uploaded,6725.374,35672,242169,3.81
2026-09-03T01:12:50.136,pi-test-01,img_7062,ADRES,E,19.866,0.6525,0.7552,0.8605,sam_uploaded,6605.688,35672,143050,6.44
2026-09-03T01:13:03.064,pi-test-01,img_7063,ADRES,Q,23.76,0.7933,0.795,0.8858,sam_uploaded,5927.193,35672,263608,3.5
2026-09-03T01:13:03.064,pi-test-01,img_7063,ADRES,E,19.817,0.6512,0.795,0.8858,sam_uploaded,6256.398,35672,157947,5.83
2026-09-03T01:13:16.038,pi-test-01,img_7064,ADRES,Q,23.803,0.7935,0.7017,0.8247,sam_uploaded,5935.431,35672,264112,3.49
2026-09-03T01:13:16.038,pi-test-01,img_7064,ADRES,E,19.987,0.6544,0.7017,0.8247,sam_uploaded,6218.787,35672,157655,5.85
2026-09-03T01:13:30.563,pi-test-01,img_7065,ADRES,Q,24.495,0.8248,0.6687,0.8015,sam_uploaded,7204.203,35672,230550,4
2026-09-03T01:13:30.563,pi-test-01,img_7065,ADRES,E,20.178,0.692,0.6687,0.8015,sam_uploaded,6654.106,35672,140175,6.57
2026-09-03T01:13:45.127,pi-test-01,img_7066,ADRES,Q,24.519,0.8253,0.6672,0.8004,sam_uploaded,7206.072,35672,230773,3.99
2026-09-03T01:13:45.127,pi-test-01,img_7066,ADRES,E,20.167,0.6925,0.6672,0.8004,sam_uploaded,6687.486,35672,139823,6.59
2026-09-03T01:13:59.517,pi-test-01,img_7067,ADRES,Q,24.548,0.8258,0.6675,0.8006,sam_uploaded,6910.336,35672,237897,3.87
2026-09-03T01:13:59.517,pi-test-01,img_7067,ADRES,E,20.206,0.6932,0.6675,0.8006,sam_uploaded,6577.028,35672,144028,6.4
2026-09-03T01:14:13.575,pi-test-01,img_7068,ADRES,Q,24.577,0.8259,0.6827,0.8114,sam_uploaded,6821.053,35672,241011,3.82
2026-09-03T01:14:13.575,pi-test-01,img_7068,ADRES,E,20.275,0.6947,0.6827,0.8114,sam_uploaded,6589.092,35672,144638,6.37
2026-09-03T01:14:26.701,pi-test-01,img_7069,ADRES,Q,25.576,0.8093,0.7463,0.8547,sam_uploaded,6358.622,35672,235387,3.92
2026-09-03T01:14:26.701,pi-test-01,img_7069,ADRES,E,21.324,0.6887,0.7463,0.8547,sam_uploaded,6121.056,35672,140193,6.57
2026-09-03T01:14:39.991,pi-test-01,img_7070,ADRES,Q,25.577,0.8093,0.7396,0.8503,sam_uploaded,6467.028,35672,233514,3.95
2026-09-03T01:14:39.991,pi-test-01,img_7070,ADRES,E,21.257,0.6884,0.7396,0.8503,sam_uploaded,6145.465,35672,139738,6.6
2026-09-03T01:14:53.616,pi-test-01,img_7071,ADRES,Q,25.62,0.8091,0.7359,0.8479,sam_uploaded,6611.671,35672,229546,4.01
2026-09-03T01:14:53.616,pi-test-01,img_7071,ADRES,E,21.333,0.6892,0.7359,0.8479,sam_uploaded,6337.614,35672,135413,6.81
2026-09-03T01:15:07.248,pi-test-01,img_7072,ADRES,Q,25.547,0.8083,0.7452,0.854,sam_uploaded,6559.295,35672,232183,3.97
2026-09-03T01:15:07.248,pi-test-01,img_7072,ADRES,E,21.338,0.6896,0.7452,0.854,sam_uploaded,6405.699,35672,135609,6.8
2026-09-03T01:15:19.351,pi-test-01,img_7073,ADRES,Q,22.761,0.74,0.6864,0.8141,sam_uploaded,5866.954,35672,202398,4.55
2026-09-03T01:15:19.351,pi-test-01,img_7073,ADRES,E,19.1,0.5756,0.6864,0.8141,sam_uploaded,5531.23,35672,114120,8.08
2026-09-03T01:15:31.344,pi-test-01,img_7074,ADRES,Q,22.752,0.7391,0.6872,0.8146,sam_uploaded,5818.26,35672,203233,4.53
2026-09-03T01:15:31.344,pi-test-01,img_7074,ADRES,E,19.05,0.5748,0.6872,0.8146,sam_uploaded,5557.723,35672,113978,8.09
2026-09-03T01:15:42.556,pi-test-01,img_7075,ADRES,Q,22.813,0.7405,0.6885,0.8155,sam_uploaded,5242.369,35672,219077,4.21
2026-09-03T01:15:42.556,pi-test-01,img_7075,ADRES,E,19.117,0.5781,0.6885,0.8155,sam_uploaded,5279.342,35672,124561,7.4
2026-09-03T01:15:54.019,pi-test-01,img_7076,ADRES,Q,22.789,0.7405,0.6213,0.7664,sam_uploaded,5272.29,35672,219639,4.2
2026-09-03T01:15:54.019,pi-test-01,img_7076,ADRES,E,19.042,0.5739,0.6213,0.7664,sam_uploaded,5322.897,35672,124043,7.43
2026-09-03T01:16:10.723,pi-test-01,img_7077,ADRES,Q,26.533,0.8566,0.8503,0.9191,sam_uploaded,8464.703,35672,238219,3.87
2026-09-03T01:16:10.723,pi-test-01,img_7077,ADRES,E,21.703,0.7517,0.8503,0.9191,sam_uploaded,7542.368,35672,143803,6.41
2026-09-03T01:16:27.440,pi-test-01,img_7078,ADRES,Q,26.505,0.8562,0.8471,0.9172,sam_uploaded,8469.951,35672,238315,3.87
2026-09-03T01:16:27.440,pi-test-01,img_7078,ADRES,E,21.602,0.7507,0.8471,0.9172,sam_uploaded,7572.466,35672,144774,6.37
2026-09-03T01:16:41.120,pi-test-01,img_7079,ADRES,Q,26.583,0.857,0.8665,0.9285,sam_uploaded,6387.407,35672,292240,3.15
2026-09-03T01:16:41.120,pi-test-01,img_7079,ADRES,E,21.708,0.7525,0.8665,0.9285,sam_uploaded,6598.765,35672,175246,5.26
2026-09-03T01:16:54.979,pi-test-01,img_7080,ADRES,Q,26.606,0.8574,0.815,0.8981,sam_uploaded,6521.882,35672,289289,3.19
2026-09-03T01:16:54.979,pi-test-01,img_7080,ADRES,E,21.748,0.7526,0.815,0.8981,sam_uploaded,6649.039,35672,173800,5.3
2026-09-03T01:17:08.837,pi-test-01,img_7081,ADRES,Q,23.731,0.8007,0.722,0.8386,sam_uploaded,6153.007,35672,285511,3.23
2026-09-03T01:17:08.837,pi-test-01,img_7081,ADRES,E,19.916,0.6829,0.722,0.8386,sam_uploaded,6990.701,35672,172173,5.35
2026-09-03T01:17:22.757,pi-test-01,img_7082,ADRES,Q,23.766,0.801,0.7142,0.8333,sam_uploaded,6153.791,35672,285642,3.23
2026-09-03T01:17:22.757,pi-test-01,img_7082,ADRES,E,20.031,0.6849,0.7142,0.8333,sam_uploaded,7043.48,35672,171303,5.38
2026-09-03T01:17:34.964,pi-test-01,img_7083,ADRES,Q,23.833,0.8028,0.7238,0.8398,sam_uploaded,5144.928,35672,315218,2.92
2026-09-03T01:17:34.964,pi-test-01,img_7083,ADRES,E,20.037,0.6854,0.7238,0.8398,sam_uploaded,6235.112,35672,191326,4.82
2026-09-03T01:17:47.139,pi-test-01,img_7084,ADRES,Q,23.794,0.8021,0.7113,0.8313,sam_uploaded,5157.73,35672,313656,2.94
2026-09-03T01:17:47.139,pi-test-01,img_7084,ADRES,E,20.007,0.6851,0.7113,0.8313,sam_uploaded,6231.53,35672,191622,4.81
2026-09-03T01:17:58.696,pi-test-01,img_7085,ADRES,Q,24.333,0.8355,0.5512,0.7107,sam_uploaded,5839.297,35672,169749,5.43
2026-09-03T01:17:58.696,pi-test-01,img_7085,ADRES,E,19.819,0.6851,0.5512,0.7107,sam_uploaded,5139.539,35672,101371,9.09
2026-09-03T01:18:10.438,pi-test-01,img_7086,ADRES,Q,24.397,0.8364,0.5436,0.7043,sam_uploaded,5909.136,35672,165578,5.57
2026-09-03T01:18:10.438,pi-test-01,img_7086,ADRES,E,19.927,0.6876,0.5436,0.7043,sam_uploaded,5105.643,35672,100498,9.17
2026-09-03T01:18:22.148,pi-test-01,img_7087,ADRES,Q,24.355,0.8351,0.5519,0.7112,sam_uploaded,5928.501,35672,165376,5.57
2026-09-03T01:18:22.148,pi-test-01,img_7087,ADRES,E,19.876,0.687,0.5519,0.7112,sam_uploaded,5144.068,35672,98994,9.31
2026-09-03T01:18:33.839,pi-test-01,img_7088,ADRES,Q,24.381,0.8357,0.5296,0.6924,sam_uploaded,5781.375,35672,172771,5.33
2026-09-03T01:18:33.839,pi-test-01,img_7088,ADRES,E,19.94,0.6881,0.5296,0.6924,sam_uploaded,5118.965,35672,102721,8.97
2026-09-03T01:18:45.716,pi-test-01,img_7089,ADRES,Q,24.637,0.7911,0.7256,0.841,sam_uploaded,5986.546,35672,187337,4.92
2026-09-03T01:18:45.716,pi-test-01,img_7089,ADRES,E,20.489,0.6657,0.7256,0.841,sam_uploaded,5257.147,35672,110532,8.34
2026-09-03T01:18:57.469,pi-test-01,img_7090,ADRES,Q,24.611,0.7912,0.7252,0.8407,sam_uploaded,5960.358,35672,188865,4.88
2026-09-03T01:18:57.469,pi-test-01,img_7090,ADRES,E,20.524,0.667,0.7252,0.8407,sam_uploaded,5194.565,35672,111357,8.28
2026-09-03T01:19:10.055,pi-test-01,img_7091,ADRES,Q,24.552,0.7892,0.7271,0.842,sam_uploaded,6322.013,35672,180434,5.11
2026-09-03T01:19:10.055,pi-test-01,img_7091,ADRES,E,20.389,0.663,0.7271,0.842,sam_uploaded,5386.845,35672,105852,8.71
2026-09-03T01:19:22.504,pi-test-01,img_7092,ADRES,Q,24.589,0.7895,0.7237,0.8397,sam_uploaded,6310.994,35672,178767,5.16
2026-09-03T01:19:22.504,pi-test-01,img_7092,ADRES,E,20.485,0.6647,0.7237,0.8397,sam_uploaded,5407.235,35672,105640,8.72
2026-09-03T01:19:34.753,pi-test-01,img_7093,ADRES,Q,23.003,0.7595,0.5891,0.7414,sam_uploaded,5956.07,35672,193860,4.75
2026-09-03T01:19:34.753,pi-test-01,img_7093,ADRES,E,19.098,0.6007,0.5891,0.7414,sam_uploaded,5685.039,35672,116180,7.93
2026-09-03T01:19:47.069,pi-test-01,img_7094,ADRES,Q,22.986,0.7592,0.5831,0.7366,sam_uploaded,5952.217,35672,194124,4.75
2026-09-03T01:19:47.069,pi-test-01,img_7094,ADRES,E,19.091,0.6021,0.5831,0.7366,sam_uploaded,5704.486,35672,116372,7.92
2026-09-03T01:19:59.456,pi-test-01,img_7095,ADRES,Q,23.054,0.76,0.581,0.735,sam_uploaded,5969.393,35672,193623,4.76
2026-09-03T01:19:59.456,pi-test-01,img_7095,ADRES,E,19.174,0.6045,0.581,0.735,sam_uploaded,5715.437,35672,115345,7.99
2026-09-03T01:20:11.845,pi-test-01,img_7096,ADRES,Q,23.021,0.7607,0.5868,0.7396,sam_uploaded,6003.831,35672,195203,4.72
2026-09-03T01:20:11.845,pi-test-01,img_7096,ADRES,E,19.152,0.603,0.5868,0.7396,sam_uploaded,5749.957,35672,114661,8.04
2026-09-03T01:20:20.968,pi-test-01,img_7097,ADRES,Q,22.932,0.7139,0.4719,0.6412,sam_uploaded,4197.864,35672,205157,4.49
2026-09-03T01:20:20.968,pi-test-01,img_7097,ADRES,E,19.056,0.5677,0.4719,0.6412,sam_uploaded,4248.541,35672,123969,7.43
2026-09-03T01:20:30.287,pi-test-01,img_7098,ADRES,Q,22.98,0.7149,0.471,0.6404,sam_uploaded,4314.2,35672,203745,4.52
2026-09-03T01:20:30.287,pi-test-01,img_7098,ADRES,E,19.068,0.5685,0.471,0.6404,sam_uploaded,4349.663,35672,121810,7.57
2026-09-03T01:20:40.855,pi-test-01,img_7099,ADRES,Q,22.744,0.7062,0.4716,0.6409,sam_uploaded,5019.605,35672,176066,5.23
2026-09-03T01:20:40.855,pi-test-01,img_7099,ADRES,E,19.028,0.5614,0.4716,0.6409,sam_uploaded,4830.772,35672,103905,8.87
2026-09-03T01:20:51.570,pi-test-01,img_7100,ADRES,Q,22.683,0.7045,0.4867,0.6548,sam_uploaded,4977.039,35672,177091,5.2
2026-09-03T01:20:51.570,pi-test-01,img_7100,ADRES,E,18.967,0.563,0.4867,0.6548,sam_uploaded,4876.449,35672,104916,8.78
2026-09-03T01:21:00.477,pi-test-01,img_7101,ADRES,Q,23.587,0.6424,0.4691,0.6386,sam_uploaded,4267.98,35672,146001,6.31
2026-09-03T01:21:00.477,pi-test-01,img_7101,ADRES,E,20.241,0.5281,0.4691,0.6386,sam_uploaded,4052.785,35672,84531,10.9
2026-09-03T01:21:09.536,pi-test-01,img_7102,ADRES,Q,23.589,0.6428,0.4539,0.6244,sam_uploaded,4384.168,35672,142460,6.47
2026-09-03T01:21:09.536,pi-test-01,img_7102,ADRES,E,20.239,0.5267,0.4539,0.6244,sam_uploaded,4121.407,35672,82760,11.14
2026-09-03T01:21:18.646,pi-test-01,img_7103,ADRES,Q,23.581,0.6425,0.4665,0.6362,sam_uploaded,4461.72,35672,139570,6.6
2026-09-03T01:21:18.646,pi-test-01,img_7103,ADRES,E,20.192,0.5254,0.4665,0.6362,sam_uploaded,4110.108,35672,81628,11.29
2026-09-03T01:21:27.806,pi-test-01,img_7104,ADRES,Q,23.601,0.6435,0.4523,0.6229,sam_uploaded,4461.871,35672,140481,6.56
2026-09-03T01:21:27.806,pi-test-01,img_7104,ADRES,E,20.211,0.5271,0.4523,0.6229,sam_uploaded,4097.098,35672,82525,11.17
2026-09-03T01:21:39.709,pi-test-01,img_7105,ADRES,Q,22.546,0.7738,0.6336,0.7757,sam_uploaded,5828.429,35672,196673,4.69
2026-09-03T01:21:39.709,pi-test-01,img_7105,ADRES,E,18.718,0.5812,0.6336,0.7757,sam_uploaded,5374.209,35672,113031,8.15
2026-09-03T01:21:51.295,pi-test-01,img_7106,ADRES,Q,22.534,0.773,0.6339,0.7759,sam_uploaded,5589.158,35672,201428,4.58
2026-09-03T01:21:51.295,pi-test-01,img_7106,ADRES,E,18.743,0.5835,0.6339,0.7759,sam_uploaded,5367.172,35672,114978,8.02
2026-09-03T01:22:02.986,pi-test-01,img_7107,ADRES,Q,22.705,0.7814,0.6346,0.7764,sam_uploaded,5599.039,35672,199633,4.62
2026-09-03T01:22:02.986,pi-test-01,img_7107,ADRES,E,18.877,0.5951,0.6346,0.7764,sam_uploaded,5364.078,35672,113715,8.1
2026-09-03T01:22:14.828,pi-test-01,img_7108,ADRES,Q,22.717,0.7812,0.6009,0.7507,sam_uploaded,5766.952,35672,195919,4.7
2026-09-03T01:22:14.828,pi-test-01,img_7108,ADRES,E,18.833,0.5916,0.6009,0.7507,sam_uploaded,5375.661,35672,111163,8.29
2026-09-03T01:22:26.338,pi-test-01,img_7109,ADRES,Q,22.893,0.7592,0.5885,0.7409,sam_uploaded,5223.698,35672,246718,3.74
2026-09-03T01:22:26.338,pi-test-01,img_7109,ADRES,E,19.226,0.6304,0.5885,0.7409,sam_uploaded,5593.729,35672,148782,6.19
2026-09-03T01:22:37.945,pi-test-01,img_7110,ADRES,Q,22.966,0.7603,0.5765,0.7313,sam_uploaded,5307.65,35672,243875,3.78
2026-09-03T01:22:37.945,pi-test-01,img_7110,ADRES,E,19.277,0.6301,0.5765,0.7313,sam_uploaded,5593.856,35672,148206,6.22
2026-09-03T01:22:49.919,pi-test-01,img_7111,ADRES,Q,22.951,0.7606,0.5884,0.7408,sam_uploaded,5462.972,35672,239654,3.85
2026-09-03T01:22:49.919,pi-test-01,img_7111,ADRES,E,19.286,0.6309,0.5884,0.7408,sam_uploaded,5749.446,35672,144909,6.36
2026-09-03T01:23:01.759,pi-test-01,img_7112,ADRES,Q,22.94,0.7604,0.5809,0.7349,sam_uploaded,5400.697,35672,240557,3.83
2026-09-03T01:23:01.759,pi-test-01,img_7112,ADRES,E,19.301,0.6318,0.5809,0.7349,sam_uploaded,5727.942,35672,144997,6.36
2026-09-03T01:23:11.787,pi-test-01,img_7113,ADRES,Q,22.148,0.7363,0.5029,0.6693,sam_uploaded,5219.23,35672,111729,8.25
2026-09-03T01:23:11.787,pi-test-01,img_7113,ADRES,E,19.271,0.598,0.5029,0.6693,sam_uploaded,4263.493,35672,66648,13.83
2026-09-03T01:23:22.011,pi-test-01,img_7114,ADRES,Q,22.136,0.7353,0.5034,0.6697,sam_uploaded,5354.665,35672,110950,8.31
2026-09-03T01:23:22.011,pi-test-01,img_7114,ADRES,E,19.273,0.5968,0.5034,0.6697,sam_uploaded,4329.026,35672,66560,13.85
2026-09-03T01:23:32.043,pi-test-01,img_7115,ADRES,Q,22.109,0.7353,0.5028,0.6692,sam_uploaded,5190.597,35672,114362,8.06
2026-09-03T01:23:32.043,pi-test-01,img_7115,ADRES,E,19.187,0.5953,0.5028,0.6692,sam_uploaded,4346.201,35672,68740,13.41
2026-09-03T01:23:41.983,pi-test-01,img_7116,ADRES,Q,22.172,0.7358,0.5033,0.6696,sam_uploaded,5130.461,35672,113518,8.12
2026-09-03T01:23:41.983,pi-test-01,img_7116,ADRES,E,19.296,0.5961,0.5033,0.6696,sam_uploaded,4270.068,35672,69004,13.36
2026-09-03T01:23:54.705,pi-test-01,img_7117,ADRES,Q,25.672,0.7938,0.7197,0.837,sam_uploaded,6674.42,35672,160438,5.74
2026-09-03T01:23:54.705,pi-test-01,img_7117,ADRES,E,21.566,0.6508,0.7197,0.837,sam_uploaded,5349.014,35672,95962,9.6
2026-09-03T01:24:07.538,pi-test-01,img_7118,ADRES,Q,25.649,0.7938,0.786,0.8802,sam_uploaded,6755.599,35672,158067,5.83
2026-09-03T01:24:07.538,pi-test-01,img_7118,ADRES,E,21.559,0.6512,0.786,0.8802,sam_uploaded,5409.01,35672,96066,9.59
2026-09-03T01:24:20.648,pi-test-01,img_7119,ADRES,Q,25.621,0.7938,0.697,0.8214,sam_uploaded,6863.207,35672,151815,6.07
2026-09-03T01:24:20.648,pi-test-01,img_7119,ADRES,E,21.498,0.6505,0.697,0.8214,sam_uploaded,5404.299,35672,93169,9.89
2026-09-03T01:24:33.521,pi-test-01,img_7120,ADRES,Q,25.656,0.7936,0.7873,0.881,sam_uploaded,6879.552,35672,152706,6.04
2026-09-03T01:24:33.521,pi-test-01,img_7120,ADRES,E,21.58,0.6516,0.7873,0.881,sam_uploaded,5396.362,35672,92869,9.92
2026-09-03T01:24:46.726,pi-test-01,img_7121,ADRES,Q,25.067,0.8175,0.7794,0.876,sam_uploaded,7004.733,35672,151497,6.08
2026-09-03T01:24:46.726,pi-test-01,img_7121,ADRES,E,20.905,0.6777,0.7794,0.876,sam_uploaded,5649.751,35672,91748,10.04
2026-09-03T01:24:59.871,pi-test-01,img_7122,ADRES,Q,25.065,0.8178,0.6111,0.7586,sam_uploaded,6920.259,35672,153733,5.99
2026-09-03T01:24:59.871,pi-test-01,img_7122,ADRES,E,20.953,0.6777,0.6111,0.7586,sam_uploaded,5589.053,35672,92129,10
2026-09-03T01:25:13.099,pi-test-01,img_7123,ADRES,Q,25.076,0.8172,0.7796,0.8761,sam_uploaded,7002.112,35672,145971,6.31
2026-09-03T01:25:13.099,pi-test-01,img_7123,ADRES,E,20.901,0.6765,0.7796,0.8761,sam_uploaded,5574.952,35672,90326,10.2
2026-09-03T01:25:26.337,pi-test-01,img_7124,ADRES,Q,25.047,0.8172,0.7767,0.8743,sam_uploaded,6949.059,35672,145593,6.33
2026-09-03T01:25:26.337,pi-test-01,img_7124,ADRES,E,20.897,0.6747,0.7767,0.8743,sam_uploaded,5567.52,35672,89944,10.25
2026-09-03T01:25:39.551,pi-test-01,img_7125,ADRES,Q,25.205,0.8123,0.8284,0.9061,sam_uploaded,7205.856,35672,146145,6.31
2026-09-03T01:25:39.551,pi-test-01,img_7125,ADRES,E,21.321,0.6592,0.8284,0.9061,sam_uploaded,5400.754,35672,86849,10.61
2026-09-03T01:25:52.790,pi-test-01,img_7126,ADRES,Q,25.165,0.8122,0.8174,0.8995,sam_uploaded,7271.138,35672,146313,6.3
2026-09-03T01:25:52.790,pi-test-01,img_7126,ADRES,E,21.222,0.6571,0.8174,0.8995,sam_uploaded,5389.849,35672,87349,10.55
2026-09-03T01:26:06.215,pi-test-01,img_7127,ADRES,Q,25.125,0.8111,0.8376,0.9116,sam_uploaded,7378.326,35672,144451,6.38
2026-09-03T01:26:06.215,pi-test-01,img_7127,ADRES,E,21.198,0.6563,0.8376,0.9116,sam_uploaded,5444.598,35672,87055,10.59
2026-09-03T01:26:19.597,pi-test-01,img_7128,ADRES,Q,25.196,0.8116,0.8223,0.9025,sam_uploaded,7353.055,35672,144673,6.37
2026-09-03T01:26:19.597,pi-test-01,img_7128,ADRES,E,21.3,0.6572,0.8223,0.9025,sam_uploaded,5429.218,35672,86905,10.6
2026-09-03T01:26:31.876,pi-test-01,img_7129,ADRES,Q,25.76,0.7905,0.8381,0.9119,sam_uploaded,6640.331,35672,137152,6.72
2026-09-03T01:26:31.876,pi-test-01,img_7129,ADRES,E,21.346,0.6116,0.8381,0.9119,sam_uploaded,5001.597,35672,84032,10.97
2026-09-03T01:26:44.062,pi-test-01,img_7130,ADRES,Q,25.753,0.7906,0.8379,0.9118,sam_uploaded,6599.213,35672,137099,6.72
2026-09-03T01:26:44.062,pi-test-01,img_7130,ADRES,E,21.337,0.6127,0.8379,0.9118,sam_uploaded,4947.82,35672,84212,10.94
2026-09-03T01:26:56.364,pi-test-01,img_7131,ADRES,Q,25.765,0.7905,0.8375,0.9116,sam_uploaded,6630.588,35672,136888,6.73
2026-09-03T01:26:56.364,pi-test-01,img_7131,ADRES,E,21.381,0.6123,0.8375,0.9116,sam_uploaded,5021.181,35672,84057,10.96
2026-09-03T01:27:08.669,pi-test-01,img_7132,ADRES,Q,25.744,0.7905,0.8382,0.912,sam_uploaded,6633.889,35672,136956,6.73
2026-09-03T01:27:08.669,pi-test-01,img_7132,ADRES,E,21.31,0.6113,0.8382,0.912,sam_uploaded,5036.7,35672,84290,10.93
2026-09-03T01:27:19.363,pi-test-01,img_7133,ADRES,Q,23.428,0.7474,0.7062,0.8278,sam_uploaded,5594.518,35672,127568,7.22
2026-09-03T01:27:19.363,pi-test-01,img_7133,ADRES,E,19.173,0.6424,0.7062,0.8278,sam_uploaded,4598.925,35672,77448,11.9
2026-09-03T01:27:30.134,pi-test-01,img_7134,ADRES,Q,23.425,0.7474,0.7379,0.8492,sam_uploaded,5561.524,35672,126862,7.26
2026-09-03T01:27:30.134,pi-test-01,img_7134,ADRES,E,19.197,0.6434,0.7379,0.8492,sam_uploaded,4592.739,35672,76704,12.02
2026-09-03T01:27:39.774,pi-test-01,img_7135,ADRES,Q,23.437,0.7486,0.7051,0.8271,sam_uploaded,4767.415,35672,155822,5.91
2026-09-03T01:27:39.774,pi-test-01,img_7135,ADRES,E,19.195,0.6446,0.7051,0.8271,sam_uploaded,4345.402,35672,91283,10.1
2026-09-03T01:27:49.406,pi-test-01,img_7136,ADRES,Q,23.493,0.75,0.7087,0.8295,sam_uploaded,4578.746,35672,160836,5.73
2026-09-03T01:27:49.406,pi-test-01,img_7136,ADRES,E,19.234,0.6454,0.7087,0.8295,sam_uploaded,4416.288,35672,93040,9.91
2026-09-03T01:28:05.888,pi-test-01,img_7137,ADRES,Q,25.73,0.8556,0.8356,0.9105,sam_uploaded,8365.098,35672,208644,4.42
2026-09-03T01:28:05.888,pi-test-01,img_7137,ADRES,E,21.405,0.7135,0.8356,0.9105,sam_uploaded,7411.489,35672,132433,6.96
2026-09-03T01:28:22.233,pi-test-01,img_7138,ADRES,Q,25.699,0.8552,0.835,0.9101,sam_uploaded,8301.771,35672,209445,4.4
2026-09-03T01:28:22.233,pi-test-01,img_7138,ADRES,E,21.419,0.7149,0.835,0.9101,sam_uploaded,7389.399,35672,131746,7
2026-09-03T01:28:38.422,pi-test-01,img_7139,ADRES,Q,25.702,0.8549,0.8349,0.91,sam_uploaded,8213.866,35672,212187,4.34
2026-09-03T01:28:38.422,pi-test-01,img_7139,ADRES,E,21.382,0.7122,0.8349,0.91,sam_uploaded,7283.74,35672,134026,6.88
2026-09-03T01:28:54.736,pi-test-01,img_7140,ADRES,Q,25.701,0.8548,0.836,0.9107,sam_uploaded,8268.265,35672,212193,4.34
2026-09-03T01:28:54.736,pi-test-01,img_7140,ADRES,E,21.405,0.7132,0.836,0.9107,sam_uploaded,7354.321,35672,134671,6.84
2026-09-03T01:29:09.100,pi-test-01,img_7141,ADRES,Q,25.104,0.8033,0.7171,0.8353,sam_uploaded,7696.477,35672,173397,5.31
2026-09-03T01:29:09.100,pi-test-01,img_7141,ADRES,E,21.096,0.6819,0.7171,0.8353,sam_uploaded,6048.251,35672,101949,9.04
2026-09-03T01:29:23.591,pi-test-01,img_7142,ADRES,Q,25.065,0.8026,0.6385,0.7794,sam_uploaded,7731.979,35672,173144,5.32
2026-09-03T01:29:23.591,pi-test-01,img_7142,ADRES,E,21.06,0.6812,0.6385,0.7794,sam_uploaded,6063.83,35672,102144,9.02
2026-09-03T01:29:37.077,pi-test-01,img_7143,ADRES,Q,25.081,0.8038,0.6808,0.8101,sam_uploaded,6956.293,35672,198804,4.64
2026-09-03T01:29:37.077,pi-test-01,img_7143,ADRES,E,21.051,0.6817,0.6808,0.8101,sam_uploaded,5919.805,35672,114710,8.03
2026-09-03T01:29:50.703,pi-test-01,img_7144,ADRES,Q,25.072,0.8039,0.7203,0.8374,sam_uploaded,7046.466,35672,194290,4.74
2026-09-03T01:29:50.703,pi-test-01,img_7144,ADRES,E,21.013,0.6811,0.7203,0.8374,sam_uploaded,5932.479,35672,112788,8.17
2026-09-03T01:30:06.164,pi-test-01,img_7145,ADRES,Q,26.943,0.8472,0.8783,0.9352,sam_uploaded,8268.424,35672,193477,4.76
2026-09-03T01:30:06.164,pi-test-01,img_7145,ADRES,E,22.186,0.7315,0.8783,0.9352,sam_uploaded,6559.387,35672,114897,8.02
2026-09-03T01:30:21.693,pi-test-01,img_7146,ADRES,Q,26.94,0.8468,0.751,0.8578,sam_uploaded,8267.34,35672,193165,4.77
2026-09-03T01:30:21.693,pi-test-01,img_7146,ADRES,E,22.22,0.7307,0.751,0.8578,sam_uploaded,6585.844,35672,115225,8
2026-09-03T01:30:35.798,pi-test-01,img_7147,ADRES,Q,26.984,0.8478,0.8773,0.9346,sam_uploaded,7065.522,35672,235308,3.92
2026-09-03T01:30:35.798,pi-test-01,img_7147,ADRES,E,22.231,0.7316,0.8773,0.9346,sam_uploaded,6380.301,35672,133109,6.92
2026-09-03T01:30:49.704,pi-test-01,img_7148,ADRES,Q,26.982,0.8474,0.7493,0.8567,sam_uploaded,7016.99,35672,235948,3.91
2026-09-03T01:30:49.704,pi-test-01,img_7148,ADRES,E,22.202,0.7308,0.7493,0.8567,sam_uploaded,6286.942,35672,135726,6.79
2026-09-03T01:31:02.309,pi-test-01,img_7149,ADRES,Q,24.965,0.7982,0.6621,0.7967,sam_uploaded,6466.11,35672,184626,4.99
2026-09-03T01:31:02.309,pi-test-01,img_7149,ADRES,E,20.747,0.6781,0.6621,0.7967,sam_uploaded,5514.71,35672,108055,8.53
2026-09-03T01:31:15.049,pi-test-01,img_7150,ADRES,Q,25.053,0.7988,0.6765,0.807,sam_uploaded,6606.734,35672,184127,5.01
2026-09-03T01:31:15.049,pi-test-01,img_7150,ADRES,E,20.901,0.6807,0.6765,0.807,sam_uploaded,5578.949,35672,108517,8.49
2026-09-03T01:31:28.048,pi-test-01,img_7151,ADRES,Q,24.924,0.7968,0.6667,0.8,sam_uploaded,6863.264,35672,170145,5.42
2026-09-03T01:31:28.048,pi-test-01,img_7151,ADRES,E,20.708,0.6757,0.6667,0.8,sam_uploaded,5577.533,35672,100633,9.16
2026-09-03T01:31:41.542,pi-test-01,img_7152,ADRES,Q,24.962,0.7973,0.6616,0.7963,sam_uploaded,6874.95,35672,169877,5.43
2026-09-03T01:31:41.542,pi-test-01,img_7152,ADRES,E,20.777,0.6767,0.6616,0.7963,sam_uploaded,5614.799,35672,100747,9.15
2026-09-03T01:31:56.472,pi-test-01,img_7153,ADRES,Q,24.293,0.8043,0.7092,0.8299,sam_uploaded,7673.679,35672,184785,4.99
2026-09-03T01:31:56.472,pi-test-01,img_7153,ADRES,E,20.363,0.6642,0.7092,0.8299,sam_uploaded,6583.337,35672,116634,7.9
2026-09-03T01:32:11.453,pi-test-01,img_7154,ADRES,Q,24.291,0.8044,0.7113,0.8313,sam_uploaded,7675.73,35672,184734,4.99
2026-09-03T01:32:11.453,pi-test-01,img_7154,ADRES,E,20.373,0.6642,0.7113,0.8313,sam_uploaded,6572.082,35672,116789,7.89
2026-09-03T01:32:26.233,pi-test-01,img_7155,ADRES,Q,24.238,0.8028,0.7032,0.8257,sam_uploaded,7676.188,35672,180840,5.1
2026-09-03T01:32:26.233,pi-test-01,img_7155,ADRES,E,20.254,0.6582,0.7032,0.8257,sam_uploaded,6503.204,35672,113391,8.13
2026-09-03T01:32:41.216,pi-test-01,img_7156,ADRES,Q,24.292,0.8028,0.7085,0.8294,sam_uploaded,7719.936,35672,180407,5.11
2026-09-03T01:32:41.216,pi-test-01,img_7156,ADRES,E,20.363,0.6607,0.7085,0.8294,sam_uploaded,6541.735,35672,112987,8.16
2026-09-03T01:32:55.729,pi-test-01,img_7157,ADRES,Q,26.227,0.8107,0.8264,0.905,sam_uploaded,7616.034,35672,185925,4.96
2026-09-03T01:32:55.729,pi-test-01,img_7157,ADRES,E,21.912,0.686,0.8264,0.905,sam_uploaded,6203.607,35672,109202,8.44
2026-09-03T01:33:10.310,pi-test-01,img_7158,ADRES,Q,26.235,0.8108,0.8055,0.8923,sam_uploaded,7660.758,35672,184047,5.01
2026-09-03T01:33:10.310,pi-test-01,img_7158,ADRES,E,21.921,0.6869,0.8055,0.8923,sam_uploaded,6204.277,35672,109709,8.4
2026-09-03T01:33:24.124,pi-test-01,img_7159,ADRES,Q,26.196,0.8098,0.829,0.9065,sam_uploaded,7042.389,35672,203728,4.52
2026-09-03T01:33:24.124,pi-test-01,img_7159,ADRES,E,21.882,0.6843,0.829,0.9065,sam_uploaded,6054.662,35672,121475,7.59
2026-09-03T01:33:37.811,pi-test-01,img_7160,ADRES,Q,26.162,0.8095,0.8029,0.8907,sam_uploaded,6993.083,35672,205757,4.48
2026-09-03T01:33:37.811,pi-test-01,img_7160,ADRES,E,21.812,0.6841,0.8029,0.8907,sam_uploaded,6076.888,35672,120912,7.62
2026-09-03T01:33:51.976,pi-test-01,img_7161,ADRES,Q,24.955,0.8046,0.6612,0.7961,sam_uploaded,7184.885,35672,202533,4.55
2026-09-03T01:33:51.976,pi-test-01,img_7161,ADRES,E,20.842,0.6736,0.6612,0.7961,sam_uploaded,6282.829,35672,123771,7.45
2026-09-03T01:34:06.099,pi-test-01,img_7162,ADRES,Q,24.942,0.8041,0.6635,0.7977,sam_uploaded,7186.449,35672,202807,4.54
2026-09-03T01:34:06.099,pi-test-01,img_7162,ADRES,E,20.734,0.6715,0.6635,0.7977,sam_uploaded,6313.514,35672,123153,7.48
2026-09-03T01:34:20.432,pi-test-01,img_7163,ADRES,Q,24.941,0.8055,0.6622,0.7968,sam_uploaded,7280.655,35672,199013,4.63
2026-09-03T01:34:20.432,pi-test-01,img_7163,ADRES,E,20.759,0.6739,0.6622,0.7968,sam_uploaded,6386.785,35672,120113,7.67
2026-09-03T01:34:34.889,pi-test-01,img_7164,ADRES,Q,24.952,0.8051,0.6631,0.7974,sam_uploaded,7351.167,35672,197282,4.67
2026-09-03T01:34:34.889,pi-test-01,img_7164,ADRES,E,20.787,0.6741,0.6631,0.7974,sam_uploaded,6429.759,35672,119668,7.7
2026-09-03T01:34:52.672,pi-test-01,img_7165,ADRES,Q,26.133,0.8742,0.8039,0.8913,sam_uploaded,8532.995,35672,262119,3.52
2026-09-03T01:34:52.672,pi-test-01,img_7165,ADRES,E,21.573,0.7603,0.8039,0.8913,sam_uploaded,8461.593,35672,160075,5.76
2026-09-03T01:35:10.480,pi-test-01,img_7166,ADRES,Q,26.178,0.8748,0.7976,0.8874,sam_uploaded,8551.357,35672,262043,3.52
2026-09-03T01:35:10.480,pi-test-01,img_7166,ADRES,E,21.636,0.7612,0.7976,0.8874,sam_uploaded,8486.731,35672,160629,5.74
2026-09-03T01:35:26.651,pi-test-01,img_7167,ADRES,Q,26.068,0.8735,0.8016,0.8899,sam_uploaded,7465.061,35672,292221,3.15
2026-09-03T01:35:26.651,pi-test-01,img_7167,ADRES,E,21.487,0.7575,0.8016,0.8899,sam_uploaded,8016.701,35672,177575,5.19
2026-09-03T01:35:42.687,pi-test-01,img_7168,ADRES,Q,26.095,0.8736,0.8029,0.8907,sam_uploaded,7387.316,35672,292912,3.15
2026-09-03T01:35:42.687,pi-test-01,img_7168,ADRES,E,21.537,0.759,0.8029,0.8907,sam_uploaded,7856.735,35672,179607,5.13
2026-09-03T01:35:54.929,pi-test-01,img_7169,ADRES,Q,21.524,0.7888,0.6769,0.8073,sam_uploaded,5753.928,35672,261070,3.53
2026-09-03T01:35:54.929,pi-test-01,img_7169,ADRES,E,18.028,0.6424,0.6769,0.8073,sam_uploaded,5680.356,35672,158298,5.82
2026-09-03T01:36:07.144,pi-test-01,img_7170,ADRES,Q,21.478,0.7876,0.6715,0.8034,sam_uploaded,5706.329,35672,261111,3.53
2026-09-03T01:36:07.144,pi-test-01,img_7170,ADRES,E,17.905,0.6402,0.6715,0.8034,sam_uploaded,5686.03,35672,158874,5.8
2026-09-03T01:36:18.981,pi-test-01,img_7171,ADRES,Q,21.519,0.789,0.6762,0.8069,sam_uploaded,5586.76,35672,264572,3.48
2026-09-03T01:36:18.981,pi-test-01,img_7171,ADRES,E,17.877,0.6378,0.6762,0.8069,sam_uploaded,5571.69,35672,160708,5.73
2026-09-03T01:36:30.897,pi-test-01,img_7172,ADRES,Q,21.488,0.7873,0.6672,0.8004,sam_uploaded,5583.061,35672,265939,3.47
2026-09-03T01:36:30.897,pi-test-01,img_7172,ADRES,E,17.875,0.6378,0.6672,0.8004,sam_uploaded,5570.486,35672,161721,5.7
2026-09-03T01:36:42.935,pi-test-01,img_7173,ADRES,Q,21.397,0.764,0.6371,0.7783,sam_uploaded,5485.422,35672,268319,3.43
2026-09-03T01:36:42.935,pi-test-01,img_7173,ADRES,E,17.952,0.6114,0.6371,0.7783,sam_uploaded,5683.029,35672,162898,5.66
2026-09-03T01:36:54.827,pi-test-01,img_7174,ADRES,Q,21.422,0.7636,0.6299,0.7729,sam_uploaded,5467.449,35672,268675,3.43
2026-09-03T01:36:54.827,pi-test-01,img_7174,ADRES,E,18.086,0.6134,0.6299,0.7729,sam_uploaded,5752.172,35672,162600,5.67
2026-09-03T01:37:06.733,pi-test-01,img_7175,ADRES,Q,21.351,0.7612,0.6377,0.7788,sam_uploaded,5443.501,35672,268462,3.43
2026-09-03T01:37:06.733,pi-test-01,img_7175,ADRES,E,17.97,0.6102,0.6377,0.7788,sam_uploaded,5732.732,35672,162250,5.68
2026-09-03T01:37:18.742,pi-test-01,img_7176,ADRES,Q,21.385,0.7623,0.6325,0.7749,sam_uploaded,5450.623,35672,268777,3.43
2026-09-03T01:37:18.742,pi-test-01,img_7176,ADRES,E,18.038,0.6126,0.6325,0.7749,sam_uploaded,5745.432,35672,162657,5.67
2026-09-03T01:37:29.345,pi-test-01,img_7177,ADRES,Q,21.074,0.7074,0.5502,0.7098,sam_uploaded,4739.866,35672,251085,3.67
2026-09-03T01:37:29.345,pi-test-01,img_7177,ADRES,E,17.899,0.5458,0.5502,0.7098,sam_uploaded,5065.101,35672,152028,6.06
2026-09-03T01:37:40.004,pi-test-01,img_7178,ADRES,Q,21.008,0.7077,0.542,0.703,sam_uploaded,4782.016,35672,248838,3.7
2026-09-03T01:37:40.004,pi-test-01,img_7178,ADRES,E,17.807,0.5438,0.542,0.703,sam_uploaded,5127.524,35672,149929,6.15
2026-09-03T01:37:50.977,pi-test-01,img_7179,ADRES,Q,21.014,0.7067,0.544,0.7047,sam_uploaded,4952.374,35672,243290,3.79
2026-09-03T01:37:50.977,pi-test-01,img_7179,ADRES,E,17.805,0.5441,0.544,0.7047,sam_uploaded,5199.59,35672,146969,6.27
2026-09-03T01:38:01.884,pi-test-01,img_7180,ADRES,Q,20.982,0.706,0.5498,0.7095,sam_uploaded,4938.368,35672,244097,3.78
2026-09-03T01:38:01.884,pi-test-01,img_7180,ADRES,E,17.817,0.5434,0.5498,0.7095,sam_uploaded,5262.863,35672,146232,6.3
2026-09-03T01:38:13.130,pi-test-01,img_7181,ADRES,Q,21.501,0.7751,0.6317,0.7743,sam_uploaded,5214.486,35672,273126,3.37
2026-09-03T01:38:13.130,pi-test-01,img_7181,ADRES,E,18.076,0.6322,0.6317,0.7743,sam_uploaded,5339.759,35672,167255,5.51
2026-09-03T01:38:24.371,pi-test-01,img_7182,ADRES,Q,21.536,0.7755,0.6399,0.7804,sam_uploaded,5168.546,35672,273129,3.37
2026-09-03T01:38:24.371,pi-test-01,img_7182,ADRES,E,18.093,0.6321,0.6399,0.7804,sam_uploaded,5308.605,35672,167888,5.49
2026-09-03T01:38:36.406,pi-test-01,img_7183,ADRES,Q,21.464,0.7719,0.6349,0.7767,sam_uploaded,5658.963,35672,255627,3.61
2026-09-03T01:38:36.406,pi-test-01,img_7183,ADRES,E,18.049,0.6299,0.6349,0.7767,sam_uploaded,5692.239,35672,155262,5.94
2026-09-03T01:38:48.396,pi-test-01,img_7184,ADRES,Q,21.47,0.7736,0.6446,0.7839,sam_uploaded,5584.542,35672,255278,3.61
2026-09-03T01:38:48.396,pi-test-01,img_7184,ADRES,E,18.115,0.631,0.6446,0.7839,sam_uploaded,5646.343,35672,155406,5.93
2026-09-03T01:38:59.620,pi-test-01,img_7185,ADRES,Q,20.789,0.7332,0.6888,0.8157,sam_uploaded,5216.504,35672,243713,3.78
2026-09-03T01:38:59.620,pi-test-01,img_7185,ADRES,E,17.657,0.5777,0.6888,0.8157,sam_uploaded,5295.107,35672,143066,6.44
2026-09-03T01:39:10.844,pi-test-01,img_7186,ADRES,Q,20.843,0.737,0.6807,0.81,sam_uploaded,5255.331,35672,239068,3.85
2026-09-03T01:39:10.844,pi-test-01,img_7186,ADRES,E,17.656,0.5803,0.6807,0.81,sam_uploaded,5221.994,35672,142706,6.46
2026-09-03T01:39:22.086,pi-test-01,img_7187,ADRES,Q,20.805,0.737,0.6894,0.8161,sam_uploaded,5282.278,35672,237687,3.88
2026-09-03T01:39:22.086,pi-test-01,img_7187,ADRES,E,17.654,0.5789,0.6894,0.8161,sam_uploaded,5297.311,35672,140767,6.55
2026-09-03T01:39:33.327,pi-test-01,img_7188,ADRES,Q,20.801,0.7368,0.6884,0.8155,sam_uploaded,5252.206,35672,238634,3.86
2026-09-03T01:39:33.327,pi-test-01,img_7188,ADRES,E,17.617,0.5809,0.6884,0.8155,sam_uploaded,5260.042,35672,141942,6.49
2026-09-03T01:39:44.061,pi-test-01,img_7189,ADRES,Q,20.682,0.6922,0.5493,0.7091,sam_uploaded,5044.37,35672,211206,4.36
2026-09-03T01:39:44.061,pi-test-01,img_7189,ADRES,E,17.514,0.5189,0.5493,0.7091,sam_uploaded,4996.27,35672,125340,7.35
2026-09-03T01:39:54.856,pi-test-01,img_7190,ADRES,Q,20.699,0.6922,0.5407,0.7019,sam_uploaded,5016.5,35672,211651,4.35
2026-09-03T01:39:54.856,pi-test-01,img_7190,ADRES,E,17.544,0.519,0.5407,0.7019,sam_uploaded,5047.146,35672,124485,7.4
2026-09-03T01:40:05.171,pi-test-01,img_7191,ADRES,Q,20.779,0.697,0.5389,0.7003,sam_uploaded,4756.863,35672,221741,4.16
2026-09-03T01:40:05.171,pi-test-01,img_7191,ADRES,E,17.504,0.5198,0.5389,0.7003,sam_uploaded,4829.099,35672,131496,7.01
2026-09-03T01:40:15.616,pi-test-01,img_7192,ADRES,Q,20.812,0.6975,0.5527,0.7119,sam_uploaded,4842.478,35672,218347,4.22
2026-09-03T01:40:15.616,pi-test-01,img_7192,ADRES,E,17.608,0.5229,0.5527,0.7119,sam_uploaded,4868.677,35672,129560,7.11
2026-09-03T01:40:28.051,pi-test-01,img_7193,ADRES,Q,22.008,0.7993,0.6604,0.7955,sam_uploaded,5577.404,35672,289728,3.18
2026-09-03T01:40:28.051,pi-test-01,img_7193,ADRES,E,18.529,0.6736,0.6604,0.7955,sam_uploaded,6043.46,35672,181361,5.08
2026-09-03T01:40:40.134,pi-test-01,img_7194,ADRES,Q,21.999,0.7982,0.6664,0.7998,sam_uploaded,5409.47,35672,291879,3.16
2026-09-03T01:40:40.134,pi-test-01,img_7194,ADRES,E,18.484,0.6725,0.6664,0.7998,sam_uploaded,5914.701,35672,182896,5.04
2026-09-03T01:40:52.798,pi-test-01,img_7195,ADRES,Q,21.954,0.797,0.6672,0.8004,sam_uploaded,5651.589,35672,285106,3.23
2026-09-03T01:40:52.798,pi-test-01,img_7195,ADRES,E,18.44,0.6703,0.6672,0.8004,sam_uploaded,6157.979,35672,178022,5.18
2026-09-03T01:41:05.439,pi-test-01,img_7196,ADRES,Q,21.979,0.7985,0.6614,0.7962,sam_uploaded,5720.171,35672,282919,3.26
2026-09-03T01:41:05.439,pi-test-01,img_7196,ADRES,E,18.502,0.6715,0.6614,0.7962,sam_uploaded,6196.641,35672,176312,5.23
2026-09-03T01:41:18.397,pi-test-01,img_7197,ADRES,Q,23.119,0.7908,0.7269,0.8418,sam_uploaded,6181.319,35672,257307,3.58
2026-09-03T01:41:18.397,pi-test-01,img_7197,ADRES,E,19.158,0.6453,0.7269,0.8418,sam_uploaded,6112.68,35672,156281,5.9
2026-09-03T01:41:31.437,pi-test-01,img_7198,ADRES,Q,23.13,0.7908,0.7345,0.847,sam_uploaded,6135.114,35672,258741,3.56
2026-09-03T01:41:31.437,pi-test-01,img_7198,ADRES,E,19.152,0.6463,0.7345,0.847,sam_uploaded,6119.117,35672,157206,5.86
2026-09-03T01:41:44.871,pi-test-01,img_7199,ADRES,Q,23.14,0.7918,0.7331,0.846,sam_uploaded,6227.693,35672,253126,3.64
2026-09-03T01:41:44.871,pi-test-01,img_7199,ADRES,E,19.146,0.6446,0.7331,0.846,sam_uploaded,6198.461,35672,154458,5.97
2026-09-03T01:41:58.019,pi-test-01,img_7200,ADRES,Q,23.156,0.7918,0.722,0.8386,sam_uploaded,6302.52,35672,250572,3.68
2026-09-03T01:41:58.019,pi-test-01,img_7200,ADRES,E,19.166,0.6459,0.722,0.8386,sam_uploaded,6119.392,35672,153820,5.99
2026-09-03T01:42:10.106,pi-test-01,img_7201,ADRES,Q,21.46,0.7503,0.6425,0.7823,sam_uploaded,5502.854,35672,236828,3.89
2026-09-03T01:42:10.106,pi-test-01,img_7201,ADRES,E,18.006,0.5852,0.6425,0.7823,sam_uploaded,5634.982,35672,140849,6.54
2026-09-03T01:42:21.983,pi-test-01,img_7202,ADRES,Q,21.455,0.7496,0.6356,0.7772,sam_uploaded,5581.919,35672,236259,3.9
2026-09-03T01:42:21.983,pi-test-01,img_7202,ADRES,E,18.027,0.5866,0.6356,0.7772,sam_uploaded,5628.801,35672,140731,6.55
2026-09-03T01:42:33.854,pi-test-01,img_7203,ADRES,Q,21.491,0.7509,0.6426,0.7824,sam_uploaded,5569.419,35672,236913,3.89
2026-09-03T01:42:33.854,pi-test-01,img_7203,ADRES,E,18.103,0.5893,0.6426,0.7824,sam_uploaded,5656.738,35672,140327,6.57
2026-09-03T01:42:45.949,pi-test-01,img_7204,ADRES,Q,21.477,0.7491,0.642,0.782,sam_uploaded,5606.69,35672,239336,3.85
2026-09-03T01:42:45.949,pi-test-01,img_7204,ADRES,E,18.07,0.5864,0.642,0.782,sam_uploaded,5738.895,35672,140398,6.56
2026-09-03T01:42:57.960,pi-test-01,img_7205,ADRES,Q,22.156,0.7686,0.664,0.798,sam_uploaded,5334.759,35672,288703,3.19
2026-09-03T01:42:57.960,pi-test-01,img_7205,ADRES,E,18.642,0.6193,0.664,0.798,sam_uploaded,5954.838,35672,176009,5.24
2026-09-03T01:43:10.069,pi-test-01,img_7206,ADRES,Q,22.132,0.7692,0.6451,0.7843,sam_uploaded,5330.994,35672,290368,3.17
2026-09-03T01:43:10.069,pi-test-01,img_7206,ADRES,E,18.621,0.6195,0.6451,0.7843,sam_uploaded,5989.213,35672,176313,5.23
2026-09-03T01:43:22.740,pi-test-01,img_7207,ADRES,Q,22.129,0.7674,0.6496,0.7876,sam_uploaded,5650.292,35672,278685,3.31
2026-09-03T01:43:22.740,pi-test-01,img_7207,ADRES,E,18.598,0.6185,0.6496,0.7876,sam_uploaded,6215.524,35672,168026,5.48
2026-09-03T01:43:35.347,pi-test-01,img_7208,ADRES,Q,22.117,0.7668,0.642,0.782,sam_uploaded,5589.431,35672,280501,3.29
2026-09-03T01:43:35.347,pi-test-01,img_7208,ADRES,E,18.627,0.6191,0.642,0.782,sam_uploaded,6166.075,35672,170581,5.4
2026-09-03T01:43:47.525,pi-test-01,img_7209,ADRES,Q,21.778,0.7552,0.6386,0.7794,sam_uploaded,5700.579,35672,246358,3.74
2026-09-03T01:43:47.525,pi-test-01,img_7209,ADRES,E,18.339,0.5949,0.6386,0.7794,sam_uploaded,5812.083,35672,147694,6.24
2026-09-03T01:43:59.696,pi-test-01,img_7210,ADRES,Q,21.8,0.7541,0.6452,0.7843,sam_uploaded,5637.172,35672,246357,3.74
2026-09-03T01:43:59.696,pi-test-01,img_7210,ADRES,E,18.414,0.5968,0.6452,0.7843,sam_uploaded,5792.687,35672,145821,6.32
2026-09-03T01:44:11.910,pi-test-01,img_7211,ADRES,Q,21.794,0.7554,0.6424,0.7823,sam_uploaded,5672.986,35672,243758,3.78
2026-09-03T01:44:11.910,pi-test-01,img_7211,ADRES,E,18.307,0.5948,0.6424,0.7823,sam_uploaded,5741.308,35672,145650,6.33
2026-09-03T01:44:23.957,pi-test-01,img_7212,ADRES,Q,21.819,0.757,0.6456,0.7846,sam_uploaded,5577.397,35672,245578,3.75
2026-09-03T01:44:23.957,pi-test-01,img_7212,ADRES,E,18.418,0.5968,0.6456,0.7846,sam_uploaded,5738.528,35672,146472,6.29
2026-09-03T01:44:35.099,pi-test-01,img_7213,ADRES,Q,21.058,0.7165,0.6201,0.7655,sam_uploaded,5068.094,35672,236438,3.9
2026-09-03T01:44:35.099,pi-test-01,img_7213,ADRES,E,18.007,0.5638,0.6201,0.7655,sam_uploaded,5148.875,35672,140900,6.54
2026-09-03T01:44:45.951,pi-test-01,img_7214,ADRES,Q,21.095,0.7189,0.6191,0.7648,sam_uploaded,5031.948,35672,233685,3.94
2026-09-03T01:44:45.951,pi-test-01,img_7214,ADRES,E,17.977,0.5628,0.6191,0.7648,sam_uploaded,5159.911,35672,140170,6.57
2026-09-03T01:44:56.747,pi-test-01,img_7215,ADRES,Q,21.184,0.7237,0.617,0.7631,sam_uploaded,5017.528,35672,238653,3.86
2026-09-03T01:44:56.747,pi-test-01,img_7215,ADRES,E,17.963,0.5641,0.617,0.7631,sam_uploaded,5061.357,35672,144053,6.4
2026-09-03T01:45:07.582,pi-test-01,img_7216,ADRES,Q,21.207,0.725,0.6232,0.7678,sam_uploaded,5001.588,35672,238402,3.87
2026-09-03T01:45:07.582,pi-test-01,img_7216,ADRES,E,18.007,0.5643,0.6232,0.7678,sam_uploaded,5088.659,35672,143301,6.43
2026-09-03T01:45:21.230,pi-test-01,img_7217,ADRES,Q,22.514,0.7782,0.6738,0.8051,sam_uploaded,6182.925,35672,268029,3.44
2026-09-03T01:45:21.230,pi-test-01,img_7217,ADRES,E,18.887,0.6313,0.6738,0.8051,sam_uploaded,6690.841,35672,162780,5.66
2026-09-03T01:45:34.948,pi-test-01,img_7218,ADRES,Q,22.496,0.7777,0.6726,0.8042,sam_uploaded,6226.347,35672,267877,3.44
2026-09-03T01:45:34.948,pi-test-01,img_7218,ADRES,E,18.976,0.6324,0.6726,0.8042,sam_uploaded,6716.727,35672,162072,5.69
2026-09-03T01:45:46.752,pi-test-01,img_7219,ADRES,Q,22.654,0.7838,0.663,0.7973,sam_uploaded,5142.157,35672,300858,3.06
2026-09-03T01:45:46.752,pi-test-01,img_7219,ADRES,E,18.996,0.6344,0.663,0.7973,sam_uploaded,5908.445,35672,185267,4.97
2026-09-03T01:45:58.380,pi-test-01,img_7220,ADRES,Q,22.657,0.7837,0.6733,0.8047,sam_uploaded,5022.804,35672,302777,3.04
2026-09-03T01:45:58.380,pi-test-01,img_7220,ADRES,E,19.049,0.635,0.6733,0.8047,sam_uploaded,5721.088,35672,189275,4.87
2026-09-03T01:46:11.298,pi-test-01,img_7221,ADRES,Q,22.549,0.8039,0.6855,0.8134,sam_uploaded,5715.926,35672,292793,3.15
2026-09-03T01:46:11.298,pi-test-01,img_7221,ADRES,E,18.946,0.6792,0.6855,0.8134,sam_uploaded,6439.979,35672,181460,5.08
2026-09-03T01:46:23.980,pi-test-01,img_7222,ADRES,Q,22.57,0.804,0.6818,0.8108,sam_uploaded,5631.353,35672,294443,3.13
2026-09-03T01:46:23.980,pi-test-01,img_7222,ADRES,E,18.974,0.6806,0.6818,0.8108,sam_uploaded,6342.729,35672,181374,5.08
2026-09-03T01:46:36.924,pi-test-01,img_7223,ADRES,Q,22.601,0.8046,0.6848,0.8129,sam_uploaded,5744.191,35672,291696,3.16
2026-09-03T01:46:36.924,pi-test-01,img_7223,ADRES,E,19.008,0.6814,0.6848,0.8129,sam_uploaded,6447.27,35672,179443,5.14
2026-09-03T01:46:49.813,pi-test-01,img_7224,ADRES,Q,22.571,0.805,0.6888,0.8157,sam_uploaded,5681.168,35672,292784,3.15
2026-09-03T01:46:49.813,pi-test-01,img_7224,ADRES,E,19,0.6829,0.6888,0.8157,sam_uploaded,6362.587,35672,181319,5.08
2026-09-03T01:47:01.212,pi-test-01,img_7225,ADRES,Q,23.395,0.7725,0.6606,0.7956,sam_uploaded,5492.669,35672,238458,3.86
2026-09-03T01:47:01.212,pi-test-01,img_7225,ADRES,E,19.503,0.6108,0.6606,0.7956,sam_uploaded,5221.783,35672,143127,6.44
2026-09-03T01:47:12.368,pi-test-01,img_7226,ADRES,Q,23.397,0.7716,0.65,0.7879,sam_uploaded,5341.273,35672,240377,3.83
2026-09-03T01:47:12.368,pi-test-01,img_7226,ADRES,E,19.475,0.6098,0.65,0.7879,sam_uploaded,5167.509,35672,144365,6.38
2026-09-03T01:47:25.284,pi-test-01,img_7227,ADRES,Q,23.183,0.7616,0.6641,0.7981,sam_uploaded,6317.102,35672,210093,4.39
2026-09-03T01:47:25.284,pi-test-01,img_7227,ADRES,E,19.403,0.6056,0.6641,0.7981,sam_uploaded,5870.403,35672,122644,7.51
2026-09-03T01:47:38.444,pi-test-01,img_7228,ADRES,Q,23.164,0.761,0.6445,0.7838,sam_uploaded,6368.329,35672,210613,4.38
2026-09-03T01:47:38.444,pi-test-01,img_7228,ADRES,E,19.402,0.6052,0.6445,0.7838,sam_uploaded,5904.249,35672,121891,7.56
2026-09-03T01:47:49.733,pi-test-01,img_7229,ADRES,Q,23.521,0.7692,0.6881,0.8152,sam_uploaded,5460.668,35672,240266,3.84
2026-09-03T01:47:49.733,pi-test-01,img_7229,ADRES,E,19.493,0.6104,0.6881,0.8152,sam_uploaded,5205.669,35672,141907,6.49
2026-09-03T01:48:01.236,pi-test-01,img_7230,ADRES,Q,23.488,0.7684,0.6573,0.7932,sam_uploaded,5453.714,35672,239281,3.85
2026-09-03T01:48:01.236,pi-test-01,img_7230,ADRES,E,19.541,0.612,0.6573,0.7932,sam_uploaded,5166.473,35672,141884,6.5
2026-09-03T01:48:13.805,pi-test-01,img_7231,ADRES,Q,23.323,0.761,0.6694,0.802,sam_uploaded,6243.417,35672,210630,4.38
2026-09-03T01:48:13.805,pi-test-01,img_7231,ADRES,E,19.559,0.6125,0.6694,0.802,sam_uploaded,5698.216,35672,122608,7.52
2026-09-03T01:48:26.405,pi-test-01,img_7232,ADRES,Q,23.314,0.7603,0.6665,0.7999,sam_uploaded,6231.523,35672,212330,4.34
2026-09-03T01:48:26.405,pi-test-01,img_7232,ADRES,E,19.508,0.6108,0.6665,0.7999,sam_uploaded,5733.952,35672,123145,7.48
2026-09-03T01:48:37.353,pi-test-01,img_7233,ADRES,Q,22.834,0.7369,0.6446,0.7839,sam_uploaded,5242.951,35672,223710,4.12
2026-09-03T01:48:37.353,pi-test-01,img_7233,ADRES,E,19.168,0.5702,0.6446,0.7839,sam_uploaded,4990.586,35672,131473,7.01
2026-09-03T01:48:48.117,pi-test-01,img_7234,ADRES,Q,22.843,0.7375,0.6501,0.7879,sam_uploaded,5150.267,35672,225028,4.1
2026-09-03T01:48:48.117,pi-test-01,img_7234,ADRES,E,19.12,0.5692,0.6501,0.7879,sam_uploaded,4955.308,35672,134205,6.87
2026-09-03T01:49:00.181,pi-test-01,img_7235,ADRES,Q,22.647,0.729,0.6414,0.7815,sam_uploaded,5897.882,35672,201030,4.58
2026-09-03T01:49:00.181,pi-test-01,img_7235,ADRES,E,19.134,0.5679,0.6414,0.7815,sam_uploaded,5473.597,35672,116022,7.94
2026-09-03T01:49:12.221,pi-test-01,img_7236,ADRES,Q,22.624,0.7279,0.6475,0.786,sam_uploaded,5901.241,35672,199320,4.62
2026-09-03T01:49:12.221,pi-test-01,img_7236,ADRES,E,19.105,0.5684,0.6475,0.786,sam_uploaded,5413.384,35672,116786,7.89
2026-09-03T01:49:24.988,pi-test-01,img_7237,ADRES,Q,24.772,0.8142,0.7636,0.866,sam_uploaded,6130.161,35672,268171,3.44
2026-09-03T01:49:24.988,pi-test-01,img_7237,ADRES,E,20.379,0.6742,0.7636,0.866,sam_uploaded,5861.286,35672,164278,5.61
2026-09-03T01:49:37.623,pi-test-01,img_7238,ADRES,Q,24.721,0.8142,0.7696,0.8698,sam_uploaded,6039.484,35672,270423,3.41
2026-09-03T01:49:37.623,pi-test-01,img_7238,ADRES,E,20.405,0.6751,0.7696,0.8698,sam_uploaded,5866.572,35672,164363,5.61
2026-09-03T01:49:52.157,pi-test-01,img_7239,ADRES,Q,24.576,0.8102,0.7602,0.8637,sam_uploaded,7349.459,35672,227251,4.06
2026-09-03T01:49:52.157,pi-test-01,img_7239,ADRES,E,20.258,0.6704,0.7602,0.8637,sam_uploaded,6534.259,35672,137149,6.72
2026-09-03T01:50:06.886,pi-test-01,img_7240,ADRES,Q,24.58,0.8097,0.768,0.8688,sam_uploaded,7400.176,35672,229056,4.02
2026-09-03T01:50:06.886,pi-test-01,img_7240,ADRES,E,20.35,0.673,0.768,0.8688,sam_uploaded,6589.349,35672,136266,6.76
2026-09-03T01:50:18.966,pi-test-01,img_7241,ADRES,Q,24.405,0.7639,0.7241,0.8399,sam_uploaded,5871.966,35672,226642,4.07
2026-09-03T01:50:18.966,pi-test-01,img_7241,ADRES,E,20.416,0.6211,0.7241,0.8399,sam_uploaded,5268.708,35672,133803,6.89
2026-09-03T01:50:30.735,pi-test-01,img_7242,ADRES,Q,24.405,0.7622,0.7307,0.8444,sam_uploaded,5844.507,35672,227587,4.05
2026-09-03T01:50:30.735,pi-test-01,img_7242,ADRES,E,20.468,0.6208,0.7307,0.8444,sam_uploaded,5257.052,35672,133740,6.89
2026-09-03T01:50:42.608,pi-test-01,img_7243,ADRES,Q,24.397,0.7635,0.7316,0.845,sam_uploaded,5971.999,35672,221225,4.17
2026-09-03T01:50:42.608,pi-test-01,img_7243,ADRES,E,20.417,0.6196,0.7316,0.845,sam_uploaded,5268.271,35672,130825,7.04
2026-09-03T01:50:54.575,pi-test-01,img_7244,ADRES,Q,24.46,0.7635,0.7296,0.8436,sam_uploaded,6008.938,35672,220823,4.17
2026-09-03T01:50:54.575,pi-test-01,img_7244,ADRES,E,20.514,0.6218,0.7296,0.8436,sam_uploaded,5327.815,35672,130971,7.04
2026-09-03T01:51:05.718,pi-test-01,img_7245,ADRES,Q,22.43,0.6761,0.6043,0.7534,sam_uploaded,5668.073,35672,170655,5.4
2026-09-03T01:51:05.718,pi-test-01,img_7245,ADRES,E,19.11,0.5071,0.6043,0.7534,sam_uploaded,4833.456,35672,96604,9.54
2026-09-03T01:51:16.927,pi-test-01,img_7246,ADRES,Q,22.432,0.6763,0.5915,0.7433,sam_uploaded,5666.136,35672,169948,5.42
2026-09-03T01:51:16.927,pi-test-01,img_7246,ADRES,E,19.183,0.508,0.5915,0.7433,sam_uploaded,4914.391,35672,95993,9.6
2026-09-03T01:51:27.371,pi-test-01,img_7247,ADRES,Q,22.538,0.6847,0.5931,0.7446,sam_uploaded,5072.396,35672,192055,4.8
2026-09-03T01:51:27.371,pi-test-01,img_7247,ADRES,E,19.159,0.5112,0.5931,0.7446,sam_uploaded,4647.197,35672,108419,8.5
2026-09-03T01:51:37.544,pi-test-01,img_7248,ADRES,Q,22.556,0.6843,0.5873,0.74,sam_uploaded,4981.841,35672,192092,4.8
2026-09-03T01:51:37.544,pi-test-01,img_7248,ADRES,E,19.293,0.5155,0.5873,0.74,sam_uploaded,4609.264,35672,108094,8.53
2026-09-03T01:51:50.863,pi-test-01,img_7249,ADRES,Q,24.003,0.8172,0.7165,0.8348,sam_uploaded,6227.099,35672,299414,3.08
2026-09-03T01:51:50.863,pi-test-01,img_7249,ADRES,E,20.019,0.6829,0.7165,0.8348,sam_uploaded,6389.712,35672,184171,5
2026-09-03T01:52:04.280,pi-test-01,img_7250,ADRES,Q,24.044,0.8178,0.7237,0.8397,sam_uploaded,6288.033,35672,297922,3.09
2026-09-03T01:52:04.280,pi-test-01,img_7250,ADRES,E,19.971,0.6822,0.7237,0.8397,sam_uploaded,6445.167,35672,182737,5.04
2026-09-03T01:52:18.355,pi-test-01,img_7251,ADRES,Q,24.043,0.8175,0.7203,0.8374,sam_uploaded,6701.131,35672,285646,3.23
2026-09-03T01:52:18.355,pi-test-01,img_7251,ADRES,E,19.981,0.6831,0.7203,0.8374,sam_uploaded,6730.857,35672,174843,5.27
2026-09-03T01:52:32.433,pi-test-01,img_7252,ADRES,Q,24.065,0.8182,0.7225,0.8389,sam_uploaded,6644.163,35672,285588,3.23
2026-09-03T01:52:32.433,pi-test-01,img_7252,ADRES,E,20.063,0.6847,0.7225,0.8389,sam_uploaded,6689.561,35672,176293,5.23
2026-09-03T01:52:46.754,pi-test-01,img_7253,ADRES,Q,27.52,0.8324,0.8558,0.9223,sam_uploaded,7252.098,35672,233961,3.94
2026-09-03T01:52:46.754,pi-test-01,img_7253,ADRES,E,22.567,0.7169,0.8558,0.9223,sam_uploaded,6340.314,35672,139123,6.62
2026-09-03T01:53:01.230,pi-test-01,img_7254,ADRES,Q,27.503,0.8323,0.8558,0.9223,sam_uploaded,7395.431,35672,231102,3.99
2026-09-03T01:53:01.230,pi-test-01,img_7254,ADRES,E,22.565,0.7168,0.8558,0.9223,sam_uploaded,6387.051,35672,138290,6.66
2026-09-03T01:53:16.090,pi-test-01,img_7255,ADRES,Q,27.504,0.8319,0.8599,0.9247,sam_uploaded,7641.414,35672,221044,4.17
2026-09-03T01:53:16.090,pi-test-01,img_7255,ADRES,E,22.554,0.7165,0.8599,0.9247,sam_uploaded,6545.866,35672,130851,7.04
2026-09-03T01:53:30.927,pi-test-01,img_7256,ADRES,Q,27.45,0.8316,0.8567,0.9228,sam_uploaded,7669.808,35672,220300,4.18
2026-09-03T01:53:30.927,pi-test-01,img_7256,ADRES,E,22.565,0.7172,0.8567,0.9228,sam_uploaded,6553.938,35672,130410,7.07
2026-09-03T01:53:45.685,pi-test-01,img_7257,ADRES,Q,26.58,0.815,0.7343,0.8468,sam_uploaded,7533.79,35672,219073,4.21
2026-09-03T01:53:45.685,pi-test-01,img_7257,ADRES,E,22.059,0.7091,0.7343,0.8468,sam_uploaded,6604.314,35672,131364,7.02
2026-09-03T01:54:00.510,pi-test-01,img_7258,ADRES,Q,26.521,0.8146,0.7695,0.8697,sam_uploaded,7534.147,35672,220282,4.18
2026-09-03T01:54:00.510,pi-test-01,img_7258,ADRES,E,22.013,0.7087,0.7695,0.8697,sam_uploaded,6656.496,35672,131701,7
2026-09-03T01:54:14.966,pi-test-01,img_7259,ADRES,Q,26.547,0.8142,0.7435,0.8529,sam_uploaded,7255.69,35672,228261,4.04
2026-09-03T01:54:14.966,pi-test-01,img_7259,ADRES,E,22.064,0.7087,0.7435,0.8529,sam_uploaded,6533.92,35672,136657,6.74
2026-09-03T01:54:29.460,pi-test-01,img_7260,ADRES,Q,26.554,0.8146,0.7746,0.873,sam_uploaded,7254.65,35672,229655,4.01
2026-09-03T01:54:29.460,pi-test-01,img_7260,ADRES,E,21.967,0.7074,0.7746,0.873,sam_uploaded,6556.307,35672,137221,6.72
2026-09-03T01:54:43.947,pi-test-01,img_7261,ADRES,Q,26.157,0.8137,0.7125,0.8321,sam_uploaded,7375.336,35672,226809,4.06
2026-09-03T01:54:43.947,pi-test-01,img_7261,ADRES,E,21.627,0.6977,0.7125,0.8321,sam_uploaded,6469.948,35672,134587,6.85
2026-09-03T01:54:58.406,pi-test-01,img_7262,ADRES,Q,26.071,0.8128,0.7864,0.8804,sam_uploaded,7388.393,35672,225649,4.08
2026-09-03T01:54:58.406,pi-test-01,img_7262,ADRES,E,21.538,0.6975,0.7864,0.8804,sam_uploaded,6435.754,35672,135107,6.82
2026-09-03T01:55:12.720,pi-test-01,img_7263,ADRES,Q,25.974,0.8116,0.7869,0.8807,sam_uploaded,7246.77,35672,229726,4.01
2026-09-03T01:55:12.720,pi-test-01,img_7263,ADRES,E,21.412,0.6939,0.7869,0.8807,sam_uploaded,6426.922,35672,136734,6.74
2026-09-03T01:55:27.057,pi-test-01,img_7264,ADRES,Q,26.034,0.8113,0.7963,0.8866,sam_uploaded,7238.127,35672,228952,4.03
2026-09-03T01:55:27.057,pi-test-01,img_7264,ADRES,E,21.534,0.6942,0.7963,0.8866,sam_uploaded,6429.951,35672,135536,6.8
2026-09-03T01:55:39.227,pi-test-01,img_7265,ADRES,Q,25.342,0.7391,0.6403,0.7807,sam_uploaded,5980.496,35672,203586,4.53
2026-09-03T01:55:39.227,pi-test-01,img_7265,ADRES,E,21.364,0.6142,0.6403,0.7807,sam_uploaded,5519.772,35672,123234,7.48
2026-09-03T01:55:51.220,pi-test-01,img_7266,ADRES,Q,25.347,0.7389,0.641,0.7812,sam_uploaded,5887.506,35672,205940,4.48
2026-09-03T01:55:51.220,pi-test-01,img_7266,ADRES,E,21.413,0.6152,0.641,0.7812,sam_uploaded,5519.595,35672,122811,7.5
2026-09-03T01:56:04.252,pi-test-01,img_7267,ADRES,Q,25.315,0.7383,0.6326,0.7749,sam_uploaded,6586.963,35672,183827,5.01
2026-09-03T01:56:04.252,pi-test-01,img_7267,ADRES,E,21.402,0.6137,0.6326,0.7749,sam_uploaded,5825.618,35672,111362,8.28
2026-09-03T01:56:17.311,pi-test-01,img_7268,ADRES,Q,25.328,0.7387,0.6693,0.8019,sam_uploaded,6570.651,35672,183823,5.01
2026-09-03T01:56:17.311,pi-test-01,img_7268,ADRES,E,21.406,0.6152,0.6693,0.8019,sam_uploaded,5821.671,35672,110029,8.38
2026-09-03T01:56:29.646,pi-test-01,img_7269,ADRES,Q,26.229,0.7589,0.694,0.8194,sam_uploaded,6176.963,35672,183977,5.01
2026-09-03T01:56:29.646,pi-test-01,img_7269,ADRES,E,21.829,0.6432,0.694,0.8194,sam_uploaded,5438.095,35672,110837,8.31
2026-09-03T01:56:41.680,pi-test-01,img_7270,ADRES,Q,26.288,0.7592,0.7005,0.8239,sam_uploaded,6066.378,35672,186688,4.94
2026-09-03T01:56:41.680,pi-test-01,img_7270,ADRES,E,21.919,0.646,0.7005,0.8239,sam_uploaded,5372.271,35672,112380,8.2
2026-09-03T01:56:53.867,pi-test-01,img_7271,ADRES,Q,26.206,0.7584,0.6986,0.8226,sam_uploaded,6118.312,35672,184341,5
2026-09-03T01:56:53.867,pi-test-01,img_7271,ADRES,E,21.846,0.6443,0.6986,0.8226,sam_uploaded,5457.115,35672,110205,8.36
2026-09-03T01:57:06.368,pi-test-01,img_7272,ADRES,Q,26.284,0.7587,0.698,0.8221,sam_uploaded,6299.982,35672,182282,5.06
2026-09-03T01:57:06.368,pi-test-01,img_7272,ADRES,E,21.9,0.6446,0.698,0.8221,sam_uploaded,5565.913,35672,109117,8.45
2026-09-03T01:57:17.860,pi-test-01,img_7273,ADRES,Q,24.914,0.7308,0.6403,0.7807,sam_uploaded,5634.322,35672,190350,4.84
2026-09-03T01:57:17.860,pi-test-01,img_7273,ADRES,E,20.905,0.6133,0.6403,0.7807,sam_uploaded,5248.423,35672,113435,8.12
2026-09-03T01:57:29.421,pi-test-01,img_7274,ADRES,Q,24.901,0.7302,0.6373,0.7785,sam_uploaded,5634.002,35672,190830,4.83
2026-09-03T01:57:29.421,pi-test-01,img_7274,ADRES,E,20.929,0.6149,0.6373,0.7785,sam_uploaded,5280.336,35672,112580,8.19
2026-09-03T01:57:41.388,pi-test-01,img_7275,ADRES,Q,24.951,0.7311,0.6354,0.7771,sam_uploaded,5918.969,35672,179386,5.14
2026-09-03T01:57:41.388,pi-test-01,img_7275,ADRES,E,21.031,0.6144,0.6354,0.7771,sam_uploaded,5396.483,35672,104533,8.82
2026-09-03T01:57:53.257,pi-test-01,img_7276,ADRES,Q,24.887,0.7299,0.6328,0.7751,sam_uploaded,5931.773,35672,179435,5.14
2026-09-03T01:57:53.257,pi-test-01,img_7276,ADRES,E,20.983,0.614,0.6328,0.7751,sam_uploaded,5325.753,35672,105438,8.74
2026-09-03T01:58:08.275,pi-test-01,img_7277,ADRES,Q,26.095,0.8232,0.775,0.8732,sam_uploaded,7281.284,35672,261897,3.52
2026-09-03T01:58:08.275,pi-test-01,img_7277,ADRES,E,21.577,0.71,0.775,0.8732,sam_uploaded,7122.447,35672,158244,5.82
2026-09-03T01:58:23.455,pi-test-01,img_7278,ADRES,Q,26.173,0.824,0.7821,0.8777,sam_uploaded,7342.262,35672,260030,3.54
2026-09-03T01:58:23.455,pi-test-01,img_7278,ADRES,E,21.678,0.7127,0.7821,0.8777,sam_uploaded,7076.731,35672,158211,5.83
2026-09-03T01:58:37.938,pi-test-01,img_7279,ADRES,Q,26.156,0.8233,0.7909,0.8832,sam_uploaded,6794.392,35672,273897,3.36
2026-09-03T01:58:37.938,pi-test-01,img_7279,ADRES,E,21.745,0.7132,0.7909,0.8832,sam_uploaded,6887.257,35672,165971,5.55
2026-09-03T01:58:52.324,pi-test-01,img_7280,ADRES,Q,26.138,0.8236,0.7842,0.8791,sam_uploaded,6822.295,35672,275197,3.35
2026-09-03T01:58:52.324,pi-test-01,img_7280,ADRES,E,21.652,0.7121,0.7842,0.8791,sam_uploaded,6888.668,35672,165695,5.56
2026-09-03T01:59:03.652,pi-test-01,img_7281,ADRES,Q,25.945,0.7462,0.7079,0.829,sam_uploaded,6145.519,35672,126804,7.27
2026-09-03T01:59:03.652,pi-test-01,img_7281,ADRES,E,22.089,0.645,0.7079,0.829,sam_uploaded,4593.85,35672,71997,12.8
2026-09-03T01:59:14.926,pi-test-01,img_7282,ADRES,Q,25.944,0.7462,0.709,0.8298,sam_uploaded,6095.506,35672,125443,7.35
2026-09-03T01:59:14.926,pi-test-01,img_7282,ADRES,E,22.109,0.6457,0.709,0.8298,sam_uploaded,4554.928,35672,71835,12.83
2026-09-03T01:59:26.080,pi-test-01,img_7283,ADRES,Q,26.045,0.7476,0.7091,0.8298,sam_uploaded,5902.695,35672,136644,6.74
2026-09-03T01:59:26.080,pi-test-01,img_7283,ADRES,E,22.287,0.6505,0.7091,0.8298,sam_uploaded,4551.653,35672,75778,12.16
2026-09-03T01:59:37.239,pi-test-01,img_7284,ADRES,Q,26.067,0.7477,0.7028,0.8255,sam_uploaded,6022.509,35672,135348,6.81
2026-09-03T01:59:37.239,pi-test-01,img_7284,ADRES,E,22.28,0.6504,0.7028,0.8255,sam_uploaded,4601.519,35672,75496,12.21
2026-09-03T01:59:49.849,pi-test-01,img_7285,ADRES,Q,27.678,0.8129,0.6397,0.7803,sam_uploaded,7117.854,35672,157325,5.86
2026-09-03T01:59:49.849,pi-test-01,img_7285,ADRES,E,22.801,0.7118,0.6397,0.7803,sam_uploaded,4935.547,35672,87385,10.55
2026-09-03T02:00:02.281,pi-test-01,img_7286,ADRES,Q,27.675,0.813,0.6185,0.7643,sam_uploaded,6980.364,35672,162015,5.69
2026-09-03T02:00:02.281,pi-test-01,img_7286,ADRES,E,22.735,0.7116,0.6185,0.7643,sam_uploaded,4939.238,35672,86727,10.63
2026-09-03T02:00:14.931,pi-test-01,img_7287,ADRES,Q,27.623,0.8127,0.8228,0.9028,sam_uploaded,7197.151,35672,150616,6.12
2026-09-03T02:00:14.931,pi-test-01,img_7287,ADRES,E,22.688,0.7106,0.8228,0.9028,sam_uploaded,4925.928,35672,82711,11.14
2026-09-03T02:00:27.936,pi-test-01,img_7288,ADRES,Q,27.658,0.8127,0.701,0.8242,sam_uploaded,7285.525,35672,149729,6.16
2026-09-03T02:00:27.936,pi-test-01,img_7288,ADRES,E,22.742,0.7109,0.701,0.8242,sam_uploaded,4984.738,35672,82102,11.23
2026-09-03T02:00:37.568,pi-test-01,img_7289,ADRES,Q,27.229,0.7461,0.6295,0.7726,sam_uploaded,5162.394,35672,107864,8.54
2026-09-03T02:00:37.568,pi-test-01,img_7289,ADRES,E,23.098,0.652,0.6295,0.7726,sam_uploaded,3891.09,35672,61012,15.11
2026-09-03T02:00:47.258,pi-test-01,img_7290,ADRES,Q,27.233,0.7456,0.7133,0.8326,sam_uploaded,5195.228,35672,106608,8.64
2026-09-03T02:00:47.258,pi-test-01,img_7290,ADRES,E,23.172,0.6523,0.7133,0.8326,sam_uploaded,3907.635,35672,60928,15.13
2026-09-03T02:00:56.898,pi-test-01,img_7291,ADRES,Q,27.276,0.7462,0.5559,0.7146,sam_uploaded,5211.995,35672,104480,8.82
2026-09-03T02:00:56.898,pi-test-01,img_7291,ADRES,E,23.196,0.6521,0.5559,0.7146,sam_uploaded,3894.493,35672,60574,15.21
2026-09-03T02:01:06.513,pi-test-01,img_7292,ADRES,Q,27.186,0.7456,0.6329,0.7752,sam_uploaded,5195.002,35672,105334,8.75
2026-09-03T02:01:06.513,pi-test-01,img_7292,ADRES,E,23.09,0.6525,0.6329,0.7752,sam_uploaded,3882.691,35672,60541,15.22
2026-09-03T02:01:17.733,pi-test-01,img_7293,ADRES,Q,26.426,0.7556,0.7271,0.842,sam_uploaded,5984.768,35672,145493,6.33
2026-09-03T02:01:17.733,pi-test-01,img_7293,ADRES,E,22.266,0.6518,0.7271,0.842,sam_uploaded,4679.435,35672,81175,11.35
2026-09-03T02:01:28.965,pi-test-01,img_7294,ADRES,Q,26.405,0.7556,0.7254,0.8409,sam_uploaded,5974.848,35672,147274,6.26
2026-09-03T02:01:28.965,pi-test-01,img_7294,ADRES,E,22.264,0.6519,0.7254,0.8409,sam_uploaded,4687.761,35672,82527,11.17
2026-09-03T02:01:40.331,pi-test-01,img_7295,ADRES,Q,26.37,0.755,0.727,0.8419,sam_uploaded,6109.493,35672,136929,6.73
2026-09-03T02:01:40.331,pi-test-01,img_7295,ADRES,E,22.164,0.6482,0.727,0.8419,sam_uploaded,4656.534,35672,77163,11.94
2026-09-03T02:01:52.006,pi-test-01,img_7296,ADRES,Q,26.399,0.7548,0.7259,0.8412,sam_uploaded,6126.863,35672,135821,6.79
2026-09-03T02:01:52.006,pi-test-01,img_7296,ADRES,E,22.204,0.6495,0.7259,0.8412,sam_uploaded,4659.113,35672,76986,11.97
2026-09-03T02:02:03.364,pi-test-01,img_7297,ADRES,Q,27.712,0.7882,0.8363,0.9109,sam_uploaded,6545.521,35672,136148,6.77
2026-09-03T02:02:03.364,pi-test-01,img_7297,ADRES,E,23.161,0.6919,0.8363,0.9109,sam_uploaded,4270.46,35672,71557,12.88
2026-09-03T02:02:14.881,pi-test-01,img_7298,ADRES,Q,27.588,0.7874,0.8369,0.9112,sam_uploaded,6570.217,35672,135805,6.79
2026-09-03T02:02:14.881,pi-test-01,img_7298,ADRES,E,23.057,0.6914,0.8369,0.9112,sam_uploaded,4263.714,35672,71669,12.86
2026-09-03T02:02:25.787,pi-test-01,img_7299,ADRES,Q,27.698,0.7879,0.8373,0.9114,sam_uploaded,6156.53,35672,150294,6.13
2026-09-03T02:02:25.787,pi-test-01,img_7299,ADRES,E,23.161,0.6927,0.8373,0.9114,sam_uploaded,4185.849,35672,77815,11.84
2026-09-03T02:02:36.861,pi-test-01,img_7300,ADRES,Q,27.631,0.7877,0.8372,0.9114,sam_uploaded,6228.217,35672,148738,6.2
2026-09-03T02:02:36.861,pi-test-01,img_7300,ADRES,E,23.033,0.6911,0.8372,0.9114,sam_uploaded,4286.084,35672,77090,11.95
2026-09-03T02:02:47.786,pi-test-01,img_7301,ADRES,Q,27.43,0.8264,0.355,0.5239,sam_uploaded,5991.797,35672,125527,7.34
2026-09-03T02:02:47.786,pi-test-01,img_7301,ADRES,E,22.321,0.7394,0.355,0.5239,sam_uploaded,4389.749,35672,69449,13.27
2026-09-03T02:02:58.640,pi-test-01,img_7302,ADRES,Q,27.444,0.8269,0.3624,0.532,sam_uploaded,6004.004,35672,126251,7.3
2026-09-03T02:02:58.640,pi-test-01,img_7302,ADRES,E,22.356,0.7397,0.3624,0.532,sam_uploaded,4351.159,35672,69837,13.2
2026-09-03T02:03:09.405,pi-test-01,img_7303,ADRES,Q,27.396,0.8264,0.3975,0.5689,sam_uploaded,5832.952,35672,137378,6.71
2026-09-03T02:03:09.405,pi-test-01,img_7303,ADRES,E,22.295,0.7387,0.3975,0.5689,sam_uploaded,4389.497,35672,75275,12.24
2026-09-03T02:03:20.253,pi-test-01,img_7304,ADRES,Q,27.468,0.8269,0.5107,0.6761,sam_uploaded,5893.219,35672,137861,6.68
2026-09-03T02:03:20.253,pi-test-01,img_7304,ADRES,E,22.368,0.7398,0.5107,0.6761,sam_uploaded,4419.477,35672,75769,12.16
2026-09-03T02:03:34.460,pi-test-01,img_7305,ADRES,Q,27.48,0.8292,0.832,0.9083,sam_uploaded,7610.119,35672,190008,4.85
2026-09-03T02:03:34.460,pi-test-01,img_7305,ADRES,E,22.715,0.7242,0.832,0.9083,sam_uploaded,5947.43,35672,108989,8.46
2026-09-03T02:03:48.622,pi-test-01,img_7306,ADRES,Q,27.364,0.8286,0.8496,0.9187,sam_uploaded,7634.561,35672,189455,4.86
2026-09-03T02:03:48.622,pi-test-01,img_7306,ADRES,E,22.54,0.7236,0.8496,0.9187,sam_uploaded,5964.228,35672,109627,8.41
2026-09-03T02:04:02.646,pi-test-01,img_7307,ADRES,Q,27.421,0.8293,0.8491,0.9184,sam_uploaded,7487.396,35672,194560,4.74
2026-09-03T02:04:02.646,pi-test-01,img_7307,ADRES,E,22.662,0.7243,0.8491,0.9184,sam_uploaded,5944.498,35672,111745,8.25
2026-09-03T02:04:16.885,pi-test-01,img_7308,ADRES,Q,27.369,0.8286,0.851,0.9195,sam_uploaded,7568.14,35672,193327,4.77
2026-09-03T02:04:16.885,pi-test-01,img_7308,ADRES,E,22.603,0.7237,0.851,0.9195,sam_uploaded,5993.341,35672,111974,8.23
2026-09-03T02:04:30.278,pi-test-01,img_7309,ADRES,Q,24.348,0.7749,0.5261,0.6895,sam_uploaded,6417.932,35672,192515,4.79
2026-09-03T02:04:30.278,pi-test-01,img_7309,ADRES,E,20.276,0.6323,0.5261,0.6895,sam_uploaded,6355.143,35672,121283,7.6
2026-09-03T02:04:43.596,pi-test-01,img_7310,ADRES,Q,24.286,0.7734,0.4861,0.6542,sam_uploaded,6381.727,35672,192292,4.79
2026-09-03T02:04:43.596,pi-test-01,img_7310,ADRES,E,20.283,0.6337,0.4861,0.6542,sam_uploaded,6294.281,35672,120498,7.65
2026-09-03T02:04:57.057,pi-test-01,img_7311,ADRES,Q,24.215,0.7724,0.5338,0.6961,sam_uploaded,6540.757,35672,183552,5.02
2026-09-03T02:04:57.057,pi-test-01,img_7311,ADRES,E,20.185,0.6291,0.5338,0.6961,sam_uploaded,6284.446,35672,116865,7.89
2026-09-03T02:05:10.539,pi-test-01,img_7312,ADRES,Q,24.314,0.773,0.4871,0.6551,sam_uploaded,6590.346,35672,182511,5.05
2026-09-03T02:05:10.539,pi-test-01,img_7312,ADRES,E,20.298,0.6307,0.4871,0.6551,sam_uploaded,6291.636,35672,116505,7.91
2026-09-03T02:05:22.186,pi-test-01,img_7313,ADRES,Q,24.141,0.7286,0.503,0.6693,sam_uploaded,5762.486,35672,152161,6.06
2026-09-03T02:05:22.186,pi-test-01,img_7313,ADRES,E,20.279,0.5907,0.503,0.6693,sam_uploaded,5228.361,35672,93606,9.85
2026-09-03T02:05:33.762,pi-test-01,img_7314,ADRES,Q,24.222,0.7291,0.5304,0.6931,sam_uploaded,5761.357,35672,151927,6.07
2026-09-03T02:05:33.762,pi-test-01,img_7314,ADRES,E,20.425,0.5924,0.5304,0.6931,sam_uploaded,5231.562,35672,94072,9.8
2026-09-03T02:05:45.432,pi-test-01,img_7315,ADRES,Q,24.227,0.7292,0.5151,0.6799,sam_uploaded,5801.793,35672,151180,6.1
2026-09-03T02:05:45.432,pi-test-01,img_7315,ADRES,E,20.446,0.594,0.5151,0.6799,sam_uploaded,5252.176,35672,93571,9.85
2026-09-03T02:05:57.150,pi-test-01,img_7316,ADRES,Q,24.221,0.73,0.5497,0.7094,sam_uploaded,5871.845,35672,151394,6.09
2026-09-03T02:05:57.150,pi-test-01,img_7316,ADRES,E,20.388,0.5931,0.5497,0.7094,sam_uploaded,5219.109,35672,93757,9.83
2026-09-03T02:06:07.567,pi-test-01,img_7317,ADRES,Q,23.191,0.7473,0.5662,0.723,sam_uploaded,5142.996,35672,145115,6.35
2026-09-03T02:06:07.567,pi-test-01,img_7317,ADRES,E,19.304,0.5782,0.5662,0.723,sam_uploaded,4668.114,35672,87244,10.56
2026-09-03T02:06:18.086,pi-test-01,img_7318,ADRES,Q,23.213,0.748,0.5867,0.7396,sam_uploaded,5261.903,35672,143886,6.41
2026-09-03T02:06:18.086,pi-test-01,img_7318,ADRES,E,19.213,0.5742,0.5867,0.7396,sam_uploaded,4631.999,35672,87456,10.54
2026-09-03T02:06:28.567,pi-test-01,img_7319,ADRES,Q,23.174,0.7468,0.5851,0.7382,sam_uploaded,5184.231,35672,139554,6.6
2026-09-03T02:06:28.567,pi-test-01,img_7319,ADRES,E,19.205,0.5726,0.5851,0.7382,sam_uploaded,4634.492,35672,84783,10.87
2026-09-03T02:06:38.971,pi-test-01,img_7320,ADRES,Q,23.171,0.746,0.5724,0.7281,sam_uploaded,5195.895,35672,140461,6.56
2026-09-03T02:06:38.971,pi-test-01,img_7320,ADRES,E,19.209,0.5724,0.5724,0.7281,sam_uploaded,4583.308,35672,85349,10.8
2026-09-03T02:06:52.777,pi-test-01,img_7321,ADRES,Q,24.851,0.8163,0.541,0.7021,sam_uploaded,6456.628,35672,207239,4.45
2026-09-03T02:06:52.777,pi-test-01,img_7321,ADRES,E,20.491,0.6974,0.541,0.7021,sam_uploaded,6442.543,35672,129697,7.11
2026-09-03T02:07:06.336,pi-test-01,img_7322,ADRES,Q,24.829,0.8159,0.4887,0.6566,sam_uploaded,6468.259,35672,207256,4.45
2026-09-03T02:07:06.336,pi-test-01,img_7322,ADRES,E,20.489,0.6971,0.4887,0.6566,sam_uploaded,6443.473,35672,129355,7.12
2026-09-03T02:07:20.180,pi-test-01,img_7323,ADRES,Q,24.764,0.8138,0.5574,0.7158,sam_uploaded,6793.172,35672,192445,4.79
2026-09-03T02:07:20.180,pi-test-01,img_7323,ADRES,E,20.367,0.6906,0.5574,0.7158,sam_uploaded,6430.956,35672,121802,7.57
2026-09-03T02:07:34.146,pi-test-01,img_7324,ADRES,Q,24.716,0.8126,0.4872,0.6552,sam_uploaded,6798.601,35672,191705,4.81
2026-09-03T02:07:34.146,pi-test-01,img_7324,ADRES,E,20.274,0.6886,0.4872,0.6552,sam_uploaded,6480.693,35672,121330,7.6
2026-09-03T02:07:44.377,pi-test-01,img_7325,ADRES,Q,23.67,0.7677,0.4892,0.657,sam_uploaded,5180.252,35672,124421,7.41
2026-09-03T02:07:44.377,pi-test-01,img_7325,ADRES,E,20.407,0.6548,0.4892,0.657,sam_uploaded,4435.466,35672,75695,12.18
2026-09-03T02:07:54.516,pi-test-01,img_7326,ADRES,Q,23.689,0.7673,0.4482,0.6189,sam_uploaded,5159,35672,124977,7.37
2026-09-03T02:07:54.516,pi-test-01,img_7326,ADRES,E,20.409,0.6528,0.4482,0.6189,sam_uploaded,4413.857,35672,75460,12.21
2026-09-03T02:08:04.557,pi-test-01,img_7327,ADRES,Q,23.63,0.765,0.4882,0.6561,sam_uploaded,5107.74,35800,123241,7.48
2026-09-03T02:08:04.557,pi-test-01,img_7327,ADRES,E,20.33,0.6452,0.4882,0.6561,sam_uploaded,4397.321,35800,74852,12.31
2026-09-03T02:08:14.741,pi-test-01,img_7328,ADRES,Q,23.642,0.7654,0.4449,0.6158,sam_uploaded,5128.461,35800,123066,7.49
2026-09-03T02:08:14.741,pi-test-01,img_7328,ADRES,E,20.322,0.6462,0.4449,0.6158,sam_uploaded,4379.083,35800,74770,12.33
2026-09-03T02:08:27.860,pi-test-01,img_7329,ADRES,Q,24.134,0.8168,0.4397,0.6108,sam_uploaded,6472.262,35800,180515,5.11
2026-09-03T02:08:27.860,pi-test-01,img_7329,ADRES,E,19.88,0.6785,0.4397,0.6108,sam_uploaded,6007.062,35800,113676,8.11
2026-09-03T02:08:41.068,pi-test-01,img_7330,ADRES,Q,24.095,0.8167,0.4154,0.587,sam_uploaded,6552.697,36696,179033,5.15
2026-09-03T02:08:41.068,pi-test-01,img_7330,ADRES,E,19.776,0.6738,0.4154,0.587,sam_uploaded,6054.765,36696,113883,8.09
2026-09-03T02:08:54.188,pi-test-01,img_7331,ADRES,Q,24.142,0.8174,0.4753,0.6443,sam_uploaded,6370.841,36696,185833,4.96
2026-09-03T02:08:54.188,pi-test-01,img_7331,ADRES,E,19.833,0.6769,0.4753,0.6443,sam_uploaded,6052.674,36696,116754,7.89
2026-09-03T02:09:07.187,pi-test-01,img_7332,ADRES,Q,24.161,0.8174,0.4172,0.5888,sam_uploaded,6310.767,36696,186206,4.95
2026-09-03T02:09:07.187,pi-test-01,img_7332,ADRES,E,19.868,0.6778,0.4172,0.5888,sam_uploaded,6048.95,36696,116523,7.91
2026-09-03T02:09:21.268,pi-test-01,img_7333,ADRES,Q,23.655,0.822,0.4719,0.6412,sam_uploaded,6473.552,36696,245782,3.75
2026-09-03T02:09:21.268,pi-test-01,img_7333,ADRES,E,19.662,0.6966,0.4719,0.6412,sam_uploaded,6874.582,36696,153682,6
2026-09-03T02:09:35.216,pi-test-01,img_7334,ADRES,Q,23.63,0.8212,0.4858,0.654,sam_uploaded,6400.638,36952,246562,3.74
2026-09-03T02:09:35.216,pi-test-01,img_7334,ADRES,E,19.651,0.6957,0.4858,0.654,sam_uploaded,6815.425,36952,153661,6
2026-09-03T02:09:49.529,pi-test-01,img_7335,ADRES,Q,23.556,0.8185,0.4529,0.6234,sam_uploaded,6649.239,36952,240209,3.84
2026-09-03T02:09:49.529,pi-test-01,img_7335,ADRES,E,19.58,0.6914,0.4529,0.6234,sam_uploaded,6928.286,36952,150663,6.12
2026-09-03T02:10:07.503,pi-test-01,img_7336,ADRES,Q,23.555,0.8182,0.4617,0.6318,sam_uploaded,6547.036,36952,241006,3.82
2026-09-03T02:10:07.503,pi-test-01,img_7336,ADRES,E,19.515,0.6901,0.4617,0.6318,sam_uploaded,6838.42,36952,150610,6.12
2026-09-03T02:10:22.144,pi-test-01,img_7337,ADRES,Q,25.327,0.8863,0.3118,0.4753,sam_uploaded,7000.294,36952,218230,4.22
2026-09-03T02:10:22.144,pi-test-01,img_7337,ADRES,E,20.343,0.7915,0.3118,0.4753,sam_uploaded,6963.081,36952,138593,6.65
2026-09-03T02:10:36.752,pi-test-01,img_7338,ADRES,Q,25.353,0.8862,0.2994,0.4608,sam_uploaded,6972.985,36952,219681,4.2
2026-09-03T02:10:36.752,pi-test-01,img_7338,ADRES,E,20.294,0.7897,0.2994,0.4608,sam_uploaded,6951.762,36952,139464,6.61
2026-09-03T02:10:51.222,pi-test-01,img_7339,ADRES,Q,25.426,0.8871,0.3031,0.4652,sam_uploaded,6798.203,36952,225640,4.08
2026-09-03T02:10:51.222,pi-test-01,img_7339,ADRES,E,20.438,0.7927,0.3031,0.4652,sam_uploaded,6966.988,36952,141826,6.5
2026-09-03T02:11:05.802,pi-test-01,img_7340,ADRES,Q,25.324,0.886,0.2733,0.4292,sam_uploaded,6835.228,36952,224441,4.11
2026-09-03T02:11:05.802,pi-test-01,img_7340,ADRES,E,20.32,0.79,0.2733,0.4292,sam_uploaded,6954.276,36952,141691,6.5
2026-09-03T02:11:13.426,pi-test-01,img_7341,ADRES,Q,24.515,0.7612,0.6332,0.7754,sam_uploaded,3837.674,36952,90468,10.19
2026-09-03T02:11:13.426,pi-test-01,img_7341,ADRES,E,20.443,0.6735,0.6332,0.7754,sam_uploaded,3291.893,36952,52151,17.67
2026-09-03T02:11:20.913,pi-test-01,img_7342,ADRES,Q,24.454,0.76,0.7417,0.8517,sam_uploaded,3811.299,36952,90190,10.22
2026-09-03T02:11:20.913,pi-test-01,img_7342,ADRES,E,20.34,0.6723,0.7417,0.8517,sam_uploaded,3213.607,36952,52086,17.69
2026-09-03T02:11:28.587,pi-test-01,img_7343,ADRES,Q,24.548,0.7625,0.5969,0.7476,sam_uploaded,3868.546,36952,97484,9.45
2026-09-03T02:11:28.587,pi-test-01,img_7343,ADRES,E,20.488,0.6769,0.5969,0.7476,sam_uploaded,3353.096,36952,55233,16.69
2026-09-03T02:11:36.168,pi-test-01,img_7344,ADRES,Q,24.511,0.762,0.6307,0.7735,sam_uploaded,3803.973,36952,97255,9.48
2026-09-03T02:11:36.168,pi-test-01,img_7344,ADRES,E,20.413,0.6752,0.6307,0.7735,sam_uploaded,3308.248,36952,55868,16.5
2026-09-03T02:11:47.629,pi-test-01,img_7345,ADRES,Q,24.676,0.8581,0.5333,0.6956,sam_uploaded,5688.586,36952,161232,5.72
2026-09-03T02:11:47.629,pi-test-01,img_7345,ADRES,E,20.036,0.7545,0.5333,0.6956,sam_uploaded,5199.72,36952,98633,9.34
2026-09-03T02:11:59.067,pi-test-01,img_7346,ADRES,Q,24.657,0.857,0.5035,0.6697,sam_uploaded,5643.046,36952,160998,5.72
2026-09-03T02:11:59.067,pi-test-01,img_7346,ADRES,E,19.963,0.7514,0.5035,0.6697,sam_uploaded,5225.259,36952,98594,9.35
2026-09-03T02:12:10.099,pi-test-01,img_7347,ADRES,Q,24.71,0.8577,0.5882,0.7407,sam_uploaded,5403.975,36952,169476,5.44
2026-09-03T02:12:10.099,pi-test-01,img_7347,ADRES,E,20.052,0.7521,0.5882,0.7407,sam_uploaded,5052.266,36952,103648,8.89
2026-09-03T02:12:21.350,pi-test-01,img_7348,ADRES,Q,24.654,0.8568,0.4742,0.6433,sam_uploaded,5517.018,36952,168274,5.48
2026-09-03T02:12:21.350,pi-test-01,img_7348,ADRES,E,20.012,0.7521,0.4742,0.6433,sam_uploaded,5144.666,36952,102710,8.97
2026-09-03T02:12:31.193,pi-test-01,img_7349,ADRES,Q,22.937,0.7195,0.2338,0.379,sam_uploaded,4673.113,36952,160864,5.73
2026-09-03T02:12:31.193,pi-test-01,img_7349,ADRES,E,19.429,0.5716,0.2338,0.379,sam_uploaded,4579.136,36952,97627,9.44
2026-09-03T02:12:41.072,pi-test-01,img_7350,ADRES,Q,22.942,0.7194,0.2273,0.3703,sam_uploaded,4673.433,36952,160502,5.74
2026-09-03T02:12:41.072,pi-test-01,img_7350,ADRES,E,19.436,0.5712,0.2273,0.3703,sam_uploaded,4590.802,36952,96944,9.51
2026-09-03T02:12:51.270,pi-test-01,img_7351,ADRES,Q,22.877,0.7176,0.2331,0.3781,sam_uploaded,4923.16,36952,146831,6.28
2026-09-03T02:12:51.270,pi-test-01,img_7351,ADRES,E,19.293,0.566,0.2331,0.3781,sam_uploaded,4645.052,36952,90281,10.21
2026-09-03T02:13:01.440,pi-test-01,img_7352,ADRES,Q,22.92,0.7185,0.2319,0.3765,sam_uploaded,4929.89,36952,147179,6.26
2026-09-03T02:13:01.440,pi-test-01,img_7352,ADRES,E,19.377,0.5689,0.2319,0.3765,sam_uploaded,4601.383,36952,90404,10.19
2026-09-03T02:13:07.174,pi-test-01,img_7353,ADRES,Q,23.483,0.5309,0.1669,0.2861,sam_uploaded,2502.57,36952,83233,11.07
2026-09-03T02:13:07.174,pi-test-01,img_7353,ADRES,E,21.267,0.5,0.1669,0.2861,sam_uploaded,2686.291,36952,52924,17.41
2026-09-03T02:13:12.836,pi-test-01,img_7354,ADRES,Q,23.45,0.5307,0.1552,0.2688,sam_uploaded,2494.943,36952,83552,11.03
2026-09-03T02:13:12.836,pi-test-01,img_7354,ADRES,E,21.197,0.4987,0.1552,0.2688,sam_uploaded,2678.508,36952,52963,17.4
2026-09-03T02:13:18.471,pi-test-01,img_7355,ADRES,Q,23.47,0.531,0.1769,0.3006,sam_uploaded,2510.582,36952,83654,11.02
2026-09-03T02:13:18.471,pi-test-01,img_7355,ADRES,E,21.232,0.4986,0.1769,0.3006,sam_uploaded,2656.276,36952,52676,17.5
2026-09-03T02:13:24.065,pi-test-01,img_7356,ADRES,Q,23.484,0.5315,0.3142,0.4782,sam_uploaded,2492.628,36952,82750,11.14
2026-09-03T02:13:24.065,pi-test-01,img_7356,ADRES,E,21.239,0.4998,0.3142,0.4782,sam_uploaded,2633.04,36952,52006,17.72
2026-09-03T02:13:33.385,pi-test-01,img_7357,ADRES,Q,23.827,0.7522,0.273,0.4289,sam_uploaded,4499.906,36952,134306,6.86
2026-09-03T02:13:33.385,pi-test-01,img_7357,ADRES,E,20.033,0.652,0.273,0.4289,sam_uploaded,4264.246,36952,82521,11.17
2026-09-03T02:13:42.699,pi-test-01,img_7358,ADRES,Q,23.857,0.7521,0.2875,0.4466,sam_uploaded,4465.996,36952,134507,6.85
2026-09-03T02:13:42.699,pi-test-01,img_7358,ADRES,E,19.929,0.6481,0.2875,0.4466,sam_uploaded,4273.319,36952,82384,11.19
2026-09-03T02:13:51.565,pi-test-01,img_7359,ADRES,Q,23.939,0.7538,0.2697,0.4249,sam_uploaded,4185.829,36952,147693,6.24
2026-09-03T02:13:51.565,pi-test-01,img_7359,ADRES,E,20.207,0.657,0.2697,0.4249,sam_uploaded,4127.11,36952,89619,10.28
2026-09-03T02:14:00.556,pi-test-01,img_7360,ADRES,Q,23.891,0.7532,0.2753,0.4318,sam_uploaded,4221.992,36952,150190,6.14
2026-09-03T02:14:00.556,pi-test-01,img_7360,ADRES,E,20.081,0.654,0.2753,0.4318,sam_uploaded,4233.901,36952,90293,10.21
2026-09-03T02:14:11.637,pi-test-01,img_7361,ADRES,Q,24.046,0.7787,0.4083,0.5799,sam_uploaded,4985.001,36952,225016,4.1
2026-09-03T02:14:11.637,pi-test-01,img_7361,ADRES,E,20.021,0.6956,0.4083,0.5799,sam_uploaded,5455.59,36952,139485,6.61
2026-09-03T02:14:22.710,pi-test-01,img_7362,ADRES,Q,24.058,0.7784,0.4165,0.5881,sam_uploaded,4954.138,36952,226248,4.07
2026-09-03T02:14:22.710,pi-test-01,img_7362,ADRES,E,19.94,0.6929,0.4165,0.5881,sam_uploaded,5428.051,36952,139804,6.59
2026-09-03T02:14:32.990,pi-test-01,img_7363,ADRES,Q,24.127,0.7799,0.4227,0.5942,sam_uploaded,4527.871,36952,245155,3.76
2026-09-03T02:14:32.990,pi-test-01,img_7363,ADRES,E,20.079,0.6963,0.4227,0.5942,sam_uploaded,5113.102,36952,150694,6.12
2026-09-03T02:14:43.499,pi-test-01,img_7364,ADRES,Q,24.078,0.7794,0.4035,0.575,sam_uploaded,4614.835,36952,244107,3.78
2026-09-03T02:14:43.499,pi-test-01,img_7364,ADRES,E,20.048,0.6957,0.4035,0.575,sam_uploaded,5215.715,36952,149892,6.15
2026-09-03T02:14:54.089,pi-test-01,img_7365,ADRES,Q,23.642,0.7184,0.3801,0.5508,sam_uploaded,5182.957,36952,150577,6.12
2026-09-03T02:14:54.089,pi-test-01,img_7365,ADRES,E,20.32,0.6114,0.3801,0.5508,sam_uploaded,4835.037,36952,94430,9.76
2026-09-03T02:15:04.633,pi-test-01,img_7366,ADRES,Q,23.611,0.7182,0.4234,0.595,sam_uploaded,5148.418,36952,149281,6.17
2026-09-03T02:15:04.633,pi-test-01,img_7366,ADRES,E,20.306,0.6118,0.4234,0.595,sam_uploaded,4822.208,36952,93595,9.85
2026-09-03T02:15:15.142,pi-test-01,img_7367,ADRES,Q,23.667,0.7193,0.4042,0.5757,sam_uploaded,5097.094,36952,150784,6.11
2026-09-03T02:15:15.142,pi-test-01,img_7367,ADRES,E,20.344,0.6129,0.4042,0.5757,sam_uploaded,4782,36952,94404,9.76
2026-09-03T02:15:25.748,pi-test-01,img_7368,ADRES,Q,23.605,0.7184,0.4033,0.5748,sam_uploaded,5091.031,36952,151563,6.08
2026-09-03T02:15:25.748,pi-test-01,img_7368,ADRES,E,20.25,0.611,0.4033,0.5748,sam_uploaded,4875.601,36952,94303,9.77
2026-09-03T02:15:34.407,pi-test-01,img_7369,ADRES,Q,24.293,0.6787,0.3939,0.5652,sam_uploaded,4426.858,36952,111378,8.27
2026-09-03T02:15:34.407,pi-test-01,img_7369,ADRES,E,20.516,0.5742,0.3939,0.5652,sam_uploaded,3743.446,36952,66235,13.91
2026-09-03T02:15:43.191,pi-test-01,img_7370,ADRES,Q,24.26,0.6785,0.4322,0.6036,sam_uploaded,4459.731,36952,111339,8.28
2026-09-03T02:15:43.191,pi-test-01,img_7370,ADRES,E,20.446,0.5717,0.4322,0.6036,sam_uploaded,3780.544,36952,66302,13.9
2026-09-03T02:15:52.104,pi-test-01,img_7371,ADRES,Q,24.262,0.6779,0.414,0.5855,sam_uploaded,4486.253,36952,109177,8.44
2026-09-03T02:15:52.104,pi-test-01,img_7371,ADRES,E,20.448,0.5701,0.414,0.5855,sam_uploaded,3832.583,36952,65384,14.1
2026-09-03T02:16:00.917,pi-test-01,img_7372,ADRES,Q,24.248,0.6782,0.4431,0.6141,sam_uploaded,4495.93,36952,109463,8.42
2026-09-03T02:16:00.917,pi-test-01,img_7372,ADRES,E,20.392,0.5687,0.4431,0.6141,sam_uploaded,3791.664,36952,65303,14.11
2026-09-03T02:16:12.205,pi-test-01,img_7373,ADRES,Q,24.708,0.8081,0.6106,0.7582,sam_uploaded,5764.517,36952,142934,6.45
2026-09-03T02:16:12.205,pi-test-01,img_7373,ADRES,E,20.681,0.6982,0.6106,0.7582,sam_uploaded,4920.797,36952,87050,10.59
2026-09-03T02:16:23.566,pi-test-01,img_7374,ADRES,Q,24.659,0.8077,0.6401,0.7805,sam_uploaded,5786.499,36952,142604,6.46
2026-09-03T02:16:23.566,pi-test-01,img_7374,ADRES,E,20.633,0.6984,0.6401,0.7805,sam_uploaded,4967.834,36952,86993,10.59
2026-09-03T02:16:34.736,pi-test-01,img_7375,ADRES,Q,24.67,0.807,0.6174,0.7634,sam_uploaded,5670.399,36952,149883,6.15
2026-09-03T02:16:34.736,pi-test-01,img_7375,ADRES,E,20.649,0.6965,0.6174,0.7634,sam_uploaded,4907.693,36952,91841,10.03
2026-09-03T02:16:45.893,pi-test-01,img_7376,ADRES,Q,24.681,0.8076,0.5887,0.7411,sam_uploaded,5656.979,36952,148504,6.21
2026-09-03T02:16:45.893,pi-test-01,img_7376,ADRES,E,20.722,0.6998,0.5887,0.7411,sam_uploaded,4897.893,36952,90767,10.15
2026-09-03T02:16:53.340,pi-test-01,img_7377,ADRES,Q,23.265,0.5766,0.2932,0.4534,sam_uploaded,3496.277,36952,94576,9.74
2026-09-03T02:16:53.340,pi-test-01,img_7377,ADRES,E,20.388,0.4669,0.2932,0.4534,sam_uploaded,3387.635,36952,59104,15.59
2026-09-03T02:17:00.810,pi-test-01,img_7378,ADRES,Q,23.254,0.5773,0.2965,0.4573,sam_uploaded,3468.691,36952,95993,9.6
2026-09-03T02:17:00.810,pi-test-01,img_7378,ADRES,E,20.342,0.4645,0.2965,0.4573,sam_uploaded,3408.189,36952,59095,15.6
2026-09-03T02:17:08.374,pi-test-01,img_7379,ADRES,Q,23.298,0.5777,0.2737,0.4298,sam_uploaded,3557.895,36952,96704,9.53
2026-09-03T02:17:08.374,pi-test-01,img_7379,ADRES,E,20.44,0.4678,0.2737,0.4298,sam_uploaded,3463.832,36952,59626,15.46
2026-09-03T02:17:15.887,pi-test-01,img_7380,ADRES,Q,23.267,0.5774,0.3093,0.4725,sam_uploaded,3509.554,36952,97102,9.49
2026-09-03T02:17:15.887,pi-test-01,img_7380,ADRES,E,20.396,0.4659,0.3093,0.4725,sam_uploaded,3417.602,36952,59645,15.45
2026-09-03T02:17:25.091,pi-test-01,img_7381,ADRES,Q,23.866,0.6657,0.4824,0.6508,sam_uploaded,4485.144,36952,126128,7.31
2026-09-03T02:17:25.091,pi-test-01,img_7381,ADRES,E,20.455,0.5436,0.4824,0.6508,sam_uploaded,4129.268,36952,74268,12.41
2026-09-03T02:17:34.516,pi-test-01,img_7382,ADRES,Q,23.846,0.6651,0.4948,0.662,sam_uploaded,4604.91,36952,124117,7.43
2026-09-03T02:17:34.516,pi-test-01,img_7382,ADRES,E,20.448,0.5422,0.4948,0.662,sam_uploaded,4225.807,36952,73331,12.57
2026-09-03T02:17:43.978,pi-test-01,img_7383,ADRES,Q,23.821,0.6642,0.4907,0.6583,sam_uploaded,4684.571,36952,114023,8.08
2026-09-03T02:17:43.978,pi-test-01,img_7383,ADRES,E,20.325,0.5369,0.4907,0.6583,sam_uploaded,4161.241,36952,70600,13.05
2026-09-03T02:17:53.356,pi-test-01,img_7384,ADRES,Q,23.84,0.6646,0.4932,0.6606,sam_uploaded,4664.754,36952,114103,8.08
2026-09-03T02:17:53.356,pi-test-01,img_7384,ADRES,E,20.398,0.5378,0.4932,0.6606,sam_uploaded,4112.179,36952,70638,13.05
2026-09-03T02:18:02.887,pi-test-01,img_7385,ADRES,Q,24.527,0.7349,0.5996,0.7497,sam_uploaded,4971.098,36952,116309,7.92
2026-09-03T02:18:02.887,pi-test-01,img_7385,ADRES,E,20.887,0.6269,0.5996,0.7497,sam_uploaded,3952.682,36952,66182,13.93
2026-09-03T02:18:12.398,pi-test-01,img_7386,ADRES,Q,24.399,0.7336,0.6003,0.7502,sam_uploaded,4962.16,36952,116725,7.9
2026-09-03T02:18:12.398,pi-test-01,img_7386,ADRES,E,20.683,0.623,0.6003,0.7502,sam_uploaded,3969.88,36952,66621,13.83
2026-09-03T02:18:21.875,pi-test-01,img_7387,ADRES,Q,24.511,0.7356,0.5984,0.7488,sam_uploaded,4899.462,36952,120251,7.66
2026-09-03T02:18:21.875,pi-test-01,img_7387,ADRES,E,20.911,0.6307,0.5984,0.7488,sam_uploaded,3913.052,36952,67254,13.7
2026-09-03T02:18:31.256,pi-test-01,img_7388,ADRES,Q,24.544,0.7361,0.5952,0.7462,sam_uploaded,4887.725,36952,118659,7.77
2026-09-03T02:18:31.256,pi-test-01,img_7388,ADRES,E,20.934,0.6322,0.5952,0.7462,sam_uploaded,3949.018,36952,67370,13.68
2026-09-03T02:18:41.694,pi-test-01,img_7389,ADRES,Q,23.555,0.7064,0.4788,0.6476,sam_uploaded,4896.673,36952,180827,5.1
2026-09-03T02:18:41.694,pi-test-01,img_7389,ADRES,E,19.89,0.5844,0.4788,0.6476,sam_uploaded,4941.907,36952,109306,8.43
2026-09-03T02:18:52.231,pi-test-01,img_7390,ADRES,Q,23.561,0.7059,0.4741,0.6433,sam_uploaded,4904.152,36952,181634,5.07
2026-09-03T02:18:52.231,pi-test-01,img_7390,ADRES,E,19.948,0.5837,0.4741,0.6433,sam_uploaded,4950.82,36952,110103,8.37
2026-09-03T02:19:02.739,pi-test-01,img_7391,ADRES,Q,23.549,0.7042,0.4706,0.64,sam_uploaded,4946.882,36952,177880,5.18
2026-09-03T02:19:02.739,pi-test-01,img_7391,ADRES,E,19.893,0.5819,0.4706,0.64,sam_uploaded,4948.251,36952,108225,8.52
2026-09-03T02:19:13.286,pi-test-01,img_7392,ADRES,Q,23.545,0.7048,0.4682,0.6378,sam_uploaded,5006.935,36952,177655,5.19
2026-09-03T02:19:13.286,pi-test-01,img_7392,ADRES,E,19.871,0.5812,0.4682,0.6378,sam_uploaded,4943.045,36952,108840,8.47
2026-09-03T02:19:23.885,pi-test-01,img_7393,ADRES,Q,23.704,0.7227,0.3898,0.5609,sam_uploaded,5325.105,36952,129394,7.12
2026-09-03T02:19:23.885,pi-test-01,img_7393,ADRES,E,20.152,0.5803,0.3898,0.5609,sam_uploaded,4669.942,36952,80093,11.51
2026-09-03T02:19:34.553,pi-test-01,img_7394,ADRES,Q,23.709,0.723,0.3986,0.57,sam_uploaded,5383.48,36952,129156,7.14
2026-09-03T02:19:34.553,pi-test-01,img_7394,ADRES,E,20.141,0.5809,0.3986,0.57,sam_uploaded,4760.662,36952,79736,11.56
2026-09-03T02:19:45.091,pi-test-01,img_7395,ADRES,Q,23.812,0.7261,0.3785,0.5492,sam_uploaded,5208.173,36952,136047,6.77
2026-09-03T02:19:45.091,pi-test-01,img_7395,ADRES,E,20.345,0.5932,0.3785,0.5492,sam_uploaded,4714.154,36952,82223,11.21
2026-09-03T02:19:55.546,pi-test-01,img_7396,ADRES,Q,23.803,0.7264,0.3904,0.5616,sam_uploaded,5178.539,36952,136174,6.77
2026-09-03T02:19:55.546,pi-test-01,img_7396,ADRES,E,20.317,0.5945,0.3904,0.5616,sam_uploaded,4681.851,36952,82400,11.18
2026-09-03T02:20:03.053,pi-test-01,img_7397,ADRES,Q,23.299,0.6037,0.3878,0.5588,sam_uploaded,3712.866,36952,88077,10.46
2026-09-03T02:20:03.053,pi-test-01,img_7397,ADRES,E,19.787,0.4549,0.3878,0.5588,sam_uploaded,3302.804,36952,51552,17.88
2026-09-03T02:20:10.586,pi-test-01,img_7398,ADRES,Q,23.281,0.6034,0.4477,0.6185,sam_uploaded,3695.764,36952,88334,10.43
2026-09-03T02:20:10.586,pi-test-01,img_7398,ADRES,E,19.73,0.4524,0.4477,0.6185,sam_uploaded,3359.151,36952,51763,17.8
2026-09-03T02:20:18.155,pi-test-01,img_7399,ADRES,Q,23.223,0.6017,0.4134,0.585,sam_uploaded,3682.988,36952,96479,9.55
2026-09-03T02:20:18.155,pi-test-01,img_7399,ADRES,E,19.638,0.4496,0.4134,0.585,sam_uploaded,3304.075,36952,57255,16.1
2026-09-03T02:20:25.732,pi-test-01,img_7400,ADRES,Q,23.207,0.6014,0.4163,0.5879,sam_uploaded,3674.138,36952,95571,9.64
2026-09-03T02:20:25.732,pi-test-01,img_7400,ADRES,E,19.662,0.4509,0.4163,0.5879,sam_uploaded,3344.025,36952,56757,16.24
2026-09-03T02:20:34.417,pi-test-01,img_7401,ADRES,Q,24.052,0.6786,0.3637,0.5334,sam_uploaded,4251.564,36952,91495,10.07
2026-09-03T02:20:34.417,pi-test-01,img_7401,ADRES,E,20.762,0.5646,0.3637,0.5334,sam_uploaded,3918.936,36952,57088,16.14
2026-09-03T02:20:43.033,pi-test-01,img_7402,ADRES,Q,24.094,0.6799,0.3729,0.5433,sam_uploaded,4239.677,36952,91204,10.1
2026-09-03T02:20:43.033,pi-test-01,img_7402,ADRES,E,20.805,0.5652,0.3729,0.5433,sam_uploaded,3837.384,36952,56808,16.22
2026-09-03T02:20:51.624,pi-test-01,img_7403,ADRES,Q,24.098,0.6808,0.3749,0.5454,sam_uploaded,4204.843,36952,98435,9.36
2026-09-03T02:20:51.624,pi-test-01,img_7403,ADRES,E,20.855,0.5702,0.3749,0.5454,sam_uploaded,3886.494,36952,60008,15.36
2026-09-03T02:21:00.275,pi-test-01,img_7404,ADRES,Q,24.135,0.6815,0.3511,0.5197,sam_uploaded,4245.268,36952,98954,9.31
2026-09-03T02:21:00.275,pi-test-01,img_7404,ADRES,E,20.884,0.5718,0.3511,0.5197,sam_uploaded,3918.546,36952,60337,15.27
2026-09-03T02:21:10.913,pi-test-01,img_7405,ADRES,Q,24.293,0.7236,0.5272,0.6904,sam_uploaded,5508.234,36952,124192,7.42
2026-09-03T02:21:10.913,pi-test-01,img_7405,ADRES,E,20.698,0.6041,0.5272,0.6904,sam_uploaded,4547.097,36952,77882,11.83
2026-09-03T02:21:21.557,pi-test-01,img_7406,ADRES,Q,24.308,0.7247,0.4132,0.5847,sam_uploaded,5450.661,36952,124575,7.4
2026-09-03T02:21:21.557,pi-test-01,img_7406,ADRES,E,20.643,0.6012,0.4132,0.5847,sam_uploaded,4466.858,36952,77785,11.85
2026-09-03T02:21:32.106,pi-test-01,img_7407,ADRES,Q,24.378,0.7258,0.5247,0.6883,sam_uploaded,5357.119,36952,137467,6.7
2026-09-03T02:21:32.106,pi-test-01,img_7407,ADRES,E,20.841,0.6098,0.5247,0.6883,sam_uploaded,4558.922,36952,85759,10.75
2026-09-03T02:21:42.754,pi-test-01,img_7408,ADRES,Q,24.421,0.7269,0.5204,0.6845,sam_uploaded,5435.18,36952,136108,6.77
2026-09-03T02:21:42.754,pi-test-01,img_7408,ADRES,E,20.886,0.6107,0.5204,0.6845,sam_uploaded,4624.625,36952,84111,10.96
2026-09-03T02:21:53.759,pi-test-01,img_7409,ADRES,Q,24.239,0.7471,0.4764,0.6454,sam_uploaded,5580.009,36952,136685,6.74
2026-09-03T02:21:53.759,pi-test-01,img_7409,ADRES,E,20.327,0.6116,0.4764,0.6454,sam_uploaded,4797.907,36952,83947,10.98
2026-09-03T02:22:04.983,pi-test-01,img_7410,ADRES,Q,24.262,0.7476,0.5396,0.701,sam_uploaded,5691.548,36952,136167,6.77
2026-09-03T02:22:04.983,pi-test-01,img_7410,ADRES,E,20.34,0.6102,0.5396,0.701,sam_uploaded,4903.213,36952,83970,10.98
2026-09-03T02:22:15.825,pi-test-01,img_7411,ADRES,Q,24.302,0.7483,0.4645,0.6343,sam_uploaded,5476.115,36952,150652,6.12
2026-09-03T02:22:15.825,pi-test-01,img_7411,ADRES,E,20.462,0.615,0.4645,0.6343,sam_uploaded,4830.028,36952,90329,10.2
2026-09-03T02:22:26.601,pi-test-01,img_7412,ADRES,Q,24.311,0.7489,0.5227,0.6866,sam_uploaded,5398.11,36952,147395,6.25
2026-09-03T02:22:26.601,pi-test-01,img_7412,ADRES,E,20.503,0.6166,0.5227,0.6866,sam_uploaded,4735.779,36952,89434,10.3
2026-09-03T02:22:36.249,pi-test-01,img_7413,ADRES,Q,23.366,0.6864,0.3807,0.5515,sam_uploaded,4443.664,36952,117294,7.86
2026-09-03T02:22:36.249,pi-test-01,img_7413,ADRES,E,20.414,0.5684,0.3807,0.5515,sam_uploaded,4214.523,36952,71484,12.89
2026-09-03T02:22:45.327,pi-test-01,img_7414,ADRES,Q,23.347,0.6861,0.3862,0.5572,sam_uploaded,4413.579,36952,116173,7.93
2026-09-03T02:22:45.327,pi-test-01,img_7414,ADRES,E,20.394,0.5676,0.3862,0.5572,sam_uploaded,4102.756,36952,71493,12.89
2026-09-03T02:22:54.182,pi-test-01,img_7415,ADRES,Q,23.33,0.686,0.3842,0.5551,sam_uploaded,4295.128,36952,115520,7.98
2026-09-03T02:22:54.182,pi-test-01,img_7415,ADRES,E,20.309,0.5641,0.3842,0.5551,sam_uploaded,3952.602,36952,71202,12.94
2026-09-03T02:23:03.239,pi-test-01,img_7416,ADRES,Q,23.311,0.6852,0.3796,0.5503,sam_uploaded,4393.211,36952,115847,7.96
2026-09-03T02:23:03.239,pi-test-01,img_7416,ADRES,E,20.326,0.567,0.3796,0.5503,sam_uploaded,4077.036,36952,71043,12.97
2026-09-03T02:23:13.749,pi-test-01,img_7417,ADRES,Q,22.79,0.7004,0.3594,0.5288,sam_uploaded,4937.598,36952,163913,5.62
2026-09-03T02:23:13.749,pi-test-01,img_7417,ADRES,E,19.17,0.5528,0.3594,0.5288,sam_uploaded,4912.647,36952,99680,9.25
2026-09-03T02:23:24.332,pi-test-01,img_7418,ADRES,Q,22.754,0.6996,0.3786,0.5492,sam_uploaded,4930.578,36952,163806,5.63
2026-09-03T02:23:24.332,pi-test-01,img_7418,ADRES,E,19.171,0.5519,0.3786,0.5492,sam_uploaded,4953.047,36952,99362,9.28
2026-09-03T02:23:34.339,pi-test-01,img_7419,ADRES,Q,22.839,0.7029,0.3209,0.4859,sam_uploaded,4606.776,36952,177800,5.18
2026-09-03T02:23:34.339,pi-test-01,img_7419,ADRES,E,19.217,0.557,0.3209,0.4859,sam_uploaded,4767.694,36952,107732,8.55
2026-09-03T02:23:44.178,pi-test-01,img_7420,ADRES,Q,22.858,0.7037,0.4041,0.5756,sam_uploaded,4511.485,36952,179367,5.14
2026-09-03T02:23:44.178,pi-test-01,img_7420,ADRES,E,19.367,0.5618,0.4041,0.5756,sam_uploaded,4691.599,36952,109407,8.42
2026-09-03T02:23:55.489,pi-test-01,img_7421,ADRES,Q,24.424,0.7581,0.6075,0.7558,sam_uploaded,5690.624,36952,137260,6.71
2026-09-03T02:23:55.489,pi-test-01,img_7421,ADRES,E,20.531,0.62,0.6075,0.7558,sam_uploaded,4944.58,36952,85559,10.77
2026-09-03T02:24:06.672,pi-test-01,img_7422,ADRES,Q,24.409,0.7584,0.6101,0.7578,sam_uploaded,5647.026,36952,137616,6.7
2026-09-03T02:24:06.672,pi-test-01,img_7422,ADRES,E,20.526,0.6211,0.6101,0.7578,sam_uploaded,4902.175,36952,85818,10.74
2026-09-03T02:24:17.875,pi-test-01,img_7423,ADRES,Q,24.447,0.7591,0.6034,0.7526,sam_uploaded,5627.644,36952,136439,6.75
2026-09-03T02:24:17.875,pi-test-01,img_7423,ADRES,E,20.534,0.6219,0.6034,0.7526,sam_uploaded,4943.553,36952,84972,10.85
2026-09-03T02:24:29.208,pi-test-01,img_7424,ADRES,Q,24.463,0.7596,0.6083,0.7565,sam_uploaded,5733.338,36952,136482,6.75
2026-09-03T02:24:29.208,pi-test-01,img_7424,ADRES,E,20.583,0.6233,0.6083,0.7565,sam_uploaded,4969.682,36952,84932,10.85
2026-09-03T02:24:36.802,pi-test-01,img_7425,ADRES,Q,26.479,0.8238,0.6699,0.8023,sam_uploaded,3978.275,36952,85289,10.81
2026-09-03T02:24:36.802,pi-test-01,img_7425,ADRES,E,21.797,0.7244,0.6699,0.8023,sam_uploaded,3093.217,36952,45852,20.1
2026-09-03T02:24:44.375,pi-test-01,img_7426,ADRES,Q,26.482,0.8239,0.6524,0.7897,sam_uploaded,3984.355,36952,85614,10.76
2026-09-03T02:24:44.375,pi-test-01,img_7426,ADRES,E,21.783,0.7249,0.6524,0.7897,sam_uploaded,3090.412,36952,45782,20.13
2026-09-03T02:24:52.147,pi-test-01,img_7427,ADRES,Q,26.492,0.824,0.6793,0.8091,sam_uploaded,4077.486,36952,84662,10.89
2026-09-03T02:24:52.147,pi-test-01,img_7427,ADRES,E,21.844,0.7264,0.6793,0.8091,sam_uploaded,3140.481,36952,45423,20.29
2026-09-03T02:24:59.870,pi-test-01,img_7428,ADRES,Q,26.489,0.8238,0.667,0.8003,sam_uploaded,4052.481,36952,84689,10.88
2026-09-03T02:24:59.870,pi-test-01,img_7428,ADRES,E,21.772,0.7255,0.667,0.8003,sam_uploaded,3095.049,36952,45563,20.23
2026-09-03T02:25:09.948,pi-test-01,img_7429,ADRES,Q,23.649,0.7012,0.4347,0.606,sam_uploaded,5081.842,36952,122942,7.5
2026-09-03T02:25:09.948,pi-test-01,img_7429,ADRES,E,19.982,0.568,0.4347,0.606,sam_uploaded,4394.133,36952,75679,12.18
2026-09-03T02:25:20.105,pi-test-01,img_7430,ADRES,Q,23.624,0.7011,0.429,0.6004,sam_uploaded,5121.382,36952,123208,7.48
2026-09-03T02:25:20.105,pi-test-01,img_7430,ADRES,E,19.957,0.5653,0.429,0.6004,sam_uploaded,4463.377,36952,75847,12.15
2026-09-03T02:25:30.327,pi-test-01,img_7431,ADRES,Q,23.656,0.7022,0.4326,0.6039,sam_uploaded,5157.073,37336,124505,7.4
2026-09-03T02:25:30.327,pi-test-01,img_7431,ADRES,E,19.972,0.568,0.4326,0.6039,sam_uploaded,4530.755,37336,76252,12.09
