algorithm,psnr,ssim,edge_preservation,iou,dice_coefficient,precision,recall,compression_ratio,execution_time,cpu_usage,memory_usage_mb
K-Means,24.7750834511366,0.692355799525174,0,0.494210332329996,0.661500354584417,0.990916369010962,0.49645948072384,0,0.737206220626831,89.5,2.84765625
Otsu,11.9469504375023,0.423684793845165,0.105007743933918,0.571930632289748,0.727679225204292,0.99098548104026,0.574921707471344,0,0.032146692276001,62.2,0.1640625
Adaptive Thresholding,12.178183970771,0.180536756125543,0.0528984573073783,0.65848262299112,0.79407841102794,0.993854787468404,0.661174619336326,0,0.00661110877990723,0,0.2421875
Region Growing,12.3649191216894,0.415132703134038,0.0689104392470051,0.728671822254956,0.843042401540906,0.992663043478261,0.73261751592848,0,0.167526006698608,101.5,1.59375
Split and Merge,11.9469504375023,0.423684793845165,0.105007743933918,0.571930632289748,0.727679225204292,0.99098548104026,0.574921707471344,0,0.00251483917236328,0,0
MobileNet-Seg,7.1865838640982,0.0652705680222634,0.21797520661157,0.0731948108041403,0.136405450468579,0.998737107977268,0.0732015859058021,0,7.87334156036377,70.1,234.1328125
K-Means,21.8736665524008,0.691673229704893,0.298590381426202,0.18404648299215,0.310877124565338,0.351252111331424,0.278827095721115,0,0.363141298294067,96.4,0
Otsu,10.5584218421279,0.487299278004188,0.22707100591716,0.615658132919576,0.762114361170021,0.702545186278126,0.83272123119972,0,0.00171637535095215,0,0.00390625
Adaptive Thresholding,8.84729494827903,0.254766249319823,0.213147645462056,0.433232535295364,0.604553029081331,0.560866746459206,0.655619680540982,0,0.00164222717285156,0,0
Region Growing,3.75748339080317,0.000122916464902433,0.00115577244124823,0,0,0,0,0,0.00227832794189453,0,0
Split and Merge,10.5584218421279,0.487299278004188,0.22707100591716,0.615658132919576,0.762114361170021,0.702545186278126,0.83272123119972,0,0.0169599056243897,58.9,0
MobileNet-Seg,3.81894057560918,0.0105532405520829,0.022623862487361,0,0,0,0,0,0.316733121871948,97.9,20.80078125
K-Means,20.301962895216,0.720464242994828,0.352104262829215,0.149045922493497,0.259425527867605,0.257359601449275,0.261524890695712,0,0.487915515899658,100.4,0
Otsu,19.5250509408464,0.782092693429007,0.600044439506722,0.367292175926777,0.537254849246569,0.413584718226785,0.766433995551124,0,0.00205707550048828,0,0
Adaptive Thresholding,10.9389691100549,0.486264188150786,0.383140432098765,0.311089510607726,0.474551139477162,0.409262759924386,0.564623763135691,0,0.00229406356811523,0,0
Region Growing,5.77011617603146,0.00283817898380276,0.000345877144438296,0,0,0,0,0,0.00340056419372559,0,0
Split and Merge,19.5250509408464,0.782092693429007,0.600044439506722,0.367292175926777,0.537254849246569,0.413584718226785,0.766433995551124,0,0.0427792072296143,93.5,0
MobileNet-Seg,5.96220787118629,0.0258453582981981,0.0343083652268999,0.0865996778399939,0.159395736269942,1,0.0865996778399939,0,0.343153715133667,96.2,0.046875
K-Means,21.676894475472,0.810682445583947,0.412543109911531,0.314338159468713,0.478321590534624,0.553594130253169,0.421068626367554,0,0.286831855773926,101.1,0
Otsu,17.6959792136094,0.731351764446234,0.585271025215159,0.453265231667275,0.623788723201285,0.571586308428414,0.686484694441375,0,0.00172781944274902,0,0
Adaptive Thresholding,11.529551350775,0.596304316918387,0.489750538531026,0.363674041327044,0.533373856663193,0.560091185410334,0.509089402143883,0,0.00171089172363281,0,0
Region Growing,6.18889420603974,0.00127441551562061,0.000239888691647076,0,0,0,0,0,0.00197172164916992,504.7,0
Split and Merge,17.6959792136094,0.731351764446234,0.585271025215159,0.453265231667275,0.623788723201285,0.571586308428414,0.686484694441375,0,0.0340330600738525,88.1,0
MobileNet-Seg,9.35818354392141,0.622490460303346,0.571555555555556,0.185351616788659,0.312736936725681,0.295895476395908,0.331611227759974,0,0.276646137237549,97.6,0.01953125
K-Means,22.9995747078588,0.620458747453539,0.0730044123545929,0.39656882496978,0.567918770459968,0.978359778245078,0.400078173858662,0,0.486150026321411,94.6,0
Otsu,12.4554095789986,0.501960692333414,0.14713216957606,0.568842711591465,0.725174942508315,0.983350732085977,0.574374609130707,0,0.00240230560302734,415,0
Adaptive Thresholding,13.9865087302721,0.325408283870887,0.0781647730800273,0.723735468951281,0.839729160288848,0.99000042461042,0.729065040650407,0,0.00174689292907715,0,0
Region Growing,11.5874718274263,0.422643501029729,0.105987410335236,0.623429278861034,0.768039959582865,0.983881209397743,0.629862414008755,0,0.1378014087677,101.6,1.79296875
Split and Merge,12.4554095789986,0.501960692333414,0.14713216957606,0.568842711591465,0.725174942508315,0.983350732085977,0.574374609130707,0,0.0134837627410889,148.2,0
MobileNet-Seg,8.38457769344098,0.226782996290039,0.096558988764045,0.279328125,0.436679409357939,0.997767483395658,0.279502814258912,0,0.464297294616699,99.1,0.41796875
K-Means,24.8017582933566,0.668200241329781,0.218498227521753,0.0115773324687238,0.0228896636908019,0.0238724195284219,0.0219846227775108,0,0.495212316513062,98.9,0
Otsu,13.7578128521036,0.492462505477341,0.178348715390372,0.135968167248267,0.239387284201162,0.222817367903535,0.258619654012494,0,0.00211715698242188,0,0
Adaptive Thresholding,12.2095110836232,0.252206837012763,0.0809076817085773,0.357640400522421,0.526855860189194,0.474535477038606,0.592143200384431,0,0.00186920166015625,0,0
Region Growing,8.38298718408617,0.152027891005067,0.105032599837001,0.613292158968851,0.760298939729356,0.852742411231005,0.685938250840942,0,0.100184917449951,99.8,0
Split and Merge,13.7578128521036,0.492462505477341,0.178348715390372,0.135968167248267,0.239387284201162,0.222817367903535,0.258619654012494,0,0.00931477546691895,107.2,0
MobileNet-Seg,15.6858480669654,0.82245528640121,0.512708600770218,0.516766008457927,0.681405049396268,0.536952460037368,0.932184046131668,0,0.444839239120483,94.4,0.0234375
K-Means,21.7891532403349,0.679535431485346,0.367990932951563,0.336493061165868,0.503546289828596,0.697569689977297,0.393967419863374,0,0.452046155929565,97.3,0
Otsu,17.8772536414448,0.706892538191711,0.481333836125626,0.668800227579831,0.80153419987215,0.812703899751539,0.790667367314766,0,0.00194859504699707,0,0
Adaptive Thresholding,10.3133935110881,0.451256320613409,0.335747861601295,0.478862194339488,0.647608947165446,0.758961611253919,0.564750394114556,0,0.00247478485107422,400,0
Region Growing,5.5706030296253,0.00234999799220253,0.000238815475242796,0,0,0,0,0,0.00319552421569824,0,0
Split and Merge,17.8772536414448,0.706892538191711,0.481333836125626,0.668800227579831,0.80153419987215,0.812703899751539,0.790667367314766,0,0.029573917388916,67.6,0
MobileNet-Seg,5.57048478198943,0.00234327866412364,0,0,0,0,0,0,0.304198980331421,101.9,0.0078125
K-Means,27.5434242079659,0.801636284110007,0.32029271038559,0.977758560116747,0.988754218875969,0.977758560116747,1,0,0.251092672348022,99.6,0
Otsu,35.552343540826,0.964991860179894,0.7215411558669,0,0,0,0,0,0.00163125991821289,0,0
Adaptive Thresholding,16.8566867995714,0.687414902952631,0.144971250824771,0.607328199161542,0.755699053221804,0.646680563203021,0.908927584300719,0,0.000977754592895508,0,0
Region Growing,11.6695870712514,0.468941060709589,0.00160170848905499,0,0,0,0,0,0.00202393531799316,0,0
Split and Merge,35.552343540826,0.964991860179894,0.7215411558669,0,0,0,0,0,0.0186150074005127,107.4,0
MobileNet-Seg,11.6683420823011,0.468960885464701,0,0,0,0,0,0,0.267287969589233,97.3,0.00390625
K-Means,22.2245945546683,0.660258113269263,0.324865718799368,0.410558410202439,0.582121813932565,0.9828819148542,0.413515198752923,0,0.314610958099365,101.7,0
Otsu,17.3589470608135,0.676211548649117,0.520708283313325,0.665679469381459,0.799288796695868,0.984487635733187,0.672735775526111,0,0.00134730339050293,0,0
Adaptive Thresholding,10.2993070784893,0.440233672759113,0.34306103286385,0.528180850899783,0.691254376847862,0.980000572229693,0.533936087295401,0,0.00143527984619141,692.9,0
Region Growing,5.70942966515965,0.00588609982947897,0.0153869826127096,0.010319563522993,0.020428315743998,1,0.010319563522993,0,0.00356864929199219,0,0
Split and Merge,17.3589470608135,0.676211548649117,0.520708283313325,0.665679469381459,0.799288796695868,0.984487635733187,0.672735775526111,0,0.022437572479248,89.1,0
MobileNet-Seg,5.7794134116522,0.0631801838325882,0.101093316907915,0.0673261157411013,0.126158471620182,0.989695443095947,0.067373343725643,0,0.268298387527466,100.6,0
K-Means,25.4970891553572,0.765136085715378,0.19890049477735,0.416684784296674,0.588253348825993,0.980522565320665,0.420162540517687,0,0.343008518218994,99.1,0
Otsu,11.9038392442923,0.336154123354653,0.240547782077999,0.496442025952281,0.663496503496504,0.980345334313005,0.501432799361112,0,0.0017697811126709,0,0
Adaptive Thresholding,11.3583704028716,0.30861002322203,0.194227230910764,0.55267930494629,0.711904001277853,0.982042030462445,0.55832198055151,0,0.00174260139465332,0,0
Region Growing,6.96920053467436,0.00134531859988213,0.00640414225371304,0.00148760589405114,0.00297079241978861,1,0.00148760589405114,0,0.00212764739990234,0,0
Split and Merge,11.9038392442923,0.336154123354653,0.240547782077999,0.496442025952281,0.663496503496504,0.980345334313005,0.501432799361112,0,0.012415885925293,80.7,0
MobileNet-Seg,8.01819401795331,0.246593660977388,0.254751881617553,0.254036631852977,0.405150257018584,0.960567176422336,0.256713800284994,0,0.26225757598877,99.1,0.0078125
K-Means,23.3631172917637,0.670507502135572,0.314550697529421,0.568653315745293,0.72502102285758,0.930095716303154,0.594042041440132,0,0.296473503112793,101.2,0
Otsu,19.3178955482948,0.734769701577582,0.48348492101484,0.740514418084512,0.850914431262764,0.784887289660282,0.929070728835217,0,0.00144338607788086,0,0
Adaptive Thresholding,11.4821646786146,0.421233813732491,0.260115606936416,0.454349731356933,0.624814955523823,0.654777594728171,0.59747450705284,0,0.00147175788879395,0,0
Region Growing,6.69608917167847,0.00318680371927521,0.0123713597547624,0,0,0,0,0,0.00254273414611816,391.3,0
Split and Merge,19.3178955482948,0.734769701577582,0.48348492101484,0.740514418084512,0.850914431262764,0.784887289660282,0.929070728835217,0,0.0189046859741211,105.7,0
MobileNet-Seg,6.67233601655191,0.000971399332391947,0,0,0,0,0,0,0.282345771789551,99.2,0.00390625
K-Means,20.7623705660926,0.661523695912692,0.319738167170191,0.683417313541241,0.811940459497357,0.944983209365094,0.711736201394634,0,0.276941537857056,101.1,0
Otsu,17.6086823415201,0.665775363193947,0.503117841689997,0.498176678938461,0.665043964362662,0.655463728191001,0.674908403262026,0,0.00142621994018555,0,0
Adaptive Thresholding,11.6894082452016,0.453884434689845,0.344973058769475,0.400667577523737,0.57210944831333,0.598893570819223,0.54761848481267,0,0.0014030933380127,0,0
Region Growing,6.30336710039873,0.00257155715418,0.0010710166419509,0.00106370405389434,0.00212514757969303,1,0.00106370405389434,0,0.00212883949279785,467.4,0
Split and Merge,17.6086823415201,0.665775363193947,0.503117841689997,0.498176678938461,0.665043964362662,0.655463728191001,0.674908403262026,0,0.0363996028900147,109.9,0
MobileNet-Seg,11.3772137045098,0.607044517467559,0.559764505383841,0.385000246058956,0.555956935248901,0.557138109481081,0.554780758775558,0,0.273508787155151,102.4,0
K-Means,24.463611177796,0.661268023227293,0.21028880866426,0.42004677721823,0.591595691011069,0.706564117104983,0.508805513016845,0,0.256019592285156,101.5,0
Otsu,15.3559743563012,0.475369012988976,0.155990706936608,0.711471103327496,0.83141468406242,0.833333333333333,0.829504849412966,0,0.00146794319152832,674.2,0
Adaptive Thresholding,12.7422127465615,0.293764542969865,0.0971343028229256,0.467912475218445,0.637520946402221,0.624969352228706,0.650587034201123,0,0.00119996070861816,826.6,0
Region Growing,8.84995210709412,0.118669244634303,0.123925027563396,0.28286040952084,0.440983925330568,0.603896680276939,0.347294538029607,0,0.0418167114257813,119.5,0
Split and Merge,15.3559743563012,0.475369012988976,0.155990706936608,0.711471103327496,0.83141468406242,0.833333333333333,0.829504849412966,0,0.0143506526947021,69.6,0
MobileNet-Seg,100,1,1,0.59783935546875,0.748309713892815,0.59783935546875,1,0,0.261289596557617,99.5,0
K-Means,25.5156915764927,0.617245538548333,0.227719632096416,0.041569476841053,0.0798208429976806,0.0788957753604857,0.0807678611893432,0,0.356412649154663,101,0
Otsu,12.8382194784116,0.39063193373263,0.240841032175852,0.794262541303695,0.885335922720196,0.916816920943135,0.855945097277524,0,0.00157356262207031,0,0.00390625
Adaptive Thresholding,11.8079159427485,0.288062776235162,0.0990027052125813,0.389951532800128,0.561100906899323,0.503930716292497,0.632902787219579,0,0.00167059898376465,0,0
Region Growing,7.73912706215637,0.0667866501868817,0.112361809045226,0.0386068762681261,0.0743435791737611,0.0832797944105365,0.0671392962351494,0,0.0506668090820313,98.6,0
Split and Merge,12.8382194784116,0.39063193373263,0.240841032175852,0.794262541303695,0.885335922720196,0.916816920943135,0.855945097277524,0,0.0148043632507324,135,0
MobileNet-Seg,7.79876452394867,0.316950454394433,0.368190212373038,0.00747674219508019,0.0148425107636528,0.0178110129163834,0.012722152083131,0,0.261067152023315,99.6,0
K-Means,24.3544049035777,0.688659908424781,0.272632239180431,0.641278890600925,0.781438053305044,0.985788389113906,0.647262830482115,0,0.230921268463135,99.6,0
Otsu,15.8683980480547,0.717805008699902,0.343345724907063,0.749792032535354,0.857007025513708,0.98754210120521,0.756951788491446,0,0.00130009651184082,0,0
Adaptive Thresholding,12.0017476950972,0.216660438598304,0.107701616388625,0.656682560992547,0.792768121611804,0.988318082586279,0.661819595645412,0,0.00200200080871582,0,0
Region Growing,6.50685767816541,-0.000354266097937021,0.0298255486775464,0.00505443234836703,0.0100580270793037,1,0.00505443234836703,0,0.00254511833190918,0,0
Split and Merge,15.8683980480547,0.717805008699902,0.343345724907063,0.749792032535354,0.857007025513708,0.98754210120521,0.756951788491446,0,0.0074620246887207,133.8,0.00390625
MobileNet-Seg,6.49271714390272,0.000307653010936671,0,0,0,0,0,0,0.267820358276367,104.5,0
K-Means,23.8667945276939,0.644120912248513,0.267714156216951,0.430183422335733,0.601577973310822,0.984624105434706,0.433092830094591,0,0.308849334716797,100.4,0
Otsu,16.8344933719658,0.583355329760695,0.331981652595892,0.654888322126903,0.791459234282619,0.987783269607386,0.66023593211887,0,0.00136995315551758,0,0
Adaptive Thresholding,11.6029905984763,0.394794807380318,0.229417310956063,0.541924913831744,0.702919978749211,0.985164372014611,0.546383880569105,0,0.00158071517944336,0,0
Region Growing,7.16594956284217,0.0253050641448495,0.116541670177804,0.141634494627657,0.248125814863103,0.965542754465701,0.14235402284521,0,0.02130126953125,93.8,0
Split and Merge,16.8344933719658,0.583355329760695,0.331981652595892,0.654888322126903,0.791459234282619,0.987783269607386,0.66023593211887,0,0.0174586772918701,114.5,0
MobileNet-Seg,100,1,1,0.979171752929688,0.989476281156761,0.979171752929688,1,0,0.280850410461426,99.7,0
K-Means,24.8943287853832,0.573401755491259,0.217651279598182,0.550545836357179,0.710131649704236,0.978189300411523,0.557388069034517,0,0.332393169403076,99.3,0
Otsu,17.3960401327757,0.613894046666346,0.167994999218628,0.685107563336004,0.813132144490169,0.979639504649421,0.695003751875938,0,0.00130701065063477,0,0
Adaptive Thresholding,12.9096966609946,0.302787658927065,0.0711293419444929,0.607850709838877,0.756103419452157,0.980928875925511,0.615120060030015,0,0.00139260292053223,0,0
Region Growing,8.91071957475546,0.142913389004489,0.125906394199077,0.287219472717652,0.446263405433508,0.984739341550611,0.288503626813407,0,0.0361261367797852,110.7,0
Split and Merge,17.3960401327757,0.613894046666346,0.167994999218628,0.685107563336004,0.813132144490169,0.979639504649421,0.695003751875938,0,0.00943112373352051,105.9,0
MobileNet-Seg,13.5232126909538,0.5201877414853,0.0824561403508772,0.56012266138025,0.718049516548534,0.98368057444378,0.56537643821911,0,0.260796546936035,99.7,0
K-Means,26.036209823501,0.771029810826892,0.259002624671916,0.470271434726411,0.63970695970696,0.994144818164075,0.471577583014443,0,0.336398839950562,101.1,0
Otsu,12.367831799089,0.406523704171713,0.236436912266198,0.603494148224474,0.752723854830047,0.994550892133009,0.605496235032712,0,0.00169634819030762,0,0
Adaptive Thresholding,10.8591434364057,0.304428260797383,0.175282371535407,0.531714523128058,0.694273658830621,0.994875043187838,0.533174916676954,0,0.0016942024230957,0,0
Region Growing,10.8139308585148,-0.0107519192351944,0.138894502829426,0.576017361324879,0.730978446634179,0.995637021469047,0.577475003086039,0,0.0733301639556885,109.1,0
Split and Merge,12.367831799089,0.406523704171713,0.236436912266198,0.603494148224474,0.752723854830047,0.994550892133009,0.605496235032712,0,0.00542736053466797,0,0
MobileNet-Seg,7.82878463290132,0.203163178758523,0.14518019337826,0.219432786075793,0.359893203760645,1,0.219432786075793,0,0.265600681304932,101.6,0.00390625
K-Means,23.6010199554259,0.686896389372023,0.213798059647862,0.779972371630956,0.876387054161163,0.962880986937591,0.804151515151515,0,0.316716432571411,101,0
Otsu,12.2647837674856,0.424485941968913,0.182229611157292,0.690060737080502,0.816610577289132,0.820747497627721,0.812515151515152,0,0.00156092643737793,0,0
Adaptive Thresholding,11.5966492078307,0.298830372851368,0.154407447789986,0.439252882517918,0.61039013762399,0.551458542191359,0.683424242424242,0,0.00121521949768066,0,0
Region Growing,6.74517490238633,0.0594840945099957,0.0947592570684964,0.105588462528972,0.191008618681575,0.412890231621349,0.124242424242424,0,0.0207135677337647,96.5,0
Split and Merge,12.2647837674856,0.424485941968913,0.182229611157292,0.690060737080502,0.816610577289132,0.820747497627721,0.812515151515152,0,0.0142381191253662,140.4,0
MobileNet-Seg,8.65057633130304,0.278382559520611,0.10964243348585,0.629128267109835,0.772349580829438,0.995458022566456,0.630939393939394,0,0.275523662567139,101.6,0
K-Means,22.6726449289789,0.680909421261065,0.283145875937287,0.653589433069536,0.790509929488708,0.972468990948709,0.665911047345768,0,0.289498805999756,100.2,0
Otsu,14.2938627327619,0.455437161898608,0.246046858183624,0.699158608564611,0.822946845621711,0.848637278214743,0.798766140602582,0,0.00173711776733398,0,0
Adaptive Thresholding,12.0542163263576,0.383149046442999,0.213496515383308,0.451688145081346,0.622293633259691,0.583356344922807,0.666800573888092,0,0.00159192085266113,0,0
Region Growing,6.51818796838624,0.0135636420480604,0.107637734175812,0,0,0,0,0,0.0147490501403809,135.5,0
Split and Merge,14.2938627327619,0.455437161898608,0.246046858183624,0.699158608564611,0.822946845621711,0.848637278214743,0.798766140602582,0,0.0157957077026367,126.5,0
MobileNet-Seg,6.37034565124732,0.00171774280805805,0,0,0,0,0,0,0.261055469512939,99.6,0.00390625
K-Means,23.5205671106234,0.708202114713309,0.238851142680667,0.366826230422457,0.536756205372322,0.987942256341789,0.368475926675174,0,0.26335072517395,98.7,0
Otsu,16.1013152812478,0.514201287971509,0.445941208873754,0.575332132575933,0.730426455067818,0.981691620698713,0.581572313342255,0,0.0015721321105957,634.7,0
Adaptive Thresholding,12.5827596612218,0.453237998499969,0.323543608212973,0.545876439661419,0.706235538179207,0.983417587911783,0.550947682923034,0,0.00163960456848145,0,0
Region Growing,7.85924436994958,0.0139447782352532,0.0292019616584931,0.031667237247518,0.0613904098224656,1,0.031667237247518,0,0.00747776031494141,0,0
Split and Merge,16.1013152812478,0.514201287971509,0.445941208873754,0.575332132575933,0.730426455067818,0.981691620698713,0.581572313342255,0,0.0357050895690918,112,0
MobileNet-Seg,7.76444210389268,0.00255946135893445,0,0,0,0,0,0,0.421558141708374,94.9,0
K-Means,23.6249786254813,0.647559408184476,0.218638525564804,0.739271462908081,0.850093247286437,0.969340921608225,0.756971159589974,0,0.745602607727051,97.9,0
Otsu,13.1276614739065,0.488823740709732,0.198532524340341,0.429302699833935,0.60071627918119,0.60226726870977,0.599173257508781,0,0.00238490104675293,417.5,0
Adaptive Thresholding,11.8271266722202,0.257949085865651,0.122342840632352,0.487593705189407,0.655546878813022,0.669816731080913,0.641872356693986,0,0.0022740364074707,0,0
Region Growing,10.8095193274722,0.272491406474512,0.102620921525178,0.455826724783502,0.626210134796486,0.698884211146112,0.567226589567752,0,0.120463371276855,99.6,0
Split and Merge,13.1276614739065,0.488823740709732,0.198532524340341,0.429302699833935,0.60071627918119,0.60226726870977,0.599173257508781,0,0.019071102142334,104.8,0
MobileNet-Seg,8.9286488738593,0.387062171358352,0.699341021416804,0.0500578837693911,0.0953430940201094,0.123887382052947,0.0774891878330267,0,0.417288780212402,98.2,0
K-Means,25.6707692147998,0.781088024870071,0.301898937882201,0.648184667125277,0.786543741188692,0.983120406223191,0.65547946264319,0,0.443926811218262,99.1,0
Otsu,24.8531273180328,0.556252012042995,0.561810154525386,0.28400803461063,0.442377348046353,0.99820788530466,0.284152920988761,0,0.00282597541809082,0,0
Adaptive Thresholding,16.7414494798951,0.739938483677525,0.177630787733013,0.826211838102445,0.90483680027059,0.998693371661098,0.827105909997372,0,0.00146102905273438,0,0
Region Growing,11.3183455884218,0.282065001489122,0.0398523985239852,0.0734116555881898,0.136781923702818,0.999368686868687,0.0734150602130258,0,0.0193643569946289,103.2,0
Split and Merge,24.8531273180328,0.556252012042995,0.561810154525386,0.28400803461063,0.442377348046353,0.99820788530466,0.284152920988761,0,0.030658483505249,97.8,0
MobileNet-Seg,11.0621331569906,0.229856008775121,0,0,0,0,0,0,0.379266738891602,97.6,0
K-Means,22.3370489411737,0.713509098712731,0.286379994463412,0.415386519391717,0.586958422594325,0.986335084303714,0.417790847842661,0,0.329998970031738,100,0
Otsu,18.8547782396583,0.709725864321153,0.575952926924242,0.694439734241803,0.81966885007278,0.9868129942389,0.700944467783846,0,0.00129008293151855,0,0
Adaptive Thresholding,11.7058456392325,0.515578033357558,0.43184505181167,0.504629343867662,0.670768978319283,0.983903481060264,0.508830073596913,0,0.00154733657836914,0,0
Region Growing,6.91332790689623,0.000749025064935478,0.000165080063830958,1.5559601051829E-05,3.11187179088222E-05,1,1.5559601051829E-05,0,0.0019223690032959,0,0
Split and Merge,18.8547782396583,0.709725864321153,0.575952926924242,0.694439734241803,0.81966885007278,0.9868129942389,0.700944467783846,0,0.0339393615722656,88.2,0
MobileNet-Seg,6.91320746259985,0.000732390830920322,0,0,0,0,0,0,0.262459993362427,102.9,0
K-Means,23.2787668975024,0.694428815488575,0.114685314685315,0.654760041323608,0.791365545423588,0.986929029822575,0.660487589212405,0,0.420159101486206,97.6,0
Otsu,11.7325932591545,0.374007135044436,0.0511482254697286,0.452298535515702,0.622872673152003,0.982545083361688,0.455962230783806,0,0.00175118446350098,0,0
Adaptive Thresholding,14.120676649843,0.241063018826135,0.0272332948992478,0.720549144697752,0.837580428223491,0.986682082905105,0.727625844754626,0,0.00129103660583496,0,0
Region Growing,11.264198258039,0.432323753363171,0.0590873634945398,0.642943532553208,0.782672708847206,0.991930402752872,0.646324133139645,0,0.0741620063781738,94.4,0
Split and Merge,11.7325932591545,0.374007135044436,0.0511482254697286,0.452298535515702,0.622872673152003,0.982545083361688,0.455962230783806,0,0.00635433197021484,157.1,0
MobileNet-Seg,100,1,1,0.96636962890625,0.982897228171462,0.96636962890625,1,0,0.258729219436646,100.5,0.23046875
K-Means,20.7049088660623,0.599841621844414,0.318393520080999,0.578204184172911,0.732736853661214,0.917898645396411,0.609738272507194,0,0.24637246131897,97.4,0
Otsu,16.4006226061759,0.681288188269694,0.453975026667503,0.369753497668221,0.53988326848249,0.547620166329935,0.532361942173297,0,0.0014040470123291,0,0
Adaptive Thresholding,10.9774102395479,0.474178199869644,0.334600760456274,0.420276546523743,0.591823539651357,0.649536026200873,0.543529895400356,0,0.0013120174407959,0,0
Region Growing,5.92987191785166,0.00164756967216329,0,6.85150504727538E-05,0.000137020712964443,1,6.85150504727538E-05,0,0.00172519683837891,573.1,0
Split and Merge,16.4006226061759,0.681288188269694,0.453975026667503,0.369753497668221,0.53988326848249,0.547620166329935,0.532361942173297,0,0.0240716934204102,124.6,0
MobileNet-Seg,5.92972259254876,0.00166536959689501,0,0,0,0,0,0,0.279146671295166,96.7,0.02734375
K-Means,27.7542794147133,0.744645121943247,0.202837624802943,0.370874933905633,0.541077708451503,0.980995475113122,0.373558897243108,0,0.313970565795898,101.9,0
Otsu,11.4520419305745,0.324357543472269,0.0816667933997415,0.450304574838389,0.620979320690025,0.982638182434724,0.453916040100251,0,0.00191926956176758,0,0
Adaptive Thresholding,11.7386188706866,0.25016695471489,0.0524619589605515,0.566470314679895,0.723244238172048,0.981995539193293,0.572415413533835,0,0.00151968002319336,0,0
Region Growing,10.2723321375256,0.205568307973574,0.0599131031328607,0.556136377737792,0.714765602416244,0.982785559606371,0.561607142857143,0,0.0727818012237549,96.1,0
Split and Merge,11.4520419305745,0.324357543472269,0.0816667933997415,0.450304574838389,0.620979320690025,0.982638182434724,0.453916040100251,0,0.00300073623657227,0,0
MobileNet-Seg,8.8591019680168,0.344148050251872,0.559139784946237,0.340840356775511,0.50839811772249,0.944725756350794,0.347775689223058,0,0.273095369338989,102.5,0
K-Means,22.9221840873756,0.653456207402943,0.32729905865315,0.457220328478463,0.627523950281236,0.990999764919233,0.459126835947224,0,0.275483131408691,98,0
Otsu,15.6279460691327,0.629507899977717,0.421596029889909,0.675982654053303,0.806670227067642,0.988111888111888,0.681525392083645,0,0.00133252143859863,0,0
Adaptive Thresholding,9.77193368778362,0.385808217526844,0.309920241114419,0.53387688418976,0.696114387918128,0.982694544526086,0.538943863579786,0,0.00144791603088379,684.8,0
Region Growing,5.31154994416569,0.000714595847813404,0.000575279421433268,0.00040453074433657,0.000808734330772341,1,0.00040453074433657,0,0.00193643569946289,0,0
Split and Merge,15.6279460691327,0.629507899977717,0.421596029889909,0.675982654053303,0.806670227067642,0.988111888111888,0.681525392083645,0,0.0162158012390137,61.6,0
MobileNet-Seg,6.80820796444762,0.177155688158319,0.112697919900652,0.215661563355738,0.354805267940563,1,0.215661563355738,0,0.267756700515747,100.8,0
K-Means,21.8112336922092,0.66478435328864,0.0752501087429317,0.502976236253172,0.669306971222727,0.97992268736328,0.508213536405315,0,0.334168910980225,101.7,0
Otsu,14.236643014156,0.393558746158678,0.0834170854271357,0.428769700521235,0.600194279546681,0.982299947005829,0.432108166912736,0,0.00290036201477051,0,0
Adaptive Thresholding,15.7231103392385,0.321058094761591,0.0349869451697128,0.739866431685372,0.850486472077836,0.99292531120332,0.743787396068071,0,0.00105571746826172,0,0
Region Growing,10.3242061992029,0.222400139261114,0.0636833046471601,0.312533895284875,0.476229827523109,0.99057067085748,0.313466469811174,0,0.0368227958679199,108.6,0
Split and Merge,14.236643014156,0.393558746158678,0.0834170854271357,0.428769700521235,0.600194279546681,0.982299947005829,0.432108166912736,0,0.00562691688537598,177.3,0
MobileNet-Seg,8.62296453179751,0.00305292405722689,0,0,0,0,0,0,0.27681565284729,101.1,0
K-Means,22.1404901890031,0.725231054355529,0.35877210280681,0.67177033492823,0.803663423010876,0.934193891809169,0.705137863492542,0,0.27231502532959,99.1,0
Otsu,11.261607634715,0.539770365903282,0.348361376560943,0.657830713575494,0.793604206012965,0.806782211613305,0.780849781527799,0,0.00147247314453125,0,0
Adaptive Thresholding,8.70142696930748,0.327440605321027,0.282201229569651,0.455695249567116,0.626086057095573,0.645274772133682,0.60800562503139,0,0.00143694877624512,0,0
Region Growing,3.70451210331899,0.000199090327150393,0.000361663652802893,0,0,0,0,0,0.00169134140014648,0,0
Split and Merge,11.261607634715,0.539770365903282,0.348361376560943,0.657830713575494,0.793604206012965,0.806782211613305,0.780849781527799,0,0.0164728164672852,60.6,0
MobileNet-Seg,3.70392671776827,9.63791720793417E-05,0,0,0,0,0,0,0.287267684936523,100.9,0
K-Means,23.5748713845042,0.682402527784832,0.156479217603912,0.686978862188856,0.81444869000611,0.988948930327324,0.692293381703177,0,0.291207075119019,99.6,0
Otsu,23.9709808181756,0.88947403672119,0.349450549450549,0.893687043444829,0.94385927868959,0.991097315550704,0.900919337085097,0,0.000838279724121094,0,0
Adaptive Thresholding,12.5526150183712,0.241770379388206,0.0687676198147402,0.670189752147846,0.802531270816372,0.995112997590914,0.672402833976714,0,0.0012810230255127,0,0
Region Growing,7.07120464180144,0.00784517168290027,0.106823865666309,0.0451606902004558,0.0864186543253827,1,0.0451606902004558,0,0.00765800476074219,130.3,0
Split and Merge,23.9709808181756,0.88947403672119,0.349450549450549,0.893687043444829,0.94385927868959,0.991097315550704,0.900919337085097,0,0.011199951171875,89.2,0
MobileNet-Seg,7.28553964662988,0.0542639566610163,0.101599654128837,0.065717873587275,0.123330714846819,1,0.065717873587275,0,0.267380952835083,97.2,0
K-Means,24.3433455787545,0.657561286132031,0.260938115884903,0.372784938360114,0.543107558865603,0.992613188363697,0.373821989528796,0,0.377110958099365,100.8,0
Otsu,17.4597073944262,0.643925919654584,0.247874217872614,0.681648520141868,0.810690833402407,0.98694891689465,0.687848714542471,0,0.00147533416748047,0,0
Adaptive Thresholding,12.5162511515881,0.295502996138927,0.105606204364506,0.609375966355371,0.757282299592652,0.982769368875147,0.615956864890209,0,0.0013885498046875,713,0
Region Growing,7.48980735363593,0.00608246174586176,0.061324400927596,0.0311633269967902,0.0604430475384569,0.911992704058368,0.0312573259357662,0,0.00604820251464844,0,0
Split and Merge,17.4597073944262,0.643925919654584,0.247874217872614,0.681648520141868,0.810690833402407,0.98694891689465,0.687848714542471,0,0.0118663311004639,84.2,0
MobileNet-Seg,7.49294097183698,0.0111128328357789,0.0166849015317287,0.0149253731343284,0.0294117647058824,1,0.0149253731343284,0,0.269490003585815,96.5,0
K-Means,25.7799825841225,0.659407410366348,0.105895439377086,0.466136571881164,0.635870601444823,0.989320676357164,0.468493920427053,0,0.287264585494995,100.9,0
Otsu,16.7116238602177,0.594063402610925,0.101477076539421,0.700915736821855,0.824162798483491,0.980452099031216,0.710849579346622,0,0.001251220703125,0,0
Adaptive Thresholding,11.6647884678704,0.288463471892106,0.10659192274643,0.592132632779156,0.743823247621721,0.978759168704157,0.599840791671219,0,0.00174236297607422,0,0
Region Growing,6.77151256778903,0.000345379315248242,0,1.56086596843929E-05,3.12168321158769E-05,1,1.56086596843929E-05,0,0.00187492370605469,0,0
Split and Merge,16.7116238602177,0.594063402610925,0.101477076539421,0.700915736821855,0.824162798483491,0.980452099031216,0.710849579346622,0,0.00915741920471191,109.1,0
MobileNet-Seg,6.91782013361423,0.0922938101531274,0.228449359135461,0.101876131610164,0.184913945746866,0.99984681372549,0.101877721760032,0,0.283115863800049,98.9,0
K-Means,23.9439592077297,0.51666604268729,0.0655210952780106,0.379129896268772,0.54981027863221,0.990855385611394,0.380461127338264,0,0.313286542892456,98.9,0
Otsu,12.8174023460616,0.446410261772889,0.198182131968015,0.596439444281321,0.747212111825292,0.991140215716487,0.599636442731962,0,0.001617431640625,0,0
Adaptive Thresholding,11.8669464739718,0.316370790349181,0.155013295792273,0.591217102724396,0.743100487937373,0.989127908478166,0.595084208563793,0,0.00168681144714355,0,0
Region Growing,11.7711474643357,0.262205253451548,0.144392931532621,0.559461966604824,0.717506394622569,0.991342940112871,0.562208688086508,0,0.0743467807769775,107.6,0
Split and Merge,12.8174023460616,0.446410261772889,0.198182131968015,0.596439444281321,0.747212111825292,0.991140215716487,0.599636442731962,0,0.00504350662231445,0,0
MobileNet-Seg,7.0740871834233,0.000320014714350329,0,0,0,0,0,0,0.268419742584229,96.8,0
K-Means,22.8753517861866,0.671369915837018,0.294410511728173,0.440687395685232,0.611773792156526,0.987498701388648,0.443159743266974,0,0.27262806892395,102.7,0
Otsu,15.8835434309146,0.638789820936219,0.488165680473373,0.694578471119607,0.81976548499486,0.988504234127506,0.700234665174756,0,0.00134420394897461,0,0
Adaptive Thresholding,9.83493684414326,0.435663013174239,0.391090301924467,0.512674017494148,0.677838068962709,0.982615112160567,0.517366777005921,0,0.00145220756530762,0,0
Region Growing,5.38031996894805,0.000216431895143049,0,1.55407400500412E-05,3.10809970783863E-05,1,1.55407400500412E-05,0,0.00213623046875,0,0
Split and Merge,15.8835434309146,0.638789820936219,0.488165680473373,0.694578471119607,0.81976548499486,0.988504234127506,0.700234665174756,0,0.0248494148254395,80.4,0
MobileNet-Seg,5.76967518497217,0.248577817263154,0.296232876712329,0.248729087716055,0.398371576609919,0.966074313408724,0.250920788847965,0,0.265872478485107,101.5,0
K-Means,26.6370470830026,0.628416550265186,0.222547298615175,0.0385999610920174,0.0743307578240849,0.078055337004983,0.0709454426268586,0,0.251525640487671,99.4,0
Otsu,13.4291617551353,0.338178733803254,0.201305767138194,0.697839640423372,0.82203245089667,0.963023730441394,0.717052531211823,0,0.00171494483947754,0,0
Adaptive Thresholding,12.6866660735812,0.329198985062809,0.0807626912800583,0.406950034357515,0.578485410881487,0.544013437614823,0.617621644170317,0,0.00159835815429688,0,0
Region Growing,7.99724077585663,0.00126261233735121,0.0101119537739256,0,0,0,0,0,0.00212502479553223,0,0
Split and Merge,13.4291617551353,0.338178733803254,0.201305767138194,0.697839640423372,0.82203245089667,0.963023730441394,0.717052531211823,0,0.0135796070098877,147.1,0
MobileNet-Seg,10.1854156802221,0.653848508167041,0.745321637426901,0.177399163384324,0.301340732864812,0.266752370239434,0.346235213491851,0,0.268292665481567,96.9,0
K-Means,21.2179931856222,0.806921890921617,0.411155730759312,0.37912657893131,0.549806790360166,0.663947565276244,0.469153515064562,0,0.297333478927612,100.9,0
Otsu,15.9634671031878,0.69770929193649,0.551061346560654,0.526977196426278,0.690222745512651,0.660268934605218,0.72302348410481,0,0.00141692161560059,0,0
Adaptive Thresholding,11.0562983202403,0.565941399453762,0.48230988206588,0.38779177579384,0.558861613907486,0.617221968659668,0.510584208009263,0,0.00144815444946289,691.9,0
Region Growing,5.85509177357729,0.000760988091371146,0.000380716699186218,0,0,0,0,0,0.0019679069519043,0,0
Split and Merge,15.9634671031878,0.69770929193649,0.551061346560654,0.526977196426278,0.690222745512651,0.660268934605218,0.72302348410481,0,0.051541805267334,96.9,0
MobileNet-Seg,5.8543648030645,0.00121977169277211,0.000285483180282628,0.00206361989128246,0.0041187402682204,0.921348314606742,0.00206398348813209,0,0.431405544281006,95,0
K-Means,22.3211835085817,0.745083287746078,0.227606461086637,0.509310596530463,0.674891699165492,0.984716091643396,0.513368816530996,0,0.391616344451904,99.6,0
Otsu,23.7568258099054,0.875971139186863,0.578510938602682,0.881071378835471,0.936776125296131,0.987051033143808,0.891374452097683,0,0.0013577938079834,0,0
Adaptive Thresholding,12.8339084588501,0.29283004642951,0.162400291955581,0.691777846726652,0.817811686168067,0.987160187726911,0.698058860363181,0,0.00170254707336426,0,0
Region Growing,6.63880207093409,-0.000897972092082835,0.0171654929577465,0.00474326862867877,0.00944175248897683,1,0.00474326862867877,0,0.00430011749267578,232,0
Split and Merge,23.7568258099054,0.875971139186863,0.578510938602682,0.881071378835471,0.936776125296131,0.987051033143808,0.891374452097683,0,0.016667366027832,119.9,0
MobileNet-Seg,6.63839464890352,0.00645307898505868,0.00419333480467888,0.00654106159238858,0.0129971082988713,0.945701357466063,0.00654351909830933,0,0.414530277252197,96.5,0
K-Means,25.1379667778972,0.778610052281452,0.119880546075085,0.421408754623921,0.592945207707572,0.976080825390025,0.425805949229092,0,0.469582080841064,95.8,0
Otsu,11.2734854756102,0.28937684567394,0.236530612244898,0.380437305603268,0.551183750336293,0.983478678294264,0.38288428593677,0,0.00289821624755859,0,0
Adaptive Thresholding,12.126423297838,0.374111951602034,0.229220754787975,0.514810700731278,0.679703015674173,0.982105541984284,0.519685407257437,0,0.00264620780944824,377.2,0
Region Growing,7.80723800140015,0.0001951351808625,0.000575307789667472,1.55738981467061E-05,3.11473112083599E-05,1,1.55738981467061E-05,0,0.00276517868041992,0,0
Split and Merge,11.2734854756102,0.28937684567394,0.236530612244898,0.380437305603268,0.551183750336293,0.983478678294264,0.38288428593677,0,0.00589728355407715,169.3,0
MobileNet-Seg,8.67151569957522,0.199195523649044,0.125067096081589,0.219296059803769,0.359709289701243,1,0.219296059803769,0,0.426824808120728,98.4,0
K-Means,21.7075136665697,0.837162720109279,0.428958844871184,0.30091947054663,0.462625823288182,0.518904415095655,0.417360352027803,0,0.439005613327026,93.4,0
Otsu,16.4885044674364,0.694498409774606,0.540900054220134,0.443374932378234,0.614358642972536,0.570030698388335,0.666162168222204,0,0.00145125389099121,0,0
Adaptive Thresholding,11.7599015353332,0.605820893150099,0.493964235066238,0.376713011908799,0.547264402457401,0.566487686354501,0.5293029513159,0,0.0015869140625,627.6,0
Region Growing,6.26125900129635,0.000709414336788986,0.000283393160778387,0,0,0,0,0,0.00199699401855469,0,0
Split and Merge,16.4885044674364,0.694498409774606,0.540900054220134,0.443374932378234,0.614358642972536,0.570030698388335,0.666162168222204,0,0.0415911674499512,96.2,0
MobileNet-Seg,6.31827106785582,0.00859575890442254,0.0103965752458014,0.0206844362229883,0.0405305214597578,1,0.0206844362229883,0,0.290892839431763,96.2,0
K-Means,20.8478524967144,0.67086168461736,0.337436640115858,0.276987081234946,0.433813443072702,0.493982746991374,0.386710391017981,0,0.300263404846191,99.9,0
Otsu,14.2973913701362,0.622028026888681,0.397403642950589,0.549568376235303,0.709318007083349,0.648992112182296,0.78200817052497,0,0.00127220153808594,783.8,0
Adaptive Thresholding,10.0846651688127,0.41498537301733,0.321066921044908,0.390298332158797,0.561459829348653,0.569023088558463,0.554094989300503,0,0.0015113353729248,0,0
Region Growing,5.58938530836271,0.00917743227353998,0.0356129610273257,0,0,0,0,0,0.00582027435302734,0,0
Split and Merge,14.2973913701362,0.622028026888681,0.397403642950589,0.549568376235303,0.709318007083349,0.648992112182296,0.78200817052497,0,0.0210034847259522,95.2,0
MobileNet-Seg,5.60648820893652,0.0200312776929995,0.0113645089457114,0.0696717894561321,0.130267601974539,1,0.0696717894561321,0,0.294284343719482,98.5,0
K-Means,22.7533442935508,0.581600906985999,0.268098455598456,0.930714176945333,0.964113889107974,0.947450007750736,0.981374438021837,0,0.296036958694458,97.9,0
Otsu,13.9716677747236,0.51916288274712,0.420562159983881,0.859849869268183,0.92464438498632,0.873504127038529,0.982145150931278,0,0.00154471397399902,0,0
Adaptive Thresholding,10.5716637236392,0.45295422565858,0.344854673998429,0.356352441966886,0.52545699914121,0.502876599741693,0.550160565189467,0,0.00161433219909668,0,0
Region Growing,6.18597950505082,-0.0113280890874034,0.0489555713639009,0,0,0,0,0,0.010636568069458,93.8,0
Split and Merge,13.9716677747236,0.51916288274712,0.420562159983881,0.859849869268183,0.92464438498632,0.873504127038529,0.982145150931278,0,0.0240273475646973,83.2,0
MobileNet-Seg,6.10406389169326,0.000204981083525031,0,0,0,0,0,0,0.288686752319336,103.9,0
K-Means,25.2777172562155,0.478146484974187,0.320533948582729,0.953972769762243,0.976444282668608,0.978897762578977,0.974003070666833,0,0.253917694091797,98.5,0
Otsu,17.2292837134628,0.76599559381279,0.380055328678698,0.903429602888087,0.949265054528212,0.923848797250859,0.976119341051496,0,0.00109720230102539,0,0
Adaptive Thresholding,9.83989204181182,0.304617004761813,0.134706117552979,0.46910587537713,0.638627730294397,0.746323733422119,0.558093696833894,0,0.0015864372253418,0,0
Region Growing,5.55275363808211,-0.00115695580479486,0.016721044045677,0,0,0,0,0,0.00255298614501953,0,0
Split and Merge,17.2292837134628,0.76599559381279,0.380055328678698,0.903429602888087,0.949265054528212,0.923848797250859,0.976119341051496,0,0.0148448944091797,134.6,0
MobileNet-Seg,5.54565761313334,0.000249979749939396,0,0,0,0,0,0,0.261858940124512,103.1,0
K-Means,24.3710783827933,0.675188267610903,0.287238772787906,0.362383199185864,0.531984245552085,0.98698135393919,0.364123698562221,0,0.290642499923706,99.8,0
Otsu,11.8885521628968,0.442338206211865,0.155060034305317,0.507141649113636,0.672984718340032,0.985156203333134,0.511046727813585,0,0.00151801109313965,0,0
Adaptive Thresholding,11.5145315486604,0.193085726979135,0.0548468839926126,0.628103620570374,0.771576959395656,0.987885675597253,0.632979053049083,0,0.00133728981018066,0,0
Region Growing,8.65609693231287,0.258050993612946,0.119689283449588,0.432992232770312,0.604319022627549,0.987904360056259,0.435299950421418,0,0.0508823394775391,98.2,0
Split and Merge,11.8885521628968,0.442338206211865,0.155060034305317,0.507141649113636,0.672984718340032,0.985156203333134,0.511046727813585,0,0.00735330581665039,135.8,0
MobileNet-Seg,7.29308458102825,0.19262783920427,0.415699024616814,0.206805112313646,0.34273158143516,0.976771280856332,0.207827218641547,0,0.259344577789307,100.2,0
K-Means,25.6994979917519,0.697335029400047,0.137549537648613,0.235206452178487,0.38083747338538,0.455421175472098,0.327245006860802,0,0.340871810913086,99.7,0
Otsu,13.9564583597531,0.377496393952147,0.13067065020835,0.631100842763003,0.773834242760797,0.819514523387427,0.732977588046958,0,0.00162935256958008,0,0
Adaptive Thresholding,13.6190501737166,0.362448004641887,0.116298709132585,0.409207920792079,0.580763015527296,0.538571800886109,0.630126543680439,0,0.00135636329650879,0,0
Region Growing,8.69440120145029,-0.00660448858763577,0.0875466576179165,0.000207350577989736,0.000414615185281161,0.00138050043140638,0.000243939624942827,0,0.0132496356964111,75.4,0
Split and Merge,13.9564583597531,0.377496393952147,0.13067065020835,0.631100842763003,0.773834242760797,0.819514523387427,0.732977588046958,0,0.0106387138366699,93.9,0
MobileNet-Seg,8.97084760107903,0.155659694303946,0.220757480644486,0.00152345437595216,0.00304227398628706,0.00595502621989157,0.00204299435889617,0,0.272945880889893,98.9,0
K-Means,26.8058426551294,0.598912545362132,0.127190503109101,0.381842084912226,0.552656615515485,0.997051815354792,0.382273698553777,0,0.279028415679932,100.3,0
Otsu,11.5431757772365,0.267171307737583,0.0846382443707852,0.463559726909859,0.63346882041994,0.989961822011585,0.465748970301322,0,0.00185990333557129,0,0
Adaptive Thresholding,11.7564742253669,0.266110379537108,0.0691869623167333,0.554247460757156,0.713203623941779,0.989069837695329,0.557663125948407,0,0.00155901908874512,0,0
Region Growing,11.2377972321976,0.126355395456281,0.0661498333574844,0.475431074369968,0.644463957183476,0.991763721768226,0.477315660710415,0,0.0640645027160645,109.2,0
Split and Merge,11.5431757772365,0.267171307737583,0.0846382443707852,0.463559726909859,0.63346882041994,0.989961822011585,0.465748970301322,0,0.00224447250366211,0,0
MobileNet-Seg,9.65628997405172,0.450039453704461,0.382579564489112,0.444836433611289,0.615760266370699,0.970156213569597,0.451008020810752,0,0.262079238891602,103,0
K-Means,24.9285222501078,0.57489369287299,0.0722419928825623,0.886533137925419,0.939854296861513,0.960888135832539,0.919721593404737,0,1.17484259605408,42.6,0
Otsu,8.72039977608299,0.345945326737342,0.0934810564843209,0.0727236573329236,0.135586936739577,0.135249621785174,0.135925938439707,0,0.00434517860412598,0,0
Adaptive Thresholding,8.99677433190325,0.192523164231681,0.0750185383537942,0.353151806091131,0.521969234348193,0.458130216176208,0.606480386525661,0,0.00400853157043457,0,0
Region Growing,5.82780856308572,0.108057346162597,0.103071742014491,0.55861288039632,0.71680773003015,0.77502847492243,0.666722978680272,0,0.230423212051392,34.7,0
Split and Merge,8.72039977608299,0.345945326737342,0.0934810564843209,0.0727236573329236,0.135586936739577,0.135249621785174,0.135925938439707,0,0.0222973823547363,0,0
MobileNet-Seg,4.52530976882904,0.000172393643543585,0,0,0,0,0,0,0.864820241928101,45.1,0
K-Means,23.2257833736718,0.558830446212478,0.26824608330149,0.940221310456297,0.9691897572604,0.958599533515871,0.980016588046239,0,0.441260814666748,90.6,0
Otsu,15.4509922351259,0.658719820107955,0.498915909756812,0.89147142823972,0.942622145838448,0.895400904892952,0.995101342594993,0,0.00132966041564941,0,0
Adaptive Thresholding,9.95143955475385,0.418280241879277,0.324906903466056,0.404418680538227,0.575923243036383,0.609212352532963,0.546083665958219,0,0.00291657447814941,0,0
Region Growing,5.55411604647013,0.000139991037874406,0,0,0,0,0,0,0.00339961051940918,0,0
Split and Merge,15.4509922351259,0.658719820107955,0.498915909756812,0.89147142823972,0.942622145838448,0.895400904892952,0.995101342594993,0,0.0631263256072998,47.5,0
MobileNet-Seg,5.55410228243502,0.000140069361070412,0,0,0,0,0,0,0.835956573486328,53.8,0
K-Means,21.4339768418451,0.699953427869315,0.332472650676089,0.6103153143087,0.758007216208715,0.901085486159227,0.654140020598309,0,0.803112030029297,57.3,0
Otsu,19.6878380872306,0.806743726588773,0.537861271676301,0.653354832930216,0.790338310829848,0.721675802972433,0.873440157121985,0,0.00795888900756836,0,0
Adaptive Thresholding,10.9397141846206,0.402390193921399,0.286153361178974,0.462962618733387,0.63291107073428,0.674009525871401,0.596536609901559,0,0.0102784633636475,0,0
Region Growing,5.98086800112123,0.00166478153315591,0.000382958353279081,0,0,0,0,0,0.00499629974365234,199.8,0
Split and Merge,19.6878380872306,0.806743726588773,0.537861271676301,0.653354832930216,0.790338310829848,0.721675802972433,0.873440157121985,0,0.101424217224121,29.6,0
MobileNet-Seg,6.37890339673448,0.0743207504482031,0.117802237787683,0.134433184067877,0.237005027631196,0.89362368792104,0.136619482168092,0,1.19041275978088,37,0
K-Means,26.0911590134146,0.639040852121402,0.181567455757297,0.0148546995011482,0.0292745345879562,0.0317385125532923,0.0271655709693301,0,1.17653679847717,36.5,0.00390625
Otsu,13.9934789763772,0.402200539253564,0.14324569356301,0.880479102956167,0.936441252202195,0.975315224891789,0.900547365982218,0,0.00472164154052734,0,0
Adaptive Thresholding,12.3478576328379,0.288860331702272,0.0729336170567864,0.437041869747093,0.608252103084524,0.564307128168281,0.659619450317125,0,0.00602436065673828,0,0
Region Growing,7.16048214586994,-0.000751083782554286,0.00679184978026368,0,0,0,0,0,0.00728225708007813,0,0
Split and Merge,13.9934789763772,0.402200539253564,0.14324569356301,0.880479102956167,0.936441252202195,0.975315224891789,0.900547365982218,0,0.0225718021392822,88.5,0
MobileNet-Seg,7.15839101836406,0.000486704472784223,0,0,0,0,0,0,1.04142904281616,41.3,0
K-Means,24.4046037255298,0.63445013625962,0.237955899258021,0.027321599528684,0.0531899641577061,0.0550465521718165,0.0514545265420755,0,0.298847913742065,100.4,0
Otsu,13.270045873525,0.315770752362789,0.241538461538462,0.627160338085026,0.770864829243711,0.873994638069705,0.689504524808433,0,0.00302481651306152,0,0
Adaptive Thresholding,12.9885955243657,0.410932812048937,0.163651125028996,0.340612253306415,0.508144323560145,0.456299158272389,0.573281092888596,0,0.00230026245117188,433.2,0
Region Growing,8.44091696882266,-0.00282282125716797,0.0594828684244045,0.00519553861358182,0.0103373690272199,0.027226990233797,0.00637980652543254,0,0.0165574550628662,60.3,0
Split and Merge,13.270045873525,0.315770752362789,0.241538461538462,0.627160338085026,0.770864829243711,0.873994638069705,0.689504524808433,0,0.0137906074523926,144.9,0
MobileNet-Seg,100,1,1,0.440078735351563,0.611187047691705,0.440078735351563,1,0,0.26361608505249,98.6,0
K-Means,26.2009037270807,0.80378110058025,0.315309651053128,0.612339858876831,0.759566732169472,0.979530875079575,0.620276912104439,0,0.236713647842407,101.4,0
Otsu,25.7704945347858,0.590967642525361,0.528922757187392,0.317395412233013,0.481852918699665,0.996789570969939,0.317720204040498,0,0.00164151191711426,0,0
Adaptive Thresholding,16.4250997281048,0.729459191757243,0.164078100732194,0.810368834705118,0.895252745374525,0.997353288396359,0.812115292184133,0,0.000921726226806641,0,0
Region Growing,11.3305359533351,0.268476741412225,0.0662860767522994,0.0707996155396397,0.13223690877767,0.998033216783217,0.070809495015272,0,0.0103375911712646,96.6,0
Split and Merge,25.7704945347858,0.590967642525361,0.528922757187392,0.317395412233013,0.481852918699665,0.996789570969939,0.317720204040498,0,0.0233860015869141,128.2,0
MobileNet-Seg,11.1183053958182,0.225930813890445,0.00305810397553517,0.000217064359582616,0.000434034505743207,1,0.000217064359582616,0,0.269630908966064,100.1,0
K-Means,23.192637097433,0.687640800238924,0.320189041500517,0.371567962144416,0.541814875237357,0.64439072489583,0.467411115981819,0,0.306264638900757,97.9,0
Otsu,22.2374927595698,0.865415460991384,0.605613399728384,0.685710863576476,0.813556913457439,0.726325328500227,0.924601435064486,0,0.00111556053161621,895,0
Adaptive Thresholding,11.2090946725738,0.386080833708503,0.251965082750721,0.440007218262203,0.611118073134665,0.668852009326567,0.562559121426759,0,0.00155925750732422,0,0
Region Growing,6.44278329771321,0.00309348175487577,0.0119571347997744,0,0,0,0,0,0.00274252891540527,0,0
Split and Merge,22.2374927595698,0.865415460991384,0.605613399728384,0.685710863576476,0.813556913457439,0.726325328500227,0.924601435064486,0,0.0169157981872559,118.2,0
MobileNet-Seg,9.04371174035977,0.540382096069412,0.784177215189873,0.214435066619862,0.353143733269659,0.387821574472784,0.324158456959601,0,0.26351809501648,98.7,0
K-Means,24.1278964946091,0.70752210782936,0.217203586848223,0.646721940733917,0.7854658697821,0.99201601507301,0.65010572456051,0,0.306144237518311,101.3,0
Otsu,13.9480755985484,0.618246833478417,0.249857115641075,0.694374088571648,0.819623120130459,0.992234968961811,0.698167955425908,0,0.00175809860229492,0,0
Adaptive Thresholding,12.0015324649411,0.224111365726736,0.122040464916057,0.656087504999846,0.79233434588338,0.995076765131364,0.658224136068281,0,0.00114822387695313,0,0
Region Growing,6.67655645741268,0.0224092489235884,0.165626671420931,0.0729795212889088,0.136031526866874,0.998311167405531,0.0729885323578892,0,0.011106014251709,89.9,0
Split and Merge,13.9480755985484,0.618246833478417,0.249857115641075,0.694374088571648,0.819623120130459,0.992234968961811,0.698167955425908,0,0.00729012489318848,137,0
MobileNet-Seg,6.44725566125794,0.0124182753078735,0.037270087124879,0.0198175672547113,0.0388649262202043,1,0.0198175672547113,0,0.261346101760864,99.5,0
K-Means,21.9394835434422,0.800490289425713,0.405334879675268,0.500369936494235,0.666995418027903,0.987437262357415,0.50357569458449,0,0.315515518188477,98.2,0
Otsu,13.192745208335,0.607039953920161,0.483129142398072,0.589326291223976,0.741605162486959,0.982869433846311,0.595442346772567,0,0.0014345645904541,0,0
Adaptive Thresholding,10.8645228967514,0.545362965608483,0.474070401586515,0.496809998923855,0.663825067017245,0.982249240121581,0.501310829468067,0,0.00145220756530762,0,0
Region Growing,5.74995942562143,0.000470439613108337,0.000379075056861259,0.000139614972930208,0.000279190966621169,1,0.000139614972930208,0,0.00177121162414551,561.2,0
Split and Merge,13.192745208335,0.607039953920161,0.483129142398072,0.589326291223976,0.741605162486959,0.982869433846311,0.595442346772567,0,0.0339469909667969,117.8,0
MobileNet-Seg,5.74973237680262,0.000501115209519857,0,0,0,0,0,0,0.29259204864502,99.1,0
K-Means,22.6357293675948,0.681776296454782,0.359378141124439,0.830900657739577,0.90764144327241,0.926782217285827,0.889275297285169,0,0.277918338775635,104.3,0
Otsu,12.1572429195869,0.60772732303136,0.397192197788545,0.739520958083832,0.85025817555938,0.794521883224486,0.914404307830379,0,0.00154376029968262,0,0
Adaptive Thresholding,8.6014760681483,0.338696207812855,0.280078675870259,0.425412175015853,0.596897069454485,0.591796228911677,0.602086605339915,0,0.0016021728515625,618.7,0
Region Growing,3.89703237536893,-3.86536577472609E-05,0.00117360296109055,0,0,0,0,0,0.00218582153320313,0,0
Split and Merge,12.1572429195869,0.60772732303136,0.397192197788545,0.739520958083832,0.85025817555938,0.794521883224486,0.914404307830379,0,0.0180892944335938,110.4,0
MobileNet-Seg,3.89589155288727,0.000140077175095935,0,0,0,0,0,0,0.27945876121521,100.2,0
K-Means,22.3391043893421,0.704175493069023,0.264487450533962,0.568452754423391,0.724857988639091,0.933212475794158,0.592559648388447,0,0.336704730987549,98,0
Otsu,18.8206580978168,0.628673837146705,0.625919215602686,0.647720069306512,0.786201590151321,0.771053425897978,0.801956885726245,0,0.00146365165710449,0,0
Adaptive Thresholding,11.7310730541882,0.515191278251377,0.410160900119043,0.4029910535452,0.574474160083754,0.598046709129512,0.552689409794893,0,0.00134634971618652,0,0
Region Growing,6.94112830589558,0.00418417677488456,0.00532495027907872,0,0,0,0,0,0.00238680839538574,0,0
Split and Merge,18.8206580978168,0.628673837146705,0.625919215602686,0.647720069306512,0.786201590151321,0.771053425897978,0.801956885726245,0,0.0289332866668701,103.6,0
MobileNet-Seg,7.62656821690023,0.381538488583713,0.342389258376208,0.0290407123439306,0.0564423000870047,0.0713856988515866,0.0466722478024278,0,0.260000705718994,100,0
K-Means,24.7179879807495,0.682542881738554,0.283401660885105,0.354724426152998,0.523684993501308,0.668545839830475,0.430421128500824,0,0.255262136459351,101.8,0
Otsu,16.6481175878784,0.534901047071278,0.275058493214787,0.730458042267221,0.844236640733786,0.837995485785296,0.850571457990115,0,0.00128269195556641,0,0
Adaptive Thresholding,13.0634473136192,0.351794659884591,0.180930499712809,0.474299373247257,0.643423421123182,0.638249373147937,0.648682042833608,0,0.00191664695739746,0,0
Region Growing,7.83511431451618,0.0144651648634777,0.123232569478303,0.00359167064587788,0.00715763342987174,0.0182258744205647,0.00445325370675453,0,0.0200076103210449,99.9,0
Split and Merge,16.6481175878784,0.534901047071278,0.275058493214787,0.730458042267221,0.844236640733786,0.837995485785296,0.850571457990115,0,0.0136704444885254,73.1,0
MobileNet-Seg,7.71371722654795,0.000542675089396817,0,0,0,0,0,0,0.278300523757935,100.6,0
K-Means,24.9066351648969,0.687431186026415,0.290500736377025,0.687650237669215,0.814920322138451,0.968609979633401,0.703323720792665,0,0.387122869491577,98.2,0
Otsu,22.9960779841384,0.883210081705109,0.54124142546428,0.860326250125096,0.924919755410906,0.89801176921202,0.95349009168885,0,0.00092315673828125,0,0
Adaptive Thresholding,10.2820463905892,0.265997310638672,0.129985474164764,0.538201779921817,0.699780466967308,0.843144919604931,0.598084886128364,0,0.00132441520690918,0,0
Region Growing,5.62503288184961,0.00124255178973415,0.00068073519400953,0,0,0,0,0,0.00191426277160645,0,0
Split and Merge,22.9960779841384,0.883210081705109,0.54124142546428,0.860326250125096,0.924919755410906,0.89801176921202,0.95349009168885,0,0.0114200115203857,87.5,0
MobileNet-Seg,5.62455754182269,0.00113548995601946,0,0,0,0,0,0,0.279433727264404,100.2,0
K-Means,26.5333054355402,0.625355645350752,0.17611622962438,0.0332661777741961,0.0643903352103449,0.0708450607537585,0.0590135811293781,0,0.271377086639404,99.5,0
Otsu,12.5874192142706,0.318751930684253,0.116978989210676,0.662834815108443,0.797234709167688,0.985559718772366,0.669335239456755,0,0.00171923637390137,0,0
Adaptive Thresholding,12.6482084197052,0.323695759585046,0.0614187902605032,0.416474776988719,0.5880440425125,0.563031365265388,0.615382416011437,0,0.00150799751281738,0,0
Region Growing,8.74250326689966,0.130754569225947,0.0826325053784471,0.0521862709455663,0.0991958788792562,0.110046346307976,0.0902930664760543,0,0.0552089214324951,108.7,0
Split and Merge,12.5874192142706,0.318751930684253,0.116978989210676,0.662834815108443,0.797234709167688,0.985559718772366,0.669335239456755,0,0.0100128650665283,99.8,0
MobileNet-Seg,7.82730425682388,0.000400493953645828,0,0,0,0,0,0,0.266028881072998,101.5,0
K-Means,21.3628698390327,0.827967145772061,0.437084870848709,0.380397532556546,0.551142005958292,0.618966298400307,0.496713746329185,0,0.314997673034668,101.6,0
Otsu,14.9776603532453,0.655225860562384,0.537412993039443,0.38937017533926,0.560498824935813,0.544931058164721,0.576982240246119,0,0.00162053108215332,0,0
Adaptive Thresholding,11.9959247033316,0.603593954268648,0.492519428943134,0.364697665136699,0.534473934342327,0.560067422617223,0.511117326248077,0,0.00168323516845703,0,0
Region Growing,6.47866476245523,0.000798292744536513,0.000333032018649793,0,0,0,0,0,0.00168323516845703,0,0
Split and Merge,14.9776603532453,0.655225860562384,0.537412993039443,0.38937017533926,0.560498824935813,0.544931058164721,0.576982240246119,0,0.0486140251159668,102.8,0
MobileNet-Seg,8.22096390041768,0.322209074950565,0.338076293002574,0.00949248288314056,0.0188064459004781,0.0256335988414193,0.0148510697804503,0,0.267648696899414,100.9,0
K-Means,25.4975677349485,0.640367877783122,0.214748667722886,0.528436493628561,0.691473274593221,0.986367166153758,0.53232440822662,0,0.275331497192383,101.7,0
Otsu,18.6695514898948,0.611533126380386,0.325648070720344,0.645292832302342,0.784410920212119,0.986798757530121,0.650911913077222,0,0.00141215324401855,0,0
Adaptive Thresholding,12.2877586602333,0.350791361177922,0.137862095367732,0.578955450790092,0.733339817156195,0.981924729782524,0.585192083818394,0,0.00142478942871094,0,0
Region Growing,7.91129191662487,0.0639205936460824,0.12482853223594,0.124524788579409,0.221470953497999,0.997513983840895,0.124563445867288,0,0.0181534290313721,110.4,0
Split and Merge,18.6695514898948,0.611533126380386,0.325648070720344,0.645292832302342,0.784410920212119,0.986798757530121,0.650911913077222,0,0.0145127773284912,137.7,0
MobileNet-Seg,7.57140056870384,0.0367998656650584,0.00718833436023824,0.0405277454404346,0.0778984426278418,1,0.0405277454404346,0,0.266917705535889,101.1,0
K-Means,25.4402019944559,0.698325736048952,0.263428204579499,0.113183061473037,0.203350312074037,0.2325934435646,0.180639199566644,0,0.555658340454102,97.2,0
Otsu,12.9463424396659,0.333005748080311,0.193561422413793,0.690243395048887,0.816738461538462,0.911109367644751,0.740082210113756,0,0.00275969505310059,361.2,0
Adaptive Thresholding,12.9926361214222,0.312429538765005,0.0949782555181751,0.398252928330355,0.569643617776516,0.513739851973263,0.639199566644362,0,0.00214505195617676,0,0
Region Growing,8.02988774125607,0.00025278997157583,0.0041427660930529,0,0,0,0,0,0.00317192077636719,315.3,0
Split and Merge,12.9463424396659,0.333005748080311,0.193561422413793,0.690243395048887,0.816738461538462,0.911109367644751,0.740082210113756,0,0.0199244022369385,100.3,0
MobileNet-Seg,13.2071776385822,0.50646678795727,0.176183127572016,0.736827217321984,0.848474977790939,0.792460657687308,0.913010228467642,0,0.454019784927368,94.7,0
K-Means,22.7000833730625,0.66928673237044,0.341253388614256,0.76126864220846,0.864454886625248,0.95279641280545,0.791105082397761,0,0.441279411315918,97.4,0
Otsu,15.2726617479881,0.533799478338494,0.359007832898172,0.704438525304324,0.826593056711797,0.83672383205204,0.816704666801351,0,0.00268650054931641,0,0
Adaptive Thresholding,10.9529129058342,0.428752246595223,0.25977606243108,0.462658076831305,0.632626427406199,0.597980005653928,0.671534532021126,0,0.00188207626342773,0,0
Region Growing,5.91062803203456,0.00869743804268205,0.00178651183564091,0,0,0,0,0,0.00295114517211914,0,0
Split and Merge,15.2726617479881,0.533799478338494,0.359007832898172,0.704438525304324,0.826593056711797,0.83672383205204,0.816704666801351,0,0.0270755290985107,110.7,0
MobileNet-Seg,11.1930238181438,0.34551705114134,0.0890346766635426,0.707497300062525,0.828695073235686,0.978884039164799,0.718462293284078,0,0.414025068283081,99,0
K-Means,24.8709524760471,0.830685420820674,0.273346550760002,0.472327403675255,0.641606483036614,0.989477433141229,0.474711858088167,0,0.568242311477661,96.8,0
Otsu,11.7054207346158,0.397468074659553,0.354729375589643,0.477606410078273,0.646459580603705,0.987392678178162,0.480536829351642,0,0.00365209579467773,0,0
Adaptive Thresholding,11.5063345503824,0.431142427533892,0.375817558916151,0.504333744602098,0.67050778646928,0.986068811627416,0.507953027431731,0,0.00281405448913574,0,0
Region Growing,7.01942374505586,-0.00195926197192539,0.0056172762451629,0.00636863524806611,0.0126566648144718,1,0.00636863524806611,0,0.00465989112854004,0,0
Split and Merge,11.7054207346158,0.397468074659553,0.354729375589643,0.477606410078273,0.646459580603705,0.987392678178162,0.480536829351642,0,0.0487983226776123,82,0
MobileNet-Seg,7.00856572308824,8.49189490938242E-05,0,0,0,0,0,0,0.329043865203857,100.3,0
K-Means,21.964315642178,0.638726954989244,0.255650154798762,0.609866346717263,0.757660843039379,0.973759244408803,0.620056737588652,0,0.291339874267578,103,0
Otsu,15.2420303595787,0.516091300353689,0.26530612244898,0.745878848063555,0.854445139639383,0.856588926270172,0.852312056737589,0,0.00143098831176758,0,0
Adaptive Thresholding,11.8204528448014,0.388852527611126,0.234378243720158,0.461830648460175,0.631852463822189,0.59576339330586,0.672595744680851,0,0.00156974792480469,0,0
Region Growing,6.07963953151522,0.000607666349249823,0.00509380047210834,0,0,0,0,0,0.002044677734375,0,0
Split and Merge,15.2420303595787,0.516091300353689,0.26530612244898,0.745878848063555,0.854445139639383,0.856588926270172,0.852312056737589,0,0.0179078578948975,111.6,0
MobileNet-Seg,6.15561474169085,0.0388281200547268,0.0756783063633045,0,0,0,0,0,0.265084743499756,101.8,0
K-Means,25.0405486646037,0.655516337604865,0.183693278330502,0.541957024489608,0.702946989938319,0.972036039995605,0.550540645663166,0,0.277294635772705,97.4,0
Otsu,10.9860560399355,0.306135559229062,0.135582946049707,0.415333333333333,0.586905322656618,0.99167098541497,0.416787242318164,0,0.00216460227966309,0,0
Adaptive Thresholding,12.3731198040189,0.230447971157991,0.0654102466148818,0.613846843643223,0.760725029219597,0.989926945420999,0.617705173084403,0,0.00152039527893066,0,0
Region Growing,10.2837403330367,0.232949512596469,0.12314082808522,0.413730189408581,0.585302899390811,0.985271374917151,0.416304939712174,0,0.0483927726745606,103.3,0
Split and Merge,10.9860560399355,0.306135559229062,0.135582946049707,0.415333333333333,0.586905322656618,0.99167098541497,0.416787242318164,0,0.00922036170959473,108.3,0
MobileNet-Seg,9.10930525122634,0.24319585043749,0.268328445747801,0.262988926455535,0.41645484128446,0.988170163170163,0.263819525476468,0,0.257418870925903,101,0
K-Means,23.0827232926207,0.610927198851103,0.260217161815714,0.570239995042065,0.726309349962505,0.983617510289166,0.57570780541217,0,0.328562021255493,100.4,0
Otsu,18.4396182520743,0.701844872832707,0.564674653848913,0.69511704858212,0.820140472498404,0.983719912472648,0.703206632254028,0,0.00126028060913086,0,0
Adaptive Thresholding,10.225324780928,0.402540351562756,0.294325701680992,0.526350002321586,0.689684543546375,0.980368416500908,0.531956827780385,0,0.0015556812286377,0,0
Region Growing,5.80805352301303,0.00705348742067942,0.00283461776951014,0.0216017519161583,0.0422899664681294,1,0.0216017519161583,0,0.00454306602478027,219.4,0
Split and Merge,18.4396182520743,0.701844872832707,0.564674653848913,0.69511704858212,0.820140472498404,0.983719912472648,0.703206632254028,0,0.0226409435272217,132.4,0
MobileNet-Seg,5.82450516728183,0.0255204339872076,0.0167389956602604,0.0302987642734241,0.0588154918244341,1,0.0302987642734241,0,0.277288675308228,101,0.01171875
K-Means,21.9972207596623,0.816206460012544,0.419160803470526,0.433591156809164,0.604902108595921,0.990233410901911,0.435453361448772,0,0.274956464767456,98.2,0
Otsu,16.4763447799042,0.69848274711643,0.538365586799244,0.671840627644027,0.803713723108633,0.988479471277896,0.677142768543786,0,0.00147747993469238,0,0
Adaptive Thresholding,11.1656868281331,0.569272633695785,0.475924633635729,0.495164767477672,0.662354782895279,0.98638036809816,0.498573554949144,0,0.00180721282958984,0,0
Region Growing,5.9413962902246,0.000520120989931918,0.000141169827302245,1.55048375093029E-05,3.1009194226088E-05,1,1.55048375093029E-05,0,0.00202608108520508,0,0
Split and Merge,16.4763447799042,0.69848274711643,0.538365586799244,0.671840627644027,0.803713723108633,0.988479471277896,0.677142768543786,0,0.0385572910308838,103.7,0
MobileNet-Seg,16.6352109252355,0.924509486764471,0.911117277099519,0.914746086292478,0.955475081360475,0.983917071888553,0.928631232944679,0,0.270865440368652,99.7,0
K-Means,24.0767490633803,0.593751728475757,0.236418424451141,0.0110894702672352,0.021935685403398,0.0270316509837468,0.0184563268405222,0,0.317394971847534,97.7,0
Otsu,15.2883570978135,0.404703618238562,0.234339357782067,0.0711511417665573,0.132849864024257,0.14290998352332,0.124112957392752,0,0.00146341323852539,0,0
Adaptive Thresholding,12.7375806424106,0.433812293529076,0.197394316303235,0.358954694480127,0.528280590866124,0.511027404738509,0.546739479601671,0,0.00153827667236328,0,0
Region Growing,8.05795170288044,0.000892182064371105,0.000435666569851873,0.000146015243991473,0.000291987853305303,1,0.000146015243991473,0,0.00190901756286621,520.4,0
Split and Merge,15.2883570978135,0.404703618238562,0.234339357782067,0.0711511417665573,0.132849864024257,0.14290998352332,0.124112957392752,0,0.0189943313598633,105.2,0
MobileNet-Seg,8.06311360040222,0.00157552410459697,0.00244463618061547,0.00458487866133224,0.00912790697674419,1,0.00458487866133224,0,0.261039018630981,99.6,0
K-Means,25.755332786543,0.742706161901475,0.186104998428167,0.609371878217837,0.757279142832587,0.984139591451761,0.615415657788539,0,0.379471778869629,97.5,0
Otsu,6.84819714484127,0.119703374957568,0.205253087493477,0.175682996672084,0.298861167796722,0.984644747115468,0.176165642267337,0,0.00213956832885742,0,0
Adaptive Thresholding,11.796175113985,0.174139455815357,0.0750992382791546,0.727425341526899,0.842207560627675,0.989503896756893,0.733081889861551,0,0.00123238563537598,0,0
Region Growing,8.78970386007141,0.224006363803656,0.110805986544007,0.450508375505684,0.621173077127011,0.980482742459241,0.454584963059539,0,0.0536136627197266,93.2,0
Split and Merge,6.84819714484127,0.119703374957568,0.205253087493477,0.175682996672084,0.298861167796722,0.984644747115468,0.176165642267337,0,0.00305962562561035,0,0
MobileNet-Seg,6.75304250612131,0.182726871380584,0.426781519185591,0.203778259523072,0.338564445587857,0.988581730769231,0.20425901781834,0,0.264457225799561,102.1,0
K-Means,24.3716321647367,0.671208864024272,0.274025417678138,0.399929011250174,0.571356130255528,0.979995462108607,0.403220787303563,0,0.30436897277832,98.6,0
Otsu,15.1183061290614,0.457695185710606,0.268109125117592,0.49649628066717,0.663544957754016,0.979908203896775,0.501602613972304,0,0.00179409980773926,0,0
Adaptive Thresholding,13.1500519827383,0.355766296602058,0.116889760422883,0.588048667796088,0.740592753510746,0.983008084032748,0.594087443597324,0,0.00164532661437988,0,0
Region Growing,8.40172893965035,0.0609023949294664,0.0193438270434288,0.116161224837675,0.208144168159163,0.966352971509604,0.116632954722265,0,0.0175485610961914,113.8,0
Split and Merge,15.1183061290614,0.457695185710606,0.268109125117592,0.49649628066717,0.663544957754016,0.979908203896775,0.501602613972304,0,0.0161216259002686,62,0
MobileNet-Seg,8.39280497867799,0.033254834710857,0.0232270817889795,0.037037037037037,0.0714285714285714,0.992910758965805,0.0370468336704528,0,0.261001586914063,99.6,0
K-Means,23.0594120081299,0.662506692331751,0.087378640776699,0.38503340620093,0.555991508186153,0.985538655528411,0.387221129878776,0,0.299586296081543,100.1,0
Otsu,12.099664599633,0.383262146334019,0.151965065502183,0.426226734348562,0.59769842211413,0.985103811149033,0.428991655184159,0,0.00162553787231445,627.5,0
Adaptive Thresholding,13.6213475653774,0.25115897161049,0.056205262627281,0.672049976862564,0.80386350427587,0.994544375456538,0.674536700159465,0,0.00137615203857422,0,0
Region Growing,9.43702461941096,0.313999938191273,0.0892857142857143,0.477166664099681,0.646056637611044,0.989271002969633,0.479648867489279,0,0.0540106296539307,111.1,0
Split and Merge,12.099664599633,0.383262146334019,0.151965065502183,0.426226734348562,0.59769842211413,0.985103811149033,0.428991655184159,0,0.00779581069946289,128.1,0
MobileNet-Seg,7.90125807107172,0.0217324382471572,0.0325476992143659,0.0286258360168442,0.0556584036965127,0.99945945945946,0.0286262792029849,0,0.268627643585205,96.8,0
K-Means,24.3167221973165,0.548691773797878,0.172588099364529,0.391333220082467,0.562529830286482,0.988106843439267,0.393185203574975,0,0.297147274017334,97.6,0
Otsu,15.3895448242918,0.460030688948833,0.164830119375574,0.516996862117763,0.68160571063545,0.983496708119971,0.521521226415094,0,0.00220108032226563,0,0
Adaptive Thresholding,11.9690903395194,0.368100526061001,0.118180352969619,0.556919625708711,0.715412172231049,0.982782462514574,0.562406901688183,0,0.00160646438598633,0,0
Region Growing,7.45394626332248,0.000714490219686483,0.00198019801980198,1.55163853028798E-05,3.10322890968052E-05,1,1.55163853028798E-05,0,0.0019230842590332,0,0
Split and Merge,15.3895448242918,0.460030688948833,0.164830119375574,0.516996862117763,0.68160571063545,0.983496708119971,0.521521226415094,0,0.0104775428771973,95.2,0
MobileNet-Seg,7.46169824797656,0.00315798430805768,0.00628474740149867,0.00501179245283019,0.00997359929598123,1,0.00501179245283019,0,0.273624420166016,102.3,0
K-Means,25.6282145461264,0.739832438021301,0.313800657174151,0.442712923024597,0.61372282171905,0.992960920975069,0.444106699751861,0,0.306732177734375,97.8,0
Otsu,11.6864950174296,0.500324331275805,0.158694001518603,0.579589444624377,0.733848211757584,0.990537441682701,0.582816377171216,0,0.00132250785827637,0,0
Adaptive Thresholding,11.4738245081732,0.152712365718546,0.044556872143079,0.673430457055828,0.804850245454044,0.988193597905097,0.678892679900744,0,0.00116920471191406,0,0
Region Growing,6.16334395545723,0.00297947518057023,0.0460440985732815,0.00553660049627792,0.011012230670759,1,0.00553660049627792,0,0.00327873229980469,0,0
Split and Merge,11.6864950174296,0.500324331275805,0.158694001518603,0.579589444624377,0.733848211757584,0.990537441682701,0.582816377171216,0,0.00424551963806152,234.8,0
MobileNet-Seg,6.45294801913792,0.0647063523061409,0.422655298416565,0.0722279053907437,0.134724912544451,0.991911451681567,0.0722704714640199,0,0.277424812316895,100.9,0
K-Means,25.986252844095,0.625119360817961,0.22560132706663,0.0093500677998171,0.0185269077559947,0.0225896156336901,0.0157027857218515,0,0.322386264801025,99.3,0
Otsu,15.3329898952183,0.520078819191043,0.184501061571125,0.913462273526489,0.95477427087495,0.960376145314258,0.949237368922784,0,0.00136303901672363,0,0
Adaptive Thresholding,11.9571464687148,0.27786730402682,0.0700919102426099,0.464125602596087,0.6339969764522,0.614122611069744,0.655200720262684,0,0.00153470039367676,0,0
Region Growing,7.35321866069514,0.116908743985046,0.140468227424749,0.00876474151138348,0.0173771765620033,0.0260841904357968,0.0130282809024468,0,0.035524845123291,84.4,0
Split and Merge,15.3329898952183,0.520078819191043,0.184501061571125,0.913462273526489,0.95477427087495,0.960376145314258,0.949237368922784,0,0.0123012065887451,81.2,0
MobileNet-Seg,7.27810253803614,0.172769443405561,0.221052631578947,0.00327587240077502,0.00653035220100743,0.0131589504934606,0.00434276030081559,0,0.264956474304199,98.1,0
K-Means,22.8432162169957,0.677306258775127,0.304886890951276,0.653764517898452,0.790637978772497,0.953064701178598,0.675513171188487,0,0.324120759963989,98.7,0
Otsu,18.066113588722,0.701493561545768,0.445160865846437,0.713042964829066,0.832486959718744,0.779839421400435,0.892757694487568,0,0.0012812614440918,0,0
Adaptive Thresholding,10.9291371207568,0.41149973885679,0.275521319638967,0.436007336976866,0.607249455834626,0.644540977256378,0.574037110963259,0,0.00149774551391602,0,0
Region Growing,6.25236169622578,0.00371216837084299,0.00692412716988492,0,0,0,0,0,0.00235366821289063,0,0
Split and Merge,18.066113588722,0.701493561545768,0.445160865846437,0.713042964829066,0.832486959718744,0.779839421400435,0.892757694487568,0,0.0178892612457275,111.7,0
MobileNet-Seg,6.25684773911435,0.0137437125900903,0.0180822988955136,0,0,0,0,0,0.273113489151001,102.5,0
K-Means,22.1372915204115,0.567094529110261,0.291075294683666,0.902092109622758,0.948526209702505,0.959811648578551,0.937503074425697,0,0.264350414276123,98.3,0
Otsu,14.1696689398311,0.643138340524731,0.405271695052717,0.857295587678464,0.923165481429959,0.900793372182827,0.94667716070638,0,0.00133442878723145,747.3,0
Adaptive Thresholding,8.86308089056863,0.330252253155775,0.241695606220746,0.436330254604043,0.607562575814888,0.646782748757255,0.572826995917163,0,0.00142025947570801,0,0
Region Growing,4.44065510276368,0.00264712587501745,0.00698191050460171,0,0,0,0,0,0.00229716300964355,0,0
Split and Merge,14.1696689398311,0.643138340524731,0.405271695052717,0.857295587678464,0.923165481429959,0.900793372182827,0.94667716070638,0,0.0201148986816406,99.4,0
MobileNet-Seg,4.43220854645186,0.000263634558823544,0,0,0,0,0,0,0.283835172653198,98.6,0
K-Means,25.0222446022956,0.745527761168127,0.213691275167785,0.42418993117315,0.595692922535594,0.985872964520651,0.426784102580063,0,0.283152103424072,102.4,0
Otsu,12.6975845152482,0.448570589759693,0.295793163891323,0.599430155552133,0.74955465041261,0.983126626083003,0.605661199464691,0,0.00137519836425781,0,0
Adaptive Thresholding,10.5174183512692,0.296161837996931,0.203678576812905,0.540549307958478,0.701761774408647,0.986635463952406,0.544536428993807,0,0.00147461891174316,0,0
Region Growing,9.52289004737395,0.0216360789528081,0.139416571954322,0.438292483281595,0.609462245511554,0.983128940622185,0.441614017615387,0,0.105782985687256,94.5,0
Split and Merge,12.6975845152482,0.448570589759693,0.295793163891323,0.599430155552133,0.74955465041261,0.983126626083003,0.605661199464691,0,0.0133616924285889,74.8,0
MobileNet-Seg,6.84445894964469,0.123693192435196,0.0867718446601942,0.135791716565314,0.239113764583447,0.996007300935432,0.135865674893405,0,0.427385568618774,93.6,0
K-Means,25.8210843162024,0.811958057704153,0.26903800640401,0.441327355918103,0.612390175078561,0.992550758783175,0.442793990354891,0,0.54796838760376,98.5,0
Otsu,10.4935163341724,0.308252589635589,0.25469808995687,0.458386624547346,0.628621542232835,0.993354705135911,0.459796587115123,0,0.00248575210571289,0,0
Adaptive Thresholding,10.6649584920534,0.339821352306826,0.259665853478229,0.518533924939915,0.682940191751636,0.993740588738965,0.520233090144677,0,0.0024864673614502,0,0
Region Growing,9.07388603562894,0.054027936492296,0.125710227272727,0.40113787042462,0.572588720770289,0.993811833912678,0.402142327191789,0,0.107921600341797,92.6,0
Split and Merge,10.4935163341724,0.308252589635589,0.25469808995687,0.458386624547346,0.628621542232835,0.993354705135911,0.459796587115123,0,0.0116243362426758,171.9,0
MobileNet-Seg,8.04405613385259,0.339834690048523,0.170752565564424,0.339212191974436,0.506584683155142,0.982381206620395,0.341288487696303,0,0.424274921417236,96.6,0.00390625
K-Means,22.6698220959377,0.625295351826251,0.272649279341112,0.797137696262332,0.887119220658729,0.96258389261745,0.822626899913966,0,0.536796808242798,98.7,0
Otsu,16.3493360349724,0.516075959940445,0.41641363754663,0.765454261629722,0.867147088730713,0.891896807833389,0.843733868655004,0,0.00241565704345703,412.6,0
Adaptive Thresholding,11.7018266650897,0.446647056215526,0.249266264470895,0.416701519587341,0.588270025585515,0.576963379660269,0.600028677946659,0,0.00227928161621094,0,0
Region Growing,7.14043628485312,0.0419093384260603,0.105513649425287,0.0135541426388684,0.0267457693055826,0.0878875039948865,0.0157728706624606,0,0.333957195281982,95.8,0
Split and Merge,16.3493360349724,0.516075959940445,0.41641363754663,0.765454261629722,0.867147088730713,0.891896807833389,0.843733868655004,0,0.0196723937988281,101.5,0
MobileNet-Seg,7.90792846139963,0.518484800383848,0.655157577713241,0.0682178248578795,0.127722685898741,0.1295422369042,0.125953541726412,0,0.267985820770264,97,0
K-Means,24.8424099255785,0.734636403160587,0.292719614921781,0.481102105964575,0.649654205509694,0.9944266495836,0.482402846621191,0,0.425666570663452,101,0
Otsu,11.0807465099531,0.35505525855433,0.178199632578077,0.492825487340007,0.660258672590255,0.994465463869172,0.494180897182902,0,0.00144720077514648,0,0
Adaptive Thresholding,12.3164992529814,0.170077705236633,0.0692321771758031,0.699163179916318,0.822950012312238,0.996180172223449,0.701042621626241,0,0.00119161605834961,0,0
Region Growing,6.98675005990854,0.00951038388030233,0.108654926938928,0.0284506735864009,0.055327249652505,1,0.0284506735864009,0,0.00510144233703613,0,0
Split and Merge,11.0807465099531,0.35505525855433,0.178199632578077,0.492825487340007,0.660258672590255,0.994465463869172,0.494180897182902,0,0.00539970397949219,0,0
MobileNet-Seg,8.07491860127319,0.224211984921008,0.694159431728493,0.225461226364541,0.367961419772367,0.938918643203265,0.228817378062992,0,0.278943300247192,100.4,0
K-Means,21.4072153212531,0.721842380989622,0.368991814174771,0.586530752491124,0.739387814034075,0.910642838090157,0.622349152336392,0,0.238703489303589,100.5,0
Otsu,17.7231927595918,0.661400904207279,0.505363184795911,0.522872273883491,0.686692223439211,0.624981308877037,0.761925016710215,0,0.00130248069763184,764.3,0
Adaptive Thresholding,11.1407106840684,0.461450250144831,0.334794616632327,0.43730800891441,0.608509806112756,0.563194911309924,0.661754876344413,0,0.00148344039916992,671.5,0
Region Growing,5.52919345937798,0.00318347526097007,0,0,0,0,0,0,0.0017235279083252,0,0
Split and Merge,17.7231927595918,0.661400904207279,0.505363184795911,0.522872273883491,0.686692223439211,0.624981308877037,0.761925016710215,0,0.0231812000274658,129.4,0
MobileNet-Seg,7.53101897021971,0.15760107748053,0.0834217037822552,0.387403194578896,0.558457982643583,0.989033055298116,0.389074557938871,0,0.263022661209106,98.8,0
K-Means,23.6585859062256,0.654585502017413,0.184080848575963,0.421127918447879,0.592667152592181,0.973582180325376,0.425995841995842,0,0.345772743225098,98.3,0
Otsu,14.8843916763416,0.501824009180147,0.21310861423221,0.60629857774051,0.754901468683806,0.952162682333874,0.625347193347193,0,0.0015108585357666,0,0
Adaptive Thresholding,11.7647551582755,0.372548221876304,0.195317027935551,0.545589007109118,0.705994937334074,0.925736028280757,0.570561330561331,0,0.00153756141662598,0,0
Region Growing,7.05735109959675,-0.00458680141855439,0.0705957719410634,0.0381039501039501,0.0734106639323251,1,0.0381039501039501,0,0.00688862800598145,144.9,0
Split and Merge,14.8843916763416,0.501824009180147,0.21310861423221,0.60629857774051,0.754901468683806,0.952162682333874,0.625347193347193,0,0.0127785205841064,78.2,0
MobileNet-Seg,7.04444513481815,0.000306271755270728,0,0,0,0,0,0,0.274813175201416,101.9,0
K-Means,26.2990844564884,0.663677409174733,0.288326065078833,0.371734886747436,0.541992319855433,0.97008166895771,0.376046139861455,0,0.228485107421875,100.7,0
Otsu,14.5537326643223,0.464511948569031,0.23795584827418,0.535378602227254,0.6973896880556,0.98101517649065,0.540983606557377,0,0.00149059295654297,0,0
Adaptive Thresholding,12.1488581254113,0.293335880080896,0.106132837750485,0.598901863738303,0.749141491821198,0.978544893988022,0.606870827194935,0,0.0013892650604248,0,0
Region Growing,7.60938525545218,0.121939422857637,0.121719822365765,0.286596078797208,0.445510574018127,0.973025760135135,0.288891326834467,0,0.03751540184021,106.6,0
Split and Merge,14.5537326643223,0.464511948569031,0.23795584827418,0.535378602227254,0.6973896880556,0.98101517649065,0.540983606557377,0,0.0101337432861328,98.6,0
MobileNet-Seg,9.39760166833519,0.232889602197828,0.004661487236404,0.285033843068438,0.443620756925478,0.999011532125206,0.285114252578127,0,0.289041757583618,100.3,0
K-Means,21.6025195451667,0.794344867932647,0.398220502901354,0.219383906119028,0.359827458798055,0.363784835638335,0.355955254836626,0,0.279886484146118,100,0
Otsu,17.753931833801,0.718041983557663,0.584039822664696,0.269068422241137,0.424040843701666,0.354884530791789,0.526673693516031,0,0.00143551826477051,0,0
Adaptive Thresholding,11.6183601571176,0.585080276418676,0.477404526166902,0.305563082310274,0.468093938087712,0.441220730753025,0.498452959776954,0,0.00142312049865723,0,0
Region Growing,6.38917523606598,0.038593805306552,0.0032376967523411,0.147007631543714,0.25633243842652,0.90426189005559,0.149331882628948,0,0.00985598564147949,101.4,0
Split and Merge,17.753931833801,0.718041983557663,0.584039822664696,0.269068422241137,0.424040843701666,0.354884530791789,0.526673693516031,0,0.0337421894073486,118.5,0
MobileNet-Seg,6.38085091307535,0.00175450828464732,0,0,0,0,0,0,0.267741203308105,97.1,0
K-Means,23.5898856347707,0.739821001792234,0.224295190713101,0.54877501358471,0.708656853024178,0.873134608878698,0.596323680427192,0,0.324305057525635,98.7,0
Otsu,15.6155534426862,0.571842532647869,0.29490991778905,0.566207935710698,0.723030349675466,0.722529867199918,0.723531525980694,0,0.00137042999267578,0,0
Adaptive Thresholding,13.7291189869407,0.315258134474884,0.150171037628278,0.58159786555992,0.735456057730606,0.676362852833441,0.805863627028137,0,0.00101661682128906,1020.7,0
Region Growing,6.48808438052239,0.0136859200672142,0.089401888772298,0.00929113700564972,0.0184112129097151,0.0620852381654623,0.0108081741630725,0,0.0134894847869873,74.1,0
Split and Merge,15.6155534426862,0.571842532647869,0.29490991778905,0.566207935710698,0.723030349675466,0.722529867199918,0.723531525980694,0,0.0178623199462891,111.9,0
MobileNet-Seg,8.03725104370753,0.472060060320279,0.75812356979405,0.0914312110247132,0.167543698771215,0.185963483761862,0.152444033682481,0,0.264665365219116,102,0
K-Means,24.5256372953969,0.569883536750156,0.247382920110193,0.00290900998283207,0.0058011443787545,0.00517051394343514,0.0066069752328688,0,0.266921520233154,101.1,0
Otsu,12.9822804938688,0.507963323341369,0.27564878311147,0.0140127590694131,0.0276382302768518,0.024392939031465,0.0318795580908369,0,0.00161647796630859,616.6,0
Adaptive Thresholding,9.84182486216879,0.287725156485158,0.123073876015052,0.302903225806452,0.46496657588512,0.406867789633321,0.542421835511589,0,0.00166535377502441,595.6,0
Region Growing,6.06939567979471,0.0996620283365803,0.155948553054662,0.664578009591487,0.798494279946164,0.956230482522414,0.685428550797892,0,0.0396039485931397,101,0
Split and Merge,12.9822804938688,0.507963323341369,0.27564878311147,0.0140127590694131,0.0276382302768518,0.024392939031465,0.0318795580908369,0,0.0161423683166504,123.9,0
MobileNet-Seg,5.71773665404057,0.128495213631064,0.185854616895874,0.34188003452244,0.509553798740453,0.988561921597172,0.343237778901004,0,0.288144826889038,100.6,0
K-Means,21.9004818424568,0.824450870951356,0.423393334270848,0.443417442076379,0.614399451122768,0.641609696390722,0.589403247038175,0,0.330113887786865,96.9,0
Otsu,13.3598794108292,0.603291137277848,0.485977242302544,0.411914205398745,0.583483336060656,0.580286427253987,0.586715664765248,0,0.00169539451599121,587.6,0
Adaptive Thresholding,11.7405668095337,0.571578343719469,0.478053591977643,0.36467623491426,0.534450920422413,0.563831730183855,0.507980473892058,0,0.00169610977172852,0,0
Region Growing,6.37748441395967,0.000160154249139205,0,0,0,0,0,0,0.00212740898132324,0,0
Split and Merge,13.3598794108292,0.603291137277848,0.485977242302544,0.411914205398745,0.583483336060656,0.580286427253987,0.586715664765248,0,0.037487268447876,106.7,0
MobileNet-Seg,6.37746863376293,0.000160446322514193,0,0,0,0,0,0,0.300395965576172,99.9,0
K-Means,25.225223546225,0.710197002320147,0.275164037414491,0.0152411173614116,0.0300246258761129,0.0378447212384098,0.0248829116408069,0,0.275757312774658,101.5,0
Otsu,13.297584247411,0.381939465549045,0.271938775510204,0.0364081503711894,0.0702583250781071,0.0841363702730326,0.0603103168581072,0,0.00162053108215332,0,0
Adaptive Thresholding,12.6234352604628,0.336865143450839,0.138024790083966,0.361088343252201,0.530587665440455,0.530942150492559,0.530233653418457,0,0.00128793716430664,0,0
Region Growing,8.57558332425438,0.16178658752338,0.162521864780592,0.667496380584694,0.80059709676928,0.958005249343832,0.687616107171826,0,0.0550353527069092,127.2,0
Split and Merge,13.297584247411,0.381939465549045,0.271938775510204,0.0364081503711894,0.0702583250781071,0.0841363702730326,0.0603103168581072,0,0.0162928104400635,122.7,0
MobileNet-Seg,10.5066460153174,0.698001862399476,0.811788103417104,0.817362957879386,0.899504366296908,0.819242922551106,0.997200345377953,0,0.255014657974243,98,0
K-Means,25.1039632000487,0.661957002858172,0.348561257787007,0.538810103213896,0.700294470498419,0.91272210376688,0.568079270990003,0,0.257583141326904,97,0
Otsu,17.1076214066083,0.640587957396298,0.301074136478517,0.772450020203575,0.871618394198619,0.855897151628859,0.887927983721136,0,0.00181841850280762,0,0
Adaptive Thresholding,11.7353507380571,0.303664762236093,0.148677457560205,0.497977944451373,0.664866857747702,0.719096498675105,0.618242944351057,0,0.00142955780029297,0,0
Region Growing,6.94142314773573,0.000748541756239739,0.0033955857385399,0,0,0,0,0,0.0020601749420166,481,0
Split and Merge,17.1076214066083,0.640587957396298,0.301074136478517,0.772450020203575,0.871618394198619,0.855897151628859,0.887927983721136,0,0.0139360427856445,143.4,0
MobileNet-Seg,6.93625736498403,0.000412224975655984,0,0,0,0,0,0,0.266891956329346,101.2,0
K-Means,22.3279987525666,0.719102366968778,0.352488524885249,0.368802482945504,0.538868810570659,0.979825038717509,0.371624517788255,0,0.265269994735718,98,0
Otsu,15.5042895115998,0.598098088094753,0.453776094140405,0.612281389694926,0.759521748012958,0.980804020100503,0.619707577272944,0,0.00150895118713379,659,0
Adaptive Thresholding,11.0964411514911,0.511475564324612,0.42769241229263,0.503426528668883,0.669705528097354,0.967944292703425,0.511962026321221,0,0.00154519081115723,0,0
Region Growing,6.37980876070305,0.000224434065383544,0.00126603181592998,0.000920766458700449,0.00183983885549335,1,0.000920766458700449,0,0.00205421447753906,0,0
Split and Merge,15.5042895115998,0.598098088094753,0.453776094140405,0.612281389694926,0.759521748012958,0.980804020100503,0.619707577272944,0,0.0295279026031494,101.5,0
MobileNet-Seg,6.37855197554609,0.000218588587579266,0,0,0,0,0,0,0.290037393569946,96.5,0
K-Means,22.7043046269218,0.672915788993154,0.333827369609711,0.499101789927061,0.665867779333843,0.921257640525748,0.521342014830892,0,0.230718851089478,99.7,0
Otsu,16.3184854407503,0.486868166132503,0.403752420377913,0.200247866914534,0.333677521842732,0.402548869298582,0.284929462832339,0,0.00209975242614746,0,0
Adaptive Thresholding,12.4419352017928,0.509215996204668,0.314379514116875,0.448639693058947,0.619394450129417,0.66245203821492,0.581592512208356,0,0.00161075592041016,0,0
Region Growing,7.33785481220983,0.00928925201520021,0.0133423571497631,0.00793543136190993,0.0157459121189691,1,0.00793543136190993,0,0.00271749496459961,367.8,0
Split and Merge,16.3184854407503,0.486868166132503,0.403752420377913,0.200247866914534,0.333677521842732,0.402548869298582,0.284929462832339,0,0.0253286361694336,118.4,0
MobileNet-Seg,8.24753497255372,0.311443493770649,0.419849405787898,0.45802055406613,0.628277225295353,0.974891816063531,0.463487972508591,0,0.259369373321533,100.2,0
K-Means,26.030975085086,0.796878674285413,0.260545454545455,0.466009396903643,0.635752264464199,0.993040737944392,0.467536281161615,0,0.32172966003418,99.5,0
Otsu,12.4155607659895,0.37756010616339,0.228744394618834,0.549875234897261,0.709573548265273,0.993902778551144,0.551736395530346,0,0.00254082679748535,392.1,0
Adaptive Thresholding,11.5449165453544,0.343011913887542,0.202785494120781,0.526277664755564,0.689622441457725,0.994727336285248,0.52774987249432,0,0.00159502029418945,0,0
Region Growing,10.9966013770101,-0.00668080687338509,0.140082181546507,0.561113165680473,0.718862896061593,0.994727784303549,0.562786887779547,0,0.0776848793029785,103,0
Split and Merge,12.4155607659895,0.37756010616339,0.228744394618834,0.549875234897261,0.709573548265273,0.993902778551144,0.551736395530346,0,0.00537776947021484,185.7,0
MobileNet-Seg,9.56991315190243,0.404687283580137,0.217249182801106,0.402208517248274,0.573678610992289,0.987986399697771,0.404185277344173,0,0.266308546066284,101.4,0.00390625
K-Means,24.3112504456646,0.686292929941983,0.300681431005111,0.661602763811345,0.796342878358936,0.994920679098247,0.663844999148857,0,0.307950496673584,100.7,0
Otsu,10.9022009854119,0.356292102974485,0.138750546089996,0.493520334872801,0.660881975758077,0.996196177470146,0.494452096132716,0,0.00270938873291016,0,0
Adaptive Thresholding,12.2856846069178,0.208613424263307,0.0764289171470058,0.660303399743823,0.795400888591452,0.995810738473712,0.662142713443415,0,0.0021815299987793,0,0
Region Growing,12.6786399898715,0.446702401255866,0.0806636752582699,0.730198057893846,0.844062972516232,0.992428520633327,0.734288676704994,0,0.160589694976807,93.4,0.26953125
Split and Merge,10.9022009854119,0.356292102974485,0.138750546089996,0.493520334872801,0.660881975758077,0.996196177470146,0.494452096132716,0,0.00902152061462402,110.7,0
MobileNet-Seg,6.8536807224731,0.000333447213610119,0,0,0,0,0,0,0.412362098693848,99.4,0.34765625
K-Means,21.3048151411408,0.638687903943418,0.310743443392818,0.512442295610369,0.67763550000903,0.64631709501826,0.712143643472649,0,0.450579643249512,97.6,0
Otsu,17.11248567462,0.71023694615152,0.464133306238569,0.216067589861521,0.35535457348407,0.278049408131755,0.492199066165585,0,0.0019688606262207,0,0
Adaptive Thresholding,10.1152501485348,0.386668050322848,0.302366381068952,0.281479887306308,0.439304416861326,0.367427724997446,0.546141289906237,0,0.00203442573547363,488.8,0
Region Growing,4.89563974306913,0.00473870805491715,0.0115768835776305,0.0155259461716585,0.0305771531100479,1,0.0155259461716585,0,0.00434279441833496,0,0
Split and Merge,17.11248567462,0.71023694615152,0.464133306238569,0.216067589861521,0.35535457348407,0.278049408131755,0.492199066165585,0,0.0301949977874756,99.3,0
MobileNet-Seg,5.34736958130565,0.259549311670591,0.391581052822984,0.443633494427458,0.614606818337091,0.768101092896175,0.512242341418973,0,0.424247741699219,94.3,0.0390625
K-Means,22.3722573553215,0.610375941660084,0.203116170178413,0.39258910119285,0.563826186570856,0.759832988316199,0.448206635345738,0,0.515664339065552,98.9,0
Otsu,18.2739672583368,0.745042611253847,0.578528010514211,0.859757954026488,0.9245912374404,0.914300746706599,0.935116004718836,0,0.00180149078369141,0,0
Adaptive Thresholding,10.1377894535459,0.348428210810434,0.25499365884591,0.488234985392138,0.656126203434859,0.759360034828037,0.577602086222241,0,0.0022733211517334,0,0
Region Growing,5.58459004403773,0.00193356163855892,0,0,0,0,0,0,0.00399255752563477,0,0
Split and Merge,18.2739672583368,0.745042611253847,0.578528010514211,0.859757954026488,0.9245912374404,0.914300746706599,0.935116004718836,0,0.0360605716705322,83.2,0
MobileNet-Seg,5.89861653388679,0.206568984351104,0.258160848522294,0.0229253906440943,0.0448231920993947,0.0972827214270898,0.0291201854419769,0,0.380335569381714,97.3,0.015625
K-Means,21.325096571621,0.723233622471089,0.376431747742892,0.23926988816206,0.38614653748574,0.457494452289691,0.334050200329955,0,0.266117095947266,101.5,0
Otsu,18.5105835723586,0.763543660935326,0.589146762297855,0.51032041728763,0.675777684584454,0.581243369403777,0.807035116662739,0,0.00120878219604492,0,0
Adaptive Thresholding,10.2066893355023,0.412556438633001,0.322739919275834,0.409915115769338,0.581474886231946,0.558809148693432,0.606057035116663,0,0.00163769721984863,0,0
Region Growing,5.12819503884167,0.00150964915544071,0.001354096140826,0,0,0,0,0,0.00218725204467773,0,0
Split and Merge,18.5105835723586,0.763543660935326,0.589146762297855,0.51032041728763,0.675777684584454,0.581243369403777,0.807035116662739,0,0.0235567092895508,84.9,0
MobileNet-Seg,5.12346195080617,0.00116541727902849,0,0,0,0,0,0,0.290557146072388,103.2,0.01171875
K-Means,23.8609433858671,0.745638190221658,0.166479442821838,0.501281553398058,0.667804852811837,0.986005866536299,0.504873507830468,0,0.309168100357056,100.3,0
Otsu,10.9447986102239,0.363913578976497,0.144899399929403,0.456636127274978,0.626973502475511,0.976858136070187,0.461629926310684,0,0.00158357620239258,630.1,0
Adaptive Thresholding,13.0571408826182,0.190028350284337,0.057007252559727,0.718808854858131,0.836403481197403,0.98184463562753,0.728491637592503,0,0.000989913940429688,0,0
Region Growing,6.79368864297066,0.000449317878381561,0.000668896321070234,4.69358699563496E-05,9.38673341677096E-05,1,4.69358699563496E-05,0,0.00204324722290039,0,0
Split and Merge,10.9447986102239,0.363913578976497,0.144899399929403,0.456636127274978,0.626973502475511,0.976858136070187,0.461629926310684,0,0.00496578216552734,202.8,0
MobileNet-Seg,9.23054959268293,0.409062718713872,0.733431516936672,0.40355147340222,0.575043354019654,0.949297803384948,0.41244113459643,0,0.26337718963623,102.5,0.0078125
K-Means,22.1295817903571,0.686780563079165,0.301408736191345,0.211053249872881,0.348544954394093,0.480768462675241,0.273363159448595,0,0.302489995956421,99.2,0
Otsu,18.3079693513317,0.704480059827286,0.413701784686241,0.635525833638696,0.777151690994433,0.766834681876465,0.78775009651852,0,0.00127863883972168,0,0
Adaptive Thresholding,11.1295270556128,0.352439971617967,0.204675925925926,0.548957183944431,0.708808725811914,0.729554305495457,0.689210364953558,0,0.0014033317565918,0,0
Region Growing,5.71127044291507,0.00217422229584265,0.00143907898944675,0,0,0,0,0,0.00189661979675293,0,0
Split and Merge,18.3079693513317,0.704480059827286,0.413701784686241,0.635525833638696,0.777151690994433,0.766834681876465,0.78775009651852,0,0.0192182064056397,104,0
MobileNet-Seg,5.70996523255728,0.00199552972203896,0,0,0,0,0,0,0.266694784164429,97.5,0
K-Means,25.5864174375256,0.6386894255945,0.20736172672962,0.0208136080185445,0.0407784689683847,0.0392404284131479,0.0424419959388835,0,0.290040254592896,100,0
Otsu,12.00941570964,0.330635098902274,0.144589552238806,0.741102089283995,0.851302280142302,0.953820735233375,0.768682800173097,0,0.00188040733337402,530.7,0
Adaptive Thresholding,12.1465066587738,0.287515802748693,0.092948717948718,0.391974266822866,0.563191829282209,0.492748920450291,0.657135248493725,0,0.00155949592590332,0,0
Region Growing,7.89116332117226,0.127797247281427,0.134273145370926,0.0271716323961393,0.0529057297518129,0.0541369099460024,0.0517293032855098,0,0.0558226108551025,89.5,0
Split and Merge,12.00941570964,0.330635098902274,0.144589552238806,0.741102089283995,0.851302280142302,0.953820735233375,0.768682800173097,0,0.0122823715209961,81.3,0
MobileNet-Seg,7.7535537898727,0.0592418766907877,0,0.189907126926534,0.319196553460527,1,0.189907126926534,0,0.28798508644104,100.7,0
K-Means,26.6672428087776,0.662350580312216,0.0344182566404789,0.56341782880037,0.720751443947249,0.986722439616786,0.567722000527926,0,0.308948516845703,100.3,0
Otsu,12.4399873346316,0.495888427906876,0.100687929956223,0.622819039992608,0.767576697886716,0.986968617306848,0.62798316848594,0,0.00137138366699219,0,0
Adaptive Thresholding,11.1665617953672,0.17555737245745,0.0395811518324607,0.621302594724368,0.766423981243296,0.985957114248034,0.626849680915485,0,0.00131821632385254,0,0
Region Growing,12.7977863389548,0.389789489173753,0.0686471771807315,0.679713111600203,0.809320480867908,0.987257729193213,0.685728925671164,0,0.0788092613220215,101.5,0
Split and Merge,12.4399873346316,0.495888427906876,0.100687929956223,0.622819039992608,0.767576697886716,0.986968617306848,0.62798316848594,0,0.00173735618591309,0,0
MobileNet-Seg,6.38188007552061,0.000299112411959862,0,0,0,0,0,0,0.276986122131348,101.1,0
K-Means,24.7471030808433,0.766521590652827,0.278053830227743,0.690336399919868,0.816803566381927,0.985437747470304,0.697451386402205,0,0.28831934928894,100.6,0
Otsu,8.71485027353157,0.189699412682771,0.358737180776191,0.218651465494478,0.358841673251931,0.989456666900963,0.219162086842802,0,0.00179028511047363,0,0
Adaptive Thresholding,12.6957293378774,0.222824298489851,0.110207909957793,0.722226520790455,0.838712575926392,0.991712883279148,0.726611760676309,0,0.0010068416595459,0,0
Region Growing,6.69384937674112,-0.000215796202804198,0.00472972972972973,0.000934128380377077,0.00186651319780374,1,0.000934128380377077,0,0.00203967094421387,0,0
Split and Merge,8.71485027353157,0.189699412682771,0.358737180776191,0.218651465494478,0.358841673251931,0.989456666900963,0.219162086842802,0,0.0140523910522461,71.1,0
MobileNet-Seg,13.682841132645,0.77502353258388,0.849434290687554,0.769744873046875,0.869893604179959,0.974783095978822,0.785384004608367,0,0.262331485748291,99.1,0
K-Means,24.5017265559697,0.597965862420083,0.184062542861062,0.0313909616835751,0.0608711203602842,0.0693256304855016,0.0542545791792256,0,0.330339670181274,99.9,0
Otsu,14.7905827640914,0.424633409173605,0.175905158603012,0.772463999149796,0.871627293440461,0.902694982613015,0.842626941803849,0,0.00148129463195801,0,0
Adaptive Thresholding,12.8106607708519,0.365510857959829,0.126700715015322,0.40073920699731,0.57218246622275,0.546671242278655,0.600191282170183,0,0.00165176391601563,0,0
Region Growing,8.56408915017902,0.0859741905162081,0.142871680065127,0.0301808611904362,0.0585933253614523,0.078153697438376,0.046864131694876,0,0.0409982204437256,97.5,0
Split and Merge,14.7905827640914,0.424633409173605,0.175905158603012,0.772463999149796,0.871627293440461,0.902694982613015,0.842626941803849,0,0.0120494365692139,82.9,0
MobileNet-Seg,8.09487349843339,0.0151797366332551,0.0540416762079231,0,0,0,0,0,0.265349864959717,98,0
K-Means,22.8273519699324,0.594986070227431,0.23682266836769,0.0413904664779421,0.0794907727894373,0.0881482868376708,0.0723817723387246,0,0.285023927688599,101.7,0
Otsu,13.3989641549429,0.375790319869857,0.369931717928576,0.649277444668564,0.787347752517214,0.86494644237494,0.72252628989607,0,0.0018157958984375,0,0
Adaptive Thresholding,11.9177133968676,0.445905159947403,0.290579389650597,0.366324817444424,0.53621922513213,0.517059243397573,0.556853822028166,0,0.00166940689086914,0,0
Region Growing,7.39162974898272,-0.000561576119363561,0.0411503018748014,0,0,0,0,0,0.0121433734893799,164.5,0
Split and Merge,13.3989641549429,0.375790319869857,0.369931717928576,0.649277444668564,0.787347752517214,0.86494644237494,0.72252628989607,0,0.0193054676055908,103.5,0
MobileNet-Seg,7.31685020520956,0.000789950792940734,0,0,0,0,0,0,0.270758628845215,99.7,0
K-Means,23.8392957413598,0.63562113674943,0.253604749787956,0.602845497192955,0.752219098158508,0.985368061142397,0.608290782673475,0,0.27064847946167,99.8,0
Otsu,11.1147916004299,0.481419302403022,0.210234407701967,0.582749110183202,0.73637584937988,0.987777168377341,0.586981826082908,0,0.0014338493347168,0,0
Adaptive Thresholding,10.8490047384513,0.210289704589377,0.113066075917011,0.633208023911503,0.775416253950285,0.988622149523718,0.63785637794298,0,0.00143647193908691,0,0
Region Growing,6.59232376457929,0.0709468906486905,0.1121696926119,0.127666837344257,0.226426517330104,0.998059194565745,0.127698539568234,0,0.01619553565979,61.7,0
Split and Merge,11.1147916004299,0.481419302403022,0.210234407701967,0.582749110183202,0.73637584937988,0.987777168377341,0.586981826082908,0,0.0103702545166016,96.3,0
MobileNet-Seg,5.74740516521253,0.000265285588523763,0,0,0,0,0,0,0.272255897521973,99.2,0
K-Means,23.6584485800705,0.595220363173398,0.157151265450265,0.0138033234539945,0.027230771757518,0.027944448189847,0.0265526408507095,0,0.295801877975464,98,0
Otsu,13.7266091967147,0.365093505351853,0.279906876790831,0.715752192800421,0.834330500411231,0.840197479537482,0.828544889657602,0,0.0017247200012207,0,0
Adaptive Thresholding,12.4464060441895,0.393389168422897,0.201644988523336,0.370532826649418,0.540713537749067,0.501093433929255,0.587136863008872,0,0.00136685371398926,0,0
Region Growing,8.85764784985221,0.146794776892553,0.140941729681642,0.0784098987453648,0.145417616875713,0.163849520215201,0.130713301944204,0,0.0645313262939453,108.4,0
Split and Merge,13.7266091967147,0.365093505351853,0.279906876790831,0.715752192800421,0.834330500411231,0.840197479537482,0.828544889657602,0,0.0131492614746094,76,0
MobileNet-Seg,7.86633816856248,0.00251113393115322,0.0081772619361646,0.0106979276768841,0.0211693867849786,1,0.0106979276768841,0,0.275833368301392,97.9,0
K-Means,22.5196335109859,0.610896012867242,0.148549968704361,0.507690646261127,0.673467925957003,0.97815295901079,0.513513513513514,0,0.313607692718506,98.8,0
Otsu,15.0613220050557,0.640477460910956,0.184299191374663,0.707016975808317,0.828365488835899,0.983421978210517,0.715545221896261,0,0.00120401382446289,0,0
Adaptive Thresholding,12.7688028360569,0.25381377880849,0.0756331448241947,0.67481772120613,0.805840197009804,0.985294449331258,0.681683415517134,0,0.00131964683532715,0,0
Region Growing,7.23380076322657,0.0178159559892007,0.144167450611477,0.10539292179015,0.190688613456055,1,0.10539292179015,0,0.0151355266571045,66,0
Split and Merge,15.0613220050557,0.640477460910956,0.184299191374663,0.707016975808317,0.828365488835899,0.983421978210517,0.715545221896261,0,0.00968527793884277,103.1,0
MobileNet-Seg,33.1767009043339,0.994763325284319,0.961485557083907,0.975265502929688,0.987477887385961,0.977786956721281,0.997362836277386,0,0.285235404968262,101.7,0
K-Means,24.4191785365385,0.653658355322582,0.180624413774621,0.706664572535469,0.828123562072456,0.957678527085033,0.729444189251263,0,0.256489992141724,97.5,0
Otsu,16.8072612418309,0.521435624110083,0.14066583342802,0.653952216020649,0.790775222749827,0.780839238205621,0.800967332270529,0,0.00153493881225586,0,0
Adaptive Thresholding,13.6098999548837,0.359716180311453,0.110540278772055,0.438588580125134,0.609748452315649,0.590110473493945,0.630738469021049,0,0.00147390365600586,0,0
Region Growing,9.80524113893267,0.148418019144051,0.109674134419552,0.222341452945595,0.363795979281889,0.519402386443397,0.2799319084547,0,0.037261962890625,107.3,0
Split and Merge,16.8072612418309,0.521435624110083,0.14066583342802,0.653952216020649,0.790775222749827,0.780839238205621,0.800967332270529,0,0.0119037628173828,83.9,0
MobileNet-Seg,9.71490380061013,0.30774080495258,0.30746644295302,0.213727565015669,0.352183753877106,0.463995405548684,0.283795833445919,0,0.267684459686279,97.1,0
K-Means,23.514604526913,0.606349438796963,0.038209982788296,0.365690053970702,0.535538869756676,0.981946917311913,0.36816530567889,0,0.266730070114136,101.2,0
Otsu,11.4878374246735,0.410202508000778,0.148005544432466,0.485102979404119,0.653292042547462,0.981361048013194,0.489614059055485,0,0.00255179405212402,0,0
Adaptive Thresholding,12.8247353879145,0.250166043133459,0.068771081911091,0.670825365492567,0.802986810407687,0.990211477611601,0.675303505449126,0,0.00145602226257324,0,0
Region Growing,8.74740971672343,0.240893662583648,0.0946984248943527,0.415122598974739,0.586694890287946,0.987148889296861,0.417378209705965,0,0.0468940734863281,85.3,0
Split and Merge,11.4878374246735,0.410202508000778,0.148005544432466,0.485102979404119,0.653292042547462,0.981361048013194,0.489614059055485,0,0.00518012046813965,192.6,0
MobileNet-Seg,7.15494329143719,0.00125166165167654,0,0,0,0,0,0,0.290250778198242,99.9,0
K-Means,24.7980533552812,0.605924612142868,0.19360653767576,0.189440169806315,0.318536694178006,0.389476334340383,0.269457427352164,0,0.303246021270752,98.9,0
Otsu,14.4623084960841,0.390018649648809,0.205627512282269,0.699535660249387,0.823207981580967,0.873399993485979,0.778471274711876,0,0.00146293640136719,681,0
Adaptive Thresholding,12.8096087999365,0.369615580469318,0.126092586597604,0.377958636537725,0.548577622746918,0.526179685417222,0.572967166952129,0,0.00146007537841797,679.9,0
Region Growing,8.17617419114223,0.0007335438763708,0.00115446779034865,0,0,0,0,0,0.00179219245910645,0,0
Split and Merge,14.4623084960841,0.390018649648809,0.205627512282269,0.699535660249387,0.823207981580967,0.873399993485979,0.778471274711876,0,0.0134050846099854,149,0
MobileNet-Seg,8.17606314614761,0.000703307544695662,0,0,0,0,0,0,0.359614610671997,94.5,0
K-Means,25.3003409749357,0.823992932317807,0.304518664047151,0.48895336208769,0.656774583459242,0.990072570764349,0.491362374879167,0,0.553428649902344,101.2,0
Otsu,12.152839198628,0.385326259159781,0.322037595898629,0.471192808681747,0.640558879707897,0.991085132090259,0.473198415915682,0,0.00239062309265137,0,0
Adaptive Thresholding,12.1339800534645,0.431865651178297,0.329250541413711,0.508859700752765,0.67449571421239,0.987258466808907,0.512223642770277,0,0.00232434272766113,428.5,0
Region Growing,8.52341883541141,0.0721897936702068,0.0466491105497931,0.195565175415376,0.327151006798823,0.993591772151899,0.195812155040694,0,0.0497095584869385,100.6,0
Split and Merge,12.152839198628,0.385326259159781,0.322037595898629,0.471192808681747,0.640558879707897,0.991085132090259,0.473198415915682,0,0.0350527763366699,85.6,0
MobileNet-Seg,7.68799907273908,0.0138610976397007,0.0069591971284155,0.0191618073528953,0.0376030718864259,1,0.0191618073528953,0,0.431225061416626,95.1,0
K-Means,22.7700784130658,0.670911764275963,0.37201472085193,0.062848681038639,0.11826458866604,0.121569411137756,0.115134691817551,0,0.414921045303345,98.8,0
Otsu,21.125189101775,0.760060644821156,0.547945205479452,0.306487246435027,0.469177555726364,0.395012727037405,0.577629171661094,0,0.0018620491027832,536,0
Adaptive Thresholding,11.4744869180075,0.470941078412118,0.299790872186001,0.315920206415835,0.480151007447945,0.44780152296733,0.517538325657687,0,0.00173473358154297,0,0
Region Growing,6.4898600102851,0.00487178019948533,0.000192715359414145,0.000157718755914453,0.000315387769262308,1,0.000157718755914453,0,0.00285577774047852,347.1,0
Split and Merge,21.125189101775,0.760060644821156,0.547945205479452,0.306487246435027,0.469177555726364,0.395012727037405,0.577629171661094,0,0.0353133678436279,84.9,0
MobileNet-Seg,6.4895598049747,0.00484798914682129,0,0,0,0,0,0,0.499488353729248,84.1,0
K-Means,22.5727660504306,0.68591267650606,0.300876338851022,0.422046655135337,0.593576383181564,0.988142580904083,0.424194963037213,0,0.44225811958313,97.2,0
Otsu,17.1496951782253,0.657563377456334,0.501749861853012,0.699931774483657,0.823482194979568,0.985933950725144,0.706991605062022,0,0.0012211799621582,0,0
Adaptive Thresholding,10.319163063469,0.454177133473722,0.394854742737137,0.515676362959747,0.68045708907508,0.981003510220938,0.520877709560206,0,0.00155186653137207,0,0
Region Growing,5.7659962824304,0.00013443885035183,0,0.00120598922440797,0.00240907313257724,1,0.00120598922440797,0,0.00215744972229004,0,0
Split and Merge,17.1496951782253,0.657563377456334,0.501749861853012,0.699931774483657,0.823482194979568,0.985933950725144,0.706991605062022,0,0.0244770050048828,122.5,0
MobileNet-Seg,5.76589965432471,0.000296094197328941,0,0,0,0,0,0,0.278739452362061,104,0
K-Means,24.3021432243538,0.702080141934253,0.404110237711905,0.581111283563557,0.735066898332204,0.990345447812517,0.584422071333802,0,0.279441118240356,100.2,0
Otsu,15.684658872454,0.653393917496732,0.3601667438629,0.63907012785742,0.779795955030682,0.988967766692249,0.643658784047452,0,0.00135350227355957,0,0
Adaptive Thresholding,11.1183825901333,0.356171856014214,0.225118483412322,0.590318388564003,0.742390194075587,0.985205267234702,0.595598220557247,0,0.00186991691589355,0,0
Region Growing,6.13404864343145,0.0327916797642642,0.112313076678333,0.0853184817709552,0.157222940922812,0.993460490463215,0.0853664247248888,0,0.01332688331604,149.9,0
Split and Merge,15.684658872454,0.653393917496732,0.3601667438629,0.63907012785742,0.779795955030682,0.988967766692249,0.643658784047452,0,0.0159666538238525,125.2,0
MobileNet-Seg,5.92802816497724,0.000524449972494916,0,0,0,0,0,0,0.275737285614014,97.9,0
K-Means,25.9209461584654,0.705890427290258,0.239486223327118,0.551905092115374,0.71126139725862,0.922469692698055,0.578750835265909,0,0.321139812469482,102.7,0
Otsu,17.2555701225041,0.782500445096215,0.295573893473368,0.924515759735584,0.960777541112582,0.938606028794241,0.984021854486852,0,0.00128602981567383,775.4,0
Adaptive Thresholding,10.1072383117492,0.23798911357122,0.118726389638424,0.542207018618741,0.703157244225697,0.801786837800428,0.626134978970952,0,0.00156092643737793,637.5,0
Region Growing,5.32069649220256,0.000187743123417671,0,0,0,0,0,0,0.00185823440551758,0,0
Split and Merge,17.2555701225041,0.782500445096215,0.295573893473368,0.924515759735584,0.960777541112582,0.938606028794241,0.984021854486852,0,0.00896930694580078,111.5,0
MobileNet-Seg,5.32347107803709,0.000718595122406825,0.00452374968585072,0,0,0,0,0,0.263257026672363,102.5,0
K-Means,26.1726154615427,0.64968561501965,0.273334505185446,0.798250783846861,0.887808075511274,0.980341632889404,0.811236224245328,0,0.386544227600098,98.3,0
Otsu,16.7893908753832,0.567959861864072,0.210901241230437,0.820903489846305,0.901644150196663,0.919777700244231,0.884211787254432,0,0.00133633613586426,0,0
Adaptive Thresholding,13.3442129283718,0.363931993443106,0.139122500793399,0.461589173549179,0.631626426772581,0.662043968166417,0.60388116914231,0,0.00138425827026367,706.3,0
Region Growing,8.61539950769546,0.00763827929961425,0.0314992025518341,0,0,0,0,0,0.00279831886291504,0,0
Split and Merge,16.7893908753832,0.567959861864072,0.210901241230437,0.820903489846305,0.901644150196663,0.919777700244231,0.884211787254432,0,0.0182666778564453,54.7,0
MobileNet-Seg,8.59155471164957,0.000508538177846026,0,0,0,0,0,0,0.266271591186523,101.4,0
K-Means,20.6966520791492,0.59922163132231,0.313062760381669,0.575100212214101,0.730239520958084,0.922688035216838,0.60421593135599,0,0.239949703216553,100,0
Otsu,16.4012591024226,0.682017478345694,0.451623030074716,0.36811138204987,0.538130720758015,0.549775616174432,0.526968898497849,0,0.00134992599487305,0,0
Adaptive Thresholding,10.9768542478378,0.474570083979719,0.333720885168391,0.420252765166786,0.591799960505529,0.654679009311597,0.539940994977817,0,0.00179266929626465,0,0
Region Growing,5.94725613071486,0.00371155149699704,0.00424247368850453,0.00373848613832399,0.00744912383046512,1,0.00373848613832399,0,0.0021207332611084,0,0
Split and Merge,16.4012591024226,0.682017478345694,0.451623030074716,0.36811138204987,0.538130720758015,0.549775616174432,0.526968898497849,0,0.0249848365783691,120,0
MobileNet-Seg,5.93096233914247,0.00193954814791579,0,0,0,0,0,0,0.261832475662231,95.5,0
K-Means,22.1270170993435,0.748228730627471,0.318606900999678,0.301787927731661,0.463651446295896,0.536706746826987,0.408101587301587,0,0.301162004470825,99.6,0
Otsu,17.6995918965385,0.73653581952671,0.546935091437093,0.538027141144376,0.699632830593685,0.63011803011803,0.786387301587302,0,0.00125455856323242,793.7,0
Adaptive Thresholding,10.6582836036906,0.510311151214195,0.438683703833363,0.386400166405083,0.55741506062714,0.602026987213482,0.51895873015873,0,0.00156426429748535,0,0
Region Growing,5.76719649872405,0.00119785171700624,0.000217355865891431,0,0,0,0,0,0.00185656547546387,0,0
Split and Merge,17.6995918965385,0.73653581952671,0.546935091437093,0.538027141144376,0.699632830593685,0.63011803011803,0.786387301587302,0,0.0322027206420898,93.1,0
MobileNet-Seg,5.76689788272235,0.00124183946534604,0,0,0,0,0,0,0.272552728652954,99,0
K-Means,29.7491363081108,0.869056974992266,0.374240583232078,0.685492006236053,0.813402856495126,0.979278571116643,0.695581370100966,0,0.251680850982666,103.3,0
Otsu,34.4529162828827,0.951667707729193,0.636393989983306,0.289066253390159,0.448489366050711,0.997433155080214,0.289281449198939,0,0.00220990180969238,0,0
Adaptive Thresholding,20.969308867231,0.813853518496723,0.226477301547045,0.839549002601908,0.912776991984913,0.998324094366379,0.840733905113451,0,0.000808954238891602,0,0
Region Growing,15.2027867020476,0.602720652262216,0,1.5509406455015E-05,3.1018331834114E-05,1,1.5509406455015E-05,0,0.00165987014770508,0,0
Split and Merge,34.4529162828827,0.951667707729193,0.636393989983306,0.289066253390159,0.448489366050711,0.997433155080214,0.289281449198939,0,0.0202748775482178,98.6,0
MobileNet-Seg,58.1049917365584,0.997052971876603,1,0.404419282476996,0.575923853400411,0.961750616925533,0.411030289870807,0,0.270948648452759,103.3,0
K-Means,22.8969808465276,0.638844229757894,0.223000583771162,0.091582360340887,0.167797435481253,0.190970554549821,0.149639579654344,0,0.315385580062866,101.5,0
Otsu,13.1686246334509,0.353742668498204,0.14090368608799,0.618468069100777,0.764263541441875,0.89578955560744,0.666415771646933,0,0.00158476829528809,628.7,0
Adaptive Thresholding,13.4512146894069,0.36398563723302,0.16526022898326,0.464004932942809,0.633884384542487,0.581179253252239,0.697102162522074,0,0.0011441707611084,865.3,0
Region Growing,7.23729042650266,0.0391308218738412,0.14546965918537,0.062086360402699,0.116913958633568,0.19559902200489,0.0833743450192514,0,0.0275523662567139,108.8,0
Split and Merge,13.1686246334509,0.353742668498204,0.14090368608799,0.618468069100777,0.764263541441875,0.89578955560744,0.666415771646933,0,0.0152502059936523,65.5,0
MobileNet-Seg,7.0183611593802,0.000905804481543779,0,0,0,0,0,0,0.258774518966675,104.3,0
K-Means,21.3600889464281,0.780135320668731,0.33730056058646,0.385269717475246,0.556237839627979,0.620994577273848,0.503711293829505,0,0.306098937988281,98,0
Otsu,17.2036529208785,0.709111406428561,0.533002048403004,0.513713758978729,0.678746237102742,0.628166138533847,0.7381850898458,0,0.00158023834228516,0,0
Adaptive Thresholding,11.1064674638622,0.532696066012238,0.451477374474826,0.373789882095905,0.544173293117631,0.602727245117988,0.495988803638817,0,0.0017707347869873,0,0
Region Growing,6.03699265578553,0.00111554017654781,0.000103761348897536,0,0,0,0,0,0.00222587585449219,0,0
Split and Merge,17.2036529208785,0.709111406428561,0.533002048403004,0.513713758978729,0.678746237102742,0.628166138533847,0.7381850898458,0,0.0352892875671387,85,0
MobileNet-Seg,10.0255846166658,0.668687813968613,0.618105666851693,0.279453727016098,0.436832878150008,0.417784469385893,0.457701247094694,0,0.252453565597534,99,0
K-Means,22.9924256060659,0.678745701726236,0.341461873775981,0.800960741143168,0.889481622608558,0.900388929960464,0.878835414444375,0,0.280628681182861,99.8,0
Otsu,18.5553741048424,0.670666951934654,0.510452608077938,0.726490473263675,0.841580633677465,0.7466472303207,0.964171424985882,0,0.00126123428344727,0,0
Adaptive Thresholding,11.3155335820615,0.480639921356022,0.32083299766374,0.387021801727684,0.558061598232424,0.529117341056716,0.590355775867478,0,0.00151515007019043,0,0
Region Growing,6.50928003890502,0.00623184770828626,0.00853807283498867,0,0,0,0,0,0.00311565399169922,0,0
Split and Merge,18.5553741048424,0.670666951934654,0.510452608077938,0.726490473263675,0.841580633677465,0.7466472303207,0.964171424985882,0,0.031733512878418,94.5,0
MobileNet-Seg,6.50719181609969,0.00370354131146208,0,0,0,0,0,0,0.268721342086792,100.5,0
K-Means,22.2412208396026,0.624171604983129,0.313538065215918,0.331002916240175,0.497373690472736,0.627641264144725,0.411886280070174,0,0.238206148147583,104.9,0
Otsu,14.3733045723483,0.449440334432747,0.325221238938053,0.670060054026299,0.802438274493029,0.904145077720207,0.721299656340872,0,0.00146913528442383,0,0
Adaptive Thresholding,11.1857979420731,0.447223952212102,0.293564886404187,0.463294873231022,0.633221480791559,0.674944241962683,0.596356732594747,0,0.0014805793762207,0,0
Region Growing,6.52078441405096,0.00194853954095741,0.0422077922077922,0,0,0,0,0,0.0060570240020752,0,0
Split and Merge,14.3733045723483,0.449440334432747,0.325221238938053,0.670060054026299,0.802438274493029,0.904145077720207,0.721299656340872,0,0.0193526744842529,103.3,0
MobileNet-Seg,6.59674140043141,0.0620753479096682,0.101511078149625,0,0,0,0,0,0.278499841690064,100.5,0
K-Means,26.6848962218119,0.790723038014687,0.30003812428517,0.963291594106753,0.981302621575198,0.963291594106753,1,0,0.285048007965088,101.7,0
Otsu,35.9585246093833,0.968106304380283,0.81737534414194,0,0,0,0,0,0.00206875801086426,0,0
Adaptive Thresholding,15.9702541908224,0.682614855328171,0.21038374717833,0.579275766016713,0.733596726400452,0.621456320350633,0.895118941719992,0,0.00111031532287598,0,0
Region Growing,10.7600117681302,0.463894197913187,0.0131018670160498,0,0,0,0,0,0.00267171859741211,0,0
Split and Merge,35.9585246093833,0.968106304380283,0.81737534414194,0,0,0,0,0,0.0262506008148193,76.2,0
MobileNet-Seg,11.1117474584644,0.487251817026249,0.066953316953317,0.000510697774432857,0.00102087419068855,0.0080033698399326,0.00054520933168814,0,0.271148443222046,99.6,0
K-Means,21.9157890069198,0.676809716178304,0.309187788018433,0.259217105754161,0.411711538176592,0.424862385321101,0.399350369369628,0,0.263755798339844,102.4,0
Otsu,14.8448844658529,0.549643860771757,0.316717531366565,0.481023970766389,0.649582964572103,0.608797285409074,0.69622581850585,0,0.00153112411499023,0,0
Adaptive Thresholding,11.8628272032999,0.400593020325077,0.254276379012108,0.408397020788363,0.579945874295814,0.558017802577388,0.603667826036966,0,0.00157022476196289,0,0
Region Growing,6.87231766838897,0.000410405142678821,0.00258317834263278,0,0,0,0,0,0.00200676918029785,0,0
Split and Merge,14.8448844658529,0.549643860771757,0.316717531366565,0.481023970766389,0.649582964572103,0.608797285409074,0.69622581850585,0,0.0191950798034668,104.1,0
MobileNet-Seg,7.65933488979952,0.116202316333441,0.0781962338949455,0.270114116531087,0.425338342461413,1,0.270114116531087,0,0.273998260498047,98.5,0
K-Means,20.7594337801555,0.661444928284284,0.321543004334988,0.581755660304459,0.735582207674833,0.943539290637925,0.602738080941516,0,0.246056795120239,101.6,0
Otsu,17.6085570639877,0.665835104491881,0.503119032463399,0.439338207002693,0.610472514194673,0.655341031704125,0.571354229214203,0,0.00141406059265137,0,0
Adaptive Thresholding,11.6884691729459,0.45389970391217,0.344857822873606,0.472489866436308,0.641756357318532,0.735391457234461,0.569272647211881,0,0.00152850151062012,0,0
Region Growing,6.30358803537424,0.00258837214287319,0.00107163465501607,0.000900684520235379,0.00179974803527506,1,0.000900684520235379,0,0.00178766250610352,0,0
Split and Merge,17.6085570639877,0.665835104491881,0.503119032463399,0.439338207002693,0.610472514194673,0.655341031704125,0.571354229214203,0,0.0284249782562256,105.5,0
MobileNet-Seg,27.3241922218696,0.995146449658662,0.992838916783274,0.763404333455747,0.865830166085281,0.764246323529412,0.998558904767623,0,0.258074998855591,96.9,0
K-Means,22.122374464644,0.759664368370123,0.310481867858917,0.531982611395746,0.69450215353433,0.982199162988018,0.537161579582687,0,0.324902534484863,98.5,0
Otsu,13.4968030116762,0.576509181602968,0.457676714260532,0.615589483137716,0.76206176081581,0.980443414140916,0.6232422517989,0,0.00157499313354492,633.8,0
Adaptive Thresholding,10.8382944646106,0.499008460493808,0.434239705230118,0.511017448166858,0.67638854705062,0.977908252527948,0.516985687187446,0,0.00162863731384277,0,0
Region Growing,5.98240114882374,0.000487499330406988,0,1.5676684067786E-05,3.13528766264305E-05,1,1.5676684067786E-05,0,0.0017697811126709,0,0
Split and Merge,13.4968030116762,0.576509181602968,0.457676714260532,0.615589483137716,0.76206176081581,0.980443414140916,0.6232422517989,0,0.0469739437103272,85.1,0
MobileNet-Seg,5.98256847629343,0.000564578584466522,0.000106621174965348,0.000109736788474502,0.000219449495266161,1,0.000109736788474502,0,0.423307418823242,99.2,0
K-Means,22.809463454525,0.555539163957659,0.0812216814901829,0.0290610427121488,0.0564806974629159,0.0674936291410583,0.0485575626853599,0,0.457140207290649,96.2,0
Otsu,7.22018429426226,0.293275507715217,0.157949373153398,0.532295510642978,0.694768740031898,0.850488090589613,0.587247236451874,0,0.00267934799194336,0,0
Adaptive Thresholding,8.19691486259919,0.208049354159582,0.13910466885561,0.424296006470909,0.595797509145899,0.583943873456391,0.608142356430305,0,0.00220680236816406,0,0
Region Growing,5.47242462487503,0.0608852129773182,0.136608917921045,0.205125882992212,0.340422334109867,0.384615384615385,0.305338366136425,0,0.0978915691375732,102.1,0
Split and Merge,7.22018429426226,0.293275507715217,0.157949373153398,0.532295510642978,0.694768740031898,0.850488090589613,0.587247236451874,0,0.0118613243103027,84.2,0
MobileNet-Seg,4.41562459433354,0.238306490103933,0.304514713946262,0.00469430674477993,0.00934474638358315,0.015229044834308,0.00674036128336479,0,0.413811683654785,99.1,0
K-Means,23.9803250168421,0.681427247956281,0.265138452175677,0.100818542831672,0.183170139144519,0.211465726063491,0.161553196324795,0,0.462310075759888,95.2,0
Otsu,14.070772803919,0.37142286094538,0.254918825932695,0.579668470906631,0.73391155369954,0.814885269290215,0.667575728060777,0,0.00275063514709473,0,0
Adaptive Thresholding,12.9336207096748,0.392390671828099,0.175058450233801,0.394739995207285,0.566040977621236,0.506300906715845,0.641764877763709,0,0.00143814086914063,0,0
Region Growing,7.97493116500921,0.0278059160608221,0.0882028665931643,0.0250934797849965,0.0489584223875068,0.2002331002331,0.0278887049121782,0,0.0185267925262451,54,0
Split and Merge,14.070772803919,0.37142286094538,0.254918825932695,0.579668470906631,0.73391155369954,0.814885269290215,0.667575728060777,0,0.0229780673980713,87,0
MobileNet-Seg,100,1,1,0.469985961914063,0.639442789374799,0.469985961914063,1,0,0.423264265060425,96.9,0
K-Means,23.6509371239351,0.663293803369982,0.230797455968689,0.358035229300846,0.527284155191132,0.983124520582971,0.360249223129655,0,0.387465476989746,98.1,0
Otsu,14.4195671667592,0.433286496919022,0.159227249618709,0.47725802974779,0.646140376477455,0.971570071780083,0.484017551804369,0,0.00168490409851074,0,0
Adaptive Thresholding,13.3743990369774,0.357070909562787,0.156527560812319,0.622038151837539,0.766983379685439,0.977925158541899,0.630896797264167,0,0.00117349624633789,0,0
Region Growing,7.50026789134611,0.0625687495263828,0.123697760747216,0.161514598824611,0.278110320762314,0.989494795148505,0.161792032979903,0,0.0224282741546631,89.2,0
Split and Merge,14.4195671667592,0.433286496919022,0.159227249618709,0.47725802974779,0.646140376477455,0.971570071780083,0.484017551804369,0,0.0125038623809814,79.9,0
MobileNet-Seg,10.9436893962289,0.326264821854582,0.072013093289689,0.38201617921593,0.552838939168805,0.990281082388999,0.383453832820625,0,0.25798487663269,100.8,0
K-Means,22.7727540132692,0.6710652526785,0.339193296640105,0.774964974153341,0.873217201959717,0.88761620185923,0.859277908720806,0,0.24801778793335,100.8,0
Otsu,20.8963243061681,0.799980870007209,0.588161941973564,0.627682141583285,0.771258866270688,0.677267110940064,0.895543175487465,0,0.00134897232055664,0,0
Adaptive Thresholding,10.9658583064029,0.412954648141534,0.284779999172151,0.440337909186906,0.611436950146628,0.608613735272264,0.614286479537176,0,0.00155973434448242,0,0
Region Growing,5.94022500140056,0.0047005902264927,0.000609384521633151,0,0,0,0,0,0.00210309028625488,0,0
Split and Merge,20.8963243061681,0.799980870007209,0.588161941973564,0.627682141583285,0.771258866270688,0.677267110940064,0.895543175487465,0,0.0200426578521729,99.7,0
MobileNet-Seg,5.93991176218559,0.0046609930009938,0,0,0,0,0,0,0.283426284790039,98.8,0
K-Means,24.8186069216283,0.674691683921913,0.255400795906765,0.773495728049446,0.872283722837228,0.967673814165042,0.794012582640222,0,0.22598123550415,97.3,0
Otsu,15.4138192406545,0.533244760613276,0.261882179365581,0.697748833855376,0.821969445587396,0.818525469877607,0.825442525058648,0,0.00141406059265137,0,0
Adaptive Thresholding,12.0365339032592,0.335437893759083,0.147310989867498,0.454107462124777,0.624585835576724,0.606988327631314,0.643234165067179,0,0.00138258934020996,0,0
Region Growing,7.18383728919893,0.101442617454789,0.137593430887462,0.0177502991623454,0.0348814422888497,0.0658381417369433,0.0237257410961826,0,0.0275788307189941,108.7,0
Split and Merge,15.4138192406545,0.533244760613276,0.261882179365581,0.697748833855376,0.821969445587396,0.818525469877607,0.825442525058648,0,0.014387845993042,69.5,0
MobileNet-Seg,6.86542570547116,0.000788038431404215,0,0,0,0,0,0,0.275780439376831,101.5,0
K-Means,24.6325443462997,0.700603350891436,0.25561797752809,0.18121383232214,0.306826465053991,0.382421297274456,0.256185245994452,0,0.271787166595459,99.3,0
Otsu,13.4847249380607,0.350487821029861,0.171335030920335,0.613703936062846,0.760615280594997,0.943987580766972,0.636896336975599,0,0.00207805633544922,482.3,0
Adaptive Thresholding,13.770534939892,0.378628083548203,0.157151160191353,0.472019371204551,0.641322227734406,0.595125024229502,0.695295249957538,0,0.00116443634033203,0,0
Region Growing,7.81386043026522,0.0523967691516989,0.101915708812261,0.00905259482780119,0.0179427611091889,0.0706775700934579,0.0102757176017664,0,0.0114681720733643,174.2,0
Split and Merge,13.4847249380607,0.350487821029861,0.171335030920335,0.613703936062846,0.760615280594997,0.943987580766972,0.636896336975599,0,0.0139951705932617,142.8,0
MobileNet-Seg,7.56592240128699,0.00134375944656014,0,0,0,0,0,0,0.267002820968628,101.1,0
K-Means,23.6897473606706,0.708023258437199,0.273567141344004,0.401143702698953,0.572594662383666,0.985086490783149,0.403594745902021,0,0.253661155700684,98.6,0
Otsu,13.9078310989116,0.494280823425601,0.36949740034662,0.5582639988927,0.716520434649586,0.985342019543974,0.56293906921204,0,0.00158333778381348,0,0
Adaptive Thresholding,11.6249780557325,0.440490556295423,0.332787177203918,0.520743567647421,0.684853881648183,0.985411024722635,0.524789479397671,0,0.00156784057617188,0,0
Region Growing,7.52508093434447,0.000125418742590137,0.110092237984789,0.179978618242667,0.3050540331158,0.995031694363543,0.180140502147853,0,0.027585506439209,108.7,0
Split and Merge,13.9078310989116,0.494280823425601,0.36949740034662,0.5582639988927,0.716520434649586,0.985342019543974,0.56293906921204,0,0.0209527015686035,95.4,0
MobileNet-Seg,7.05634414829366,0.000230999501170475,0,0,0,0,0,0,0.268426179885864,100.6,0
K-Means,22.9851001955391,0.703012922817364,0.0753803596127248,0.447337696254647,0.61815248426438,0.978165205415029,0.451849667928744,0,0.320261240005493,99.9,0
Otsu,13.2920886431101,0.531617865394963,0.1,0.571676229633948,0.727473278344478,0.980579458435304,0.578222953261747,0,0.00140643119812012,0,0
Adaptive Thresholding,14.5732618753066,0.29482740295377,0.0487576810045418,0.754708547825283,0.860209575841685,0.991134500556624,0.759837998882751,0,0.00174474716186523,0,0
Region Growing,8.42800698725744,0.21034106016269,0.0758382118147951,0.32387619180072,0.489284713792137,0.987328057282834,0.325228105021414,0,0.0405268669128418,98.7,0
Split and Merge,13.2920886431101,0.531617865394963,0.1,0.571676229633948,0.727473278344478,0.980579458435304,0.578222953261747,0,0.00405454635620117,0,0
MobileNet-Seg,7.82448700056398,0.229517961435085,0.229720960415315,0.242668939863608,0.390560884044053,0.995169389181974,0.24295512382844,0,0.268680810928345,96.8,0
K-Means,21.7039925789944,0.70367194494183,0.357621066726177,0.409698996655518,0.581257413997628,0.982328482328482,0.412740999563237,0,0.284288883209229,102,0
Otsu,15.6482233997081,0.61923260866459,0.409598567063534,0.600921117705242,0.750719209159539,0.984902983940423,0.606507768141262,0,0.00135278701782227,0,0
Adaptive Thresholding,11.4199120202786,0.465905160254237,0.333889310083397,0.538592079482868,0.700110297804071,0.980040424456796,0.544565420852312,0,0.00141358375549316,0,0
Region Growing,6.49758761545844,0.00105175446121767,0.000159210316828531,0.000124789417857366,0.000249547694803169,1,0.000124789417857366,0,0.0016934871673584,587.2,0
Split and Merge,15.6482233997081,0.61923260866459,0.409598567063534,0.600921117705242,0.750719209159539,0.984902983940423,0.606507768141262,0,0.0177712440490723,112.5,0
MobileNet-Seg,7.28730254500889,0.316270249369283,0.45717146818672,0.315032090630779,0.479124567187814,0.988251352800663,0.316216384850565,0,0.261231660842896,99.5,0
K-Means,21.4987849601827,0.663583674174043,0.334167083541771,0.207321780076421,0.343440801777465,0.376788720538721,0.315515874181327,0,0.29975414276123,100.1,0
Otsu,13.407258948018,0.560001426669239,0.374665042630938,0.594200013272281,0.745452274903218,0.706522882693319,0.788921847925049,0,0.00150585174560547,0,0
Adaptive Thresholding,10.3666830794065,0.424718351896436,0.330515948846097,0.385309611370639,0.556279416829296,0.543870478969668,0.569267819906605,0,0.0013735294342041,0,0
Region Growing,5.57916091773291,0.000514427249905853,0.000386697602474865,0,0,0,0,0,0.00183320045471191,0,0
Split and Merge,13.407258948018,0.560001426669239,0.374665042630938,0.594200013272281,0.745452274903218,0.706522882693319,0.788921847925049,0,0.0165073871612549,121,0
MobileNet-Seg,5.57854879071064,0.000436502688915281,0,0,0,0,0,0,0.269146680831909,100.3,0
K-Means,25.9961589181004,0.782746588770839,0.255193443872689,0.470507353849957,0.639925196726306,0.994059470574795,0.471834040839092,0,0.342605113983154,99.2,0
Otsu,12.4858030610342,0.384962012790155,0.240465806810801,0.551055659227958,0.710555621843058,0.991811469494254,0.553574195147647,0,0.00155091285705566,0,0
Adaptive Thresholding,11.4863618940714,0.342653236339661,0.208534251817834,0.534776103287109,0.696878329212648,0.991903181506066,0.537120813063552,0,0.00155377388000488,0,0
Region Growing,7.08493587618692,0.000152940409923556,0.000263921879123779,3.09856536423636E-05,6.19693871227614E-05,1,3.09856536423636E-05,0,0.00166988372802734,595.5,0
Split and Merge,12.4858030610342,0.384962012790155,0.240465806810801,0.551055659227958,0.710555621843058,0.991811469494254,0.553574195147647,0,0.00701498985290527,142.4,0
MobileNet-Seg,9.54566039543693,0.446210852507656,0.378872216844143,0.439181241884977,0.610320964592001,0.969025952140209,0.445434263935798,0,0.26188325881958,99.3,0
K-Means,24.2811527905729,0.699557609154039,0.37760375880971,0.151245551601424,0.262751159196291,0.323252444766389,0.221326720396776,0,0.239969491958618,100,0
Otsu,16.0823557845619,0.488855622461341,0.308912946759603,0.629767965412264,0.772831444447933,0.782834064745914,0.763081215127092,0,0.00159120559692383,0,0
Adaptive Thresholding,13.1863632137932,0.462774436080646,0.278010558954161,0.423678706459657,0.595188653924934,0.54675456126236,0.653037817730936,0,0.00139689445495605,0,0
Region Growing,7.952835449968,0.00352512606362308,0.00234192037470726,0,0,0,0,0,0.00194191932678223,0,0
Split and Merge,16.0823557845619,0.488855622461341,0.308912946759603,0.629767965412264,0.772831444447933,0.782834064745914,0.763081215127092,0,0.0160553455352783,124.5,0
MobileNet-Seg,8.2002860288453,0.124504429994589,0.140683595842709,0.00632252305861351,0.0125655998226033,0.0306232736880029,0.00790452572845629,0,0.266133546829224,93.9,0
K-Means,24.4162735579378,0.659121404639121,0.308039680189517,0.595128747613396,0.746182712215321,0.909148240116669,0.632759992318876,0,0.30324387550354,102.2,0
Otsu,18.7984268241396,0.583646629562151,0.423379174852652,0.70482698724688,0.8268604292628,0.808573675930781,0.845993471044907,0,0.00145244598388672,0,0
Adaptive Thresholding,12.8833386393372,0.493860696304272,0.275796844816484,0.397703304429341,0.569081153588196,0.579923109782144,0.558637149205827,0,0.00155067443847656,0,0
Region Growing,8.08130046438273,0.00179255714993543,0.00595718901453958,0,0,0,0,0,0.00256538391113281,0,0
Split and Merge,18.7984268241396,0.583646629562151,0.423379174852652,0.70482698724688,0.8268604292628,0.808573675930781,0.845993471044907,0,0.0181376934051514,110.2,0
MobileNet-Seg,8.8583741755365,0.417086693311317,0.508799528070003,0.0193566063888083,0.0379780859171186,0.0448234679405837,0.0329465338929581,0,0.280232429504395,99.9,0
K-Means,25.4066674509167,0.716497445859639,0.195987654320988,0.619126324569804,0.764765929840964,0.994146389860357,0.621391584757062,0,0.274650573730469,101.9,0
Otsu,15.4342378830912,0.700057609417428,0.168729641693811,0.774293367818215,0.872790691620897,0.991054010916471,0.779743263774767,0,0.00116372108459473,857.4,0
Adaptive Thresholding,11.4057898484493,0.154466974449923,0.0427956217477122,0.686730295566502,0.814273980104043,0.989837578769859,0.691606461815138,0,0.00131344795227051,756.1,0
Region Growing,13.2835243509977,0.551789899984139,0.0964150943396226,0.714400209614525,0.833411248561565,0.991889578429275,0.718597872934173,0,0.0815379619598389,98.1,0
Split and Merge,15.4342378830912,0.700057609417428,0.168729641693811,0.774293367818215,0.872790691620897,0.991054010916471,0.779743263774767,0,0.00401210784912109,248.3,0
MobileNet-Seg,5.71780339391158,0.000326579124486282,0,0,0,0,0,0,0.271783590316772,103,0.203125
K-Means,22.2944054856445,0.675460936837109,0.274356467904855,0.410485004867045,0.582048023836649,0.984582885520513,0.413140502293756,0,0.309587478637695,100.1,0
Otsu,19.0674267711767,0.749204158628421,0.602638438214799,0.745205100204562,0.854002890682836,0.985517564021724,0.753456185366612,0,0.00132894515991211,0,0
Adaptive Thresholding,10.2143445955892,0.442685767769448,0.386224305805986,0.523400647448744,0.687147728767595,0.983631728373602,0.527999377964388,0,0.00150847434997559,0,0
Region Growing,5.66492058955609,0.00131401818612113,0.000726792203501817,0.000295466915480911,0.000590759281139233,1,0.000295466915480911,0,0.0019533634185791,0,0
Split and Merge,19.0674267711767,0.749204158628421,0.602638438214799,0.745205100204562,0.854002890682836,0.985517564021724,0.753456185366612,0,0.0240554809570313,83.2,0
MobileNet-Seg,6.47343974691274,0.361499097221862,0.409093811865381,0.357113370537421,0.526283770081792,0.955023101770454,0.363222144467771,0,0.290031909942627,100,0.01953125
K-Means,23.3246715189267,0.725603301972156,0.319853582011504,0.685792420888137,0.813614312640979,0.912749584026622,0.733903785049334,0,0.247088193893433,97.1,0
Otsu,15.6672993678665,0.492989352212684,0.269886363636364,0.695884184001186,0.820674183492119,0.859619140625,0.785105078320977,0,0.00137972831726074,723.5,0
Adaptive Thresholding,14.2177472727328,0.375155902201711,0.159649231917408,0.553969703889777,0.712973621690465,0.635867190913062,0.811360722448297,0,0.00110602378845215,0,0
Region Growing,6.32369483841184,0.0036221587549403,0.00259815242494226,0,0,0,0,0,0.00185990333557129,534.5,0
Split and Merge,15.6672993678665,0.492989352212684,0.269886363636364,0.695884184001186,0.820674183492119,0.859619140625,0.785105078320977,0,0.0302231311798096,99.2,0
MobileNet-Seg,6.32345095235649,0.00357602710317368,0,0,0,0,0,0,0.260378837585449,103.7,0.015625
K-Means,25.5772197346345,0.628771718291158,0.152902312411515,0.426714991558633,0.598178324449318,0.991007194244604,0.428373734703715,0,0.485727548599243,98.8,0
Otsu,17.132871944935,0.505293002322352,0.151192220594112,0.564513395677025,0.721647251134898,0.983994843976583,0.569744841633884,0,0.00231051445007324,434,0
Adaptive Thresholding,13.0603730838261,0.362781419452065,0.0935034138762828,0.573663323694087,0.729080121594808,0.981602358267095,0.579898309828495,0,0.00217652320861816,0,0
Region Growing,8.60661500189284,0.13630673584843,0.132356361944638,0.293138907359013,0.453375744385717,0.981566820276498,0.294761556761464,0,0.0700428485870361,99.9,0
Split and Merge,17.132871944935,0.505293002322352,0.151192220594112,0.564513395677025,0.721647251134898,0.983994843976583,0.569744841633884,0,0.0153069496154785,130.7,0
MobileNet-Seg,8.2489608839565,0.000923871855026783,0,0,0,0,0,0,0.419725656509399,97.7,0
K-Means,21.7921413484651,0.607213120865286,0.13436928702011,0.24408660000371,0.392394870265434,0.46363380083163,0.340132361305,0,0.51920223236084,98.2,0.0078125
Otsu,12.4580820251967,0.263408830199433,0.17217135382603,0.176248202177933,0.299678591391839,0.462027361844231,0.221756889509333,0,0.00318408012390137,313.4,0
Adaptive Thresholding,13.7962649284767,0.376258558301308,0.117543224404816,0.408000719165768,0.579546180072274,0.572607302364311,0.586655291867018,0,0.00196671485900879,0,0
Region Growing,10.1378189157926,0.285124812666589,0.146522373540856,0.344491516995843,0.512448777312603,0.5989970603493,0.447753477069438,0,0.0986144542694092,101.4,0
Split and Merge,12.4580820251967,0.263408830199433,0.17217135382603,0.176248202177933,0.299678591391839,0.462027361844231,0.221756889509333,0,0.0167958736419678,119,0
MobileNet-Seg,8.56189055711812,0.00460792258087693,0,0,0,0,0,0,0.420299053192139,99.9,0
K-Means,23.1308726670656,0.678486782489486,0.282639478901161,0.686498956388004,0.814111332577741,0.882381180988958,0.755646916565901,0,0.459946155548096,97.8,0
Otsu,19.8816137596848,0.80182869057322,0.561874559548978,0.632662942915939,0.77500741431174,0.689476461497871,0.884764207980653,0,0.00177168846130371,0,0
Adaptive Thresholding,10.1041482847257,0.362072265409722,0.282606175368087,0.449402066428849,0.62012063710675,0.65594733860307,0.588004836759371,0,0.0024266242980957,0,0
Region Growing,7.47296575873487,0.0386814841475006,0.0695636937094796,0.360013403328493,0.529426257781574,0.825149761916953,0.389746070133011,0,0.0781674385070801,89.5,0
Split and Merge,19.8816137596848,0.80182869057322,0.561874559548978,0.632662942915939,0.77500741431174,0.689476461497871,0.884764207980653,0,0.0312895774841309,95.8,0
MobileNet-Seg,5.37175332255968,0.00199488431504182,0,0,0,0,0,0,0.310190677642822,96.7,0
K-Means,24.9677593299678,0.786253896860314,0.269725661568342,0.593001024762546,0.744508026730164,0.980700156827035,0.600003095112817,0,0.240154027938843,99.9,0
Otsu,32.7292748407501,0.665446742019919,0.734959349593496,0.394275646771551,0.565563413066129,0.9965625,0.394812590918939,0,0.0016934871673584,0,0
Adaptive Thresholding,14.50239849598,0.707295814487632,0.198509416859704,0.79643926994225,0.886686550743074,0.997215938750653,0.798214119904671,0,0.0010380744934082,0,0
Region Growing,11.5231821114144,0.262970570602752,0.115160056372056,0.124406134418669,0.221283272316882,0.999875621890547,0.124408059673775,0,0.0170819759368897,117,0
Split and Merge,32.7292748407501,0.665446742019919,0.734959349593496,0.394275646771551,0.565563413066129,0.9965625,0.394812590918939,0,0.0222530364990234,134.7,0
MobileNet-Seg,9.60997353248765,0.219130578645401,0,0,0,0,0,0,0.25915002822876,100.3,0
K-Means,22.7172924946746,0.702301889782139,0.315236314398091,0.60735818164307,0.755722263499748,0.983009103379474,0.613801829861787,0,0.302911996841431,102.3,0
Otsu,17.7004186960705,0.717277066660837,0.510583785762216,0.811476907337036,0.895928514517967,0.929556536843647,0.86464862760366,0,0.00126361846923828,0,0
Adaptive Thresholding,9.64417332347928,0.391084302093583,0.317351345365962,0.48824024601852,0.656130953755224,0.806075561606535,0.553221724742067,0,0.00193452835083008,0,0
Region Growing,5.05863976235289,0.00043461081975385,0.000325494344535764,0,0,0,0,0,0.00175690650939941,0,0
Split and Merge,17.7004186960705,0.717277066660837,0.510583785762216,0.811476907337036,0.895928514517967,0.929556536843647,0.86464862760366,0,0.025315523147583,118.4,0
MobileNet-Seg,5.427940313337,0.23650325123916,0.351471969934231,0.0757643383173399,0.14085675759776,0.294905999875907,0.0925248199338135,0,0.296838998794556,101,0
K-Means,23.8498911308451,0.691695870256548,0.307143720536686,0.469365852141046,0.638868599616797,0.988890709487137,0.471853890417813,0,0.318474292755127,97.3,0
Otsu,17.4415732351674,0.656029952572819,0.259558236494278,0.715991008448958,0.834492727436986,0.988168085925799,0.722182261696272,0,0.00123763084411621,0,0
Adaptive Thresholding,12.471432743412,0.341089958927945,0.172282414573163,0.590572941594232,0.742591460159382,0.979038161296102,0.598136102076557,0,0.00154232978820801,644.9,0
Region Growing,7.41814065149958,0.000478014832070967,0.000489715964740451,7.81836377282962E-05,0.000156355051049924,1,7.81836377282962E-05,0,0.00208830833435059,0,0
Split and Merge,17.4415732351674,0.656029952572819,0.259558236494278,0.715991008448958,0.834492727436986,0.988168085925799,0.722182261696272,0,0.0133471488952637,74.9,0
MobileNet-Seg,10.5620042360352,0.390171556192609,0.101709776413854,0.436481478610082,0.607709163131591,0.981143912725245,0.440173880410308,0,0.26822829246521,104.4,0
K-Means,21.4968771299468,0.66495529698175,0.308938025537216,0.700209965688534,0.823674698795181,0.971128236087929,0.715096362542821,0,0.273904085159302,98.6,0
Otsu,13.3755661634089,0.511509785566682,0.321254694672416,0.700050921210999,0.82356465030157,0.859037718700295,0.790905049554143,0,0.00146389007568359,0,0
Adaptive Thresholding,10.1775502565603,0.38386655073403,0.271461525786785,0.465659235424807,0.635426331264293,0.635069480723018,0.635783583065296,0,0.00141000747680664,705.6,0
Region Growing,4.99255241534691,0.00257381874055975,0.000317024199513896,0,0,0,0,0,0.00189375877380371,0,0
Split and Merge,13.3755661634089,0.511509785566682,0.321254694672416,0.700050921210999,0.82356465030157,0.859037718700295,0.790905049554143,0,0.0188779830932617,105.9,0
MobileNet-Seg,4.99519535647558,0.00754582794975603,0.0107165370876235,0.000103626943005181,0.000207232411149104,0.0110192837465565,0.000104599775110484,0,0.286992311477661,101,0
K-Means,25.5097104227349,0.80976099516951,0.266732344067484,0.415231706186045,0.586803848968402,0.98392059189803,0.418068632791222,0,0.303786516189575,98.7,0
Otsu,10.5018629013431,0.326352427487789,0.329195978048691,0.399832887183375,0.571258027789139,0.985808026857928,0.402147692786554,0,0.00169134140014648,591.2,0
Adaptive Thresholding,11.2901328865212,0.393404713944595,0.327264338444066,0.505806690417804,0.671808265478568,0.982504493708808,0.510403859621819,0,0.00144004821777344,0,0
Region Growing,9.29369598211291,-0.0670258674869501,0.166852305635999,0.53390614876747,0.696139264056639,0.983770109715195,0.538650688662361,0,0.0780220031738281,102.5,0
Split and Merge,10.5018629013431,0.326352427487789,0.329195978048691,0.399832887183375,0.571258027789139,0.985808026857928,0.402147692786554,0,0.020794153213501,96.1,0
MobileNet-Seg,8.73679248055739,0.416821715428504,0.264038570618264,0.404173934330916,0.575675027785647,0.959918601693376,0.411111975721734,0,0.263353586196899,98.7,0
K-Means,25.8369533068797,0.605999269279927,0.114077669902913,0.411783703977115,0.583352397137161,0.976334597432906,0.415935252357355,0,0.26325798034668,98.8,0
Otsu,10.0815773925339,0.252674261680032,0.100336404855931,0.3912895857769,0.562484747642818,0.983590022112736,0.393860780140742,0,0.00163149833679199,612.6,0
Adaptive Thresholding,10.8632475240148,0.244673136944812,0.0607482305358948,0.559132335734959,0.717235250555418,0.984201398298195,0.564196169201373,0,0.0013725757598877,0,0
Region Growing,6.5898625605399,0.000724963699522686,0.0105162523900574,0.000403896043372221,0.000807465954440286,1,0.000403896043372221,0,0.00196266174316406,0,0
Split and Merge,10.0815773925339,0.252674261680032,0.100336404855931,0.3912895857769,0.562484747642818,0.983590022112736,0.393860780140742,0,0.00271773338317871,0,0
MobileNet-Seg,6.64668804116385,0.0116856954201996,0.0129397492923575,0.0243114349183664,0.0474688343595499,1,0.0243114349183664,0,0.27263879776001,99,0
K-Means,21.9969591663025,0.832620303070014,0.439168285488165,0.300610235801918,0.462260295247593,0.493783179659123,0.434520699511326,0,0.314445018768311,101.8,0
Otsu,16.2506268437719,0.71506633137188,0.54585949282733,0.479087078098539,0.647814567773029,0.571452059942688,0.747733349724929,0,0.00196433067321777,0,0
Adaptive Thresholding,11.647926010088,0.600974738067675,0.493050671489333,0.337841720712585,0.505054843905807,0.504196275422691,0.505916341395949,0,0.0016324520111084,0,0
Region Growing,6.20365650489052,0.000540839702209849,0.00013805163131011,0,0,0,0,0,0.00223135948181152,446.8,0
Split and Merge,16.2506268437719,0.71506633137188,0.54585949282733,0.479087078098539,0.647814567773029,0.571452059942688,0.747733349724929,0,0.0352725982666016,85,0
MobileNet-Seg,7.13501025158829,0.237803763296119,0.252395588501175,0.00014521616463364,0.00029039015992201,0.000446599464080643,0.000215139687125426,0,0.280159950256348,99.9,0
K-Means,22.8530697496608,0.590277396479587,0.21853716316257,0.83175565149768,0.908151314633718,0.934134441633538,0.88357452142206,0,0.414106845855713,99,0
Otsu,13.8297289211347,0.518194011384557,0.340600240096038,0.675801607631835,0.80654130483482,0.7503861903244,0.871780993618961,0,0.00140643119812012,0,0
Adaptive Thresholding,10.8215915426807,0.390416267258033,0.273080732127792,0.388512784286023,0.559609949123799,0.555278214045322,0.564009799453054,0,0.00152921676635742,0,0
Region Growing,6.82084224035682,0.0449896173900763,0.114079156966058,0.032953789893617,0.0638049643963471,0.108555783709788,0.0451800364630811,0,0.030745267868042,97.5,0
Split and Merge,13.8297289211347,0.518194011384557,0.340600240096038,0.675801607631835,0.80654130483482,0.7503861903244,0.871780993618961,0,0.0210962295532227,94.7,0
MobileNet-Seg,6.86521961148561,0.069398970550919,0.0756954350927247,0.166419781221513,0.285351438479949,1,0.166419781221513,0,0.278896808624268,100.4,0
K-Means,22.5861785063025,0.635411070265822,0.169240271772699,0.553437880680329,0.712533005102142,0.984393856280856,0.558336703898448,0,0.331497192382813,99.6,0
Otsu,12.624532017637,0.589047083767377,0.165874597577802,0.657697757516018,0.793507446739322,0.985097695448569,0.664307271086774,0,0.00116658210754395,0,0
Adaptive Thresholding,10.9905573292165,0.196168076577739,0.0783088235294118,0.660949378824402,0.795869383198437,0.989955563784484,0.665411779347251,0,0.00110697746276855,0,0
Region Growing,5.58152840050066,0.00437371817464315,0.173637150274012,0.0606546156000124,0.114372039131136,1,0.0606546156000124,0,0.00850248336791992,0,0
Split and Merge,12.624532017637,0.589047083767377,0.165874597577802,0.657697757516018,0.793507446739322,0.985097695448569,0.664307271086774,0,0.0059661865234375,167.3,0
MobileNet-Seg,6.44734085550068,0.231992713019611,0.609756097560976,0.244738228821177,0.393236462341091,0.985029006300293,0.245651971002769,0,0.2721266746521,102.9,0
K-Means,27.2911496045085,0.683105940700854,0.229372080954852,0.473871162884487,0.643029288879066,0.969041426124469,0.481155402957806,0,0.304166316986084,98.6,0
Otsu,13.4943632350557,0.351122743967094,0.117135311480503,0.428551371252067,0.599980343551047,0.978311965811966,0.432661868237444,0,0.00157833099365234,0,0
Adaptive Thresholding,13.2372607879244,0.268460564335539,0.0480131059396791,0.606654773908322,0.755177507651608,0.975748502994012,0.615941914856756,0,0.00125288963317871,0,0
Region Growing,9.52632016881261,0.276889487991538,0.0952192809166337,0.483124322650565,0.651495380761,0.966039254535323,0.491471500795363,0,0.0631721019744873,95,0
Split and Merge,13.4943632350557,0.351122743967094,0.117135311480503,0.428551371252067,0.599980343551047,0.978311965811966,0.432661868237444,0,0.00952529907226563,104.8,0
MobileNet-Seg,8.23606816572756,0.000577908728677602,0,0,0,0,0,0,0.259457349777222,104,0
K-Means,24.3733811590541,0.784623007114973,0.271051584670468,0.250458262831359,0.40058636145801,0.477213957080969,0.345162622361486,0,0.289715528488159,100.1,0
Otsu,12.0143101206545,0.419303287342373,0.311977948546609,0.316041420806808,0.480290993596625,0.500263102504736,0.4618523646433,0,0.00153946876525879,0,0
Adaptive Thresholding,10.4601123911233,0.355903668387266,0.283315691499069,0.381893918356012,0.552710903902576,0.616239469438968,0.501056620272535,0,0.0016791820526123,0,0
Region Growing,6.32850493017262,0.00533573103140103,0.0100274254370929,0,0,0,0,0,0.00415658950805664,239.7,0
Split and Merge,12.0143101206545,0.419303287342373,0.311977948546609,0.316041420806808,0.480290993596625,0.500263102504736,0.4618523646433,0,0.0125627517700195,159,0
MobileNet-Seg,6.25306642542168,9.45530804068282E-05,0,0,0,0,0,0,0.283156156539917,98.9,0
K-Means,26.2960499717117,0.643561735165032,0.314683606156853,0.935489814720033,0.966669839960228,0.974161088133714,0.959292927172339,0,0.361816644668579,99.5,0
Otsu,18.2635583435658,0.746759901857455,0.414137582195245,0.923738406847656,0.960357607416431,0.94475250340219,0.976486889341423,0,0.00115251541137695,0,0
Adaptive Thresholding,10.4028433381278,0.296571059861151,0.177107998555203,0.514664965353466,0.679575981653952,0.767569710585437,0.609682363067621,0,0.00148987770080566,0,0
Region Growing,5.78174407797206,0.00825405434882205,0.0804436333005756,0.000139403353646393,0.000278767846120149,0.0027047913446677,0.000146956941616107,0,0.00700855255126953,142.5,0
Split and Merge,18.2635583435658,0.746759901857455,0.414137582195245,0.923738406847656,0.960357607416431,0.94475250340219,0.976486889341423,0,0.011965274810791,83.4,0
MobileNet-Seg,5.73354502037433,0.000250890158875332,0,0,0,0,0,0,0.261754512786865,95.5,0
K-Means,25.5234856647283,0.749711504943051,0.265723952459443,0.536799282267046,0.698593874243843,0.993359095463003,0.5387326130154,0,0.324718236923218,98.5,0
Otsu,14.2973131603645,0.51542282540446,0.270335820895522,0.678466487272277,0.808436143845651,0.994423918217467,0.681057501241927,0,0.0015103816986084,660.8,0
Adaptive Thresholding,11.6820036688091,0.352519032393199,0.228373702422145,0.534705482415477,0.696818364881192,0.991404996561999,0.537195727769498,0,0.00201773643493652,0,0
Region Growing,11.6174993661671,0.0731179720413622,0.128887205944999,0.597141442890731,0.747762755200868,0.994026161293645,0.599292101341282,0,0.0852570533752441,105.5,0
Split and Merge,14.2973131603645,0.51542282540446,0.270335820895522,0.678466487272277,0.808436143845651,0.994423918217467,0.681057501241927,0,0.0066983699798584,0,0
MobileNet-Seg,10.3012343809037,0.523448683664401,0.320208023774146,0.509602760221062,0.675148156388423,0.968490686473626,0.518194237456533,0,0.261072397232056,103.4,0
K-Means,20.9381396833406,0.684368832593351,0.360550340748361,0.301349231251961,0.463133529440131,0.518145523864331,0.418681701929784,0,0.38428258895874,96.3,0
Otsu,18.6362566451884,0.718232174142444,0.546274323682962,0.260772216942382,0.413670627315702,0.369089416807259,0.47050104626831,0,0.00422382354736328,0,0
Adaptive Thresholding,10.7007796959824,0.465783110947171,0.323964080054766,0.342946661130195,0.510737575893861,0.494502503810146,0.52807486631016,0,0.00223422050476074,0,0
Region Growing,5.46633952446487,0.0482661954948825,0.0285027472527473,0.146800683602236,0.2560177818191,0.977812077947135,0.147291327598233,0,0.0199043750762939,100.4,0
Split and Merge,18.6362566451884,0.718232174142444,0.546274323682962,0.260772216942382,0.413670627315702,0.369089416807259,0.47050104626831,0,0.031092643737793,96.5,0
MobileNet-Seg,11.1704817780038,0.808259232961453,0.94695814268768,0.645093554313998,0.78426367013881,0.645093554313998,1,0,0.406250953674316,98.5,0
K-Means,22.0538566606942,0.819876125643353,0.380825057295646,0.354931214880837,0.523910307745109,0.613154811715481,0.457344019174594,0,0.550073146820068,96.3,0
Otsu,17.0214975550435,0.715987522539292,0.533286492183383,0.609263612922797,0.757195537176451,0.716883058939009,0.802311936683894,0,0.002166748046875,0,0
Adaptive Thresholding,11.6690821181232,0.582003407488668,0.483058855291577,0.398938615985899,0.57034470480286,0.631650791724807,0.519886150850124,0,0.00221824645996094,0,0
Region Growing,6.39689655079637,0.000544880826980231,0.00032747005988024,0,0,0,0,0,0.00312042236328125,319.1,0
Split and Merge,17.0214975550435,0.715987522539292,0.533286492183383,0.609263612922797,0.757195537176451,0.716883058939009,0.802311936683894,0,0.0508880615234375,98.2,0
MobileNet-Seg,9.17922303579669,0.576415154563598,0.540538075695395,0.188731964272082,0.317534936292643,0.326984630849404,0.308616083689112,0,0.424304723739624,96.6,0
K-Means,24.1788854262534,0.68390054942252,0.219345559151384,0.58874366116706,0.74114367919439,0.976388834050618,0.597246709334621,0,0.504697322845459,93.1,0
Otsu,13.9056814792642,0.45371826155371,0.194752186588921,0.701915126595008,0.824853267506139,0.90378085975715,0.758604033329308,0,0.00210261344909668,474.7,0
Adaptive Thresholding,11.9534215107709,0.310072121654012,0.15286783042394,0.50494667157043,0.671049255245054,0.679106692387595,0.663180775268687,0,0.00212311744689941,0,0
Region Growing,6.54003904599017,-0.00433007268201216,0.0710634789777411,0,0,0,0,0,0.013465404510498,148.4,0
Split and Merge,13.9056814792642,0.45371826155371,0.194752186588921,0.701915126595008,0.824853267506139,0.90378085975715,0.758604033329308,0,0.0208783149719238,95.8,0
MobileNet-Seg,7.23683719152809,0.319374258912037,0.481096252270101,0.0475515952102515,0.0907861635220126,0.130074341067808,0.0697258785170873,0,0.304846286773682,101.7,0
K-Means,21.5828305715668,0.826151751157944,0.42581515161993,0.358286141681804,0.527556205849499,0.53469830335502,0.520602390933085,0,0.292402267456055,99.2,0
Otsu,15.0432638924893,0.672848293626,0.515265131226567,0.445001202597611,0.615918106915971,0.556594549875906,0.689396056512964,0,0.00190377235412598,0,0
Adaptive Thresholding,11.8898695491963,0.606736349430532,0.499360383114114,0.330951105985089,0.497315197375547,0.495681411561478,0.498959788852663,0,0.00155282020568848,0,0
Region Growing,6.45148536554828,0.000326779137919987,4.4847071486232E-05,0,0,0,0,0,0.00166058540344238,0,0
Split and Merge,15.0432638924893,0.672848293626,0.515265131226567,0.445001202597611,0.615918106915971,0.556594549875906,0.689396056512964,0,0.0327699184417725,91.5,0
MobileNet-Seg,6.45114609629388,0.000296701640957044,0,0,0,0,0,0,0.273825407028198,98.6,0
K-Means,21.4211697012954,0.686704152375638,0.303413292064311,0.443816122667744,0.61478205666204,0.977285166940339,0.448442037516678,0,0.26817798614502,100.7,0
Otsu,19.6860166193873,0.729770186346823,0.510625620655412,0.710564623532691,0.830795415452027,0.981412957457275,0.720257436621929,0,0.00148105621337891,0,0
Adaptive Thresholding,10.5631222087719,0.395828859645723,0.242351665235664,0.607952703641387,0.756182320866293,0.973358376788671,0.618240326504984,0,0.00135374069213867,0,0
Region Growing,5.53315665439173,0.0463860452696256,0.0997858672376874,0.104718283347973,0.189583688305787,0.993009073330359,0.104795541951181,0,0.0149025917053223,134.2,0
Split and Merge,19.6860166193873,0.729770186346823,0.510625620655412,0.710564623532691,0.830795415452027,0.981412957457275,0.720257436621929,0,0.0196526050567627,50.9,0
MobileNet-Seg,5.21389407795992,0.0059088356175939,0.00133155792276964,0.000690683619810062,0.00138041381041271,1,0.000690683619810062,0,0.26681661605835,104.9,0
K-Means,21.9385107983175,0.810122422282561,0.41465068957721,0.34231561099673,0.510037443045969,0.606935795576551,0.439819497393605,0,0.298357248306274,97.2,0
Otsu,17.1518256675352,0.702698222239019,0.567394719126337,0.552720630647952,0.711938283987766,0.681240817100337,0.745532819834539,0,0.0014491081237793,0,0
Adaptive Thresholding,11.6589499766169,0.588266458580288,0.485817575083426,0.387875129019066,0.558948166025875,0.608952212064696,0.516533105111647,0,0.00165390968322754,0,0
Region Growing,6.39875790250201,0.0010397885678187,9.68241673121611E-05,0,0,0,0,0,0.00203061103820801,489.7,0
Split and Merge,17.1518256675352,0.702698222239019,0.567394719126337,0.552720630647952,0.711938283987766,0.681240817100337,0.745532819834539,0,0.0349550247192383,114.4,0
MobileNet-Seg,6.39871426547366,0.00106155004922382,0,0,0,0,0,0,0.265688419342041,101.6,0
K-Means,25.7442375664123,0.586694315009708,0.203201113430759,0.432507524890021,0.60384677549701,0.973525119866583,0.437655217656155,0,0.247450828552246,101,0
Otsu,15.3429296799732,0.476081418643151,0.237890974084004,0.516011148962527,0.680748488315084,0.983560107434846,0.520500445152523,0,0.00169754028320313,586.5,0
Adaptive Thresholding,11.8946828386696,0.325338427772828,0.0931323012247868,0.579978069159369,0.734159644972728,0.981033987303744,0.586554831857301,0,0.0014646053314209,0,0
Region Growing,7.64425629371287,0.169488628732355,0.133531441717791,0.310702974601006,0.474101273319514,0.980933241839035,0.312590787685675,0,0.0466415882110596,85.7,0
Split and Merge,15.3429296799732,0.476081418643151,0.237890974084004,0.516011148962527,0.680748488315084,0.983560107434846,0.520500445152523,0,0.0141031742095947,141.7,0
MobileNet-Seg,7.64194229216308,0.338384292607759,0.507898894154818,0.345440963630422,0.513498507877021,0.989568008559583,0.346703528419474,0,0.267585277557373,100.9,0
K-Means,26.6218641114828,0.763957009798575,0.237899073120494,0.856452193591524,0.922676270951655,0.862127879886099,0.992371871275328,0,0.318100452423096,100.6,0
Otsu,29.978559563245,0.63729545066869,0.545587927059317,0.00426073671702597,0.00848531972076199,0.00980430451935471,0.00747914183551848,0,0.00166440010070801,0,0
Adaptive Thresholding,20.095564647729,0.751839327161448,0.210526315789474,0.587241096777882,0.739951980792317,0.619601930036188,0.918325387365912,0,0.00130343437194824,0,0
Region Growing,16.575700578759,0.257180952510991,0.115331252167881,0,0,0,0,0,0.0169878005981445,117.6,0
Split and Merge,29.978559563245,0.63729545066869,0.545587927059317,0.00426073671702597,0.00848531972076199,0.00980430451935471,0.00747914183551848,0,0.0191173553466797,104.5,0
MobileNet-Seg,14.5977380451978,0.188537337644991,0,0,0,0,0,0,0.270475625991821,99.8,0
K-Means,22.8907028399891,0.651420785178068,0.208027923211169,0.731361241339252,0.84483956770746,0.972767155036835,0.746648594845295,0,0.42294716835022,101.7,0
Otsu,16.0163278251357,0.384096098375025,0.226520299703781,0.155027605298966,0.26843965388834,0.372211791212918,0.209915500116479,0,0.00178265571594238,0,0
Adaptive Thresholding,14.9694963465959,0.375894855629695,0.108055789943912,0.482714405484046,0.651122567769832,0.683265078183172,0.621868315720367,0,0.00126934051513672,0,0
Region Growing,9.32814707001992,0.165764515695864,0.101557533375715,0.374211529998533,0.544619982920581,0.972762433948902,0.378174040110972,0,0.0544846057891846,91.7,0
Split and Merge,16.0163278251357,0.384096098375025,0.226520299703781,0.155027605298966,0.26843965388834,0.372211791212918,0.209915500116479,0,0.0184602737426758,108.2,0
MobileNet-Seg,13.3762559062683,0.824345247586016,0.899879007864489,0.864025617566331,0.927053372468563,0.864025617566331,1,0,0.263155937194824,102.6,0
K-Means,21.9594380205166,0.636523984606926,0.260893854748603,0.0638622693913587,0.12005740071578,0.151371147054977,0.0994785399117529,0,0.328035593032837,97.5,0
Otsu,15.2423839062815,0.516094712307812,0.265938710813667,0.751213774463186,0.857934976777421,0.855843526359308,0.860036674116097,0,0.00164031982421875,0,0
Adaptive Thresholding,11.8236949231589,0.388946213056961,0.233767851212222,0.46233949264015,0.632328532419553,0.593377882731247,0.676752048593204,0,0.00124812126159668,0,0
Region Growing,6.07976859089887,0.000833325886070982,0.00248787162582411,0,0,0,0,0,0.00175857543945313,0,0
Split and Merge,15.2423839062815,0.516094712307812,0.265938710813667,0.751213774463186,0.857934976777421,0.855843526359308,0.860036674116097,0,0.017855167388916,111.9,0
MobileNet-Seg,6.23439274839336,0.0744154325795309,0.163489382239382,0,0,0,0,0,0.26673150062561,97.5,0
K-Means,26.4249038436575,0.611989087988794,0.19147465437788,0.908368839093157,0.951984564498346,0.948351135396359,0.955645942281619,0,0.308822631835938,100.4,0
Otsu,14.3851185015333,0.336775377824665,0.190145732130465,0.0152441006305662,0.0300304145990075,0.0356261156899237,0.0259539027697075,0,0.00166797637939453,0,0
Adaptive Thresholding,13.7220887075726,0.338161927860966,0.0686302662345654,0.370619527265415,0.540805847126452,0.522041404882068,0.560969535984062,0,0.00147652626037598,0,0
Region Growing,10.0230487684818,0.289084959472112,0.111357287351893,0.734958519463944,0.847234687421837,0.904669138440269,0.796657535762707,0,0.0643026828765869,93.3,0
Split and Merge,14.3851185015333,0.336775377824665,0.190145732130465,0.0152441006305662,0.0300304145990075,0.0356261156899237,0.0259539027697075,0,0.0146050453186035,136.8,0
MobileNet-Seg,10.0162353074049,0.304901930773986,0.169103623649078,0.355732895200094,0.52478315818632,0.701017576318224,0.419357516394123,0,0.291064023971558,99.6,0
K-Means,22.2149424843955,0.777028649003576,0.370047326631987,0.330159178011333,0.496420553974511,0.474087578918937,0.520961638346813,0,0.326776027679443,101,0
Otsu,13.1485712352338,0.611606163873623,0.491704161979753,0.222898188158593,0.364540875629601,0.313033988980863,0.436335979817467,0,0.00156688690185547,0,0
Adaptive Thresholding,10.9262706893284,0.534683338260073,0.463131129676716,0.294514514084356,0.455019253751162,0.411695801045233,0.508533056318172,0,0.00156736373901367,0,0
Region Growing,5.97186534572572,0.000163514432290018,0.000341080738683428,7.42004897232322E-05,0.000148389968838107,1,7.42004897232322E-05,0,0.00171232223510742,581.2,0
Split and Merge,13.1485712352338,0.611606163873623,0.491704161979753,0.222898188158593,0.364540875629601,0.313033988980863,0.436335979817467,0,0.0235931873321533,127.1,0
MobileNet-Seg,5.97156507503103,0.00011423740445356,0,0,0,0,0,0,0.264018297195435,102.2,0
K-Means,22.0141169100696,0.620173036510689,0.278017499700348,0.850733772123637,0.919347541972454,0.947397047397047,0.892911194649221,0,0.356998682022095,100.8,0
Otsu,14.835222881868,0.705068231655356,0.513820718160682,0.77520608114884,0.873370240650774,0.812952212687195,0.94348972318508,0,0.00128626823425293,0,0
Adaptive Thresholding,8.46969860501965,0.395418483759674,0.344212082805239,0.418149399399399,0.589711351394275,0.644032029601364,0.54384123419421,0,0.00140380859375,0,0
Region Growing,4.02503609261165,0.000204479346895194,0.000278765070736637,0,0,0,0,0,0.00188827514648438,526.5,0
Split and Merge,14.835222881868,0.705068231655356,0.513820718160682,0.77520608114884,0.873370240650774,0.812952212687195,0.94348972318508,0,0.0241155624389648,82.9,0
MobileNet-Seg,4.13561533834028,0.0387162532176696,0.0628909203381676,0.00347682876618327,0.00692956462274903,0.0523415977961433,0.00371039398525607,0,0.259716749191284,100.1,0
K-Means,23.9043235292571,0.730847185588722,0.178090303478905,0.503007734173589,0.669334858014103,0.75483593638057,0.601232595297877,0,0.338631629943848,100.4,0
Otsu,11.2703851200023,0.284579555609298,0.186172487526728,0.237951695824241,0.384428078457149,0.556266482210021,0.293700068477517,0,0.00169110298156738,591,0
Adaptive Thresholding,13.3924496867777,0.234728253281489,0.0879588496609773,0.554042234162189,0.713033689796575,0.717658211750561,0.708468386213193,0,0.0011289119720459,0,0
Region Growing,8.12714022459578,0.0330528767174961,0.103132387706856,0.106174532265912,0.191967052520042,0.773232404574005,0.109586852316823,0,0.0122749805450439,162.7,0
Split and Merge,11.2703851200023,0.284579555609298,0.186172487526728,0.237951695824241,0.384428078457149,0.556266482210021,0.293700068477517,0,0.0108168125152588,92.3,0
MobileNet-Seg,12.0654285041784,0.473506444938723,0.156578947368421,0.434815043941848,0.606092117277062,0.68187524967186,0.545469070988359,0,0.255393505096436,101.8,0
K-Means,24.9066930971977,0.758498889725378,0.300925245997944,0.471602121361618,0.640936995830452,0.990095805282237,0.47383747947582,0,0.358957052230835,97.5,0
Otsu,12.8094415542053,0.422855494230198,0.270523846755278,0.581171935235158,0.735115419498922,0.992311945446407,0.583800613401902,0,0.00158143043518066,631,0
Adaptive Thresholding,11.5289410013113,0.3753818876616,0.266666666666667,0.517010158309312,0.681617266011604,0.990695613646433,0.519532823197745,0,0.00157928466796875,0,0
Region Growing,7.20987248255406,-0.00477428092300145,0.00427117411850236,0.0132439047058459,0.0261415926497791,1,0.0132439047058459,0,0.00393033027648926,0,0
Split and Merge,12.8094415542053,0.422855494230198,0.270523846755278,0.581171935235158,0.735115419498922,0.992311945446407,0.583800613401902,0,0.00657320022583008,151.8,0
MobileNet-Seg,9.35289394563608,0.4465211199198,0.340308963535118,0.435428466740966,0.606687796473166,0.967994841162096,0.441788779082376,0,0.270624876022339,99.7,0
K-Means,22.4477704956902,0.648896108972824,0.286297673740247,0.512053187569095,0.677295205987185,0.976573252511055,0.518421216266634,0,0.233282327651978,98.6,0
Otsu,14.9721465581542,0.580655284868243,0.431793072073829,0.584270179905216,0.737589064436183,0.977597002668857,0.592199353314264,0,0.00140857696533203,708.4,0
Adaptive Thresholding,10.4773698164616,0.416505158583068,0.302406471183013,0.573026629173773,0.728565707085014,0.980259180401125,0.579716453177466,0,0.00142073631286621,698.6,0
Region Growing,5.64480639410059,-0.0023879442984637,0.045624843893098,0.0491854246984206,0.093759260356783,1,0.0491854246984206,0,0.00832605361938477,119.9,0
Split and Merge,14.9721465581542,0.580655284868243,0.431793072073829,0.584270179905216,0.737589064436183,0.977597002668857,0.592199353314264,0,0.0306360721588135,97.8,0
MobileNet-Seg,6.42444705290152,0.426735147354399,0.415321525172324,0.427737203784167,0.599181982020871,0.979742368095994,0.431553911205074,0,0.277127027511597,101,0
K-Means,23.8298409118686,0.710377772607671,0.372326203208556,0.543615871545469,0.704340868173635,0.986578497576284,0.547666080788913,0,0.29782509803772,97.4,0
Otsu,14.8207718626621,0.605248804300317,0.333870447953593,0.602822549548855,0.752201233653134,0.986272332694055,0.607923348524677,0,0.0019986629486084,499.2,0
Adaptive Thresholding,10.9985164534087,0.350197051357759,0.241468988888013,0.588540943922784,0.740983033738401,0.985388646513669,0.59372229394472,0,0.00232958793640137,0,0
Region Growing,5.83202339062205,-7.6981143393419E-06,0.00344234079173838,0.00121323357857243,0.00242352685298824,1,0.00121323357857243,0,0.00295066833496094,337,0
Split and Merge,14.8207718626621,0.605248804300317,0.333870447953593,0.602822549548855,0.752201233653134,0.986272332694055,0.607923348524677,0,0.0199799537658691,99.9,0
MobileNet-Seg,5.86571923499828,0.0125909188222453,0.029666818804199,0.0144810315596273,0.0285486492287878,1,0.0144810315596273,0,0.41631817817688,98.5,0
K-Means,22.8031386852455,0.71148358319118,0.309547942428542,0.460849689253263,0.630933754024802,0.873375577274192,0.493846153846154,0,0.548898696899414,100.2,0
Otsu,14.5427586771115,0.574618485567684,0.358166030639898,0.565231136714908,0.722233443299895,0.810262349564429,0.651457489878543,0,0.00216031074523926,0,0
Adaptive Thresholding,11.6031041488727,0.401330963447115,0.269483289439519,0.47081271345926,0.640207565723222,0.771817065158397,0.546943319838057,0,0.00252795219421387,0,0
Region Growing,9.4738704407376,0.150837337611655,0.0569766673276489,0.333494675701839,0.500181488203267,0.884467265725289,0.348684210526316,0,0.0665931701660156,105.1,0
Split and Merge,14.5427586771115,0.574618485567684,0.358166030639898,0.565231136714908,0.722233443299895,0.810262349564429,0.651457489878543,0,0.0278897285461426,107.5,0
MobileNet-Seg,7.45923797100731,0.112607540296459,0.17146038226016,0.0701171108911261,0.131045677482415,0.47561130115292,0.0759919028340081,0,0.401982307434082,99.5,0
K-Means,27.018093090372,0.780790591109708,0.28331881533101,0.670674141855456,0.802878460919498,0.970768380320619,0.684497731489421,0,0.48815393447876,96.3,0
Otsu,27.9828070146419,0.886362352057474,0.543289436817036,0.266223947372523,0.420500572469745,0.999414794007491,0.26626545471554,0,0.00299072265625,333.2,0
Adaptive Thresholding,18.9929779838112,0.797410387020393,0.261356406667515,0.832578410771266,0.908641513921212,0.998022203563765,0.83395438033022,0,0.00137829780578613,0,0
Region Growing,16.589733285672,0.629334495498106,0.129082426127527,0.110120207673958,0.198393303558889,1,0.110120207673958,0,0.0252883434295654,118.6,0
Split and Merge,27.9828070146419,0.886362352057474,0.543289436817036,0.266223947372523,0.420500572469745,0.999414794007491,0.26626545471554,0,0.0343868732452393,87.2,0
MobileNet-Seg,13.2461651946278,0.573135853181291,0,0,0,0,0,0,0.38983416557312,100,0
K-Means,22.9146331537666,0.708515953694976,0.321469429261472,0.628996389201081,0.772250194501123,0.940066473678568,0.655273778087788,0,0.355848789215088,101.2,0
Otsu,9.74906849669019,0.451390201365346,0.195251416684599,0.621483937989452,0.766561941723649,0.758330692538332,0.774973842857855,0,0.00154614448547363,639.2,0
Adaptive Thresholding,8.49898822520565,0.218986226684002,0.15902953761788,0.476943900788352,0.645852426126372,0.642178110530982,0.6495690299437,0,0.00147151947021484,674.6,0
Region Growing,3.44379859070713,-0.000644664237124832,0.00365363536719035,0,0,0,0,0,0.00219082832336426,0,0
Split and Merge,9.74906849669019,0.451390201365346,0.195251416684599,0.621483937989452,0.766561941723649,0.758330692538332,0.774973842857855,0,0.0149073600769043,67,0
MobileNet-Seg,3.43719186752344,9.01726020082725E-05,0,0,0,0,0,0,0.267224073410034,101,0
K-Means,21.0964901563002,0.700343109780566,0.32776617954071,0.436564223798266,0.607789358200768,0.988524246028969,0.438788029382988,0,0.283652782440186,98.7,0
Otsu,20.8844482540948,0.825241081417984,0.542439212163983,0.801062355658199,0.889544277177955,0.989370198524378,0.808016648289357,0,0.00110363960266113,0,0
Adaptive Thresholding,10.1201533494189,0.424380468649865,0.305113417916186,0.538098469891412,0.699693134639684,0.987516630339401,0.541783789660046,0,0.00148415565490723,0,0
Region Growing,5.35039956194636,0.00127541098147582,8.74890638670166E-05,4.65903620071128E-05,9.31763828928161E-05,1,4.65903620071128E-05,0,0.00171065330505371,0,0
Split and Merge,20.8844482540948,0.825241081417984,0.542439212163983,0.801062355658199,0.889544277177955,0.989370198524378,0.808016648289357,0,0.0168333053588867,118.7,0
MobileNet-Seg,5.35023905835513,0.0012670230079007,0,0,0,0,0,0,0.276124477386475,101.4,0
K-Means,22.1868524745985,0.81809391133335,0.40932049561992,0.337663720583537,0.50485591466327,0.624556842354053,0.423658614792646,0,0.306480646133423,101.1,0
Otsu,17.9847579667507,0.6975166228932,0.584948826008429,0.491858621654388,0.659390393318831,0.619590244819323,0.704654766994442,0,0.00157475471496582,0,0
Adaptive Thresholding,11.7018277056226,0.571324454032417,0.475590494651447,0.396975462409038,0.56833562663222,0.598822415527546,0.540802693458743,0,0.00155234336853027,0,0
Region Growing,6.45386325529058,0.00085294749574276,5.13136288998358E-05,0,0,0,0,0,0.00186920166015625,0,0
Split and Merge,17.9847579667507,0.6975166228932,0.584948826008429,0.491858621654388,0.659390393318831,0.619590244819323,0.704654766994442,0,0.0378718376159668,105.6,0
MobileNet-Seg,6.45355092953893,0.000859023883461582,0,0,0,0,0,0,0.264246463775635,102.2,0
K-Means,28.1409892400384,0.831590977027492,0.253327787021631,0.669924444036585,0.802341023785754,0.985443664506839,0.676620066424654,0,0.258472442626953,96.7,0
Otsu,27.2768852462137,0.552076689981019,0.40572977158343,0.262525854351249,0.415874024989608,0.997010375754734,0.262732679385186,0,0.0020759105682373,0,0
Adaptive Thresholding,18.4038937010957,0.782231037864241,0.136501516683519,0.843410828811051,0.915054653720384,0.99764753081917,0.845091526994671,0,0.000805854797363281,0,0
Region Growing,17.1035229124217,0.326439573990468,0.108733777621887,0.118234058329214,0.211465672054151,0.999869366427172,0.118235884760948,0,0.0149469375610352,66.8,0
Split and Merge,27.2768852462137,0.552076689981019,0.40572977158343,0.262525854351249,0.415874024989608,0.997010375754734,0.262732679385186,0,0.0187745094299316,106.5,0
MobileNet-Seg,13.4510131024778,0.259410965910211,0,0,0,0,0,0,0.261067867279053,103.4,0
K-Means,21.3585208550564,0.638349419777068,0.299032017870439,0.038285159743497,0.0737469073581966,0.0661667982109971,0.0832884878089167,0,0.280577421188355,99.8,0
Otsu,13.4838906634448,0.562410983995685,0.400294592130182,0.411355785837651,0.582922874537278,0.462284979498751,0.78875688206317,0,0.00167536735534668,0,0
Adaptive Thresholding,9.99300752607027,0.341180382978341,0.272377947660074,0.33194347926801,0.498434782608696,0.403217967411045,0.652523078196796,0,0.0016334056854248,0,0
Region Growing,4.61706568486067,0.00104870352829951,0.000104025798398003,0,0,0,0,0,0.00223326683044434,0,0
Split and Merge,13.4838906634448,0.562410983995685,0.400294592130182,0.411355785837651,0.582922874537278,0.462284979498751,0.78875688206317,0,0.0244789123535156,122.5,0
MobileNet-Seg,6.95975766647442,0.574435093012134,0.689439198304105,0.0240225477665257,0.0469180055047046,0.0382418155732359,0.0606863435029184,0,0.295959234237671,98,0
K-Means,22.3352251222586,0.653109368045853,0.210258727827364,0.433890268683676,0.605193128316564,0.708199742030588,0.528345980424502,0,0.285818576812744,101.5,0
Otsu,11.0115979388843,0.464199711962943,0.197095819459859,0.444118605408928,0.615072202166065,0.631383902721482,0.599582096117893,0,0.0024869441986084,0,0
Adaptive Thresholding,10.3679390087587,0.247766519633973,0.151579650265014,0.439432134801645,0.610563185547055,0.585883601627455,0.637413394919169,0,0.00142073631286621,0,0
Region Growing,5.322069088504,-0.00125097722152755,0.0200330821540158,0,0,0,0,0,0.00319004058837891,0,0
Split and Merge,11.0115979388843,0.464199711962943,0.197095819459859,0.444118605408928,0.615072202166065,0.631383902721482,0.599582096117893,0,0.0160136222839355,62.4,0
MobileNet-Seg,5.3724237183924,0.0149309694036201,0.0440333024976873,0,0,0,0,0,0.265421390533447,101.7,0
K-Means,22.4678100158669,0.777678661425612,0.357656873080625,0,0,0,0,0,0.289237022399902,100.3,0
Otsu,18.1964369531105,0.759588294480994,0.581776384535005,0.000100928542591845,0.000201836714098295,0.000103822753794722,0.00360750360750361,0,0.0014185905456543,0,0
Adaptive Thresholding,10.6827660128992,0.522748743479259,0.44732278727395,0.0230948905109489,0.0451471133814674,0.0235031941761997,0.570707070707071,0,0.0016934871673584,0,0
Region Growing,5.70447882520523,0.000611905616766179,0.000326069235367643,0,0,0,0,0,0.00190496444702148,0,0
Split and Merge,18.1964369531105,0.759588294480994,0.581776384535005,0.000100928542591845,0.000201836714098295,0.000103822753794722,0.00360750360750361,0,0.031435489654541,95.4,0
MobileNet-Seg,9.7486055033856,0.664239196732587,0.661073470251959,0.0316460031509008,0.0613505079344001,0.0316460031509008,1,0,0.259169816970825,100.3,0
K-Means,24.4514472053242,0.709483208346384,0.28422619047619,0.0404129263913824,0.0776863212023951,0.0816822701211989,0.0740631066363965,0,0.348289728164673,94.7,0
Otsu,15.1725716584413,0.517076867868099,0.305032021957914,0.120022935393022,0.214322281446683,0.197579189916993,0.234165761853058,0,0.00401663780212402,0,0
Adaptive Thresholding,12.3121930091096,0.354739859712607,0.197932415314837,0.308160296257109,0.471135375593974,0.419884666872619,0.536636725561807,0,0.00597929954528809,0,0
Region Growing,6.9280612266019,0.000779752488317161,0.0140525195173882,0.0165827657684335,0.0326245266530731,1,0.0165827657684335,0,0.00876283645629883,113.9,0
Split and Merge,15.1725716584413,0.517076867868099,0.305032021957914,0.120022935393022,0.214322281446683,0.197579189916993,0.234165761853058,0,0.0479228496551514,41.7,0
MobileNet-Seg,8.03819885748985,0.392569134183613,0.570668086239021,0.791222052845529,0.883443849508883,0.957899188742359,0.819728226894351,0,0.537887811660767,59.5,0
K-Means,27.018070693764,0.592665221302171,0.17117353636125,0.432202212860516,0.603549148269063,0.962838186255973,0.439534226797652,0,0.243306159973145,98.6,0
Otsu,14.0522091509587,0.355776269977541,0.116409362549801,0.473342771356119,0.642542632384774,0.982022399380305,0.47748030507517,0,0.00163984298706055,0,0
Adaptive Thresholding,12.4060624776827,0.30162939334266,0.0547162106982442,0.581635661199981,0.735486275971669,0.980924220221897,0.588289758639089,0,0.00140213966369629,0,0
Region Growing,8.14895425159395,-0.00559219895256455,0.0516316837750881,0.227730164408704,0.370977550296458,0.96259040105194,0.229763660902043,0,0.0429966449737549,116.3,0
Split and Merge,14.0522091509587,0.355776269977541,0.116409362549801,0.473342771356119,0.642542632384774,0.982022399380305,0.47748030507517,0,0.0101544857025146,98.4,0
MobileNet-Seg,7.82537020865771,0.00049571936533233,0,0,0,0,0,0,0.26071572303772,103.5,0
K-Means,23.4009131413538,0.651644620713792,0.268352999364092,0.0424358757221626,0.0814167599378994,0.0889651635302008,0.075049089759377,0,0.271131992340088,99.6,0
Otsu,18.1283225779388,0.586676717681934,0.449740201424081,0.442149202611581,0.613180941071694,0.553412105136243,0.687423037241655,0,0.0015110969543457,0,0
Adaptive Thresholding,13.3284408120566,0.502890553589076,0.288251765787604,0.396675318254851,0.568027963364453,0.510038139633436,0.640895929710121,0,0.00145769119262695,0,0
Region Growing,8.521639623823,0.00550514528062153,0,0,0,0,0,0,0.00203132629394531,489.7,0
Split and Merge,18.1283225779388,0.586676717681934,0.449740201424081,0.442149202611581,0.613180941071694,0.553412105136243,0.687423037241655,0,0.0186324119567871,107.3,0
MobileNet-Seg,12.8728050653152,0.379135687145223,0.327044025157233,0.503804768643366,0.670040126415965,0.7181351094196,0.627982826904516,0,0.270473957061768,99.8,0
K-Means,21.6883212722014,0.831557352044265,0.409959226819692,0.327137394433879,0.492997026239966,0.566300884955752,0.436495593571799,0,0.300397634506226,99.9,0
Otsu,16.0059705623558,0.704723027588693,0.537875581887431,0.464051430070848,0.633927771305673,0.597149196854952,0.67553409183924,0,0.0016634464263916,0,0
Adaptive Thresholding,11.9367761068578,0.602177584593063,0.493259720905026,0.364331335364056,0.534080433279558,0.565679065084063,0.505825216228752,0,0.00182676315307617,0,0
Region Growing,6.54394432277407,0.000593786393911086,0,0,0,0,0,0,0.0020754337310791,0,0
Split and Merge,16.0059705623558,0.704723027588693,0.537875581887431,0.464051430070848,0.633927771305673,0.597149196854952,0.67553409183924,0,0.0365860462188721,109.3,0
MobileNet-Seg,6.54371081140753,0.00056334888194097,0,0,0,0,0,0,0.269654750823975,100.1,0
K-Means,24.1848514964543,0.72315573376238,0.244776514149696,0.491924141022272,0.659449267554856,0.989707071335282,0.494453765846383,0,0.361674547195435,99.5,0
Otsu,11.9893363874778,0.522019380226226,0.253859348198971,0.598353693379253,0.748712498188318,0.990211362997419,0.601913994531444,0,0.00159859657287598,0,0
Adaptive Thresholding,11.2559545904788,0.221374357464255,0.124816446402349,0.642944386895283,0.782673341865542,0.992576856979187,0.646050832711907,0,0.00128316879272461,0,0
Region Growing,5.81293114605705,4.71411663610173E-05,0.00294767870302137,0.000574819786229182,0.00114897911652822,1,0.000574819786229182,0,0.0020139217376709,0,0
Split and Merge,11.9893363874778,0.522019380226226,0.253859348198971,0.598353693379253,0.748712498188318,0.990211362997419,0.601913994531444,0,0.0136091709136963,73.4,0
MobileNet-Seg,6.26563206770521,0.102522010547791,0.375274483970136,0.119016215377454,0.212715801150939,0.990060668645928,0.11915858811832,0,0.272843599319458,98.9,0
K-Means,23.8363862538089,0.687656306010785,0.316587792743599,0.504802776314566,0.670922175663293,0.990967153284672,0.507136297841212,0,0.340949535369873,99.7,0
Otsu,17.4419691884261,0.656082981924822,0.260015919342001,0.71324267168856,0.832623052734956,0.988575096277279,0.719170726392629,0,0.00119447708129883,846.4,0
Adaptive Thresholding,12.4729298060663,0.341049506930652,0.174021847070506,0.5907684254284,0.7427459785912,0.982033629360428,0.597223303086429,0,0.00134587287902832,737.1,0
Region Growing,7.41784272402877,0.00040557455970137,0.000324622626197046,3.11288891655901E-05,6.22558403760253E-05,1,3.11288891655901E-05,0,0.00185704231262207,0,0
Split and Merge,17.4419691884261,0.656082981924822,0.260015919342001,0.71324267168856,0.832623052734956,0.988575096277279,0.719170726392629,0,0.0142569541931152,70.1,0
MobileNet-Seg,7.41774626485073,0.0003983161417712,0,0,0,0,0,0,0.278045654296875,100.7,0
K-Means,25.4819868749581,0.661230083448321,0.26815331010453,0.823217197924388,0.903037991152745,0.951732885399883,0.859083454528576,0,0.520425081253052,98,0
Otsu,14.8263469537039,0.478435862004973,0.221871225494751,0.812962711864407,0.896833350784557,0.868021774380357,0.927623232354488,0,0.00226235389709473,440.9,0
Adaptive Thresholding,12.7039984909247,0.356179253193364,0.132007952286282,0.38890214797136,0.560013746885471,0.521203720979823,0.605068539777826,0,0.00214028358459473,0,0
Region Growing,7.99824123278221,-0.000775484462059235,0.00638516992790937,0,0,0,0,0,0.00370693206787109,269.2,0
Split and Merge,14.8263469537039,0.478435862004973,0.221871225494751,0.812962711864407,0.896833350784557,0.868021774380357,0.927623232354488,0,0.0201728343963623,99.1,0
MobileNet-Seg,7.99093802902107,0.000484519011651242,0,0,0,0,0,0,0.41455078125,96.5,0
K-Means,23.6405957406025,0.708047101004533,0.351146354076883,0.584268067584836,0.73758738125112,0.79738790063171,0.686130656617868,0,0.453404188156128,101.4,0
Otsu,15.1664880722092,0.576173316878526,0.447016645326505,0.549329088014555,0.709118665962069,0.633348192044471,0.805482375696135,0,0.00223469734191895,0,0
Adaptive Thresholding,11.4264400431154,0.447476199229619,0.334979423868313,0.34982207146276,0.518323235126343,0.481993347860993,0.560576249708207,0,0.00246739387512207,403.3,0
Region Growing,6.69026857981027,0.000359652348015885,0.000438308130615823,0,0,0,0,0,0.00305819511413574,0,0
Split and Merge,15.1664880722092,0.576173316878526,0.447016645326505,0.549329088014555,0.709118665962069,0.633348192044471,0.805482375696135,0,0.0369827747344971,108.1,0
MobileNet-Seg,6.6901708351508,0.000341120993314903,0,0,0,0,0,0,0.445159912109375,92.1,0
K-Means,23.2424608949647,0.622049440247724,0.261464343067864,0.375531683690894,0.546016770305499,0.979234132124352,0.378546279633832,0,0.443978071212769,96.8,0
Otsu,14.4498919773169,0.473028083982875,0.361526147278549,0.504750722264279,0.670876198689912,0.975457558295763,0.511243251701745,0,0.00274872779846191,362.2,0
Adaptive Thresholding,11.6949172808494,0.452318496649391,0.311915066770244,0.519223648481856,0.683538133441657,0.973643859395342,0.526625459666693,0,0.00301241874694824,0,0
Region Growing,7.11568555130941,0.00150521409280176,0.0407049282595134,0.0464908849072843,0.0888510078353969,1,0.0464908849072843,0,0.0133688449859619,74.8,0
Split and Merge,14.4498919773169,0.473028083982875,0.361526147278549,0.504750722264279,0.670876198689912,0.975457558295763,0.511243251701745,0,0.0293593406677246,102.1,0
MobileNet-Seg,7.20534833033645,0.0918633941646258,0.102676437788753,0.103106173225882,0.186937895423724,1,0.103106173225882,0,0.510375738143921,99.9,0
K-Means,23.6621886205482,0.502479966567652,0.209444618763728,0.63613038841404,0.77760353688029,0.988899300800115,0.640705512399396,0,0.310176372528076,99.9,0
Otsu,18.5402549910112,0.703820479942238,0.540110799338082,0.708171807187978,0.829157587319958,0.988999611751003,0.713794230739294,0,0.00112318992614746,889.5,0
Adaptive Thresholding,10.73070235315,0.410008160740545,0.297675667382633,0.536822753325403,0.69861374991204,0.986038592508513,0.540934352475987,0,0.00154352188110352,644.6,0
Region Growing,6.26258731350309,0.00540245622917482,0.0352088367276493,0.0356648037735262,0.0688732563732564,1,0.0356648037735262,0,0.00677108764648438,0,0
Split and Merge,18.5402549910112,0.703820479942238,0.540110799338082,0.708171807187978,0.829157587319958,0.988999611751003,0.713794230739294,0,0.0173847675323486,115,0
MobileNet-Seg,6.24770774772448,0.000941478919725535,0,0,0,0,0,0,0.26361346244812,98.6,0
K-Means,21.6621743377677,0.819398093218416,0.381293607392042,0.320144384284326,0.485014197076454,0.594067422346533,0.409789038105151,0,0.328648090362549,100.4,0
Otsu,16.0420014144371,0.695610085932322,0.540646151699114,0.555541022814328,0.714273702417989,0.677884176926585,0.75479170368866,0,0.00141692161560059,0,0
Adaptive Thresholding,11.1291446175786,0.564331854660936,0.487120835405271,0.384052262465174,0.554967861952161,0.612339930151339,0.507425554060572,0,0.00159239768981934,623.7,0
Region Growing,5.95763817580814,0.000287145612459852,0.000137854976564654,0,0,0,0,0,0.00223469734191895,0,0
Split and Merge,16.0420014144371,0.695610085932322,0.540646151699114,0.555541022814328,0.714273702417989,0.677884176926585,0.75479170368866,0,0.0391390323638916,102.2,0
MobileNet-Seg,7.94115751034205,0.495251229135255,0.46840115232265,0.109414287256853,0.197246941045606,0.218051584739771,0.180066512655175,0,0.261913776397705,99.3,0
K-Means,20.9037237417405,0.599120385933848,0.157989228007181,0.748797270082793,0.856356860675272,0.908662005294956,0.80974562172953,0,0.292297601699829,99.2,0
Otsu,13.5729346033346,0.540520539815403,0.180078052406616,0.378235430874148,0.548869115393807,0.512710751615106,0.590514503493542,0,0.00158572196960449,632,0
Adaptive Thresholding,12.777316127022,0.311501582456888,0.0754441864232867,0.443229636308987,0.614219144560435,0.539106592025591,0.713650524787514,0,0.0010530948638916,0,0
Region Growing,10.8361555666918,0.27032812697163,0.100485809255945,0.340086769723264,0.507559327361308,0.52824757106873,0.488430476997066,0,0.0707705020904541,98.9,0
Split and Merge,13.5729346033346,0.540520539815403,0.180078052406616,0.378235430874148,0.548869115393807,0.512710751615106,0.590514503493542,0,0.00782179832458496,127.6,0
MobileNet-Seg,7.19430608629245,0.0382699044546914,0.0224291155311045,0.0792946397290669,0.146937892231119,0.695162528794472,0.0821511751005717,0,0.25740909576416,101,0
K-Means,22.7155297923284,0.691680863712457,0.303347911325592,0.0202578582120016,0.0397112515212644,0.0490022629088665,0.0333819160266831,0,0.371925592422485,99.5,0
Otsu,14.2330558511346,0.463095591897605,0.254679439941046,0.103301994955285,0.187259690325262,0.199065745036771,0.176775604013678,0,0.00158882141113281,0,0
Adaptive Thresholding,13.0403543675382,0.405005141871347,0.267490879610863,0.343734920379604,0.51161120421355,0.48681279740812,0.539071696843994,0,0.0014197826385498,0,0
Region Growing,7.24474930965313,-0.00122767901313628,0.026414689144207,0.0233477212848254,0.0456300840842486,1,0.0233477212848254,0,0.00347280502319336,0,0
Split and Merge,14.2330558511346,0.463095591897605,0.254679439941046,0.103301994955285,0.187259690325262,0.199065745036771,0.176775604013678,0,0.0189218521118164,105.6,0
MobileNet-Seg,7.22729694310066,0.000602849360375916,0,0,0,0,0,0,0.273119449615479,98.8,0
K-Means,26.5406030333476,0.650510962456314,0.199945887445887,0.373212444006588,0.543561115595014,0.973538387407645,0.377037198308037,0,0.216879367828369,96.8,0
Otsu,16.24399345568,0.505932928886846,0.153800238758456,0.579049031879221,0.733414884767823,0.989203030543016,0.582732022891267,0,0.00143766403198242,0,0
Adaptive Thresholding,12.3015793598534,0.275072724181032,0.0512271869100063,0.607615792067012,0.755921651261913,0.984040298246927,0.613663224682757,0,0.00132226943969727,0,0
Region Growing,7.7463312229164,0.150995654479771,0.0994169990794722,0.297674562243291,0.458781532603522,0.976793676530199,0.299794725055984,0,0.0351438522338867,85.3,0
Split and Merge,16.24399345568,0.505932928886846,0.153800238758456,0.579049031879221,0.733414884767823,0.989203030543016,0.582732022891267,0,0.0130314826965332,76.7,0
MobileNet-Seg,7.36532306651723,0.0463579707666093,0.0126050420168067,0.0519876249553037,0.0988369515421106,0.994350282485876,0.0520029858173675,0,0.284924983978272,98.3,0
K-Means,24.3045042751848,0.66843008546145,0.327108891542721,0.807698585418934,0.893620863493401,0.955647108049825,0.839155502798033,0,0.351809024810791,99.5,0
Otsu,18.384905331716,0.565172947084004,0.300439730988101,0.841172390762671,0.913735612138124,0.902267654919682,0.925498841218699,0,0.00149798393249512,0,0
Adaptive Thresholding,12.7511593700461,0.421258372970311,0.188895809235697,0.457740767846193,0.628013948628882,0.603961688023593,0.654061387146007,0,0.00140213966369629,0,0
Region Growing,7.36827205210468,0.0680576580420854,0.098368580060423,0.0167781325006408,0.0330025439460958,0.0872621500424191,0.020349330167882,0,0.0175468921661377,113.9,0
Split and Merge,18.384905331716,0.565172947084004,0.300439730988101,0.841172390762671,0.913735612138124,0.902267654919682,0.925498841218699,0,0.0145244598388672,68.8,0
MobileNet-Seg,7.29277693143528,0.00167333565897743,0,0,0,0,0,0,0.262517929077148,99,0
K-Means,23.227211480798,0.613120574230387,0.205651491365777,0.0349524942665494,0.0675441519493502,0.0769376755484704,0.0601948090514937,0,0.301701545715332,99.4,0
Otsu,14.8988893144499,0.439156688161703,0.192764192764193,0.814598992202235,0.897828110456097,0.939940232573248,0.859327671200333,0,0.00178027153015137,0,0
Adaptive Thresholding,12.4122664229318,0.358156739483106,0.141814612495732,0.447285161239609,0.618102324570932,0.569395106819433,0.675922076379403,0,0.00128459930419922,0,0
Region Growing,7.51060085252086,0.126232055042396,0.18969260655925,0.0621544537077666,0.117034680767562,0.192211140511568,0.0841301894636812,0,0.0278358459472656,107.7,0
Split and Merge,14.8988893144499,0.439156688161703,0.192764192764193,0.814598992202235,0.897828110456097,0.939940232573248,0.859327671200333,0,0.0146396160125732,68.3,0
MobileNet-Seg,7.0070204252918,0.00133276075671692,0,0,0,0,0,0,0.272645473480225,99,0
K-Means,24.1684733989329,0.599797286479025,0.211253453906054,0.875243664717349,0.933471933471934,0.962913187693012,0.905777610414762,0,0.310007333755493,100,0
Otsu,10.0116165106586,0.415673783866338,0.159714061887975,0.769118615370144,0.869493553103815,0.859508041627247,0.879713809242025,0,0.00147032737731934,0,0
Adaptive Thresholding,8.44147725566787,0.197379872740462,0.0985766140544068,0.418891208709269,0.590448663206989,0.577111744613093,0.604416590456722,0,0.0015723705291748,0,0
Region Growing,5.26537835322064,0.0616632128837556,0.107545995911475,0.148063059494573,0.257935412641457,0.35959595959596,0.201086664156221,0,0.041374683380127,120.8,0
Split and Merge,10.0116165106586,0.415673783866338,0.159714061887975,0.769118615370144,0.869493553103815,0.859508041627247,0.879713809242025,0,0.0130796432495117,152.7,0
MobileNet-Seg,4.00511563090437,0.023013093506603,0.0163299197342928,0.000614219173875211,0.00122768428052586,0.0125,0.000645543063101835,0,0.257229089736939,104.9,0
K-Means,23.6490052693209,0.664704524235781,0.227728830151738,0.355056110303892,0.524046358824603,0.982337595689176,0.357337315847607,0,0.362277746200562,99.4,0
Otsu,14.4195671667592,0.433286496919022,0.159328927300458,0.480391553284492,0.649006071695916,0.978340594928377,0.48555560741121,0,0.00165009498596191,0,0
Adaptive Thresholding,13.3743990369774,0.357070909562787,0.156601750938003,0.623764050991066,0.768293953312183,0.981846347485114,0.631041831956566,0,0.0012660026550293,0,0
Region Growing,7.46229278757676,0.0752282226456806,0.170604270786006,0.190519131205398,0.320060595771355,0.996908558411975,0.19063175743999,0,0.0275759696960449,108.7,0
Split and Merge,14.4195671667592,0.433286496919022,0.159328927300458,0.480391553284492,0.649006071695916,0.978340594928377,0.48555560741121,0,0.0129392147064209,77.2,0
MobileNet-Seg,100,1,1,0.980850219726563,0.990332545044178,0.980850219726563,1,0,0.263472557067871,98.7,0
K-Means,24.3952873378998,0.635322025482104,0.217844202898551,0.860396147358111,0.924960147417992,0.971968649147072,0.882288934769265,0,0.36015772819519,100,0
Otsu,10.9732518264195,0.413770801384182,0.122887353259512,0.684571989207751,0.812754804892254,0.773208079383469,0.856564923832376,0,0.00143861770629883,0,0
Adaptive Thresholding,9.48606221609887,0.213151856099102,0.100230984985976,0.413357501915422,0.58492985865958,0.555904601543063,0.617153060655097,0,0.00142049789428711,0,0
Region Growing,4.7563561217355,-0.000214007837685828,0.00996126175982291,0,0,0,0,0,0.00257635116577148,0,0
Split and Merge,10.9732518264195,0.413770801384182,0.122887353259512,0.684571989207751,0.812754804892254,0.773208079383469,0.856564923832376,0,0.00818324089050293,121.9,0
MobileNet-Seg,4.79745798756306,0.0100726614936486,0.0560455192034139,0,0,0,0,0,0.262422561645508,102.9,0
K-Means,24.7883727671194,0.572838781236836,0.218938480096502,0.0963828135110651,0.175819635848556,0.204034108420945,0.154460373836621,0,0.23184871673584,99.2,0
Otsu,17.6222956605212,0.45218510771739,0.195329757021142,0.735332401292002,0.84748305367263,0.912834016577396,0.790864075908019,0,0.00146913528442383,0,0
Adaptive Thresholding,13.4992673207329,0.400467593226031,0.0945997702029874,0.439406692478911,0.610538626470015,0.612057735396801,0.609027039639126,0,0.00143551826477051,0,0
Region Growing,8.99970264049828,0.192938861166466,0.143458928153522,0.0808475740006103,0.149600324681054,0.234224776218367,0.109895522774998,0,0.0354170799255371,112.9,0
Split and Merge,17.6222956605212,0.45218510771739,0.195329757021142,0.735332401292002,0.84748305367263,0.912834016577396,0.790864075908019,0,0.0153794288635254,129.9,0
MobileNet-Seg,8.60016592334126,0.005268761158945,0,0.000849661422796674,0.00169788022226796,0.110367892976589,0.000855520701008477,0,0.268131017684937,97,0
K-Means,22.1413044492583,0.624154530198546,0.219929824561404,0.803340944038023,0.890947379300544,0.972062471808751,0.822327156519043,0,0.291549205780029,99.5,0
Otsu,13.460505271039,0.501617164590395,0.205210874869292,0.448655875126463,0.61940987204749,0.649170043131617,0.592258710739071,0,0.00145912170410156,0,0
Adaptive Thresholding,12.6218266684606,0.307027389655985,0.148041982713001,0.4792970934743,0.648006537143415,0.663122160650991,0.633564665760416,0,0.00118017196655273,0,0
Region Growing,7.38583154022365,0.00301651452065182,0.00584668687743612,0,0,0,0,0,0.00192117691040039,518,0
Split and Merge,13.460505271039,0.501617164590395,0.205210874869292,0.448655875126463,0.61940987204749,0.649170043131617,0.592258710739071,0,0.0197412967681885,101.2,0
MobileNet-Seg,10.1849046264874,0.484365990008346,0.782717820007171,0.148710399607446,0.258917129431867,0.29404808829326,0.231284729674942,0,0.267377376556397,101,0
K-Means,23.3638233089999,0.720830692626394,0.355558819209869,0.20165141057987,0.335623807044942,0.40376586506346,0.287160757764713,0,0.250143527984619,99.9,0
Otsu,15.8549297347617,0.58195672231332,0.365316628419029,0.523526801749456,0.687256438348565,0.644773478362695,0.735732525684423,0,0.00138401985168457,0,0
Adaptive Thresholding,12.2849460247243,0.420998183176943,0.277970191072888,0.401843244429372,0.573306959998862,0.550457712802295,0.59813528119247,0,0.00151586532592773,0,0
Region Growing,7.3047497652868,0.00778329407125264,0.0244207287760792,0,0,0,0,0,0.00699114799499512,142.9,0
Split and Merge,15.8549297347617,0.58195672231332,0.365316628419029,0.523526801749456,0.687256438348565,0.644773478362695,0.735732525684423,0,0.0183255672454834,109.1,0
MobileNet-Seg,7.22820898777701,0.000687107081502258,0,0,0,0,0,0,0.264977216720581,98.1,0
K-Means,21.8214430380894,0.801061937692617,0.414768324810166,0.34243712115934,0.510172306414781,0.571489477152048,0.460738055807268,0,0.42359471321106,99.1,0
Otsu,17.5584064771002,0.687783367158174,0.577849179312481,0.481229081817815,0.649769961614897,0.575645756457565,0.745805080773678,0,0.00243902206420898,0,0
Adaptive Thresholding,11.8574196523904,0.588272845347818,0.490108733777622,0.360032480376439,0.529446885381424,0.518998739420133,0.540324344592694,0,0.0023190975189209,0,0
Region Growing,6.61092474394609,0.00157817432569217,0.00124100273020601,0,0,0,0,0,0.00349688529968262,285.2,0
Split and Merge,17.5584064771002,0.687783367158174,0.577849179312481,0.481229081817815,0.649769961614897,0.575645756457565,0.745805080773678,0,0.0518491268157959,96.4,0
MobileNet-Seg,8.43897763435546,0.380273835501065,0.378703118159265,0.00544186129498457,0.0108248154457694,0.0125261817733788,0.0095303565290754,0,0.41832160949707,98,0
K-Means,24.9901118777363,0.757466455362371,0.166870619646234,0.429326960141855,0.600740029558032,0.985314413107329,0.432091868404718,0,0.598652362823486,98.5,0
Otsu,12.1827305464327,0.348620667785639,0.263393094642762,0.517719449756338,0.682233399380176,0.988108903605592,0.520965238981999,0,0.0023961067199707,417.6,0
Adaptive Thresholding,11.4327962685351,0.293428638728563,0.199969039049499,0.56939457910227,0.725623226541252,0.987783688417226,0.573432650527623,0,0.00198483467102051,0,0
Region Growing,7.0680769915636,0.0128433649876577,0.0228496231606652,0.0268311607697083,0.0522601218093065,1,0.0268311607697083,0,0.0104279518127441,95.8,0
Split and Merge,12.1827305464327,0.348620667785639,0.263393094642762,0.517719449756338,0.682233399380176,0.988108903605592,0.520965238981999,0,0.0264391899108887,113.4,0
MobileNet-Seg,7.67099134681525,0.188457615880542,0.138800861959691,0.190982698109722,0.320714479585374,0.959477225272601,0.192535692116698,0,0.452195644378662,92.9,0
K-Means,22.0246825562223,0.553309970063919,0.0458891013384321,0.341085150490204,0.508670385867039,0.953590726860729,0.346842705889812,0,0.448160171508789,100.4,0
Otsu,10.0207258322708,0.360227860957518,0.149560795191863,0.454831818110936,0.625270649773833,0.965730746308192,0.462293159196095,0,0.00304818153381348,0,0
Adaptive Thresholding,11.2199673899398,0.221867815039236,0.0922766464868831,0.636028838051247,0.777527661198016,0.976286289163553,0.646009002726178,0,0.00221991539001465,0,0
Region Growing,9.06745264798639,0.293538552205558,0.110629067245119,0.554387225798388,0.713319328153427,0.974941612858909,0.562400938312306,0,0.126594305038452,94.8,0
Split and Merge,10.0207258322708,0.360227860957518,0.149560795191863,0.454831818110936,0.625270649773833,0.965730746308192,0.462293159196095,0,0.018702507019043,106.9,0
MobileNet-Seg,12.6177628266276,0.760283940282005,0.533460282916213,0.777714373843307,0.874959875766698,0.966497364638237,0.799261396056552,0,0.281017065048218,99.6,0
K-Means,22.1386579526952,0.809276522418127,0.410441681719973,0.408695787153457,0.580247049619288,0.989477244541321,0.410479872782264,0,0.284428358078003,102,0
Otsu,15.8421642142574,0.700307255212721,0.551581166549543,0.643753957345606,0.78327289126064,0.985554189521468,0.649886190015902,0,0.00154590606689453,0,0
Adaptive Thresholding,11.2134491660428,0.574581128699943,0.485578509669329,0.499969085232015,0.666639186306537,0.983220354439615,0.504271772005862,0,0.00170803070068359,0,0
Region Growing,6.07624208118676,0.000267611940869484,0.00018300773207668,3.11808175610365E-05,6.23596906959342E-05,1,3.11808175610365E-05,0,0.00218629837036133,0,0
Split and Merge,15.8421642142574,0.700307255212721,0.551581166549543,0.643753957345606,0.78327289126064,0.985554189521468,0.649886190015902,0,0.0334761142730713,119.4,0
MobileNet-Seg,7.59711202619241,0.284766107522602,0.300451349709227,0.31990072902125,0.484734528873951,0.98434516991218,0.321536590689408,0,0.283360719680786,98.8,0
K-Means,26.1770399269314,0.695089290829629,0.22067866089729,0.893687293575123,0.943859418191391,0.9773401029066,0.912596646409367,0,0.289921760559082,103.5,0
Otsu,12.0236054165528,0.416758514332661,0.144910530947492,0.792661996004614,0.884340715395602,0.872630405154256,0.896369594960069,0,0.00154638290405273,0,0
Adaptive Thresholding,11.7905945158574,0.274973438315316,0.109859389994576,0.424223836001346,0.595726353228854,0.528744420055738,0.68214069808139,0,0.00128817558288574,0,0
Region Growing,7.93337341462348,0.191375650826296,0.154456595374044,0.0677840487999544,0.126962092899092,0.144057186704899,0.11349390690127,0,0.0505800247192383,79.1,0
Split and Merge,12.0236054165528,0.416758514332661,0.144910530947492,0.792661996004614,0.884340715395602,0.872630405154256,0.896369594960069,0,0.0122101306915283,81.8,0
MobileNet-Seg,6.54132461965256,0.000276675126027473,0,0,0,0,0,0,0.260739326477051,103.5,0
K-Means,21.6227294239153,0.612681257281524,0.165598650927487,0.521091887735486,0.685155041502796,0.978768884138768,0.527049307823923,0,0.294391393661499,95.1,0
Otsu,14.8103614168562,0.680686692027132,0.188940092165899,0.700506057353167,0.823879520245288,0.980257510729614,0.710530409083839,0,0.00125479698181152,0,0
Adaptive Thresholding,9.60602018972267,0.203802745256976,0.0557522970903522,0.636851520572451,0.778142076502732,0.986762246117085,0.642339399595583,0,0.00133919715881348,0,0
Region Growing,8.64430027710609,0.244949235194248,0.0347261972905934,0.392328429484711,0.563557306130578,0.976047215728356,0.396142479390263,0,0.0458641052246094,87.2,0
Split and Merge,14.8103614168562,0.680686692027132,0.188940092165899,0.700506057353167,0.823879520245288,0.980257510729614,0.710530409083839,0,0.0073239803314209,135.9,0
MobileNet-Seg,4.75892848360016,0.00184189063030715,0,0.00469746461347021,0.00935100322021303,1,0.00469746461347021,0,0.265072584152222,101.8,0
K-Means,21.1590364986193,0.592276735400011,0.258235706418344,0.510763088255776,0.676165696959764,0.987286868082561,0.514144624108172,0,0.314723014831543,98.5,0
Otsu,10.4924509419484,0.538498809740923,0.341617080854043,0.64682226656149,0.785539860244947,0.989143289654194,0.651447175748512,0,0.00139451026916504,0,0
Adaptive Thresholding,8.74430369998127,0.23110004562089,0.185153113437771,0.616128982393223,0.762475011716994,0.987684301821336,0.62089914945322,0,0.00136470794677734,0,0
Region Growing,3.81667483958495,5.84227095892029E-05,0.00104540023894863,0.000202511138112596,0.000404940271309982,1,0.000202511138112596,0,0.00218772888183594,0,0
Split and Merge,10.4924509419484,0.538498809740923,0.341617080854043,0.64682226656149,0.785539860244947,0.989143289654194,0.651447175748512,0,0.0176870822906494,113.1,0
MobileNet-Seg,3.8158856323837,0.000127117819738698,0,0,0,0,0,0,0.276833772659302,97.5,0
K-Means,26.4936797848989,0.674628179780894,0.19459818463582,0.407453800355679,0.578994209618406,0.992391713747646,0.408730589640569,0,0.266760587692261,101.2,0
Otsu,13.1696611578584,0.488516159146582,0.149144779217061,0.654238956564538,0.790984825944659,0.987166098076075,0.659851387617703,0,0.00153160095214844,0,0
Adaptive Thresholding,10.5214485721868,0.256075624006045,0.0908032128514056,0.544339724506008,0.70494816116982,0.989734960033656,0.547430308859346,0,0.00140976905822754,0,0
Region Growing,6.37853860843511,0.000335202737083485,0.00460829493087558,0.000186153297240277,0.000372237301279566,1,0.000186153297240277,0,0.00179076194763184,0,0
Split and Merge,13.1696611578584,0.488516159146582,0.149144779217061,0.654238956564538,0.790984825944659,0.987166098076075,0.659851387617703,0,0.00426912307739258,0,0
MobileNet-Seg,16.0915228326047,0.903012653089232,0.796581675539367,0.915268546517875,0.955760014105503,0.988658785296215,0.924980221212168,0,0.271018505096436,99.6,0
K-Means,21.632903631342,0.70270205777358,0.361370716510903,7.89889415481833E-05,0.000157965405576179,8.02407221664995E-05,0.00503778337531486,0,0.272051811218262,99.2,0
Otsu,19.6683063951259,0.668164916393269,0.638261006536977,0.0100839042413979,0.0199664685261393,0.0100849393107342,0.98992443324937,0,0.00130414962768555,0,0
Adaptive Thresholding,10.5646422944495,0.503992531038663,0.33458813108946,0.00834751600615933,0.0165568236617907,0.00836740772834358,0.778337531486146,0,0.00139594078063965,0,0
Region Growing,5.30364037698986,0.00395444151584489,0,0,0,0,0,0,0.00212430953979492,0,0
Split and Merge,19.6683063951259,0.668164916393269,0.638261006536977,0.0100839042413979,0.0199664685261393,0.0100849393107342,0.98992443324937,0,0.0286712646484375,104.6,0
MobileNet-Seg,13.0082350169157,0.923391571810568,0.971050684424713,0.00654154789171019,0.0129980682971548,0.00654154789171019,1,0,0.261032104492188,99.6,0
K-Means,27.1576257538963,0.730650701807394,0.216208043543998,0.374251264099572,0.544662062719348,0.985739458263328,0.376288579160605,0,0.322834730148315,99.1,0
Otsu,12.8756258287673,0.431369661618693,0.113494191242181,0.615132240741601,0.761711301681598,0.982936841584648,0.621771708354842,0,0.00135469436645508,0,0
Adaptive Thresholding,11.3233515493372,0.251439021509156,0.0768421052631579,0.562799913315377,0.720245641838352,0.981773013258445,0.56874247188199,0,0.00161004066467285,0,0
Region Growing,11.8404383494453,0.0837168237020291,0.0710023506720511,0.65056176297626,0.788291329132913,0.983828313323504,0.657593817948598,0,0.0878427028656006,91.1,0
Split and Merge,12.8756258287673,0.431369661618693,0.113494191242181,0.615132240741601,0.761711301681598,0.982936841584648,0.621771708354842,0,0.00168561935424805,589.3,0
MobileNet-Seg,9.34832060760755,0.448270671602078,0.441712204007286,0.446249057068522,0.617112322234523,0.965686111203651,0.453439078949427,0,0.282475709915161,99.1,0.05859375
K-Means,25.1902612281592,0.803500325549928,0.27253628724217,0.48558314336763,0.653727319854847,0.992538488178069,0.487362221157265,0,0.28186559677124,99.3,0
Otsu,12.1495540934425,0.424871285540818,0.285608192620388,0.620320855614973,0.765676567656766,0.995006674247293,0.622257949819902,0,0.00134921073913574,0,0
Adaptive Thresholding,10.2634915673201,0.345713174571781,0.278967938047333,0.51544930840085,0.680259386498079,0.99302649930265,0.517321873019308,0,0.00160741806030273,0,0
Region Growing,7.85897911279158,0.0871047711597815,0.0892790237113954,0.269597171399015,0.424697183441164,0.995439256598826,0.269930588835469,0,0.037919282913208,105.5,0
Split and Merge,12.1495540934425,0.424871285540818,0.285608192620388,0.620320855614973,0.765676567656766,0.995006674247293,0.622257949819902,0,0.00479674339294434,0,0
MobileNet-Seg,6.65152672727792,0.114404312015536,0.141560951020751,0.142238780589608,0.249052620181897,1,0.142238780589608,0,0.26784610748291,97.1,0.00390625
K-Means,23.6733628875945,0.596598796033301,0.300361300682457,0.932908015311449,0.965289613288845,0.969922817173179,0.960700463471738,0,0.314452409744263,98.6,0
Otsu,17.7550911055308,0.679921540500388,0.438287153652393,0.912869348522606,0.954450286139673,0.930044883710387,0.980171054517655,0,0.00117826461791992,846.1,0
Adaptive Thresholding,10.8492236442549,0.407063917608581,0.262663165505956,0.452751465944971,0.623302025925638,0.679740406320542,0.575517224903244,0,0.00142025947570801,700.3,0
Region Growing,6.32758459454335,0.00475973345465493,0.0527506333695259,4.41901058353035E-05,8.83763063122777E-05,0.000587716720540699,4.77805915237231E-05,0,0.0087883472442627,0,0
Split and Merge,17.7550911055308,0.679921540500388,0.438287153652393,0.912869348522606,0.954450286139673,0.930044883710387,0.980171054517655,0,0.0201473236083984,99.2,0
MobileNet-Seg,6.31371152967631,0.0199119399517823,0.0411722948990975,0,0,0,0,0,0.265536785125732,97.9,0
K-Means,22.7396753527956,0.685994106712212,0.317914051183003,0.728327930565722,0.842812197483059,0.953521801629133,0.755136336531685,0,0.253016948699951,98.8,0.0078125
Otsu,15.188511419468,0.593577646950158,0.291635013083481,0.617185222208339,0.763283282252041,0.727085377821394,0.80327424513471,0,0.00128912925720215,0,0
Adaptive Thresholding,10.8523152744331,0.345743260092865,0.214982194336103,0.459972630858707,0.630111306385472,0.606222289020816,0.655960318751017,0,0.00123834609985352,0,0
Region Growing,5.55407627148122,0.00121065012700163,0,0,0,0,0,0,0.00166010856628418,0,0
Split and Merge,15.188511419468,0.593577646950158,0.291635013083481,0.617185222208339,0.763283282252041,0.727085377821394,0.80327424513471,0,0.0170788764953613,117,0
MobileNet-Seg,5.86009639173375,0.128884563419212,0.28484273318872,0.00387451843698404,0.00771912896647003,0.0202136212243023,0.00477042337507454,0,0.270559310913086,103.5,0
K-Means,21.5335600841059,0.746620893877177,0.351525732503416,0.522569766722356,0.686431292862586,0.99256625727214,0.524623006320759,0,0.312790870666504,99.1,0
Otsu,10.8067715549204,0.486002395292565,0.441610555668911,0.526920647636067,0.690174238526186,0.98496803547774,0.531192247363762,0,0.0017540454864502,0,0
Adaptive Thresholding,9.66820349019946,0.474540943252766,0.444954128440367,0.512247760871911,0.677465391751106,0.985818969353547,0.51605037971145,0,0.00177097320556641,0,0
Region Growing,4.89036727469188,0.00012703372270697,0.000150157665548826,7.7650603345188E-05,0.00015528914839431,1,7.7650603345188E-05,0,0.00207066535949707,480.9,0
Split and Merge,10.8067715549204,0.486002395292565,0.441610555668911,0.526920647636067,0.690174238526186,0.98496803547774,0.531192247363762,0,0.0306344032287598,97.9,0
MobileNet-Seg,5.4680627609543,0.164854056212525,0.183627228844449,0.170294236195083,0.291028069571207,0.98963963963964,0.170598375549378,0,0.269874811172485,100,0
K-Means,24.6844932786655,0.753722200221113,0.28787647148754,0.449265735521166,0.619990833302365,0.889429911856696,0.475841874084919,0,0.374458312988281,98.8,0
Otsu,11.9494344420591,0.497369144873643,0.24703656998739,0.495517894594412,0.662670632542043,0.817666759698577,0.557072502899736,0,0.00157046318054199,0,0
Adaptive Thresholding,12.2318804858255,0.202260454414834,0.112661363932716,0.624627240743843,0.76894837791573,0.840051371020436,0.708942594740545,0,0.00135898590087891,730.9,0
Region Growing,6.30824064309417,0.000364291288918467,0.00055005500550055,0,0,0,0,0,0.0019679069519043,0,0
Split and Merge,11.9494344420591,0.497369144873643,0.24703656998739,0.495517894594412,0.662670632542043,0.817666759698577,0.557072502899736,0,0.00614333152770996,162.4,0
MobileNet-Seg,6.30782666585851,0.000321309028084282,0,0,0,0,0,0,0.270017623901367,100,0
K-Means,23.0000682628952,0.67418733890379,0.309918398250189,0.377541100477435,0.548137693091822,0.594159045320097,0.50873311597578,0,0.256583452224731,97.4,0
Otsu,15.4691758820971,0.477263090170314,0.252306273062731,0.643381068808942,0.782996811902232,0.762775032437954,0.804319981369353,0,0.0016632080078125,0,0
Adaptive Thresholding,12.9471468330141,0.432949094620635,0.246022461394478,0.41590751901986,0.587478367665941,0.56426273458445,0.61268630647415,0,0.00165152549743652,0,0
Region Growing,7.7519222816123,0.00111206177743252,0.00310202205882353,0,0,0,0,0,0.00200057029724121,0,0
Split and Merge,15.4691758820971,0.477263090170314,0.252306273062731,0.643381068808942,0.782996811902232,0.762775032437954,0.804319981369353,0,0.024385929107666,123,0
MobileNet-Seg,8.10607266881233,0.17097105328829,0.327597690941385,0.00168948569422503,0.00337327229316803,0.00681355632244934,0.00224149976711691,0,0.267226934432983,97.3,0
K-Means,25.4879966532549,0.667994217307869,0.267126301892328,0.0747834534121266,0.139160038563509,0.170574984305181,0.117516855361913,0,0.259402990341187,96.4,0
Otsu,15.1987419212761,0.535511471239579,0.243625477443997,0.253783834704516,0.404828691644961,0.39860915883702,0.411245388627401,0,0.00139284133911133,0,0
Adaptive Thresholding,12.0958754805374,0.296376080524613,0.137230969526832,0.400868177007659,0.572313917307963,0.576098164570014,0.568579061188144,0,0.00157809257507324,0,0
Region Growing,8.3764628218616,0.0825735735732505,0.129449838187702,0.204919887752331,0.340138609770298,0.649662792366193,0.230377814527414,0,0.0275101661682129,109,0
Split and Merge,15.1987419212761,0.535511471239579,0.243625477443997,0.253783834704516,0.404828691644961,0.39860915883702,0.411245388627401,0,0.00924491882324219,108,0
MobileNet-Seg,10.8385730450716,0.714524732516955,0.889848812095032,0.826481905923418,0.904998733623449,0.826481905923418,1,0,0.377401828765869,95.4,0
K-Means,25.523570010786,0.776307472182687,0.299334811529933,0.517518102295263,0.682058555364198,0.994035139524583,0.51913023363405,0,0.459387302398682,95.8,0
Otsu,12.5257070502669,0.555891186991242,0.100109709270433,0.646824179196072,0.785541270728526,0.992116719614072,0.650165779936772,0,0.00200986862182617,0,0
Adaptive Thresholding,12.3324587509203,0.184167754409172,0.0474677356276887,0.704545454545455,0.826666666666667,0.994041815621276,0.707533348754723,0,0.00166940689086914,0,0
Region Growing,6.15382012911458,0.0060598905374816,0.0347769028871391,0.00928367645924898,0.0183965651595948,1,0.00928367645924898,0,0.00622344017028809,158.7,0
Split and Merge,12.5257070502669,0.555891186991242,0.100109709270433,0.646824179196072,0.785541270728526,0.992116719614072,0.650165779936772,0,0.00512027740478516,0,0
MobileNet-Seg,6.10012679799844,0.000310395273615514,0,0,0,0,0,0,0.4364914894104,98.5,0
K-Means,22.7422838644432,0.719628743084555,0.334543918918919,0.698365421273351,0.822397126702864,0.930326307770442,0.736906946923793,0,0.582465648651123,97.9,0
Otsu,18.2117214725288,0.623952284510308,0.383963963963964,0.677635626843189,0.807846013759612,0.812717880862109,0.803032207779147,0,0.00246977806091309,0,0
Adaptive Thresholding,12.7208885591457,0.43409404615526,0.264443819170887,0.494060778656275,0.661366372391653,0.659728303019689,0.663012596485053,0,0.00199651718139648,0,0
Region Growing,6.85168817432432,0.00761573633786355,0.00983163328007865,0,0,0,0,0,0.00498199462890625,200.5,0
Split and Merge,18.2117214725288,0.623952284510308,0.383963963963964,0.677635626843189,0.807846013759612,0.812717880862109,0.803032207779147,0,0.0294132232666016,68,0
MobileNet-Seg,6.84350483275845,0.00564013781701195,0,0,0,0,0,0,0.420638799667358,99.8,0
K-Means,24.1239417408685,0.656453840580308,0.156940204704615,0.793639436480718,0.884948691848469,0.921954714817999,0.850798772746509,0,0.55760669708252,98.6,0
Otsu,14.7069765559391,0.607850340315359,0.211218736446436,0.619753277988983,0.765244048474398,0.699168490153173,0.845112145577656,0,0.00146818161010742,0,0
Adaptive Thresholding,11.5485320816785,0.241613260598936,0.0893929286190794,0.450790780076402,0.621441473528888,0.598612949076116,0.646080194667795,0,0.00124692916870117,0,0
Region Growing,6.64982618952823,0.0181727573009284,0.0844032334759867,0,0,0,0,0,0.0113985538482666,87.6,0
Split and Merge,14.7069765559391,0.607850340315359,0.211218736446436,0.619753277988983,0.765244048474398,0.699168490153173,0.845112145577656,0,0.0112588405609131,88.7,0
MobileNet-Seg,6.48233946842498,0.00575027664377556,0.0147731269785438,0.00206088748597814,0.00411329792773092,0.130794701986755,0.00208950486669488,0,0.278755664825439,100.4,0
K-Means,22.4664515254479,0.651473255796108,0.181984987489575,0.270757034907978,0.426135016325265,0.520242283881887,0.360858819894965,0,0.284569501876831,98.4,0
Otsu,14.5994908743716,0.544587719007389,0.168827696831974,0.392955475141599,0.564203927769699,0.519540289659118,0.617269076305221,0,0.00130057334899902,0,0
Adaptive Thresholding,14.4944581216539,0.368057477719819,0.131661614769909,0.476283869984957,0.645247001160841,0.553875110717449,0.772721655854186,0,0.00109958648681641,0,0
Region Growing,8.77100264560524,0.132715623275192,0.144312769963451,0.0840117825144213,0.155001603985432,0.199146583911167,0.126876737720111,0,0.039762020111084,100.6,0
Split and Merge,14.5994908743716,0.544587719007389,0.168827696831974,0.392955475141599,0.564203927769699,0.519540289659118,0.617269076305221,0,0.0146512985229492,136.4,0
MobileNet-Seg,7.38653407141503,0.000882134110204705,0,0,0,0,0,0,0.276060104370117,101.4,0
K-Means,22.5366821644751,0.566656226417812,0.207444886158294,0.530732442448754,0.69343593658958,0.971704487865308,0.539063476196426,0,0.281356811523438,99.5,0
Otsu,19.5507709014255,0.757961446090571,0.559959002391527,0.740249166628263,0.850739285871916,0.978218062970707,0.752655254279645,0,0.00142312049865723,0,0
Adaptive Thresholding,11.0340939916449,0.377177563059143,0.268610648580595,0.559522708352604,0.717556346381969,0.977326583369237,0.566881169561414,0,0.00143718719482422,0,0
Region Growing,6.33545860668495,0.000900841220026427,0.000103820598006645,3.12382856428839E-05,6.24746196857527E-05,1,3.12382856428839E-05,0,0.00185608863830566,0,0
Split and Merge,19.5507709014255,0.757961446090571,0.559959002391527,0.740249166628263,0.850739285871916,0.978218062970707,0.752655254279645,0,0.0221569538116455,90.2,0
MobileNet-Seg,6.34420555685737,0.0194952280127188,0,0.0235536673747345,0.0460233168528353,1,0.0235536673747345,0,0.26241397857666,99.1,0
K-Means,24.3136381001925,0.663529215032249,0.289397963700753,0.739038328899399,0.849939091758973,0.961479297525958,0.761588059095294,0,0.326563835144043,101.1,0
Otsu,17.3314714306868,0.541713282864859,0.270638525247128,0.781669945251582,0.877457631627956,0.921771939631079,0.837208711986597,0,0.00141239166259766,0,0
Adaptive Thresholding,12.4149240665609,0.393582411675249,0.170495562444265,0.478042016487482,0.646858494081966,0.65506650355293,0.638853632532873,0,0.00139403343200684,0,0
Region Growing,7.35009294732621,0.0377890332123631,0.107677776278505,0.00437598459653422,0.00871383757406762,0.0307219662058372,0.00507691526628421,0,0.0147123336791992,67.9,0
Split and Merge,17.3314714306868,0.541713282864859,0.270638525247128,0.781669945251582,0.877457631627956,0.921771939631079,0.837208711986597,0,0.017317533493042,115.4,0
MobileNet-Seg,7.28695028058169,0.00186700258604596,0,0,0,0,0,0,0.26959753036499,96.4,0
K-Means,25.9003427492722,0.63377428953107,0.200243902439024,0.00787031788958883,0.0156177193630798,0.01979633401222,0.0128956934752037,0,0.24067497253418,95.6,0
Otsu,14.3720629235549,0.409637349459501,0.112408959736155,0.800366489444072,0.889115070888943,0.966978484565014,0.822856687982594,0,0.00212764739990234,0,0
Adaptive Thresholding,12.6752157478495,0.292597659980738,0.0678114450047931,0.483086640538792,0.651461118095287,0.630590806367497,0.673760182556319,0,0.00131607055664063,0,0
Region Growing,7.75404450035932,0.171648053334612,0.118051492100644,0.00998287671232877,0.0197684078463286,0.0273760330578512,0.0154695253005015,0,0.0413479804992676,96.7,0
Split and Merge,14.3720629235549,0.409637349459501,0.112408959736155,0.800366489444072,0.889115070888943,0.966978484565014,0.822856687982594,0,0.0194191932678223,102.9,0
MobileNet-Seg,7.3515340871524,0.00056290238188824,0,0,0,0,0,0,0.261013746261597,99.6,0
K-Means,22.1021380809599,0.811708576871896,0.410808158687881,0.437699927369381,0.608889127747622,0.990176542562489,0.439608877851932,0,0.2850661277771,101.7,0
Otsu,14.4512828196256,0.672102357275348,0.523733096571507,0.635246909784146,0.776943109916042,0.985357594257506,0.641300636349527,0,0.00170707702636719,0,0
Adaptive Thresholding,10.7574895078494,0.556304052532575,0.485990149068728,0.497565110186469,0.664498801156652,0.985952911717104,0.501117491851622,0,0.00182294845581055,0,0
Region Growing,5.65414350224067,0.000210986721318508,9.0843023255814E-05,3.1041440322831E-05,6.20809535634467E-05,1,3.1041440322831E-05,0,0.00202775001525879,0,0
Split and Merge,14.4512828196256,0.672102357275348,0.523733096571507,0.635246909784146,0.776943109916042,0.985357594257506,0.641300636349527,0,0.0313036441802979,95.8,0
MobileNet-Seg,5.65395028267388,0.000203107776287656,0,0,0,0,0,0,0.2702476978302,99.9,0
K-Means,25.0433624114743,0.648345333545959,0.204502265750621,0.793500861403196,0.884862537263995,0.980978260869565,0.805900808495234,0,0.320697546005249,99.8,0
Otsu,14.216411457999,0.418692172273911,0.217967332123412,0.798198146335847,0.887775519024219,0.945643648763853,0.836581392542537,0,0.00156092643737793,0,0
Adaptive Thresholding,12.1579288649724,0.327194999694813,0.0845271621566467,0.416511655519057,0.588080802436367,0.547640110318988,0.634970435622059,0,0.0013422966003418,0,0
Region Growing,7.30339522792877,0.000596730048468581,0,0,0,0,0,0,0.00186991691589355,0,0
Split and Merge,14.216411457999,0.418692172273911,0.217967332123412,0.798198146335847,0.887775519024219,0.945643648763853,0.836581392542537,0,0.0145745277404785,68.6,0
MobileNet-Seg,8.95741981863076,0.5716332326937,0.747551077525889,0.0916159049863785,0.167853737872245,0.156800083822297,0.180584047303005,0,0.274353504180908,98.4,0
K-Means,25.07981080106,0.757615993461275,0.392255892255892,0.425696044027393,0.597176439972242,0.976316255982982,0.430137927802684,0,0.302979469299316,99,0
Otsu,13.5130182152356,0.532121948398154,0.226062587575899,0.674152955562091,0.805366025036519,0.986679654758399,0.680344897608523,0,0.00121593475341797,0,0
Adaptive Thresholding,11.7174555519353,0.189318680258604,0.0893209717572324,0.652938991549819,0.790033987809331,0.986092931937173,0.659007482153736,0,0.00127387046813965,0,0
Region Growing,6.37505163335784,0.000402912289990014,0.00175500175500176,0.000109342538933754,0.000218661168900134,1,0.000109342538933754,0,0.00183510780334473,0,0
Split and Merge,13.5130182152356,0.532121948398154,0.226062587575899,0.674152955562091,0.805366025036519,0.986679654758399,0.680344897608523,0,0.00548076629638672,0,0
MobileNet-Seg,6.46889943863156,0.0190006907169648,0.121379759192971,0.0259507201597928,0.0505886289660207,0.962941517081644,0.025976663178119,0,0.259624004364014,104,0
K-Means,25.6349558053652,0.646973494767242,0.285274018491223,0.0206911112675065,0.0405433358615459,0.037328593194515,0.044363965595292,0,0.262700796127319,99,0
Otsu,14.3591857451648,0.387126140523372,0.2875482844808,0.716676372329666,0.83495804320657,0.792590332858789,0.88211106081183,0,0.0018305778503418,541.9,0
Adaptive Thresholding,13.3931854656583,0.347316576422151,0.131850898709236,0.36839007986549,0.538428457332432,0.454093264248705,0.661234344348876,0,0.00147795677185059,671.8,0
Region Growing,9.04071465853639,0.166158038544852,0.125248853111746,0.0309096824819614,0.059965839893064,0.0590364088317005,0.0609250037724461,0,0.0559358596801758,89.4,0
Split and Merge,14.3591857451648,0.387126140523372,0.2875482844808,0.716676372329666,0.83495804320657,0.792590332858789,0.88211106081183,0,0.0144078731536865,69.3,0
MobileNet-Seg,30.5056909044658,0.99007166497333,0.966299416720674,0.401176236349992,0.57262780504334,0.403114852490805,0.988154519390373,0,0.266364336013794,101.4,0
K-Means,20.8720651880007,0.619135325911828,0.293858827934844,0.0632841972313164,0.119035338616152,0.123451987291707,0.114923796589709,0,0.288698673248291,100.4,0
Otsu,18.2485007920486,0.753649474758968,0.614985953695631,0.294035429361141,0.454447262709499,0.380054400779474,0.565052059755546,0,0.00120091438293457,0,0
Adaptive Thresholding,9.43825872380088,0.458907801342156,0.404960452381805,0.330742539902845,0.497079682937005,0.490891969041523,0.503425381017052,0,0.00157976150512695,0,0
Region Growing,4.84660049788012,0.000721634196244297,0.000363923090920119,0.000663950505507771,0.00132701993545858,1,0.000663950505507771,0,0.00298047065734863,334.2,0
Split and Merge,18.2485007920486,0.753649474758968,0.614985953695631,0.294035429361141,0.454447262709499,0.380054400779474,0.565052059755546,0,0.0299193859100342,100.2,0
MobileNet-Seg,6.3603068654931,0.492875520134257,0.542423707884989,0.895608372173812,0.944929749541845,0.956469315195548,0.933665308586087,0,0.273558139801025,98.7,0
K-Means,26.4870550705916,0.723262212481065,0.180584354382658,0.376059780927038,0.546574772607175,0.982140692553234,0.37864909493099,0,0.252843618392944,102.8,0
Otsu,14.3314638585027,0.535571120705101,0.208341178685747,0.629074998459358,0.772309438244751,0.982814230010109,0.63607190703181,0,0.00140070915222168,716.5,0
Adaptive Thresholding,11.705341373048,0.24597497118377,0.0895329592701732,0.578669710618868,0.73311055089797,0.983380517982594,0.584384833473533,0,0.0014042854309082,705.5,0
Region Growing,11.356287236508,0.262143758304943,0.0760612601500668,0.458317878338279,0.628556894413887,0.983092988562904,0.461959061594542,0,0.053647518157959,111.8,0
Split and Merge,14.3314638585027,0.535571120705101,0.208341178685747,0.629074998459358,0.772309438244751,0.982814230010109,0.63607190703181,0,0.00330495834350586,301.4,0
MobileNet-Seg,7.39042861633811,0.0266831891632534,0.0577153110047847,0.0334922266878525,0.0648136982997709,1,0.0334922266878525,0,0.259869337081909,100,0
K-Means,31.4620268221755,0.952531412848249,0.39064558629776,0.918130350521128,0.957317994860657,0.989409636572932,0.927242745079908,0,0.280097723007202,100,0
Otsu,31.6675714111797,0.955319482067327,0.498948843728101,0.0555726790777956,0.10529389435571,0.999722761297477,0.055573535531,0,0.00202107429504395,0,0
Adaptive Thresholding,26.7933511219026,0.960007505433146,0.394949976179133,0.945726771920106,0.972106449444423,0.998391760616004,0.947169695008245,0,0.000588893890380859,0,0
Region Growing,18.6028983617935,0.874612878016457,0.0296610169491525,0.00426895988410622,0.00850162666502977,1,0.00426895988410622,0,0.00259876251220703,0,0
Split and Merge,31.6675714111797,0.955319482067327,0.498948843728101,0.0555726790777956,0.10529389435571,0.999722761297477,0.055573535531,0,0.0129973888397217,76.9,0
MobileNet-Seg,18.6134777547246,0.874003149821529,0.00446827524575514,0.00129455823200333,0.0025857690354158,1,0.00129455823200333,0,0.258641958236694,100.5,0
K-Means,21.8651860801528,0.695243055747172,0.342148327551221,0.0473661852166525,0.0904481849523423,0.0882120253164557,0.0928006658343737,0,0.275212049484253,98.1,0
Otsu,14.8038222314427,0.484014800290519,0.368548237189417,0.483030739289237,0.651410286371726,0.5734088679305,0.753974198918019,0,0.00144243240356445,0,0
Adaptive Thresholding,12.1544856766377,0.481119402258735,0.325587154827259,0.34549356223176,0.513556618819777,0.421691255078042,0.656595921764461,0,0.00185155868530273,0,0
Region Growing,6.56821662801275,0.001628289619258,0.00289750090546903,0,0,0,0,0,0.00176453590393066,0,0
Split and Merge,14.8038222314427,0.484014800290519,0.368548237189417,0.483030739289237,0.651410286371726,0.5734088679305,0.753974198918019,0,0.025123119354248,119.3,0
MobileNet-Seg,6.64412693063141,0.00837943177270385,0.00984198645598194,0.0285892634207241,0.0555892705425416,1,0.0285892634207241,0,0.272331237792969,99.1,0
K-Means,25.8513188886365,0.67006008617237,0.201438848920863,0.0895354218224986,0.164355228896973,0.181085700333686,0.150454745241235,0,0.424587965011597,98.9,0
Otsu,12.5919380981313,0.327646605420141,0.0921869295363271,0.729030265596047,0.843282249133712,0.89386194100496,0.798120160935862,0,0.00183582305908203,0,0
Adaptive Thresholding,12.9866470510238,0.255709003341736,0.0477952119743165,0.375402070296509,0.545879751679565,0.469946555384728,0.651080231260777,0,0.00116801261901855,0,0
Region Growing,9.53498895514709,0.302089439308404,0.102418438565168,0.073675110227371,0.137239113630508,0.131031089516898,0.144064644825371,0,0.0573318004608154,104.6,0
Split and Merge,12.5919380981313,0.327646605420141,0.0921869295363271,0.729030265596047,0.843282249133712,0.89386194100496,0.798120160935862,0,0.00924563407897949,108.1,0
MobileNet-Seg,7.9801601164395,0.000588830199667388,0,0,0,0,0,0,0.261693000793457,99.3,0
K-Means,22.8495885353083,0.66294085536606,0.326845444059977,0.862327129042321,0.92607481853713,0.929682464056501,0.922495063822687,0,0.400231838226318,97.4,0
Otsu,15.6546831336307,0.65832648609874,0.418781078668877,0.739427042204089,0.850196098213047,0.777816235174674,0.937428738285269,0,0.00194144248962402,514.4,0
Adaptive Thresholding,10.8086558955297,0.382162714859269,0.28450145859825,0.426630169126992,0.598094977043788,0.589634113387018,0.606802191384633,0,0.00210309028625488,0,0
Region Growing,5.92154453576989,0.000430460641045098,0.000550660792951542,0,0,0,0,0,0.00335407257080078,0,0
Split and Merge,15.6546831336307,0.65832648609874,0.418781078668877,0.739427042204089,0.850196098213047,0.777816235174674,0.937428738285269,0,0.0240697860717773,124.5,0
MobileNet-Seg,5.92090976882002,0.000448659381104607,0,0,0,0,0,0,0.425271034240723,98.7,0
K-Means,22.0057027219643,0.647127945782952,0.32106512890095,0.57729458229587,0.732006042213845,0.921535035120781,0.607138019775159,0,0.540387392044067,96.2,0
Otsu,12.9555643495824,0.403088131793475,0.340773729677523,0.140165278626322,0.245868351288849,0.327522728980389,0.196803467425166,0,0.00242877006530762,0,0
Adaptive Thresholding,11.6430224872692,0.464539580272996,0.309722799984873,0.399463854253011,0.570881274338068,0.646164379653667,0.511309765677909,0,0.00229620933532715,0,0
Region Growing,6.99133978421257,0.00415216410142214,0.0106365435356201,0.0116483814167683,0.0230285178738787,1,0.0116483814167683,0,0.0056149959564209,178.1,0
Split and Merge,12.9555643495824,0.403088131793475,0.340773729677523,0.140165278626322,0.245868351288849,0.327522728980389,0.196803467425166,0,0.0298967361450195,100.3,0
MobileNet-Seg,7.71412613352586,0.0466259290065841,0.00574382538770821,0,0,0,0,0,0.448002099990845,98.2,0
K-Means,22.0662201241418,0.64478004700285,0.344816566534578,0.483023288072376,0.65140351059518,0.987989029349642,0.485876406933118,0,0.412667751312256,96.9,0
Otsu,15.414985698272,0.639982864663651,0.50189346124716,0.605000153756266,0.753894200371697,0.986561026978237,0.610027596043534,0,0.00216937065124512,0,0
Adaptive Thresholding,10.0978385031682,0.411338856397225,0.311133497500187,0.548063900517114,0.708063666278943,0.986864348067064,0.552091408018356,0,0.00223374366760254,442.7,0
Region Growing,5.48356781171337,0.000941468810643627,0.00178832710128434,0.00110074106229264,0.00219906152726372,1,0.00110074106229264,0,0.00326323509216309,0,0
Split and Merge,15.414985698272,0.639982864663651,0.50189346124716,0.605000153756266,0.753894200371697,0.986561026978237,0.610027596043534,0,0.0308988094329834,97.1,0
MobileNet-Seg,5.47953185137541,0.000500406350864587,0,0,0,0,0,0,0.345125436782837,98.5,0
K-Means,23.167099546118,0.711999341469287,0.0566146735990757,0.0255116437332979,0.0497539816133627,0.0510529462565602,0.0485194772397247,0,0.315246105194092,101.5,0
Otsu,13.9455170815474,0.499540339698036,0.0196687370600414,0.164254331426677,0.282162285323688,0.257030925695309,0.31274070332723,0,0.00159764289855957,623.9,0
Adaptive Thresholding,15.3152710050654,0.375242453056806,0.0322656067336918,0.356712420488785,0.525848241826033,0.431621161792109,0.6727066102658,0,0.000910282135009766,0,0
Region Growing,6.86009581779001,0.0245639297444502,0,0.150924932129554,0.262267204256837,1,0.150924932129554,0,0.0101714134216309,98.2,0
Split and Merge,13.9455170815474,0.499540339698036,0.0196687370600414,0.164254331426677,0.282162285323688,0.257030925695309,0.31274070332723,0,0.0125181674957275,79.8,0
MobileNet-Seg,6.73895292616711,0.000758225526030712,0,0,0,0,0,0,0.258094549179077,100.7,0
K-Means,23.0024519024131,0.537771217354188,0.220356926799758,0.844824565245959,0.915886075197968,0.976680002025624,0.862216956881329,0,0.449178457260132,100.2,0
Otsu,20.3305646741337,0.691657165465656,0.690052439218179,0.849070818684078,0.918375662094255,0.930145120245765,0.906900328587076,0,0.00213384628295898,0,0
Adaptive Thresholding,10.0159863494903,0.449872368492463,0.316254643268861,0.437509911370324,0.60870524496525,0.673885903490203,0.555021570512104,0,0.00144147872924805,0,0
Region Growing,5.65518104970661,0.00927487024383554,9.33009889904833E-05,8.94114491360619E-05,0.000178806910887106,1,8.94114491360619E-05,0,0.0018000602722168,0,0
Split and Merge,20.3305646741337,0.691657165465656,0.690052439218179,0.849070818684078,0.918375662094255,0.930145120245765,0.906900328587076,0,0.0159914493560791,125,0
MobileNet-Seg,5.65525591424267,0.0191578019507904,0,0,0,0,0,0,0.266172170639038,97.7,0
K-Means,22.349118801366,0.68334217886032,0.333535992217899,0.00874491722952856,0.0173382132195443,0.0172119345008874,0.0174663585700693,0,0.336484909057617,98.1,0
Otsu,13.0521057790035,0.488552254307765,0.36918304033092,0.0384368561488837,0.0740282972841112,0.0709874617927765,0.0773413075982058,0,0.00160479545593262,621.9,0
Adaptive Thresholding,10.9282518802165,0.427984972323719,0.320987654320988,0.296946701364747,0.457916583699665,0.416854903929279,0.507951610710888,0,0.0014646053314209,0,0
Region Growing,6.01748821578642,0.00102052564988705,0.000971817298347911,0.000951474785918173,0.00190114068441065,1,0.000951474785918173,0,0.00183963775634766,0,0
Split and Merge,13.0521057790035,0.488552254307765,0.36918304033092,0.0384368561488837,0.0740282972841112,0.0709874617927765,0.0773413075982058,0,0.0209364891052246,95.5,0
MobileNet-Seg,6.01646400218026,0.000679234234234134,0,0,0,0,0,0,0.277192831039429,97.4,0
K-Means,21.3713127964175,0.789274328397794,0.398831693260674,0.412232106752932,0.583802201892654,0.715654615654616,0.492976135786649,0,0.260969877243042,103.5,0
Otsu,15.9195930066542,0.668495971646605,0.549617133750534,0.468704588826444,0.638255769597559,0.62947635730913,0.647283541671704,0,0.00134944915771484,0,0
Adaptive Thresholding,11.2475138180399,0.545479913328531,0.464787742479618,0.400998119215657,0.572446334817572,0.635671271696777,0.520660557557001,0,0.00151371955871582,0,0
Region Growing,6.0400952807193,0.0015826010249285,0.00137160274320549,0,0,0,0,0,0.00193071365356445,0,0
Split and Merge,15.9195930066542,0.668495971646605,0.549617133750534,0.468704588826444,0.638255769597559,0.62947635730913,0.647283541671704,0,0.0348176956176758,114.8,0
MobileNet-Seg,6.02883273686085,0.00114793689740704,0,0,0,0,0,0,0.259890556335449,96.2,0
K-Means,21.3034819178698,0.63896539648929,0.313318382406135,0.50936329588015,0.674937965260546,0.647194730852788,0.705166259628029,0,0.278515338897705,100.5,0
Otsu,17.1112596905406,0.710161722721316,0.463388200230305,0.216799016513274,0.356343181694064,0.279868751206331,0.4903250046966,0,0.00149059295654297,0,0
Adaptive Thresholding,10.115256703266,0.386675937318542,0.302176487402507,0.282052281720891,0.440001216397032,0.369550226036319,0.543640804057862,0,0.00124502182006836,0,0
Region Growing,4.88252382463888,0.00205880991476118,0.00161213845424372,0.00116475671613752,0.00232680327253622,1,0.00116475671613752,0,0.00192761421203613,0,0
Split and Merge,17.1112596905406,0.710161722721316,0.463388200230305,0.216799016513274,0.356343181694064,0.279868751206331,0.4903250046966,0,0.0204830169677734,97.6,0
MobileNet-Seg,7.63351896395557,0.659618868495521,0.796349319971367,0.601129305477132,0.750881647623078,0.601129305477132,1,0,0.264634132385254,98.2,0
K-Means,20.441146704297,0.692201124960156,0.304902136828874,0.121669496677358,0.216943577475844,0.230931444714121,0.204553464439275,0,0.276712417602539,101.2,0
Otsu,14.136775059452,0.61517755779357,0.397148804642654,0.5383140510273,0.699875361169339,0.5850580156287,0.87076196517939,0,0.00200629234313965,0,0
Adaptive Thresholding,10.2139581876006,0.383794459246787,0.327386044238055,0.399834368530021,0.571259539726676,0.492175951883378,0.680623105660111,0,0.00191235542297363,0,0
Region Growing,4.28782583298912,0.000370597395079437,0.000841892574507493,0,0,0,0,0,0.00186443328857422,0,0
Split and Merge,14.136775059452,0.61517755779357,0.397148804642654,0.5383140510273,0.699875361169339,0.5850580156287,0.87076196517939,0,0.0244464874267578,81.8,0
MobileNet-Seg,4.28746613360834,0.000484352821638653,0,0,0,0,0,0,0.273615121841431,95,0
K-Means,21.4890645854164,0.714751136385448,0.36123230344582,0.436689868522815,0.607911113025129,0.988203997339774,0.438978122619066,0,0.253747463226318,98.5,0
Otsu,18.844041580264,0.765346266140533,0.458842975206612,0.744231509274225,0.853363220784722,0.986694149098998,0.75177646821016,0,0.00110077857971191,0,0
Adaptive Thresholding,10.5335898831508,0.362960490628852,0.244402056725825,0.603020030816641,0.752354954054366,0.985222666968759,0.608523937617589,0,0.00127792358398438,769.2,0
Region Growing,5.21747065802794,0.000946244352818987,0.00165328294756731,0.00150824872109838,0.00301195466542462,1,0.00150824872109838,0,0.00197911262512207,0,0
Split and Merge,18.844041580264,0.765346266140533,0.458842975206612,0.744231509274225,0.853363220784722,0.986694149098998,0.75177646821016,0,0.0157713890075684,126.7,0
MobileNet-Seg,7.25522319047624,0.226451718450563,0.07168,0.279537697797084,0.436935462360116,0.991907959925135,0.280176636138883,0,0.264329671859741,98.3,0
K-Means,21.8113933961133,0.828957666264675,0.427652733118971,0.360637860082305,0.530101168962754,0.613089408143277,0.466901089533552,0,0.304522275924683,101.8,0
Otsu,17.9171613668007,0.746254262979902,0.579715023000112,0.502146781646836,0.668572189857934,0.61297414941814,0.735261994192706,0,0.00164246559143066,0,0
Adaptive Thresholding,11.6181915137938,0.595665851707419,0.492055285561645,0.380385432296031,0.551129305477132,0.586198612654275,0.520019180052745,0,0.00180459022521973,545.9,0
Region Growing,6.19222544535148,0.00072140337729213,0.000285619079354501,0,0,0,0,0,0.00218653678894043,0,0
Split and Merge,17.9171613668007,0.746254262979902,0.579715023000112,0.502146781646836,0.668572189857934,0.61297414941814,0.735261994192706,0,0.0392217636108398,102,0
MobileNet-Seg,6.19214996563502,0.000745470774251909,0,0,0,0,0,0,0.262926578521729,95.1,0
K-Means,24.8847148263088,0.619075170586999,0.330397445777827,0.649352655810648,0.787403049945671,0.990852939789712,0.653268674811154,0,0.26224422454834,103,0
Otsu,16.9458642858101,0.681854235519406,0.348802395209581,0.679765486384325,0.80935760604001,0.989289563499192,0.684805247287762,0,0.00127530097961426,0,0
Adaptive Thresholding,10.8430337007794,0.349491976243225,0.193186217576461,0.564284171218714,0.721459926017263,0.987363987363987,0.568388821536262,0,0.00149798393249512,663.3,0
Region Growing,6.2746390912349,0.0135439108700004,0.0833931562574779,0.0521662108403779,0.099159639043554,0.995846929694453,0.0521775622493705,0,0.00959539413452148,104.1,0
Split and Merge,16.9458642858101,0.681854235519406,0.348802395209581,0.679765486384325,0.80935760604001,0.989289563499192,0.684805247287762,0,0.0167067050933838,119.6,0
MobileNet-Seg,6.52057368430284,0.229797215768288,0.503755364806867,0.23176837112699,0.376318107461935,0.98817076394396,0.232413192825391,0,0.28597903251648,97.9,0
K-Means,21.1720669503703,0.771831276651509,0.377778679214668,0.391296585583575,0.562491979982035,0.631537242472266,0.507056101792944,0,0.345815896987915,101.2,0
Otsu,17.1294916555866,0.737832189957942,0.57380667709004,0.520181107542278,0.684367283557773,0.611194470968035,0.777443609022556,0,0.00128841400146484,0,0
Adaptive Thresholding,10.8106593174357,0.528972287341783,0.426214015702239,0.383095029269586,0.553967762391423,0.565229167293629,0.543146327356854,0,0.00160360336303711,0,0
Region Growing,5.79165622259715,0.00093429793770501,0.00094921689606075,0,0,0,0,0,0.00182557106018066,0,0
Split and Merge,17.1294916555866,0.737832189957942,0.57380667709004,0.520181107542278,0.684367283557773,0.611194470968035,0.777443609022556,0,0.0246214866638184,121.8,0
MobileNet-Seg,8.56376661834962,0.378767985012121,0.247271682940839,0.723445216372311,0.839533754249636,0.95362265538801,0.749826489300174,0,0.264086961746216,98.4,0
K-Means,22.7400504733343,0.641830492199932,0.301147935567488,0.254709775967413,0.406005884143248,0.390927206658071,0.422294445382408,0,0.281038999557495,99.6,0
Otsu,21.0106884686998,0.702334621109284,0.57233368532207,0.15665022943634,0.270868799313132,0.208590775404118,0.386164106027351,0,0.00132226943969727,0,0
Adaptive Thresholding,11.2175471724623,0.460713537151979,0.263013090747726,0.255159551575021,0.406577078196692,0.331549093233203,0.525493837582306,0,0.00144267082214355,0,0
Region Growing,6.52677161921104,0.00964390977889447,0.0253894979803808,0.0303900050650008,0.0589873832541373,1,0.0303900050650008,0,0.0034477710723877,289.4,0
Split and Merge,21.0106884686998,0.702334621109284,0.57233368532207,0.15665022943634,0.270868799313132,0.208590775404118,0.386164106027351,0,0.022024393081665,136.1,0
MobileNet-Seg,6.51534313763303,0.00583259573335492,0,0,0,0,0,0,0.261716842651367,95.5,0
K-Means,24.9711826431783,0.672432421360631,0.238993710691824,0.416574176840548,0.588143118307652,0.983370328590663,0.419529612667857,0,0.291832208633423,99.4,0
Otsu,14.529869205651,0.473276332343994,0.182223747426218,0.626315384022803,0.770226230626397,0.988089740161882,0.631079717457114,0,0.00153851509094238,0,0
Adaptive Thresholding,11.8141273054755,0.351182565777767,0.168082287851633,0.553566209834956,0.712639353676165,0.983655396725613,0.558705270511527,0,0.00134992599487305,0,0
Region Growing,7.28110365628443,-3.96973970919749E-06,0.00330633162506199,0.00086936272607312,0.00173721518201982,1,0.00086936272607312,0,0.00219392776489258,0,0
Split and Merge,14.529869205651,0.473276332343994,0.182223747426218,0.626315384022803,0.770226230626397,0.988089740161882,0.631079717457114,0,0.00905513763427734,110.3,0
MobileNet-Seg,7.49603759529671,0.0327264840632067,0.0329738058551618,0.0518978498796864,0.0986746952389386,1,0.0518978498796864,0,0.277757406234741,100.8,0
K-Means,20.5927845429773,0.63583171068639,0.296958739588042,0.633657337452922,0.775753057787349,0.931412848902738,0.664671650264951,0,0.314056873321533,98.7,0
Otsu,12.5920409868034,0.631635749557819,0.465039658328249,0.704071768299756,0.826340511470648,0.793965028561462,0.861468584405753,0,0.00121068954467773,0,0
Adaptive Thresholding,7.85623101860423,0.325364905104513,0.303073040380048,0.447253897427422,0.618072472594397,0.666511602451839,0.57619700984103,0,0.00147271156311035,0,0
Region Growing,3.26551175270595,0.000167017352918335,0.000509727295896695,0,0,0,0,0,0.00180530548095703,0,0
Split and Merge,12.5920409868034,0.631635749557819,0.465039658328249,0.704071768299756,0.826340511470648,0.793965028561462,0.861468584405753,0,0.0211625099182129,94.5,0
MobileNet-Seg,6.16904270597065,0.351783281158975,0.322045995241872,0.52227201434013,0.686174362295589,0.908131063232945,0.551405185465556,0,0.262517690658569,99,0
K-Means,26.2677880328727,0.696947037117014,0.215070049223779,0.372580394593755,0.542890450805292,0.989316063031103,0.374085570338943,0,0.293629884719849,95.4,0
Otsu,11.4738452418294,0.406343265754807,0.128979143798024,0.535741867721108,0.697697808442375,0.98213274436516,0.541014802451997,0,0.00143098831176758,0,0
Adaptive Thresholding,10.5211989463544,0.259209296598458,0.0914609632548042,0.54837165490511,0.708320451576229,0.982079646017699,0.553914304877478,0,0.00137829780578613,0,0
Region Growing,8.19898297625152,0.0751260835334468,0.0947503201024328,0.414134198798081,0.585707069597874,0.98938972361343,0.415981656813963,0,0.0505552291870117,98.9,0
Split and Merge,11.4738452418294,0.406343265754807,0.128979143798024,0.535741867721108,0.697697808442375,0.98213274436516,0.541014802451997,0,0.00388121604919434,256.8,0
MobileNet-Seg,7.54568329077315,0.289336364489317,0.339310344827586,0.299043099303649,0.460405200510978,0.981272264631043,0.300759620034004,0,0.342861413955689,99.2,0
K-Means,21.6341549070088,0.856988642274422,0.453729917795136,0.359588363348506,0.528966521106259,0.59752265419468,0.474522662642911,0,0.553463459014893,94,0
Otsu,14.7638430972931,0.675784926574304,0.523541436278945,0.494239011048177,0.661526044218962,0.657187857961054,0.665921884974755,0,0.00185179710388184,0,0
Adaptive Thresholding,12.4385902681141,0.663791237022332,0.51462836056932,0.360069566657695,0.529486984320292,0.556904060458563,0.504642794962568,0,0.00239348411560059,0,0
Region Growing,6.6517893317951,0.000293555374372231,0.000175323252246329,0,0,0,0,0,0.00291967391967773,0,0
Split and Merge,14.7638430972931,0.675784926574304,0.523541436278945,0.494239011048177,0.661526044218962,0.657187857961054,0.665921884974755,0,0.050229549407959,99.5,0
MobileNet-Seg,6.65168721675416,0.000288215800143474,0,0,0,0,0,0,0.408608198165894,97.9,0
K-Means,21.6699414935256,0.811510602030586,0.40514779257424,0.45597493981853,0.626349983572329,0.990082090802479,0.458067216469275,0,0.610173463821411,98.3,0
Otsu,14.3328773565316,0.654303572699764,0.511429717264889,0.601175456951197,0.750917651580667,0.987664930994389,0.605723321138464,0,0.00148630142211914,0,0
Adaptive Thresholding,11.2446945544003,0.581802871758253,0.489874038933421,0.493864983450081,0.661190922769339,0.986257148127652,0.497287158181931,0,0.00251984596252441,0,0
Region Growing,6.06586999198045,0.00055182498087217,0.000493849331058633,0.000232529298691635,0.000464950482773585,1,0.000232529298691635,0,0.00307106971740723,324.3,0
Split and Merge,14.3328773565316,0.654303572699764,0.511429717264889,0.601175456951197,0.750917651580667,0.987664930994389,0.605723321138464,0,0.0410611629486084,97.4,0
MobileNet-Seg,6.06461214839816,0.000380042762581034,0,0,0,0,0,0,0.42123818397522,99.7,0
K-Means,26.2434875293105,0.641784238104034,0.0988103106411104,0.507492046904056,0.673293166549429,0.984702549575071,0.511524877625627,0,0.363080501556397,96.4,0
Otsu,11.5812613515376,0.453013112889435,0.106924643584521,0.550046830137113,0.709716402682436,0.984256944253647,0.554929053844724,0,0.00133657455444336,0,0
Adaptive Thresholding,11.1279329351313,0.185760302057828,0.0434153400868307,0.619919792258877,0.765370971107696,0.987154391974554,0.62496127393271,0,0.00155997276306152,0,0
Region Growing,10.3441753811754,0.248879426575008,0.047972972972973,0.588115826076253,0.740646011354609,0.988671046505613,0.592106078443522,0,0.0699572563171387,100,0
Split and Merge,11.5812613515376,0.453013112889435,0.106924643584521,0.550046830137113,0.709716402682436,0.984256944253647,0.554929053844724,0,0.00245523452758789,403.5,0
MobileNet-Seg,6.26725026332442,0.000315684890500684,0,0,0,0,0,0,0.263198614120483,98.8,0.0078125
K-Means,26.0115514346868,0.786672676834602,0.146530359355638,0.412866147571376,0.584437737829681,0.989741120699233,0.414640579665172,0,0.338005542755127,100.6,0
Otsu,10.5308447058961,0.279127137568581,0.172744303576874,0.499412564927034,0.666144297585418,0.992717327843161,0.50124901087648,0,0.00162172317504883,0,0
Adaptive Thresholding,10.479940811567,0.288791447775281,0.163815127351552,0.537186511304885,0.69892170839943,0.990213649682797,0.540053684194194,0,0.00153326988220215,0,0
Region Growing,8.37023210064006,0.0255195957834594,0.113063011173828,0.478285661447417,0.647081513297124,0.986114641586172,0.481528603124855,0,0.0630786418914795,95.1,0
Split and Merge,10.5308447058961,0.279127137568581,0.172744303576874,0.499412564927034,0.666144297585418,0.992717327843161,0.50124901087648,0,0.00297141075134277,0,0
MobileNet-Seg,8.23946629061785,0.411854016689069,0.203327736223477,0.404430776762901,0.57593550846996,0.966720304271504,0.410141037377232,0,0.264868021011353,98.1,0
K-Means,21.8115377429774,0.825607622988778,0.431094316341482,0.352202086765513,0.520931139232281,0.588727740040389,0.467136697354621,0,0.27991247177124,100,0
Otsu,17.7461329930243,0.715754518130534,0.586004812543662,0.470517195107925,0.639934298861962,0.579069054191144,0.71509730800606,0,0.00131988525390625,0,0
Adaptive Thresholding,11.8016928711226,0.602220366517109,0.489525754321727,0.367824988797002,0.537824636645223,0.550079200682344,0.526104183661578,0,0.00159215927124023,0,0
Region Growing,6.35106820645252,0.000838555230143174,0.000394069257672036,0,0,0,0,0,0.00266242027282715,0,0
Split and Merge,17.7461329930243,0.715754518130534,0.586004812543662,0.470517195107925,0.639934298861962,0.579069054191144,0.71509730800606,0,0.0427629947662354,93.5,0
MobileNet-Seg,6.35096684394241,0.00086352001063758,0,0,0,0,0,0,0.260837316513062,99.7,0
K-Means,23.836409838189,0.590829082088067,0.146945088940449,0.799616462605104,0.888652086953671,0.957601667667738,0.828964673497477,0,0.309269428253174,100.2,0
Otsu,14.674384914321,0.376893815153486,0.168833420003467,0.0500859150376835,0.0953939374301314,0.101419319277939,0.0900443492888821,0,0.00155925750732422,0,0
Adaptive Thresholding,13.1538429142769,0.407041014172065,0.147959801428744,0.333597180603456,0.500296769452531,0.464995928231802,0.541397767242698,0,0.0012962818145752,765.8,0
Region Growing,8.13466429552842,0.00113351561812488,0.00156678417547983,0.000581128612937758,0.00116158219722443,1,0.000581128612937758,0,0.00172281265258789,580.3,0
Split and Merge,14.674384914321,0.376893815153486,0.168833420003467,0.0500859150376835,0.0953939374301314,0.101419319277939,0.0900443492888821,0,0.011652946472168,171.4,0
MobileNet-Seg,8.43346112489287,0.166010335718795,0.191069406244944,0.37835690935199,0.548997007647124,0.997101449275362,0.378773512769537,0,0.260762453079224,103.5,0
K-Means,22.3363755654303,0.657666087870979,0.245326664582682,0.697360467459198,0.821699905033238,0.979466700207534,0.707706638796746,0,0.352215051651001,99.4,0
Otsu,13.2160277464015,0.618906146234107,0.448821688027878,0.866338404562002,0.928382979682955,0.921463742166518,0.935406915981279,0,0.00160694122314453,0,0
Adaptive Thresholding,8.29694094040907,0.328741855710305,0.296898775451054,0.450417660012011,0.621086839232613,0.693568726355612,0.562321079656473,0,0.00218772888183594,0,0
Region Growing,3.87765450040893,8.47839334644986E-05,0.000251952632905014,0,0,0,0,0,0.00194835662841797,0,0
Split and Merge,13.2160277464015,0.618906146234107,0.448821688027878,0.866338404562002,0.928382979682955,0.921463742166518,0.935406915981279,0,0.0196466445922852,101.7,0
MobileNet-Seg,3.87747152873951,0.000107243220723568,0,0,0,0,0,0,0.260837554931641,99.7,0
K-Means,24.3321689886996,0.621071670187031,0.13791861721282,0.429439547083891,0.600850239466179,0.9772440834617,0.433777252878743,0,0.21929669380188,95.8,0
Otsu,11.0513956871949,0.414765217417653,0.163196894848271,0.502326871513545,0.668731793377918,0.983615461211189,0.506565554536837,0,0.00163412094116211,0,0
Adaptive Thresholding,11.5204403791278,0.1777779342635,0.049124513618677,0.639359190035961,0.780011109123603,0.989443011369065,0.643750679865115,0,0.00114202499389648,0,0
Region Growing,6.50114003314455,0.00120309682438012,0,0.00149181830896179,0.00297919220444707,1,0.00149181830896179,0,0.00193500518798828,0,0
Split and Merge,11.0513956871949,0.414765217417653,0.163196894848271,0.502326871513545,0.668731793377918,0.983615461211189,0.506565554536837,0,0.00459098815917969,0,0
MobileNet-Seg,7.24179045876993,0.134975099595203,0.190621814475026,0.151512331316892,0.263153640992484,0.987963993122282,0.151792512936862,0,0.262609004974365,102.8,0
K-Means,24.0203120040522,0.561627085565151,0.0913762646539265,0.476995753062104,0.645899965620345,0.988047427806464,0.47976413415257,0,0.333397388458252,99,0
Otsu,12.8087992350353,0.488202605034241,0.195841584158416,0.610413975518238,0.758083306277573,0.989653195043507,0.614334576633185,0,0.00162649154663086,0,0
Adaptive Thresholding,11.387301251818,0.288464187909945,0.127948393224632,0.58420364531262,0.737536044739167,0.989526886202584,0.587838360701407,0,0.0016791820526123,0,0
Region Growing,10.7543140004164,0.310730151854252,0.135996284254529,0.465886699507389,0.635638074435016,0.988664205677698,0.46838871434541,0,0.0555093288421631,108,0
Split and Merge,12.8087992350353,0.488202605034241,0.195841584158416,0.610413975518238,0.758083306277573,0.989653195043507,0.614334576633185,0,0.00436663627624512,228.5,0
MobileNet-Seg,6.75131808563789,0.00383765635154845,0.0179428332985604,0.00749075263491867,0.0148701169024686,1,0.00749075263491867,0,0.260956048965454,103.5,0
K-Means,21.2591840587594,0.787705186517365,0.415541360071157,0.280517736408262,0.438131746921505,0.469555443587458,0.410650125415226,0,0.306362867355347,97.9,0
Otsu,17.7066482047141,0.691653470344077,0.599570230174801,0.468674397263702,0.638227776199943,0.549195952881373,0.761711070435903,0,0.00165295600891113,603.7,0
Adaptive Thresholding,11.6205018277547,0.588439506770774,0.47001071046055,0.319932217750477,0.484770677536348,0.460319395343167,0.51196529048878,0,0.00228714942932129,0,0
Region Growing,6.32966303380245,0.0021606662496445,0,0,0,0,0,0,0.00166845321655273,0,0
Split and Merge,17.7066482047141,0.691653470344077,0.599570230174801,0.468674397263702,0.638227776199943,0.549195952881373,0.761711070435903,0,0.0335125923156738,89.5,0
MobileNet-Seg,6.63471952241945,0.103118155417167,0.0889914304548451,0.0210145934676859,0.0411641392828946,0.104578779914234,0.0256253813300793,0,0.2698655128479,103.7,0
K-Means,23.5016450877936,0.678695018780804,0.298663140884384,0.679539200596987,0.809197189747577,0.807783999556467,0.810615333259152,0,0.386737823486328,100.8,0
Otsu,9.82887849544546,0.266265951639923,0.440357709505265,0.00679546220375155,0.0134991911641658,0.0203555206639376,0.0100979192166463,0,0.0018913745880127,0,0
Adaptive Thresholding,11.8035110202492,0.252346020120812,0.157207244804273,0.458409263477601,0.628642830181312,0.590714512854382,0.671775898520085,0,0.00131964683532715,0,0
Region Growing,7.81564288533815,0.0403007219629711,0.124950986799111,0,0,0,0,0,0.0167434215545654,119.4,0
Split and Merge,9.82887849544546,0.266265951639923,0.440357709505265,0.00679546220375155,0.0134991911641658,0.0203555206639376,0.0100979192166463,0,0.0191280841827393,104.5,0
MobileNet-Seg,6.67569189848908,0.00037562750424247,0,0,0,0,0,0,0.285148143768311,101.7,0
K-Means,23.7006776777379,0.537971433694436,0.235624694575664,0.557555183531746,0.715936346174899,0.978295754344929,0.564538406001821,0,0.24581241607666,97.6,0
Otsu,17.3323613958427,0.615083843283836,0.520887420344584,0.608602782980173,0.756684980803834,0.977793250938751,0.617132812254764,0,0.00127434730529785,0,0
Adaptive Thresholding,11.0107759494674,0.429784082144642,0.293744630364522,0.549514232145901,0.709272907270927,0.977319701270427,0.55661236149041,0,0.00137948989868164,0,0
Region Growing,6.51019426639059,0.00204987747694111,0.00833006664053312,0.00431616285274822,0.00859522730469299,1,0.00431616285274822,0,0.00220656394958496,0,0
Split and Merge,17.3323613958427,0.615083843283836,0.520887420344584,0.608602782980173,0.756684980803834,0.977793250938751,0.617132812254764,0,0.0223081111907959,89.6,0
MobileNet-Seg,7.58696141839954,0.456748335498738,0.502671290655169,0.440819574298787,0.611901145934005,0.946230908195106,0.452145525316257,0,0.262008666992188,99.2,0
K-Means,23.0096103409921,0.78854230523553,0.348520075114012,0.394685791546646,0.565985247629083,0.674932144891599,0.487322171682958,0,0.265850782394409,101.6,0
Otsu,18.4637461258457,0.748177938302598,0.546908947264468,0.633439461475484,0.775589761867635,0.718617131062951,0.842373947546695,0,0.00126481056213379,0,0
Adaptive Thresholding,11.698617827228,0.534030112329682,0.448763250883392,0.400045041663539,0.571474530831099,0.640735842250812,0.515726313752057,0,0.00163173675537109,608.4,0
Region Growing,6.61627387757142,0.000469414365610685,0,0,0,0,0,0,0.00185251235961914,0,0
Split and Merge,18.4637461258457,0.748177938302598,0.546908947264468,0.633439461475484,0.775589761867635,0.718617131062951,0.842373947546695,0,0.0310759544372559,96.5,0
MobileNet-Seg,8.98631181307374,0.497916967457124,0.506137865911237,0.134097569910856,0.236483303498122,0.266494767177309,0.212547178941256,0,0.267422676086426,101,0
K-Means,25.4970261597568,0.752496623169225,0.370444444444444,0.799886333963105,0.888818720237587,0.98587682929138,0.80915828891962,0,0.351855516433716,99.5,0
Otsu,9.16224529856646,0.192375307355806,0.173172987974098,0.248152909651338,0.397632225559058,0.987426810477658,0.248939509299688,0,0.0019841194152832,0,0
Adaptive Thresholding,12.9080351205192,0.225257484002584,0.101231310466139,0.659908658890329,0.79511442434608,0.989473684210526,0.664574172195721,0,0.00152349472045898,0,0
Region Growing,7.33051207661503,-0.00018996155094065,0.00928217821782178,0.00100999114315459,0.00201794418055944,1,0.00100999114315459,0,0.0022270679473877,0,0
Split and Merge,9.16224529856646,0.192375307355806,0.173172987974098,0.248152909651338,0.397632225559058,0.987426810477658,0.248939509299688,0,0.00225615501403809,0,0
MobileNet-Seg,8.21661231473475,0.177561864299698,0.616088765603329,0.179109773972074,0.303805087407097,0.962045247368857,0.18038441816741,0,0.278278112411499,100.6,0
K-Means,22.3617166142793,0.793340434675019,0.368338168255284,0.315906070004431,0.48013468013468,0.590316774658027,0.404613866271897,0,0.258836507797241,100.4,0
Otsu,15.9185690953139,0.721237373494059,0.55634678422064,0.561282438358134,0.719001795662784,0.673887714150088,0.770589686651863,0,0.00121331214904785,0,0
Adaptive Thresholding,10.5038449987586,0.522806817823315,0.465165876777251,0.389022240558077,0.560138245737198,0.618496765153096,0.511843079200592,0,0.00143146514892578,694,0
Region Growing,5.47217110119333,0.000205103585538278,0.000149038700382533,0,0,0,0,0,0.0016787052154541,0,0
Split and Merge,15.9185690953139,0.721237373494059,0.55634678422064,0.561282438358134,0.719001795662784,0.673887714150088,0.770589686651863,0,0.0281960964202881,106.3,0
MobileNet-Seg,5.47212477142165,0.00020432747287607,0,0,0,0,0,0,0.265432119369507,97.9,0
K-Means,23.5179681354791,0.580544616375064,0.249351995852773,0.0113672699366886,0.0224790148437377,0.0188219722038385,0.0278998587348925,0,0.299044847488403,97,0
Otsu,14.5575051309517,0.577371064223245,0.436250820356781,0.0399143551067366,0.0767646968439814,0.0630839941411182,0.0980222884947418,0,0.00130653381347656,0,0
Adaptive Thresholding,10.3346478731774,0.392669611473266,0.290751358999181,0.273746646545942,0.429829035920557,0.370115333390008,0.51251765813844,0,0.00135135650634766,0,0
Region Growing,5.78132285584711,0.000371444292375975,0.000527936647602288,3.92403076440119E-05,7.84775358053757E-05,1,3.92403076440119E-05,0,0.00181722640991211,0,0
Split and Merge,14.5575051309517,0.577371064223245,0.436250820356781,0.0399143551067366,0.0767646968439814,0.0630839941411182,0.0980222884947418,0,0.0214314460754395,93.3,0
MobileNet-Seg,5.78121875938516,0.000338841684767746,0,0,0,0,0,0,0.260442495346069,99.8,0
K-Means,21.9133886960268,0.691037042314299,0.240375487817741,0.675841214496197,0.806569511061193,0.992838039980055,0.679152261205253,0,0.637056350708008,98.9,0
Otsu,21.918592526892,0.87077071264176,0.537000086752841,0.869620077861726,0.930263948444869,0.991473684210526,0.876172462442443,0,0.00141453742980957,0,0
Adaptive Thresholding,10.2856629004128,0.322352599271478,0.233750745378652,0.588880850867337,0.741252373387066,0.987915407854985,0.593153594517915,0,0.00217270851135254,0,0
Region Growing,5.20411328332191,0.00242866900481265,0.00865800865800866,0.00382939799382955,0.00762957929202446,1,0.00382939799382955,0,0.00409531593322754,243.7,0
Split and Merge,21.918592526892,0.87077071264176,0.537000086752841,0.869620077861726,0.930263948444869,0.991473684210526,0.876172462442443,0,0.0199472904205322,100.2,0
MobileNet-Seg,5.19483502951969,0.000813295863422708,0,0,0,0,0,0,0.408358573913574,97.9,0
K-Means,25.066264054008,0.771455448312016,0.247930142302717,0.50952072338981,0.675076155623249,0.992127876930473,0.511588993554784,0,0.59335994720459,96.1,0
Otsu,13.4963956614152,0.459472832876627,0.307501963864886,0.615681194287653,0.762132030086671,0.992590750870214,0.618523797719385,0,0.00193381309509277,0,0
Adaptive Thresholding,11.3849800772709,0.387718424917693,0.295908795728408,0.518052044151199,0.682522112660323,0.990450646939197,0.520652578086267,0,0.00234723091125488,0,0
Region Growing,10.1270154575904,0.0306474980464872,0.134288597376388,0.489699478024524,0.657447337866976,0.993421052631579,0.49129276152702,0,0.126888751983643,94.6,0
Split and Merge,13.4963956614152,0.459472832876627,0.307501963864886,0.615681194287653,0.762132030086671,0.992590750870214,0.618523797719385,0,0.028048038482666,106.9,0
MobileNet-Seg,8.3231276053014,0.273474371851862,0.104341625732847,0.288832133735779,0.448207530174743,0.996741627049837,0.289105106593951,0,0.419510841369629,100.1,0
K-Means,21.014658795928,0.51906640941135,0.219137818419334,0.543860461526588,0.704546136234116,0.986062912795254,0.548073482974785,0,0.520981788635254,94.1,0
Otsu,12.4790110118676,0.524875652697169,0.409593296250813,0.675229895698328,0.806134008749712,0.988145773121387,0.68074416289452,0,0.00150799751281738,0,0
Adaptive Thresholding,9.93931291433892,0.412550344108801,0.393077832179639,0.532575933225133,0.69500756429652,0.988297048446777,0.535955947547716,0,0.00166010856628418,0,0
Region Growing,5.46581372579822,0.00827687361021458,0.0205813824475757,0.0273150092553704,0.0531774752812562,1,0.0273150092553704,0,0.0056147575378418,0,0
Split and Merge,12.4790110118676,0.524875652697169,0.409593296250813,0.675229895698328,0.806134008749712,0.988145773121387,0.68074416289452,0,0.0238552093505859,125.7,0
MobileNet-Seg,5.36462625630851,0.000207580304501259,0.00023050769319426,0.000497767822421329,0.00099504034577652,1,0.000497767822421329,0,0.259511232376099,100.2,0
K-Means,24.7184006481048,0.748179880285572,0.218626677190213,0.536997098571007,0.698761369257326,0.980870058098342,0.542680632212745,0,0.237076282501221,97,0
Otsu,22.670739023272,0.889658051448962,0.320061255742726,0.890212373037858,0.941917834986078,0.97961049957663,0.907018314099348,0,0.000958919525146484,998.6,0
Adaptive Thresholding,12.3021062323085,0.186626170814252,0.0306942895709842,0.749586047879172,0.856872457102424,0.982854476097719,0.759517686904165,0,0.00102376937866211,0,0
Region Growing,12.6091804803679,0.638528797096041,0.0515387467556544,0.724683691326096,0.840367071331083,0.983253487981173,0.73373996487707,0,0.108286142349243,101.6,0.33984375
Split and Merge,22.670739023272,0.889658051448962,0.320061255742726,0.890212373037858,0.941917834986078,0.97961049957663,0.907018314099348,0,0.00581526756286621,0,0.00390625
MobileNet-Seg,100,1,1,0.97314453125,0.986389507547637,0.97314453125,1,0,0.272584915161133,99,0.23046875
K-Means,21.8757478088101,0.835785328123837,0.40157281483352,0.333177503607797,0.499824671067677,0.528620723015899,0.474003817014632,0,0.300985097885132,99.7,0
Otsu,14.6412026921052,0.661674287860488,0.499686954229413,0.47101103014375,0.640390888296361,0.601943970891326,0.684084205656122,0,0.00144195556640625,0,0
Adaptive Thresholding,11.8892399057395,0.602444179530773,0.489591163109906,0.350790832795352,0.519385865344405,0.537097670970532,0.502804927418889,0,0.00172305107116699,0,0
Region Growing,6.52419971623283,0.000398132759988375,0.000134402580529546,0,0,0,0,0,0.00171446800231934,0,0
Split and Merge,14.6412026921052,0.661674287860488,0.499686954229413,0.47101103014375,0.640390888296361,0.601943970891326,0.684084205656122,0,0.0340108871459961,88.2,0
MobileNet-Seg,6.78247108442134,0.0350035958154464,0.0382067137809187,0.0869816667630559,0.160042564511838,1,0.0869816667630559,0,0.280806303024292,96.1,0.015625
K-Means,24.9571447306846,0.752243416014514,0.247597644141352,0.150141206675225,0.261083084066253,0.255088984529487,0.267365661861075,0,0.301090478897095,99.6,0
Otsu,9.92924443274067,0.236119180338494,0.309848382597742,0.366896515697644,0.536831444786273,0.719473468551526,0.428144716388796,0,0.00188541412353516,0,0
Adaptive Thresholding,11.5019243370181,0.35241600689265,0.274761314772976,0.32280992714565,0.488066986074419,0.478210002924832,0.498338870431894,0,0.00167012214660645,0,0
Region Growing,9.7478317404596,0.160414293404427,0.136669826854947,0.148103680799974,0.257997049006547,0.24339153467755,0.274467371757749,0,0.0697717666625977,100.3,0
Split and Merge,9.92924443274067,0.236119180338494,0.309848382597742,0.366896515697644,0.536831444786273,0.719473468551526,0.428144716388796,0,0.0173852443695068,115,0
MobileNet-Seg,10.6031204265769,0.65118993104545,0.39662775616083,0.15364424368209,0.266363299645484,0.235305116039919,0.306867018196227,0,0.263601541519165,98.6,0.0078125
K-Means,22.7768805409551,0.607564379292543,0.28182037468843,0.0467309377738826,0.089289302699444,0.0949836112298703,0.0842391304347826,0,0.278784036636353,96.8,0
Otsu,14.7756265263675,0.495413523206566,0.335493849893202,0.595210695134791,0.746247122026094,0.725598471733031,0.76810540950455,0,0.00152254104614258,0,0
Adaptive Thresholding,11.4693140078925,0.434229604674502,0.246526297843321,0.398007383003215,0.56939239068711,0.516962260259847,0.633657735085945,0,0.00130796432495117,761.6,0
Region Growing,6.72559668898574,0.00580056361678487,0.000360706985691956,0,0,0,0,0,0.00170326232910156,0,0
Split and Merge,14.7756265263675,0.495413523206566,0.335493849893202,0.595210695134791,0.746247122026094,0.725598471733031,0.76810540950455,0,0.0166046619415283,120.4,0
MobileNet-Seg,6.90460175496384,0.0842223621025167,0.166979142254511,0,0,0,0,0,0.25533127784729,101.8,0.01171875
K-Means,21.8284367071675,0.658799904207456,0.0622994652406417,0.495434916718075,0.662596427540118,0.966455067841993,0.504103570027462,0,0.297855377197266,97.4,0
Otsu,12.091801540847,0.498294500087567,0.0650275735294118,0.558434935793426,0.716661213076717,0.97338792221085,0.56709297763829,0,0.00142335891723633,0,0
Adaptive Thresholding,12.8633639647586,0.262956286952413,0.04093933018707,0.700448499845345,0.823839710416458,0.979773287760135,0.710725774813652,0,0.00106978416442871,0,0
Region Growing,6.239608324469,0.000348513805236255,0.0199203187250996,0.00756375049038839,0.0150139392901086,1,0.00756375049038839,0,0.00279521942138672,0,0
Split and Merge,12.091801540847,0.498294500087567,0.0650275735294118,0.558434935793426,0.716661213076717,0.97338792221085,0.56709297763829,0,0.012911319732666,77.4,0
MobileNet-Seg,6.22858944501645,0.000926154500661902,0,0,0,0,0,0,0.279149770736694,100.3,0
K-Means,22.1676402505496,0.723726651592994,0.349524741403411,0.428758863268383,0.600183661905785,0.533206040617948,0.686405076868073,0,0.312344312667847,99.2,0
Otsu,15.0505441468947,0.607358766774399,0.389757168690261,0.350993377483444,0.519607843137255,0.39660203313253,0.753217733285663,0,0.00136995315551758,0,0
Adaptive Thresholding,12.1785537004986,0.364559336919612,0.26539360872954,0.307360985484774,0.470200639146048,0.372345421340986,0.637826242402574,0,0.00152397155761719,652.7,0
Region Growing,6.89964248586975,0.0003047307390474,0.00163615911647408,0,0,0,0,0,0.00188899040222168,0,0
Split and Merge,15.0505441468947,0.607358766774399,0.389757168690261,0.350993377483444,0.519607843137255,0.39660203313253,0.753217733285663,0,0.0250191688537598,79.9,0
MobileNet-Seg,6.89746753335444,0.000318072772043734,0,0,0,0,0,0,0.285916566848755,104.9,0
K-Means,25.9696158062942,0.668951535371452,0.173490763664064,0.14656170906439,0.255654288654008,0.281749958766287,0.233982809985276,0,0.311357021331787,99.6,0
Otsu,13.7550659163208,0.357957361295073,0.14326375711575,0.678592019420422,0.808525253986044,0.856327780968792,0.765777488614184,0,0.00169849395751953,0,0
Adaptive Thresholding,13.4858855902127,0.368135774345838,0.119822901992353,0.364202991796687,0.533942520265291,0.468703909747199,0.620278738485772,0,0.00139236450195313,0,0
Region Growing,9.58094802050292,0.136661980616966,0.159896423369477,0.0812397728366542,0.150271521410131,0.156516578888806,0.144505701469027,0,0.0531706809997559,94,0
Split and Merge,13.7550659163208,0.357957361295073,0.14326375711575,0.678592019420422,0.808525253986044,0.856327780968792,0.765777488614184,0,0.0095360279083252,104.7,0
MobileNet-Seg,11.2943204094269,0.693964317399267,0.845055413469736,0.151379578873433,0.262953385054042,0.21457945543483,0.339485669280553,0,0.261120319366455,103.4,0
K-Means,22.1075730972937,0.804059845681674,0.386561743341404,0.389369572956491,0.560498200817709,0.984040056329213,0.391844109721335,0,0.328690052032471,100.4,0
Otsu,16.3807468570976,0.725021888853521,0.563183406605794,0.667960746252561,0.800931014417793,0.98384388472884,0.675368775214567,0,0.00171589851379395,0,0
Adaptive Thresholding,11.0895122757852,0.55908132130075,0.47198950237206,0.49834209836369,0.665191345698582,0.980518889394629,0.503325596971916,0,0.0019223690032959,0,0
Region Growing,5.96267163681439,0.000447317853795316,0.000295028765304617,0.000171342232745058,0.000342625759227535,1,0.000171342232745058,0,0.00224447250366211,0,0
Split and Merge,16.3807468570976,0.725021888853521,0.563183406605794,0.667960746252561,0.800931014417793,0.98384388472884,0.675368775214567,0,0.0484182834625244,103.2,0
MobileNet-Seg,6.58473554983314,0.100692138948447,0.123711340206186,0.126606333431985,0.22475700637383,1,0.126606333431985,0,0.273235082626343,98.8,0
K-Means,23.3023058936968,0.669063238744772,0.306726907630522,0.486604854866514,0.654652584072461,0.990328086478286,0.488928420954075,0,0.280699729919434,99.7,0
Otsu,17.998301264742,0.637203299724602,0.470032255644738,0.640282313609559,0.780697698557234,0.987444502792763,0.645537818142097,0,0.00133895874023438,0,0
Adaptive Thresholding,11.0222416968432,0.413293146927501,0.274701718907988,0.560732935759973,0.718550782023362,0.98259198094052,0.566359252843968,0,0.00153708457946777,0,0
Region Growing,6.18572454305798,0.00203219282297353,0.000310752019888129,1.56047625735374E-05,3.12090381374446E-05,1,1.56047625735374E-05,0,0.00181818008422852,0,0
Split and Merge,17.998301264742,0.637203299724602,0.470032255644738,0.640282313609559,0.780697698557234,0.987444502792763,0.645537818142097,0,0.0191609859466553,104.3,0
MobileNet-Seg,6.33206065759929,0.0517515308644969,0.0736500861108297,0.0556153738120875,0.105370526409153,1,0.0556153738120875,0,0.268231868743897,100.6,0
K-Means,24.8277792596849,0.60979660106851,0.122810218978102,0.371818055362359,0.542080713851146,0.980477665471145,0.374591261561459,0,0.408052206039429,100.5,0
Otsu,15.8518801370122,0.491999158746034,0.147025495750708,0.579630884890313,0.733881428167393,0.981991387185176,0.585858428575877,0,0.00143337249755859,0,0
Adaptive Thresholding,12.3973918611266,0.358549370690202,0.12385782715453,0.576757664976184,0.731574265072491,0.982898573567657,0.582604092055682,0,0.00134420394897461,0,0
Region Growing,8.145224228622,0.155889676652027,0.186541075937075,0.263874248155268,0.4175640868392,0.983475849318234,0.265049360032388,0,0.0374152660369873,106.9,0
Split and Merge,15.8518801370122,0.491999158746034,0.147025495750708,0.579630884890313,0.733881428167393,0.981991387185176,0.585858428575877,0,0.0124409198760986,80.3,0
MobileNet-Seg,8.31648028777971,0.382025399515684,0.639556763537529,0.394523813209095,0.565818682294441,0.985120197882044,0.396888916570646,0,0.259736776351929,103.9,0
K-Means,21.7763385565116,0.661248663785014,0.331510999868265,0.736751115860942,0.848424519935569,0.896123260437376,0.805546963604495,0,0.255987882614136,101.6,0
Otsu,16.7814354789769,0.705321894083438,0.485576923076923,0.534846540589436,0.696938132178394,0.579619286447053,0.873801422827096,0,0.00128483772277832,0,0
Adaptive Thresholding,10.4883131461899,0.442273184505606,0.32622101161427,0.353443201883461,0.522287453794303,0.476465754201026,0.577860260507956,0,0.0016028881072998,0,0
Region Growing,5.69657586781324,0.0176458500514479,0.0250410830268409,0,0,0,0,0,0.00840902328491211,119.4,0
Split and Merge,16.7814354789769,0.705321894083438,0.485576923076923,0.534846540589436,0.696938132178394,0.579619286447053,0.873801422827096,0,0.0190067291259766,105.2,0
MobileNet-Seg,5.68743579859734,0.00169731466678021,0,0,0,0,0,0,0.258059501647949,100.7,0
K-Means,25.7376503116414,0.65896851684024,0.196183342250758,0.00850222098833981,0.0168610853033275,0.0179145949107926,0.0159246018849529,0,0.507251977920532,100.5,0
Otsu,13.0288438754499,0.413725622698313,0.195729205520328,0.0549096792487449,0.104103091153451,0.101370284834488,0.106987325316867,0,0.00175213813781738,567.7,0
Adaptive Thresholding,11.6314655822067,0.321375493618233,0.110339875538535,0.330780437864231,0.497122483097362,0.456263748200853,0.546018849528762,0,0.0015723705291748,0,0
Region Growing,7.33388869198667,-0.0453152857611032,0.0714111922141119,0.320311992200195,0.485206517993403,1,0.320311992200195,0,0.0231599807739258,129.4,0
Split and Merge,13.0288438754499,0.413725622698313,0.195729205520328,0.0549096792487449,0.104103091153451,0.101370284834488,0.106987325316867,0,0.0178341865539551,112.1,0
MobileNet-Seg,7.59384268758283,0.0499653116501425,0.0201295696436835,0,0,0,0,0,0.25913143157959,100.3,0
K-Means,27.0094546935954,0.617844592927905,0.238973246565437,0.0156717593321783,0.0308598898968752,0.0322632944228275,0.0295734878882449,0,0.324709415435791,101.6,0
Otsu,14.5018517328252,0.422167216930138,0.176839126919968,0.887401078105287,0.940341815419673,0.961746426351771,0.919869222767127,0,0.0014960765838623,674.9,0
Adaptive Thresholding,12.5048537671859,0.290977392723811,0.0572410082364141,0.404777639558389,0.576287133507672,0.539116702909806,0.618962698766533,0,0.0014045238494873,0,0
Region Growing,8.63567144844112,0.151890199669746,0.0812950490369845,0.0680385800293981,0.127408468760605,0.17420219621591,0.100430970426512,0,0.0397512912750244,100.6,0
Split and Merge,14.5018517328252,0.422167216930138,0.176839126919968,0.887401078105287,0.940341815419673,0.961746426351771,0.919869222767127,0,0.0150506496429443,132.8,0
MobileNet-Seg,7.83942652788922,0.000514211296871174,0,0,0,0,0,0,0.379043579101563,97.6,0
K-Means,22.1515624783941,0.635343622873453,0.328374070138151,0.0302995580291373,0.0588169873373477,0.0565173582486031,0.0613116926134482,0,0.492361068725586,99.5,0
Otsu,15.4703454534794,0.642383336109706,0.494360451163907,0.121346012230653,0.216429203666162,0.190184664793256,0.251076515402451,0,0.00223565101623535,0,0
Adaptive Thresholding,10.5588826203287,0.479252099808556,0.372633146585349,0.295506690219488,0.456202491967714,0.432961475531757,0.482080158993044,0,0.00228500366210938,0,0
Region Growing,5.95861629506922,0.00237274779275407,0.00628238341968912,0.0105664127194435,0.0209118620734865,1,0.0105664127194435,0,0.00437736511230469,227.9,0
Split and Merge,15.4703454534794,0.642383336109706,0.494360451163907,0.121346012230653,0.216429203666162,0.190184664793256,0.251076515402451,0,0.0331594944000244,90.4,0
MobileNet-Seg,7.21514132058652,0.496350051796858,0.611545741324921,0.88244993404485,0.937554745106783,0.902886414527162,0.974991719112289,0,0.424280881881714,94.3,0
K-Means,22.7415532593747,0.719640437527199,0.331447390643472,0.692298611766928,0.818175476778415,0.930918441855297,0.729790940766551,0,0.551849365234375,97.8,0
Otsu,18.2131043868154,0.624034126608735,0.383610986042323,0.672178742741732,0.80395561259153,0.812935728461656,0.795171727227476,0,0.00201892852783203,0,0
Adaptive Thresholding,12.7203194764156,0.434263562447591,0.265856633514731,0.494156243592372,0.661451900644984,0.663131300497786,0.659780985564958,0,0.00240445137023926,0,0
Region Growing,6.85047248907113,0.00767408348493355,0.0082168260976208,0,0,0,0,0,0.00565361976623535,176.5,0
Split and Merge,18.2131043868154,0.624034126608735,0.383610986042323,0.672178742741732,0.80395561259153,0.812935728461656,0.795171727227476,0,0.0235104560852051,85,0
MobileNet-Seg,6.84355388205255,0.0056332980554027,0,0,0,0,0,0,0.434916019439697,92,0
K-Means,23.4832480076223,0.710771886821508,0.316895674300254,0.429278172008101,0.600692266089778,0.986429358058901,0.431828431906191,0,0.38818097114563,97.9,0
Otsu,16.8923605927714,0.639668175534372,0.51464672755667,0.612619143095099,0.759781558737172,0.986661036315763,0.617735338486182,0,0.00172638893127441,0,0
Adaptive Thresholding,12.2602661353933,0.503911725575083,0.395755305867665,0.520330848880453,0.684496863644668,0.985330644925631,0.524393088754452,0,0.00163793563842773,0,0
Region Growing,7.46342954044262,0.000909277911107921,0.000625195373554236,0.000155518576693986,0.000310988788854162,1,0.000155518576693986,0,0.00187182426452637,531.9,0
Split and Merge,16.8923605927714,0.639668175534372,0.51464672755667,0.612619143095099,0.759781558737172,0.986661036315763,0.617735338486182,0,0.0225672721862793,88.6,0
MobileNet-Seg,22.7344438333159,0.925681269910032,0.892008639308855,0.914837429400092,0.955524908124138,0.980225711481845,0.932038381984728,0,0.262318134307861,99.1,0
K-Means,24.2944558099506,0.649443805644364,0.204401519949335,0.693327577701036,0.818893623220074,0.991162144887929,0.69764050695748,0,0.282917261123657,99,0
Otsu,15.1102721486499,0.598060677435105,0.219482120838471,0.737264506985843,0.848764830020039,0.990603332298458,0.742456913268076,0,0.00117611885070801,0,0
Adaptive Thresholding,11.7746798099263,0.27225343583463,0.142868950696367,0.620548852832863,0.765850226295972,0.989289837628043,0.624745978313141,0,0.00129461288452148,0,0
Region Growing,12.3136689670191,0.457675136832094,0.12762865447085,0.610939812530834,0.758488688129235,0.989982262859427,0.614740238586476,0,0.0734596252441406,95.3,0
Split and Merge,15.1102721486499,0.598060677435105,0.219482120838471,0.737264506985843,0.848764830020039,0.990603332298458,0.742456913268076,0,0.00524187088012695,0,0
MobileNet-Seg,6.58104506884955,0.000261429314930525,0,0,0,0,0,0,0.260184526443481,99.9,0
K-Means,26.3368700209679,0.660805902829434,0,0.523926795856485,0.687601001939237,0.992246028275762,0.526080707231504,0,0.240237474441528,99.9,0
Otsu,11.9932695756343,0.460844975536358,0.0984011054086064,0.638977684883507,0.779727132073703,0.991297506079825,0.642582260482512,0,0.00142550468444824,697.3,0
Adaptive Thresholding,10.7351786098044,0.184136740107265,0.0570347003154574,0.61470032418148,0.761380071553627,0.990493402322185,0.618348453703847,0,0.00118136405944824,0,0
Region Growing,14.220830793617,0.39836518215097,0.0703735064446326,0.790457610715986,0.882967131961186,0.992363173525668,0.795295426796285,0,0.10556697845459,104.2,0.10546875
Split and Merge,11.9932695756343,0.460844975536358,0.0984011054086064,0.638977684883507,0.779727132073703,0.991297506079825,0.642582260482512,0,0.00202226638793945,0,0
MobileNet-Seg,6.00022649560012,0.000269528454696603,0,0,0,0,0,0,0.263542652130127,98.7,0.20703125
K-Means,21.9837630883777,0.709042774837208,0.354346930366708,0.477669772442215,0.646517620310724,0.764353809762741,0.560160743834213,0,0.268276453018189,100.6,0
Otsu,20.0800296749776,0.756008365481408,0.533752255335034,0.518865775223007,0.683227950339226,0.609260211955963,0.777637696005043,0,0.00124120712280273,0,0
Adaptive Thresholding,11.5827244019312,0.450478429765508,0.321967579653438,0.426360977450703,0.597830400846673,0.602260308660074,0.59346518530192,0,0.00142502784729004,697.1,0
Region Growing,6.60490466414823,0.00793087361071337,0.0124318801089918,0,0,0,0,0,0.00348806381225586,285.8,0
Split and Merge,20.0800296749776,0.756008365481408,0.533752255335034,0.518865775223007,0.683227950339226,0.609260211955963,0.777637696005043,0,0.0244884490966797,81.6,0
MobileNet-Seg,8.56536158496116,0.255991047526534,0.201592171821876,0.491808846967836,0.659345663444024,0.989486411186459,0.494392351535209,0,0.27237868309021,102.8,0.046875
K-Means,23.9169024301034,0.701789692861765,0.104385128693994,0.514162504265815,0.679137810924886,0.987075640262061,0.517647426286857,0,0.266989946365356,97.4,0
Otsu,12.6838586621051,0.550769822322404,0.172075200574781,0.583124594118193,0.736675554513757,0.983261634728197,0.588971139430285,0,0.00136899948120117,0,0
Adaptive Thresholding,11.5719139304698,0.224278878072153,0.0989333678801226,0.644696712978651,0.783970330689193,0.979178851327641,0.653657546226887,0,0.00129532814025879,0,0
Region Growing,6.53335091858769,0.0702015658267174,0.141119577960141,0.15150151315279,0.263137323611467,0.960354156419085,0.152455022488756,0,0.0222134590148926,90,0
Split and Merge,12.6838586621051,0.550769822322404,0.172075200574781,0.583124594118193,0.736675554513757,0.983261634728197,0.588971139430285,0,0.00428485870361328,0,0
MobileNet-Seg,6.13659556387312,0.0458811598121457,0.0736335315774568,0.0551943495953974,0.104614566248504,0.97119341563786,0.0552848575712144,0,0.273093461990356,98.9,0.01953125
K-Means,27.3177048936482,0.653495655795152,0,0.660610847814639,0.795623909941335,0.901188894077081,0.712197337420875,0,0.302508115768433,102.5,0
Otsu,12.1617823109396,0.467545032436093,0.116137357516668,0.402773674423455,0.574253255200268,0.509497010200492,0.657867098129382,0,0.00163102149963379,0,0
Adaptive Thresholding,10.003255062894,0.18983655795681,0.0711037115244051,0.394263388603011,0.565550801700453,0.545428179708922,0.587215078486474,0,0.00216770172119141,0,0
Region Growing,12.9451381936979,0.399161983617131,0.0909258236701638,0.401068903140931,0.572518456789399,0.488072843706224,0.692298958244628,0,0.0904204845428467,99.5,0
Split and Merge,12.1617823109396,0.467545032436093,0.116137357516668,0.402773674423455,0.574253255200268,0.509497010200492,0.657867098129382,0,0.0016791820526123,0,0
MobileNet-Seg,10.1978760132021,0.677599637344134,0.674686882003955,0.226760864257813,0.369690411333756,0.329016117605384,0.421839961395441,0,0.259978294372559,100,0.01171875
K-Means,31.4507296283996,0.911906003801946,0.451492537313433,0.774624220945863,0.873000843562243,0.986268865722732,0.783069273294419,0,0.262664794921875,99,0
Otsu,40.7507516957706,0.976720406754054,0.798087141339001,0.215390075299346,0.35443777216347,0.99643086587194,0.215556379134624,0,0.00198531150817871,0,0
Adaptive Thresholding,23.2643512420629,0.87363746778859,0.241490505195271,0.880687516393316,0.936559113320699,0.99903736763805,0.88143549831681,0,0.000727653503417969,0,0
Region Growing,21.1636107161691,0.806056430475116,0.189393939393939,0.153830713646049,0.26664347174457,0.999197673252432,0.153849717409432,0,0.0192227363586426,103.9,0
Split and Merge,40.7507516957706,0.976720406754054,0.798087141339001,0.215390075299346,0.35443777216347,0.99643086587194,0.215556379134624,0,0.0159697532653809,62.6,0
MobileNet-Seg,38.7132255770741,0.98682270681898,0.944943147815679,0.259723198191317,0.412349631354288,0.960239466847396,0.262546712375305,0,0.286877870559692,104.6,0
K-Means,22.1273789556786,0.825067917075563,0.422635026307312,0.415938088912231,0.587508863797524,0.98500201192523,0.418589105832608,0,0.27644944190979,97.7,0
Otsu,15.7464336521515,0.685020930789141,0.534201954397394,0.634775387170694,0.776590340363883,0.983440552775792,0.64163350329561,0,0.00146365165710449,0,0
Adaptive Thresholding,11.3900546733525,0.584369184455108,0.490977119962915,0.490289466383057,0.657978838933879,0.983003183040267,0.494481407785101,0,0.00246691703796387,0,0
Region Growing,6.11544788202067,0.000345283196469669,0.000184783110823671,4.66359905484393E-05,9.32676314684989E-05,1,4.66359905484393E-05,0,0.00184297561645508,536.3,0
Split and Merge,15.7464336521515,0.685020930789141,0.534201954397394,0.634775387170694,0.776590340363883,0.983440552775792,0.64163350329561,0,0.040971040725708,97.6,0
MobileNet-Seg,6.11518996125058,0.000317225184835166,0,0,0,0,0,0,0.263269424438477,98.7,0
K-Means,22.0368864031454,0.629960779853277,0.277777777777778,0.0163494592101954,0.0321729087609305,0.0329714923404687,0.0314120944618061,0,0.296329021453857,101.2,0
Otsu,15.7093229114832,0.62566484794015,0.367435350573181,0.236212003375639,0.382154521604112,0.326890929492317,0.459905280453623,0,0.00124192237854004,0,0
Adaptive Thresholding,11.5908510908002,0.378043006027823,0.264737854335647,0.326140227570617,0.491863862946198,0.442808139684832,0.55314282032282,0,0.00132369995117188,749.2,0
Region Growing,7.6375164871777,0.149227648028333,0.15629148326696,0.377455553482421,0.548047525059019,0.686128203885847,0.45623248171655,0,0.0406277179718018,98.4,0
Split and Merge,15.7093229114832,0.62566484794015,0.367435350573181,0.236212003375639,0.382154521604112,0.326890929492317,0.459905280453623,0,0.0178020000457764,112.2,0
MobileNet-Seg,7.22142437668896,0.229886617246039,0.227451375592059,0.434820359281437,0.606097281055026,0.860163468372424,0.467895228583395,0,0.266019105911255,97.7,0
K-Means,22.1913269765531,0.706113285843932,0.369222136494354,0.694781658132444,0.819906983060054,0.927033355083868,0.734974589939442,0,0.275807619094849,97.9,0
Otsu,15.3049609884091,0.534304182833269,0.37360581918947,0.634444913465597,0.776342975206612,0.775141825683342,0.777547853078117,0,0.00162863731384277,0,0
Adaptive Thresholding,12.3613933723741,0.455027787840126,0.30086403651777,0.433508044856168,0.604821223587433,0.565991194101109,0.649371595508353,0,0.00148367881774902,0,0
Region Growing,6.82238100878629,0.00230700506284111,0.00019495077492933,0,0,0,0,0,0.00182628631591797,0,0
Split and Merge,15.3049609884091,0.534304182833269,0.37360581918947,0.634444913465597,0.776342975206612,0.775141825683342,0.777547853078117,0,0.0207145214080811,96.5,0
MobileNet-Seg,6.82194689248723,0.0022373057115494,0,0,0,0,0,0,0.318620204925537,100.4,0
K-Means,25.9008692193219,0.785109456186372,0.219358376748012,0.466972192014914,0.63664764002584,0.983734782039534,0.470605733251922,0,0.383426904678345,99.1,0
Otsu,13.8891815156411,0.470556172084679,0.234468664850136,0.65549420639241,0.791901540774145,0.990086217022576,0.65982496516525,0,0.00138068199157715,0,0
Adaptive Thresholding,11.307800414968,0.348600777394388,0.211656324945754,0.526473417957233,0.689790482774045,0.983505333951763,0.531163402376591,0,0.00183582305908203,0,0
Region Growing,9.84906664936421,0.154145919695588,0.0993998908892526,0.381377531076538,0.552169877526996,0.996649368692028,0.381867142611119,0,0.0537629127502441,93,0
Split and Merge,13.8891815156411,0.470556172084679,0.234468664850136,0.65549420639241,0.791901540774145,0.990086217022576,0.65982496516525,0,0.00598406791687012,166.7,0
MobileNet-Seg,9.25304146080796,0.429028968220957,0.300371833604462,0.414083687008749,0.585656550334262,0.950950035186488,0.423120880497237,0,0.261080503463745,99.6,0
K-Means,21.7153663915747,0.671778421409441,0.361301899634924,0.542985874330248,0.703811853839476,0.966657995143947,0.553349383236951,0,0.28709077835083,101,0
Otsu,16.1645093656289,0.546551185061542,0.438420634435548,0.231646616160764,0.376157597676585,0.419782907812261,0.340746072323844,0,0.00168848037719727,0,0
Adaptive Thresholding,12.3998623467484,0.521175342384356,0.337357154353774,0.376426268699967,0.546961762151636,0.582070742431456,0.515847211536075,0,0.00165152549743652,0,0
Region Growing,7.20322399080843,0.00370639370324363,0.00391797265755252,0.00414484624357797,0.00825547481338672,1,0.00414484624357797,0,0.00231599807739258,0,0
Split and Merge,16.1645093656289,0.546551185061542,0.438420634435548,0.231646616160764,0.376157597676585,0.419782907812261,0.340746072323844,0,0.0216612815856934,92.3,0
MobileNet-Seg,9.21868808341452,0.164088330615019,0.0413484971567831,0.00621057926711295,0.0123444920876036,0.0273984294981222,0.00796703978556005,0,0.263802289962769,98.5,0
K-Means,21.710763685991,0.86738616185833,0.465496147868928,0.477878567786002,0.646708840905526,0.987671670392846,0.480746210649048,0,0.347720861434937,97.8,0
Otsu,12.0395752667053,0.605298106701506,0.494153728196281,0.498658152878031,0.665472845719226,0.98444065525851,0.502619510299262,0,0.00226712226867676,0,0
Adaptive Thresholding,11.4858634371913,0.613367430879075,0.5012351223894,0.491940464426877,0.659463934595881,0.986286952484136,0.495328410415857,0,0.00260043144226074,0,0
Region Growing,5.94494174078912,2.113936214407E-05,0.000343745971726894,0.000310921103769918,0.000621648923770301,1,0.000310921103769918,0,0.00188565254211426,0,0
Split and Merge,12.0395752667053,0.605298106701506,0.494153728196281,0.498658152878031,0.665472845719226,0.98444065525851,0.502619510299262,0,0.0350756645202637,85.5,0
MobileNet-Seg,5.9440781466838,7.99786117982861E-05,0,0,0,0,0,0,0.27163028717041,99.4,0
K-Means,21.7772233195294,0.619417856097737,0.165489029378951,0.222030912148635,0.363380189390216,0.427277981121171,0.316107516460964,0,0.274108409881592,98.5,0
Otsu,14.7029044311863,0.552285230729833,0.205406336088154,0.416029354963306,0.587599901803006,0.563351552080337,0.614029586979449,0,0.00129413604736328,0,0
Adaptive Thresholding,13.60644805553,0.294850868765184,0.0865900009745639,0.470033556417899,0.639486839420526,0.578612143170332,0.714676624005929,0,0.00131344795227051,0,0
Region Growing,7.75313037907641,0.0342947942565431,0.120954003407155,0.00389279479073279,0.00775539940306926,0.022094268880557,0.00470313257133084,0,0.0157456398010254,126.9,0
Split and Merge,14.7029044311863,0.552285230729833,0.205406336088154,0.416029354963306,0.587599901803006,0.563351552080337,0.614029586979449,0,0.0123410224914551,161.9,0
MobileNet-Seg,7.57958971098037,0.0152089290552081,0,0.0374331550802139,0.0721649484536082,0.947444204463643,0.0375110452355842,0,0.348660230636597,97.5,0
K-Means,23.3276454736762,0.726204360261158,0.324686629526462,0.683884191647451,0.81226986397249,0.923151414539669,0.725168441643121,0,0.465485572814941,101,0
Otsu,15.6672993678665,0.492989352212684,0.271028037383178,0.702123495449653,0.824997125445556,0.8758544921875,0.779721799608781,0,0.00235772132873535,0,0
Adaptive Thresholding,14.2177472727328,0.375155902201711,0.159818486977062,0.564166666666667,0.721363878529569,0.650677151594583,0.809280591175831,0,0.00178003311157227,0,0
Region Growing,6.32369483841184,0.0036221587549403,0.0025974025974026,0,0,0,0,0,0.00334501266479492,0,0
Split and Merge,15.6672993678665,0.492989352212684,0.271028037383178,0.702123495449653,0.824997125445556,0.8758544921875,0.779721799608781,0,0.0294520854949951,101.9,0
MobileNet-Seg,6.32345095235649,0.00357602710317368,0,0,0,0,0,0,0.409220457077026,100.2,0
K-Means,21.6544424287421,0.749275832277049,0.410444058546266,0.465830706683112,0.635585957586051,0.71114752955124,0.574539410671024,0,0.475645542144775,98.8,0
Otsu,16.2712583083194,0.731618552536292,0.559485662640703,0.530497111613439,0.693235037933777,0.628056451428441,0.773508366668545,0,0.00203490257263184,490,0
Adaptive Thresholding,10.8623286893542,0.544486927081895,0.446298984034833,0.367687855503443,0.537678029418632,0.557765667574932,0.518986985182264,0,0.00237321853637695,0,0
Region Growing,5.87052830545183,0.000895871894919122,0.000424448217317487,0,0,0,0,0,0.00289726257324219,343.9,0
Split and Merge,16.2712583083194,0.731618552536292,0.559485662640703,0.530497111613439,0.693235037933777,0.628056451428441,0.773508366668545,0,0.0396623611450195,100.8,0
MobileNet-Seg,5.86919947622545,0.000830260229308663,0,0,0,0,0,0,0.418088912963867,95.7,0
K-Means,21.5966405921069,0.861244907312633,0.459616957470011,0.324139867389473,0.489585542090068,0.529382716049383,0.455353621165691,0,0.529161930084229,96.3,0
Otsu,14.3715530341003,0.669684323794206,0.527902308464369,0.423197362145124,0.594713528006062,0.572121449998598,0.619163202767074,0,0.00276684761047363,0,0
Adaptive Thresholding,12.220196993588,0.653884675381332,0.512623020967052,0.34607504294377,0.514198736181793,0.521226856181036,0.50735762614157,0,0.00232148170471191,429.8,0
Region Growing,6.37540310022138,0.000310441512603063,0.000130548302872063,0,0,0,0,0,0.00288820266723633,0,0
Split and Merge,14.3715530341003,0.669684323794206,0.527902308464369,0.423197362145124,0.594713528006062,0.572121449998598,0.619163202767074,0,0.0353147983551025,113.2,0
MobileNet-Seg,100,1,1,0.502914428710938,0.669252246306919,0.502914428710938,1,0,0.256340742111206,97.5,0
K-Means,22.7568246115536,0.648765596022403,0.231602464288132,0.252119878309276,0.402708850289495,0.389928921813995,0.416354890432924,0,0.443324565887451,99.2,0
Otsu,14.2168585765788,0.429763890997238,0.298017700947156,0.552334943639292,0.711618257261411,0.652731111177188,0.78218421521468,0,0.00172305107116699,0,0
Adaptive Thresholding,12.780565215722,0.430840152855075,0.267853760181853,0.314314803502342,0.478294549623524,0.423124366108385,0.550008907892393,0,0.00172543525695801,0,0
Region Growing,8.71649486803851,0.122104117615054,0.0777625152625153,0,0,0,0,0,0.0228781700134277,87.4,0
Split and Merge,14.2168585765788,0.429763890997238,0.298017700947156,0.552334943639292,0.711618257261411,0.652731111177188,0.78218421521468,0,0.017101526260376,116.8,0
MobileNet-Seg,7.9826230602329,0.000433865342985492,0.000593413114429829,0,0,0,0,0,0.262242317199707,102.9,0
K-Means,20.1835229083753,0.737591811804377,0.366422466422466,0.497841238512305,0.66474500195598,0.989063505192538,0.500596945499651,0,0.317093372344971,97.8,0
Otsu,13.2073574694351,0.55497706700553,0.440920603457769,0.541415198916123,0.702491060548553,0.987171209611768,0.545251569889139,0,0.00160527229309082,0,0
Adaptive Thresholding,11.5613989547958,0.518010783907276,0.427441648878469,0.514180138568129,0.67915319382588,0.986558742725473,0.5178075819831,0,0.00176167488098145,0,0
Region Growing,6.5792696944265,0.000813782735002583,0.000280127738248641,6.20203116520661E-05,0.000124032930743112,1,6.20203116520661E-05,0,0.00210380554199219,473,0
Split and Merge,13.2073574694351,0.55497706700553,0.440920603457769,0.541415198916123,0.702491060548553,0.987171209611768,0.545251569889139,0,0.0322091579437256,93.1,0
MobileNet-Seg,6.57892600136458,0.000821655832901548,0,0,0,0,0,0,0.266673564910889,101.2,0
K-Means,22.6055671490262,0.734979590923888,0.283877906381235,0.346149085620571,0.514280460192858,0.991008150248051,0.347239682761404,0,0.264647722244263,98.2,0
Otsu,18.3697597207439,0.670926140861179,0.582936761026346,0.656720554272517,0.792795806847329,0.987978597734695,0.662010522884947,0,0.00130295753479004,764.2,0
Adaptive Thresholding,11.0372001592799,0.485973088111607,0.396058238636364,0.514856975615767,0.679743347264167,0.985609813635291,0.518756499200695,0,0.00141692161560059,701.2,0
Region Growing,6.36328742606478,0.000542136162292823,0,0.00341450543992799,0.00680577253252077,1,0.00341450543992799,0,0.00209522247314453,0,0
Split and Merge,18.3697597207439,0.670926140861179,0.582936761026346,0.656720554272517,0.792795806847329,0.987978597734695,0.662010522884947,0,0.0261669158935547,76.4,0
MobileNet-Seg,6.3630202415299,0.000780475821473623,0,0,0,0,0,0,0.286211490631104,97.8,0
K-Means,23.5741165982971,0.604335318725724,0.210294816928198,0.384974414637928,0.555930002127255,0.98547215496368,0.387171729773564,0,0.308627367019653,103.7,0
Otsu,13.8949495119202,0.387158229077742,0.183346130876205,0.465476742389121,0.635256403496747,0.980916403425929,0.469730522113405,0,0.00161862373352051,0,0
Adaptive Thresholding,12.3257538112678,0.364361562437502,0.143041882195895,0.583868676261659,0.737269048895822,0.983559220623813,0.589623229991891,0,0.00147032737731934,0,0
Region Growing,8.02778319981217,0.0813644799680255,0.108074704751442,0.14277026710951,0.249866961398338,0.999236058059588,0.142785852410954,0,0.0188040733337402,106.3,0
Split and Merge,13.8949495119202,0.387158229077742,0.183346130876205,0.465476742389121,0.635256403496747,0.980916403425929,0.469730522113405,0,0.0161287784576416,62,0
MobileNet-Seg,12.3562057191312,0.436612596675676,0.182766284835015,0.491867968617013,0.659398792606269,0.98460442351775,0.49568024452623,0,0.263997793197632,98.5,0
K-Means,24.1950462209903,0.76755068064637,0.252724894637407,0.640928144398378,0.781177587313995,0.764487309089916,0.798612894939635,0,0.367255449295044,100.7,0
Otsu,9.0426473287778,0.193152576443466,0.291172056215036,0.0107409682725273,0.0212536517459757,0.0339471376675435,0.0154693609612695,0,0.00194430351257324,0,0
Adaptive Thresholding,12.1704433654853,0.218481670440168,0.130506115143681,0.52657244085489,0.689875471038906,0.612881055315375,0.788994491537517,0,0.00125455856323242,0,0
Region Growing,7.48048242096974,0.0403965519484097,0.143918138306651,0,0,0,0,0,0.0158329010009766,126.2,0
Split and Merge,9.0426473287778,0.193152576443466,0.291172056215036,0.0107409682725273,0.0212536517459757,0.0339471376675435,0.0154693609612695,0,0.0147421360015869,67.8,0
MobileNet-Seg,11.5159312153206,0.576892905348912,0.829216654904728,0.129364108835219,0.229091942666107,0.21786026875354,0.241544652795616,0,0.259700775146484,96.2,0
K-Means,22.6638962352001,0.683024818425564,0.375342724780183,0.755898165015329,0.860981781376518,0.945219178843269,0.790530179824358,0,0.303581953048706,102.1,0
Otsu,17.4414959976723,0.659455679144383,0.480523255813954,0.702943728184331,0.82556307240264,0.842339401851986,0.809441940430277,0,0.00152397155761719,0,0
Adaptive Thresholding,10.4342221694234,0.389780849803717,0.249298648304004,0.497316438886737,0.664277003806216,0.70695576938203,0.626457878351378,0,0.00144267082214355,0,0
Region Growing,5.27559595378841,0.00218023307350693,0.000123092072870507,0,0,0,0,0,0.00231790542602539,0,0
Split and Merge,17.4414959976723,0.659455679144383,0.480523255813954,0.702943728184331,0.82556307240264,0.842339401851986,0.809441940430277,0,0.023888111114502,125.5,0
MobileNet-Seg,5.27550741469001,0.00217047286890512,0,0,0,0,0,0,0.274130821228027,98.5,0
K-Means,25.3005150342854,0.601420482765892,0.185729275970619,0.680745245977365,0.810051669170728,0.983297006360927,0.68870922516123,0,0.29051661491394,99.8,0
Otsu,13.3871677092935,0.421659443245552,0.115676508952923,0.698783665037693,0.82268705476655,0.985369883263407,0.706109605259059,0,0.00127220153808594,0,0
Adaptive Thresholding,11.5491879563859,0.24884384432774,0.0906983365192988,0.609665714506292,0.757505995203837,0.985744957060116,0.615088637567374,0,0.00128507614135742,0,0
Region Growing,11.4831865310443,0.288513274740089,0.0807376200013813,0.581943414875216,0.735732276392604,0.985407949790795,0.587001900489142,0,0.0739195346832275,94.7,0
Split and Merge,13.3871677092935,0.421659443245552,0.115676508952923,0.698783665037693,0.82268705476655,0.985369883263407,0.706109605259059,0,0.00178265571594238,556.3,0
MobileNet-Seg,10.5078964540232,0.494779015297479,0.191747572815534,0.539361209689863,0.70075977788024,0.982683009108287,0.544536872604916,0,0.285704374313355,101.5,0
K-Means,21.6506150881561,0.550624817275873,0.227085693839824,0.0126551153221973,0.0249939295831647,0.0199390464383491,0.0334822396669124,0,0.321548223495483,99.5,0
Otsu,17.592849279154,0.753825867607705,0.596635591896255,0.166236497466781,0.285081967213115,0.208084877251062,0.452530684824565,0,0.00124120712280273,0,0
Adaptive Thresholding,9.56282099460865,0.419345869189177,0.370524503121188,0.263424252382517,0.417000468189148,0.347393967410147,0.521490219889838,0,0.00177955627441406,0,0
Region Growing,5.14439697948906,-0.000105920650915637,0.00133716654409307,0.00242876349915427,0.00484575779864146,1,0.00242876349915427,0,0.00188398361206055,0,0
Split and Merge,17.592849279154,0.753825867607705,0.596635591896255,0.166236497466781,0.285081967213115,0.208084877251062,0.452530684824565,0,0.0246322154998779,81.1,0
MobileNet-Seg,5.14280891316245,0.000627203637103801,0,0.00147460641020081,0.00294487029578624,1,0.00147460641020081,0,0.265767097473145,97.8,0
K-Means,22.5360541086562,0.614395925460125,0.20128738098431,0.700875324075262,0.824134860626915,0.89045429344813,0.767009382549581,0,0.291288137435913,99.6,0
Otsu,10.1305885549485,0.327881333818054,0.225887987228948,0.0115228313242682,0.0227831364106389,0.028726542127987,0.0188774650261251,0,0.00171899795532227,0,0
Adaptive Thresholding,11.4230392890376,0.249013779264274,0.0874247970045017,0.366194592606217,0.536079698438341,0.514709684090792,0.55930108433058,0,0.00153326988220215,0,0
Region Growing,8.21853728433749,0.141528778745283,0.113342898134864,0,0,0,0,0,0.0283918380737305,70.4,0
Split and Merge,10.1305885549485,0.327881333818054,0.225887987228948,0.0115228313242682,0.0227831364106389,0.028726542127987,0.0188774650261251,0,0.0186941623687744,106.9,0
MobileNet-Seg,100,1,1,0.543182373046875,0.70397690193209,0.543182373046875,1,0,0.259896039962769,100,0
K-Means,21.2702226303542,0.663775693113925,0.329591018444266,0.702581341093244,0.825313098570797,0.957111612329984,0.725419602154994,0,0.269086360931397,100.3,0
Otsu,14.0673380867577,0.528932702839857,0.373901771568486,0.680049226768216,0.809558691415698,0.867891539487331,0.758573352673021,0,0.00141024589538574,0,0
Adaptive Thresholding,10.0437725932725,0.425020006056095,0.304128650585344,0.457054980323234,0.627368200233378,0.635238828558532,0.619690219643597,0,0.00149440765380859,0,0
Region Growing,4.98039844290245,0.00268658002606856,0.000385951370127364,0,0,0,0,0,0.00194954872131348,0,0
Split and Merge,14.0673380867577,0.528932702839857,0.373901771568486,0.680049226768216,0.809558691415698,0.867891539487331,0.758573352673021,0,0.0170645713806152,117.1,0
MobileNet-Seg,5.308253426161,0.209631239381614,0.279988893002592,0.0840908156130465,0.155136109266812,0.289856099808606,0.105910692084542,0,0.282533884048462,99.1,0
K-Means,22.072117003378,0.799809920333812,0.34953168475918,0.345041238369967,0.513056742837293,0.588062181906312,0.455020360051436,0,0.305550098419189,101.5,0
Otsu,16.7073586197373,0.696398473859848,0.529415934221718,0.592138457025521,0.743827842877146,0.68681667649594,0.811160522931847,0,0.00132298469543457,0,0
Adaptive Thresholding,11.4645356957242,0.564420312744092,0.478906012882339,0.371009253619914,0.541220641130361,0.58185179479279,0.505893699099871,0,0.00165295600891113,0,0
Region Growing,6.3648386785239,0.000309043310417424,0.00165649107861233,0,0,0,0,0,0.00199174880981445,0,0
Split and Merge,16.7073586197373,0.696398473859848,0.529415934221718,0.592138457025521,0.743827842877146,0.68681667649594,0.811160522931847,0,0.0369052886962891,108.4,0
MobileNet-Seg,6.35864550077182,0.000532696982814141,0,0,0,0,0,0,0.260878324508667,103.5,0
K-Means,21.4198662316177,0.686325407203717,0.300008552125203,0.442591354896871,0.613605999224238,0.973903823790957,0.447903230880549,0,0.300240755081177,99.9,0
Otsu,19.6845385954853,0.729664144809445,0.511727290797058,0.710246473414974,0.830577913131753,0.979980322539248,0.720703432220719,0,0.00120759010314941,0,0
Adaptive Thresholding,10.5626000184811,0.395673554195848,0.242811934900543,0.606724739752263,0.755231714233531,0.971029538993944,0.617909837354894,0,0.00148177146911621,0,0
Region Growing,5.53280404958636,0.0463457293394476,0.0999892830350445,0.105253227252001,0.190459931998919,0.996279208215508,0.105294617296379,0,0.0146472454071045,136.4,0
Split and Merge,19.6845385954853,0.729664144809445,0.511727290797058,0.710246473414974,0.830577913131753,0.979980322539248,0.720703432220719,0,0.0201041698455811,99.6,0
MobileNet-Seg,5.25465054014452,0.053246358091458,0.0430412371134021,0.0582649233232353,0.110114059417689,0.964907720301534,0.0583886494478875,0,0.269296884536743,100.2,0
K-Means,22.2049661558462,0.757327112617069,0.397020021729008,0.505821142763818,0.671821012999489,0.793470702338689,0.58251383739051,0,0.285377502441406,101.6,0
Otsu,15.185835750964,0.683890727054273,0.531075802965379,0.588228247414447,0.740735153617941,0.696007559650366,0.791606212047934,0,0.00142312049865723,700,0
Adaptive Thresholding,10.8190540311177,0.534867244887841,0.453309672883115,0.378737736698847,0.549397795705034,0.582735763784272,0.519667902627761,0,0.00146865844726563,0,0
Region Growing,5.91789245738197,0.000501176716069566,0.000100351229302559,0,0,0,0,0,0.00193166732788086,0,0
Split and Merge,15.185835750964,0.683890727054273,0.531075802965379,0.588228247414447,0.740735153617941,0.696007559650366,0.791606212047934,0,0.0256478786468506,77.9,0
MobileNet-Seg,5.91775253528889,0.00049726301681324,0,0,0,0,0,0,0.272183179855347,102.9,0
K-Means,22.5159952767756,0.645890409576146,0.323733804475854,0.411638131211493,0.583206307778351,0.979482834831295,0.415218375728049,0,0.430745840072632,95.2,0
Otsu,15.0302725502568,0.569488670502322,0.374971853186219,0.6061705708859,0.754802238160248,0.982037875566007,0.612966693212161,0,0.00218892097473145,0,0
Adaptive Thresholding,10.3679858403043,0.412675394278661,0.306145578181552,0.536486382223594,0.698328847467159,0.97849764993949,0.542886588279384,0,0.00244712829589844,0,0
Region Growing,5.7475208137677,0.000437953881887009,0,0.00010930497649943,0.000218586060454659,1,0.00010930497649943,0,0.00250005722045898,0,0
Split and Merge,15.0302725502568,0.569488670502322,0.374971853186219,0.6061705708859,0.754802238160248,0.982037875566007,0.612966693212161,0,0.0288650989532471,103.9,0
MobileNet-Seg,6.13377592108803,0.21092951639914,0.335137254901961,0.22877567866432,0.372363617927398,0.988825311342982,0.229368685685733,0,0.434055089950562,94.5,0
K-Means,22.3557864430705,0.633019820765268,0.273129525341915,0.269762055169509,0.424901742923003,0.47983070526986,0.381257068031665,0,0.499567031860352,96.1,0
Otsu,15.7153446797032,0.507640003759683,0.353680627984849,0.51911693778226,0.683445658291602,0.663444565856939,0.704690197012083,0,0.00264120101928711,758.7,0
Adaptive Thresholding,12.411761047056,0.456697036077335,0.284045818671857,0.361237416357246,0.530748585098314,0.520484064770842,0.541426105588953,0,0.00223302841186523,0,0
Region Growing,7.77054866956979,0.000705356496252224,0.000925583117363939,0,0,0,0,0,0.00316715240478516,314.8,0
Split and Merge,15.7153446797032,0.507640003759683,0.353680627984849,0.51911693778226,0.683445658291602,0.663444565856939,0.704690197012083,0,0.030735969543457,97.5,0
MobileNet-Seg,7.77078647498193,0.000907926812432079,0.0000925497454881999,0,0,0,0,0,0.459673404693604,95.7,0
K-Means,21.9153562321076,0.613767896748723,0.180709534368071,0.414540757484892,0.586113557055735,0.981611622910826,0.417785078882931,0,0.582340478897095,99.6,0
Otsu,13.4749906068859,0.517804766590756,0.186800095306171,0.542044441712512,0.703020518799765,0.984701711286675,0.54664786287698,0,0.00245165824890137,0,0
Adaptive Thresholding,12.4123210717646,0.250795149671587,0.0593453510436433,0.653754635352287,0.790630751838253,0.995435831078697,0.655720174813254,0,0.00214838981628418,0,0
Region Growing,8.80825978288327,0.16327506998911,0.0920310296191819,0.291944705574134,0.451946130998533,0.981198529030921,0.29358708117658,0,0.0592012405395508,101.3,0
Split and Merge,13.4749906068859,0.517804766590756,0.186800095306171,0.542044441712512,0.703020518799765,0.984701711286675,0.54664786287698,0,0.0167145729064941,119.7,0
MobileNet-Seg,7.62754461725851,0.067050130559539,0.0870113493064313,0.095062455444317,0.173620152844608,1,0.095062455444317,0,0.290722608566284,99.7,0
K-Means,23.2830395710428,0.669249633342417,0.150140318054256,0.281902397943354,0.439818816776737,0.440275518327507,0.439363061724984,0,0.373199939727783,101.8,0
Otsu,11.6565575729108,0.420336356619405,0.127210884353742,0.202308388060875,0.33653327227828,0.319573860106846,0.355393596076129,0,0.00175690650939941,0,0
Adaptive Thresholding,11.5575681786025,0.203183523807565,0.0482213438735178,0.366023135536342,0.535895953757225,0.460682252975229,0.640461469379296,0,0.00122833251953125,0,0
Region Growing,7.05447105539324,0.0194907741683727,0.014479215319944,0,0,0,0,0,0.00670409202575684,0,0
Split and Merge,11.6565575729108,0.420336356619405,0.127210884353742,0.202308388060875,0.33653327227828,0.319573860106846,0.355393596076129,0,0.00861811637878418,115.8,0
MobileNet-Seg,14.0287849663332,0.719551202232849,0.220204313280363,0.42316882556907,0.594685349996844,0.468605761578864,0.813581568857725,0,0.504464387893677,99.1,0
K-Means,22.8610452858117,0.584141312009845,0.220545788506954,0.873958308171695,0.932740397009539,0.966553575721957,0.901213042070391,0,0.268303155899048,100.6,0
Otsu,9.35117629823101,0.432595427386545,0.165593561368209,0.467650294908101,0.637277553829515,0.628975522185294,0.645801678830299,0,0.00147509574890137,0,0
Adaptive Thresholding,8.33510401413282,0.203955679460434,0.128441474802769,0.432574305319168,0.603911858132613,0.606429737536105,0.601414800607766,0,0.00148606300354004,0,0
Region Growing,9.24171312142302,0.204033474365781,0.119232123987319,0.465941735253168,0.635689296577261,0.614379996281837,0.658529902607916,0,0.0844430923461914,106.5,0
Split and Merge,9.35117629823101,0.432595427386545,0.165593561368209,0.467650294908101,0.637277553829515,0.628975522185294,0.645801678830299,0,0.00716376304626465,139.3,0
MobileNet-Seg,3.68403683562183,0.00266210552220852,0.00732758620689655,0,0,0,0,0,0.257139205932617,101.1,0
K-Means,24.8198848869848,0.778322100986814,0.293584588609494,0.198175744673486,0.330795787770668,0.315592183236405,0.347538396163419,0,0.292628765106201,102.5,0
Otsu,13.2955030631638,0.441804731450239,0.311398090960135,0.292710003700506,0.452862595419847,0.411020933339932,0.504188672372974,0,0.00148105621337891,0,0
Adaptive Thresholding,11.3857843141796,0.396948075682008,0.309435575826682,0.325755011845275,0.491425653962819,0.486299334284356,0.496661203180963,0,0.00252461433410645,393.6,0
Region Growing,6.96450887606802,0.000259910158187863,0,0,0,0,0,0,0.00183749198913574,0,0
Split and Merge,13.2955030631638,0.441804731450239,0.311398090960135,0.292710003700506,0.452862595419847,0.411020933339932,0.504188672372974,0,0.0227184295654297,87.9,0
MobileNet-Seg,8.59464698685847,0.305734375694085,0.198208866849234,0.0209378654694986,0.0410169241002143,0.0524128812919067,0.033691495173921,0,0.263575077056885,98.6,0
K-Means,22.0674869966062,0.599051186266066,0.268807847480421,0.675910850126785,0.806619099190928,0.973998999961537,0.688330751039713,0,0.27161979675293,95.7,0
Otsu,16.3941853329141,0.583487469698663,0.331489915419649,0.699456461453134,0.823153140216441,0.791882252474004,0.856995297507407,0,0.0013585090637207,735,0
Adaptive Thresholding,10.9426594142898,0.405654815393004,0.223289559014267,0.409152730685976,0.580707430466817,0.580833763902864,0.580581151974775,0,0.00196170806884766,507.2,0
Region Growing,6.28716775689694,0.00383044032492633,0.000525072197427146,0,0,0,0,0,0.00203347206115723,489.3,0
Split and Merge,16.3941853329141,0.583487469698663,0.331489915419649,0.699456461453134,0.823153140216441,0.791882252474004,0.856995297507407,0,0.0174508094787598,114.5,0
MobileNet-Seg,6.28693788182674,0.00371889210486088,0,0,0,0,0,0,0.272916793823242,98.9,0
K-Means,25.3928169443588,0.65875703831526,0.105779483898486,0.450097756261056,0.620782639401624,0.991488925348646,0.451843544090845,0,0.260613441467285,99.8,0
Otsu,11.1299275631669,0.460697622042884,0.0909565035986231,0.537528618278572,0.699211204121056,0.987299332291519,0.54127139897503,0,0.00145983695983887,683.3,0
Adaptive Thresholding,10.7634435830051,0.217158652403695,0.0929740704707923,0.632972248331972,0.775239443264921,0.983244769974628,0.639874137420752,0,0.00132250785827637,0,0
Region Growing,5.40596680908494,-0.00428406164468529,0.0294117647058824,0.00982911974079786,0.0194668970198063,1,0.00982911974079786,0,0.00312161445617676,319.2,0
Split and Merge,11.1299275631669,0.460697622042884,0.0909565035986231,0.537528618278572,0.699211204121056,0.987299332291519,0.54127139897503,0,0.00941920280456543,0,0
MobileNet-Seg,5.54930937530301,0.0763851251511993,0.225437010247137,0.0831089179807288,0.153463638976717,0.991826119264351,0.0831658800255464,0,0.279744148254395,100.1,0
K-Means,25.353284226315,0.7462204067145,0.295603197674419,0.546087681640595,0.70641230523372,0.993705566639503,0.547983202392574,0,0.307406902313232,100.8,0
Otsu,13.4497485228541,0.538986695291891,0.194588885277868,0.65124132613724,0.788790004015577,0.992549941245593,0.654440363844855,0,0.00137138366699219,0,0
Adaptive Thresholding,11.6337024030859,0.248501159157764,0.112611496531219,0.610514310374058,0.75816067754438,0.991241679595616,0.613825484635768,0,0.00137853622436523,0,0
Region Growing,6.64466699173799,0.00109562667302561,0.0123069498069498,0.0182536608042148,0.0358528753823444,0.998305084745763,0.0182542265197651,0,0.00393557548522949,0,0
Split and Merge,13.4497485228541,0.538986695291891,0.194588885277868,0.65124132613724,0.788790004015577,0.992549941245593,0.654440363844855,0,0.0109255313873291,91.4,0
MobileNet-Seg,6.92590940896856,0.0497335240560302,0.143932038834951,0.0625106534641191,0.11766593259148,1,0.0625106534641191,0,0.264371633529663,94.5,0
K-Means,25.438615422288,0.77265826265808,0.215723961193483,0.460559365128284,0.630661616534611,0.990587299482964,0.462583770565384,0,0.310501575469971,99.8,0
Otsu,14.3255001203964,0.479600355763408,0.238283222400734,0.624049034404164,0.768510089516007,0.99209205533113,0.627168748355543,0,0.00140380859375,715.9,0
Adaptive Thresholding,12.0869913138275,0.376270888849372,0.206408260886071,0.523779415846776,0.687474066652498,0.99312865497076,0.525684480970733,0,0.00180530548095703,0,0
Region Growing,11.4945317851278,-0.0307107612052384,0.120005423973965,0.541733423712103,0.702758875665737,0.991512998364631,0.544257169831762,0,0.0753915309906006,92.8,0
Split and Merge,14.3255001203964,0.479600355763408,0.238283222400734,0.624049034404164,0.768510089516007,0.99209205533113,0.627168748355543,0,0.0105705261230469,94.5,0
MobileNet-Seg,8.42721049026692,0.14166910667323,0.0901377274963109,0.153286592066366,0.265825672683352,1,0.153286592066366,0,0.266633987426758,101.2,0
K-Means,23.9871314291088,0.693025347027812,0.112503332444681,0.88269055176312,0.937690531177829,0.972572879488347,0.905223730854123,0,0.3934326171875,99.1,0
Otsu,11.8526005193906,0.464844104597517,0.0796781728523229,0.51153783208772,0.676844232712574,0.735047424943168,0.627182128285733,0,0.00147390365600586,0,0
Adaptive Thresholding,12.2504287692774,0.204123491412586,0.044023610427939,0.550220164644865,0.709860672946301,0.714957709530056,0.70483579693666,0,0.00116777420043945,0,0
Region Growing,6.64263983076031,0.0118691020061434,0.061042524005487,0.000327303672347204,0.000654393159410174,0.0151362260343088,0.000334425790916996,0,0.00355362892150879,0,0
Split and Merge,11.8526005193906,0.464844104597517,0.0796781728523229,0.51153783208772,0.676844232712574,0.735047424943168,0.627182128285733,0,0.00197100639343262,0,0
MobileNet-Seg,7.46617873633115,0.211642386317182,0.295851528384279,0.00226555682352151,0.00452087135609397,0.00907868190988568,0.00300983211825296,0,0.292140960693359,102.7,0
K-Means,25.2606994553711,0.74130489056455,0.309775840597758,0.465888260755711,0.635639527552436,0.990924578992202,0.467884657034126,0,0.330898761749268,99.7,0
Otsu,12.0174680190604,0.509689947828968,0.149743714913351,0.607369602312032,0.755731104331443,0.989754252361031,0.611212524364964,0,0.00136542320251465,0,0
Adaptive Thresholding,11.85424469908,0.177909968752489,0.0787275635329661,0.684855388120123,0.812954503928376,0.99274844928377,0.688298629374091,0,0.00133395195007324,0,0
Region Growing,6.2978955611987,0.020759601444181,0.0870127073013138,0.127480809921695,0.226133888576869,0.987438688838378,0.127687880944278,0,0.0169024467468262,59.1,0
Split and Merge,12.0174680190604,0.509689947828968,0.149743714913351,0.607369602312032,0.755731104331443,0.989754252361031,0.611212524364964,0,0.00328946113586426,303.1,0
MobileNet-Seg,6.00792152845778,0.000290641803809344,0,0,0,0,0,0,0.261451005935669,99.4,0
K-Means,20.8005206935794,0.668875452838874,0.304694621695533,0.597807974840996,0.74828513094696,0.915797799669231,0.632577544887873,0,0.264543533325195,102.1,0
Otsu,19.3626208732474,0.731444383616901,0.494525082760377,0.723011871203399,0.839241891814045,0.782775962861073,0.9044875456329,0,0.00125694274902344,0,0
Adaptive Thresholding,9.87894148286764,0.336719961040509,0.196891923710855,0.521937928074203,0.685885959534028,0.677445922050239,0.694538952492115,0,0.00138163566589355,0,0
Region Growing,4.18733163522946,0.00560204882670951,0.0246353322528363,0,0,0,0,0,0.00332331657409668,0,0
Split and Merge,19.3626208732474,0.731444383616901,0.494525082760377,0.723011871203399,0.839241891814045,0.782775962861073,0.9044875456329,0,0.0143513679504395,69.6,0
MobileNet-Seg,8.02325204924288,0.419161484023719,0.150066994193837,0.688581149072787,0.81557365418996,0.9513091258151,0.713735813445253,0,0.27094292640686,103.3,0
K-Means,23.2309670459208,0.660834485119519,0.206716299699034,0.713406993962866,0.832735008642468,0.966482515971729,0.731505057347754,0,0.300031900405884,100,0
Otsu,14.7812022423085,0.625817209338255,0.238812733658095,0.471988702442266,0.641293919795935,0.620419305525224,0.663622135532248,0,0.00128960609436035,0,0
Adaptive Thresholding,12.4313560170194,0.244646926378131,0.112398660556926,0.521724353814507,0.68570152341546,0.690130847313253,0.681328692564648,0,0.00129604339599609,0,0
Region Growing,7.74516415429531,0.0601891815327696,0.0760650941671238,0.0187656296889067,0.0368399348035269,0.115602662065566,0.0219112803382466,0,0.0166010856628418,120.5,0
Split and Merge,14.7812022423085,0.625817209338255,0.238812733658095,0.471988702442266,0.641293919795935,0.620419305525224,0.663622135532248,0,0.0122528076171875,81.5,0
MobileNet-Seg,8.96386041123748,0.350674723750106,0.563154052080798,0.059666671993097,0.112614039056021,0.1588530587935,0.0872246490224018,0,0.279142618179321,100.3,0
K-Means,25.421655465675,0.667552091022519,0.0554984583761562,0.557774322181337,0.71611698079641,0.973949512057424,0.56622174986715,0,0.250224590301514,99.9,0
Otsu,14.4381010662456,0.697426132889071,0.0295566502463054,0.816553294961372,0.899013860178251,0.981573981573982,0.829264480635179,0,0.001190185546875,0,0
Adaptive Thresholding,10.0166249569781,0.151343144613992,0.0143291582908098,0.678985406317223,0.808804416956245,0.985733222494327,0.685724109905911,0,0.00135326385498047,734.9,0
Region Growing,4.94857187617501,0.0478336607738392,0.0282462057335582,0.145900076575661,0.254647118990794,0.999250775982019,0.145916038885937,0,0.0175085067749023,114.1,0
Split and Merge,14.4381010662456,0.697426132889071,0.0295566502463054,0.816553294961372,0.899013860178251,0.981573981573982,0.829264480635179,0,0.00158429145812988,0,0
MobileNet-Seg,4.53761104586696,0.000224847947540897,0,0,0,0,0,0,0.26361870765686,102.4,0
K-Means,27.2731572102195,0.644816632039631,0.188061848256023,0.829045185271228,0.906533301579741,0.882094855553839,0.932364467668191,0,0.315066814422607,98.4,0
Otsu,13.2520694933883,0.33822491504561,0.139092922933427,0.0193894816809973,0.0380413610880575,0.0395130361352521,0.0366753755715219,0,0.00162553787231445,0,0
Adaptive Thresholding,13.0253548428831,0.291996068750886,0.0692845311679392,0.336217647397402,0.503237849091823,0.449045483664318,0.572305682560418,0,0.00140023231506348,0,0
Region Growing,9.11731034066139,0.0211146128429325,0.0985448320136957,0.69874788091485,0.822662254670238,0.886666415065857,0.767276290006532,0,0.0513379573822022,97.4,0
Split and Merge,13.2520694933883,0.33822491504561,0.139092922933427,0.0193894816809973,0.0380413610880575,0.0395130361352521,0.0366753755715219,0,0.0101199150085449,98.7,0
MobileNet-Seg,8.20758866650915,0.000431199465836703,0,0,0,0,0,0,0.264320373535156,102.1,0
K-Means,22.7390437347672,0.703503009904292,0.335499113998819,0.41965938541281,0.591211370452471,0.820722612410398,0.462011901850493,0,0.37197732925415,96.8,0
Otsu,16.2284523243745,0.615516485901883,0.369243545221199,0.578180092215894,0.732717508055854,0.774618459302326,0.695116980516834,0,0.00230050086975098,433.8,0
Adaptive Thresholding,12.8800836432895,0.352206922587439,0.222636463103295,0.530973912137886,0.69364201170015,0.781658830744072,0.623440939104916,0,0.00194787979125977,0,0
Region Growing,8.37720153732168,0.0799553407216063,0.10748080699875,0.227291184472327,0.370394878327185,0.98365697214656,0.228152767587837,0,0.0406482219696045,98.4,0
Split and Merge,16.2284523243745,0.615516485901883,0.369243545221199,0.578180092215894,0.732717508055854,0.774618459302326,0.695116980516834,0,0.0309028625488281,97,0
MobileNet-Seg,7.58832246478337,0.000501580091041445,0,0,0,0,0,0,0.427857637405396,93.5,0
K-Means,23.4929802254604,0.627092310718821,0.21574230419535,0.480192412134378,0.648824312566175,0.986389570649922,0.483395295073261,0,0.484826564788818,90.8,0
Otsu,17.3112846740407,0.685372081022942,0.267511674449633,0.724904486073453,0.840515509033912,0.981355189889257,0.735027648473867,0,0.00162887573242188,608.7,0
Adaptive Thresholding,11.41902050482,0.270342241830645,0.138097032106827,0.598945610834544,0.74917571526643,0.983149346529628,0.605157924333781,0,0.00215911865234375,0,0
Region Growing,6.73477415206699,0.0375073838672711,0.201650118864494,0.114362324036978,0.205251598282109,0.98271935699933,0.114592770783217,0,0.0306060314178467,130.6,0
Split and Merge,17.3112846740407,0.685372081022942,0.267511674449633,0.724904486073453,0.840515509033912,0.981355189889257,0.735027648473867,0,0.015711784362793,127.2,0
MobileNet-Seg,6.48955398152082,0.000466515377144821,0,0,0,0,0,0,0.440913677215576,93,0
K-Means,23.8218693742314,0.535169216540675,0.175337878244229,0.552189747230024,0.711497738231347,0.984374570163132,0.557072578385279,0,0.43380618095398,96.8,0
Otsu,18.7084650474788,0.679469081044041,0.515661317100166,0.69459842325696,0.81977938103113,0.984504583151462,0.702276053180559,0,0.00168943405151367,0,0
Adaptive Thresholding,11.0559964419528,0.358226818751053,0.190225627209968,0.569103056674227,0.725386461078551,0.984649474077634,0.574197465516705,0,0.00265932083129883,0,0
Region Growing,9.61863917374604,-0.0161901699731126,0.0964912280701754,0.39492120443544,0.566227258112798,0.98355351846859,0.397546470716443,0,0.102173089981079,107.6,0
Split and Merge,18.7084650474788,0.679469081044041,0.515661317100166,0.69459842325696,0.81977938103113,0.984504583151462,0.702276053180559,0,0.0267410278320313,74.8,0
MobileNet-Seg,6.60254265193014,0.00154036430825675,0,0,0,0,0,0,0.341633796691895,96.6,0
K-Means,23.9119189244519,0.711714850846821,0.287694704049844,0.813229965791551,0.896995947710959,0.960045880328809,0.841717123043724,0,0.330357074737549,99.9,0
Otsu,13.1403646658164,0.64323896984151,0.267972027972028,0.71399709904683,0.833136881554689,0.802425771395304,0.866292346692925,0,0.00109100341796875,0,0
Adaptive Thresholding,8.83514763706645,0.192482948172132,0.148781794945789,0.558793969849246,0.716956802063185,0.763682004404765,0.67561961827743,0,0.0015263557434082,0,0
Region Growing,9.11774639730585,0.439473313580722,0.117494824016563,0.647565011820331,0.786087355794065,0.869388584196628,0.717353501916993,0,0.0677657127380371,103.3,0
Split and Merge,13.1403646658164,0.64323896984151,0.267972027972028,0.71399709904683,0.833136881554689,0.802425771395304,0.866292346692925,0,0.00851893424987793,0,0
MobileNet-Seg,3.53063628581009,0.000110565645632629,0,0,0,0,0,0,0.278552532196045,100.5,0
K-Means,22.5006341806457,0.676322667558485,0.311310909528779,0.530050065986551,0.692853231106243,0.960739643847059,0.541785324283237,0,0.251919984817505,99.2,0
Otsu,19.4595594803709,0.763276000261457,0.564141957289906,0.722245121055178,0.838725117842315,0.81582995951417,0.862942423398925,0,0.00107121467590332,0,0
Adaptive Thresholding,10.0597363640519,0.392216317799716,0.274869849469309,0.48387615170345,0.652178621710408,0.744478021978022,0.58024109800227,0,0.00146746635437012,0,0
Region Growing,5.40662861909044,0.00297997131917365,0.000304383116883117,0,0,0,0,0,0.00176262855529785,0,0
Split and Merge,19.4595594803709,0.763276000261457,0.564141957289906,0.722245121055178,0.838725117842315,0.81582995951417,0.862942423398925,0,0.0194756984710693,102.6,0
MobileNet-Seg,5.47529011802298,0.0354752367272114,0.0648762824381412,0.00294828221612547,0.00587923080063692,0.0630749014454665,0.00308331370575766,0,0.25546407699585,101.8,0
K-Means,24.0511811997622,0.577111798174411,0.263992156221914,0.643691137126332,0.783226389176373,0.986210164672432,0.649537304349183,0,0.273437738418579,98.7,0
Otsu,18.7256700696137,0.704977110000523,0.542685813476408,0.689807520004943,0.816433246791239,0.985587216103472,0.69683681590487,0,0.0019986629486084,0,0
Adaptive Thresholding,10.4682876083491,0.394920087891627,0.288940498118043,0.550332464246594,0.709954125245047,0.979730843174952,0.556670463944071,0,0.00131964683532715,0,0
Region Growing,5.99796834231994,0.0131823514216582,0.053316578404093,0.0415528890414593,0.0797902621722847,0.99775196702885,0.0415567797006913,0,0.00739645957946777,135,0
Split and Merge,18.7256700696137,0.704977110000523,0.542685813476408,0.689807520004943,0.816433246791239,0.985587216103472,0.69683681590487,0,0.0208816528320313,95.7,0
MobileNet-Seg,6.09079998626578,0.121954359212374,0.196868219979247,0.13035210499244,0.230639823496966,0.990994193624837,0.130506702454706,0,0.267491579055786,100.9,0
K-Means,25.5895839328474,0.662787280490893,0.213920566260322,0.821633120602193,0.902084081925979,0.979898516783763,0.835719041278296,0,0.315575838088989,98.2,0
Otsu,13.4422787998368,0.388862238699424,0.193703031873542,0.841966140096922,0.914203710663888,0.939004702744438,0.890679094540613,0,0.0014650821685791,0,0
Adaptive Thresholding,12.3680374785721,0.323223624274907,0.106915194061164,0.384217335058215,0.555140186915888,0.494484911550468,0.632756324900133,0,0.00145292282104492,0,0
Region Growing,7.9676382756731,0.0481984423106722,0.105540166204986,0.0162549536081251,0.0319899126698734,0.0535742218050993,0.0228029294274301,0,0.0244252681732178,81.8,0
Split and Merge,13.4422787998368,0.388862238699424,0.193703031873542,0.841966140096922,0.914203710663888,0.939004702744438,0.890679094540613,0,0.0100498199462891,99.4,0
MobileNet-Seg,7.57109773271201,0.00045175798282391,0,0,0,0,0,0,0.280027866363525,100,0
K-Means,26.5690092770363,0.772720272310757,0,0.545890516576716,0.706247319228736,0.979877103631532,0.552079597024469,0,0.321925401687622,102.5,0
Otsu,11.6858219131783,0.389792731674397,0.049750716028429,0.595283659485153,0.746304465598638,0.982851318639317,0.601531431779549,0,0.00143647193908691,0,0
Adaptive Thresholding,12.5779337944351,0.164302778756282,0.0318384974639683,0.700942060217967,0.824180995475113,0.98186601116933,0.710135208895404,0,0.00127196311950684,0,0
Region Growing,11.031199438227,0.399590270102088,0.0616970658207772,0.700353846153846,0.823774237036635,0.981099137931035,0.70993247352744,0,0.0795528888702393,100.5,0
Split and Merge,11.6858219131783,0.389792731674397,0.049750716028429,0.595283659485153,0.746304465598638,0.982851318639317,0.601531431779549,0,0.0015709400177002,0,0
MobileNet-Seg,9.04456814984938,0.488691009202472,0.610021786492375,0.490088764199972,0.65779808018766,0.966559835520348,0.498541864853485,0,0.25749397277832,104.8,0
K-Means,23.7121702715651,0.653463074365067,0.182377837629858,0.549892502810706,0.709587925373514,0.993974614945807,0.551731644567584,0,0.26573920249939,101.6,0
Otsu,11.2575912150652,0.255822742556807,0.148698884758364,0.0801801102398882,0.148456927654559,0.271232732811597,0.102196714822878,0,0.0016629695892334,615,0
Adaptive Thresholding,12.7161441710694,0.274829689329987,0.084659511472983,0.488077663671374,0.655984127155289,0.720662449356742,0.601959232139323,0,0.00125837326049805,0,0
Region Growing,7.2875089065189,0.0972734175379379,0.114949748743719,0.319912884807817,0.484748483767392,0.973897981125314,0.322679596279438,0,0.0305006504058838,98.3,0
Split and Merge,11.2575912150652,0.255822742556807,0.148698884758364,0.0801801102398882,0.148456927654559,0.271232732811597,0.102196714822878,0,0.0200409889221191,99.7,0
MobileNet-Seg,11.5523796272645,0.874759931433139,0.893138357705287,0.867623714542066,0.929120473022912,0.871322127880783,0.995131604987136,0,0.251432657241821,99.4,0
K-Means,24.7168703817049,0.666245918540926,0.161744410709357,0.762108040981062,0.864995815530987,0.963024715574735,0.785080355001199,0,0.302650690078735,99.1,0
Otsu,14.4394781854234,0.554981246027338,0.148845798707295,0.586813186813187,0.739612188365651,0.70097138356524,0.782761653474055,0,0.0015876293182373,0,0
Adaptive Thresholding,13.0047383798161,0.236668575120475,0.065583369931196,0.468244993251377,0.637829511292206,0.597342764734625,0.684203512699555,0,0.00121212005615234,0,0
Region Growing,7.46288512624928,0.00176972009181933,0.0409252669039146,0,0,0,0,0,0.00519633293151856,0,0
Split and Merge,14.4394781854234,0.554981246027338,0.148845798707295,0.586813186813187,0.739612188365651,0.70097138356524,0.782761653474055,0,0.010298490524292,97,0
MobileNet-Seg,10.3014576738091,0.552530636377459,0.680109631949883,0.143958553670238,0.251684911500275,0.253071782711791,0.250313157964873,0,0.26893424987793,96.7,0
K-Means,20.7237576230385,0.65551510653701,0.294461729931549,0.584638189485991,0.737882241340694,0.910992550180552,0.620056684823524,0,0.258280277252197,100.7,0
Otsu,13.3465262035787,0.548003123297709,0.415176353700944,0.413630331435099,0.585202966061413,0.631520902795589,0.545215003764227,0,0.00131893157958984,757.2,0
Adaptive Thresholding,10.5791975485196,0.381903943049729,0.320234814903558,0.415132166383072,0.586704445343937,0.634488618807292,0.545613568929631,0,0.0013115406036377,756.7,0
Region Growing,4.49899599703748,0.00283310356685225,0.0131634107487214,0.0159647491253709,0.0314277619161781,1,0.0159647491253709,0,0.00320029258728027,0,0
Split and Merge,13.3465262035787,0.548003123297709,0.415176353700944,0.413630331435099,0.585202966061413,0.631520902795589,0.545215003764227,0,0.0244953632354736,81.6,0
MobileNet-Seg,9.27700989399494,0.726150117756646,0.792130365659778,0.786890215023207,0.88073705749515,0.844931752069814,0.919711261680174,0,0.258808374404907,100.4,0
K-Means,21.711994621354,0.818360892073607,0.418804363850804,0.341502643800639,0.509134507306107,0.582150935636438,0.452393000772365,0,0.300002813339233,100,0
Otsu,16.0005845857796,0.674026625544066,0.530146130254375,0.47572652757079,0.644735347210826,0.612838972882169,0.680134231762857,0,0.00170779228210449,0,0
Adaptive Thresholding,11.5722972043895,0.580208105482337,0.485988326449807,0.371369496947354,0.541603846044434,0.581183796819195,0.507071137507657,0,0.0014796257019043,0,0
Region Growing,6.26196120255531,0.000489685144814345,0.000669024180445379,0,0,0,0,0,0.0019526481628418,0,0
Split and Merge,16.0005845857796,0.674026625544066,0.530146130254375,0.47572652757079,0.644735347210826,0.612838972882169,0.680134231762857,0,0.0330162048339844,90.8,0
MobileNet-Seg,6.26097235196378,0.000583121027326486,0,0,0,0,0,0,0.256042718887329,97.6,0
K-Means,30.0910229752672,0.904993100606408,0.359073359073359,0.798931379284024,0.888228854623682,0.989525034034186,0.805745869963511,0,0.264656543731689,98.2,0
Otsu,39.4674367665719,0.97774754156384,0.84390243902439,0.192990287376668,0.323540416747307,0.99872550581488,0.193037828516882,0,0.0020897388458252,0,0
Adaptive Thresholding,19.3157357378879,0.873263795533291,0.280911901081917,0.891735918744229,0.942769981696156,0.999499775761548,0.892134070299149,0,0.000934123992919922,1062.3,0
Region Growing,15.2879827081739,0.75620225405631,0.169109760457633,0.0382134224261366,0.0736138092625273,1,0.0382134224261366,0,0.00717067718505859,139.2,0
Split and Merge,39.4674367665719,0.97774754156384,0.84390243902439,0.192990287376668,0.323540416747307,0.99872550581488,0.193037828516882,0,0.0155138969421387,64.4,0
MobileNet-Seg,18.9211617283613,0.882806153272395,0.533821628608359,0.142074153680817,0.248800225839842,0.980504344140708,0.142476636233468,0,0.273753643035889,102.3,0
K-Means,25.0192890094718,0.682250007474555,0.27307405257484,0.378531160946599,0.549180419957532,0.987634864832101,0.380333634185055,0,0.301566362380981,99.5,0
Otsu,16.9381739163865,0.515591514921123,0.297614366234107,0.551987767584098,0.711330049261084,0.986638323716975,0.556145155768572,0,0.00167369842529297,0,0
Adaptive Thresholding,13.1568531924596,0.456323039753813,0.239663629992992,0.542319121745423,0.703251504956623,0.980922939816749,0.548099965765149,0,0.00149083137512207,0,0
Region Growing,8.40404178070963,0.0178580516219771,0.0475737392959087,0.0907464172903668,0.166393243840854,0.999143395579921,0.0907534779496436,0,0.0123989582061768,80.9,0
Split and Merge,16.9381739163865,0.515591514921123,0.297614366234107,0.551987767584098,0.711330049261084,0.986638323716975,0.556145155768572,0,0.0140573978424072,71.1,0
MobileNet-Seg,23.7800572640681,0.872949141299539,0.780412823891085,0.869171142578125,0.930007020522784,0.97812349749296,0.886402539603498,0,0.266465663909912,101.3,0
K-Means,23.0212401529365,0.687602207052288,0.296041308089501,0.892791446309497,0.943359552950466,0.937579233323272,0.949211587825449,0,0.293052434921265,99,0
Otsu,13.6522912569014,0.584017742354123,0.382988612595863,0.767117912497548,0.868213611635395,0.795281195972745,0.955873365114289,0,0.00141668319702148,0,0
Adaptive Thresholding,10.4762590666369,0.380379120009967,0.310880064889577,0.408940695788019,0.580493837690307,0.54269994418308,0.623945727906124,0,0.00134634971618652,0,0
Region Growing,5.72495624051417,0.019595437574183,0.0933370427041313,0,0,0,0,0,0.0154993534088135,64.5,0
Split and Merge,13.6522912569014,0.584017742354123,0.382988612595863,0.767117912497548,0.868213611635395,0.795281195972745,0.955873365114289,0,0.0166544914245605,60,0
MobileNet-Seg,10.1907589817682,0.463724738806998,0.310826103357224,0.670750968004891,0.802933508164728,0.80123543194474,0.804638797213055,0,0.261595487594605,103.2,0
K-Means,24.1080649482386,0.615803913677639,0.22322934232715,0.718014660588888,0.835865580265505,0.991514971078598,0.722453786200164,0,0.255513906478882,101.8,0
Otsu,13.1974729690144,0.506383739638564,0.159571344685849,0.672947841615863,0.804505466190599,0.990505540323129,0.677316887986736,0,0.00136780738830566,0,0
Adaptive Thresholding,11.191606575431,0.244267857151797,0.106233502538071,0.617826448572221,0.763773455573644,0.990395536022912,0.621550428436401,0,0.00134134292602539,0,0
Region Growing,10.2417849408558,0.172420419578926,0.0945445253609301,0.611893342380828,0.759223115193265,0.992346747367631,0.61479461394239,0,0.0739364624023438,94.7,0
Split and Merge,13.1974729690144,0.506383739638564,0.159571344685849,0.672947841615863,0.804505466190599,0.990505540323129,0.677316887986736,0,0.0075230598449707,132.6,0
MobileNet-Seg,6.24692541837809,0.000301193068480646,0,0,0,0,0,0,0.269960880279541,96.3,0
K-Means,24.7635570677706,0.757843338980008,0.345143706640238,0.532894623803715,0.69527887374462,0.858380383039965,0.584262678019742,0,0.270803928375244,99.7,0
Otsu,12.5931794221355,0.58300057765093,0.25972442385075,0.585031432012804,0.738195369753498,0.824965100046533,0.667941375932484,0,0.00122237205505371,0,0
Adaptive Thresholding,11.557346269513,0.198965927159062,0.0984173427317462,0.610371257086804,0.758050361866218,0.838652198743575,0.69158315123201,0,0.00133347511291504,0,0
Region Growing,6.12224327674835,0.00753885373385317,0.0253594249201278,0.111912547883771,0.201297391771982,0.932866043613707,0.11282118905885,0,0.0135366916656494,73.8,0
Split and Merge,12.5931794221355,0.58300057765093,0.25972442385075,0.585031432012804,0.738195369753498,0.824965100046533,0.667941375932484,0,0.0094301700592041,105.9,0
MobileNet-Seg,8.60417508858231,0.459668919552642,0.0437216742202079,0.604864763335838,0.753789075758108,0.995179084644149,0.606642302765428,0,0.262868642807007,98.9,0
K-Means,24.3380163709196,0.631230859229521,0.246060210846647,0.00121845082680592,0.00243393602225313,0.00267236771779797,0.00223456553661495,0,0.571637868881226,96.2,0
Otsu,14.1124055171036,0.403937043116748,0.170287141073658,0.0107151294252641,0.0212030652620332,0.0222253333800007,0.0202707016535785,0,0.00229334831237793,0,0
Adaptive Thresholding,11.7174226999916,0.364853127077536,0.151517575078978,0.313618870742308,0.477488376160562,0.439342327602393,0.522888335567899,0,0.00240707397460938,0,0
Region Growing,7.60214814808856,0.146632367923456,0.181909456005842,0.468450630405032,0.638020265313002,0.842083224286836,0.513567005043734,0,0.0700240135192871,85.7,0
Split and Merge,14.1124055171036,0.403937043116748,0.170287141073658,0.0107151294252641,0.0212030652620332,0.0222253333800007,0.0202707016535785,0,0.0207967758178711,96.1,0
MobileNet-Seg,7.02878518179634,0.000547295492988875,0,0,0,0,0,0,0.433831930160522,96.8,0
K-Means,24.3735522658501,0.72162326324037,0.298278506903017,0.484454141666017,0.652703412073491,0.995643957592646,0.485483140451983,0,0.51642656326294,98.7,0
Otsu,10.7183872052836,0.518360451331821,0.1700528576148,0.698234200743494,0.822306134734308,0.988357561007696,0.704024738790236,0,0.00193572044372559,515.1,0
Adaptive Thresholding,8.49607569996059,0.178868201817022,0.112199135980251,0.622812572399413,0.767571786159571,0.982553606237817,0.629777132236955,0,0.0020291805267334,0,0
Region Growing,5.40642511424142,0.13610638766663,0.108229554499936,0.308682071762677,0.47174493855014,0.984048350341821,0.31023442502616,0,0.0732250213623047,95.6,0
Split and Merge,10.7183872052836,0.518360451331821,0.1700528576148,0.698234200743494,0.822306134734308,0.988357561007696,0.704024738790236,0,0.0119872093200684,83.5,0
MobileNet-Seg,3.50579231235542,0.00010940340456386,0,0,0,0,0,0,0.426069021224976,93.9,0
K-Means,22.8609653955438,0.555093406475055,0.233850294796206,0.586084869372557,0.739033428399589,0.986277251307545,0.59090344998759,0,0.477355241775513,98.5,0
Otsu,16.9334851711744,0.669794233078438,0.5343600513359,0.667891120913576,0.800880959840764,0.986403050801289,0.674097170513775,0,0.00170135498046875,0,0
Adaptive Thresholding,10.3371440793748,0.431569079957458,0.319527293190771,0.530294642307929,0.693062143259104,0.983907783611048,0.534934226855299,0,0.00166678428649902,0,0
Region Growing,6.05672364048659,0.004117021553815,0.0948664255346151,0.123605962370678,0.220016565433462,0.999122367101304,0.123619384462646,0,0.0181145668029785,110.3,0
Split and Merge,16.9334851711744,0.669794233078438,0.5343600513359,0.667891120913576,0.800880959840764,0.986403050801289,0.674097170513775,0,0.0253117084503174,118.4,0
MobileNet-Seg,5.86439076067962,0.00344744539537018,0,3.10250682551502E-05,6.20482114603047E-05,1,3.10250682551502E-05,0,0.264220237731934,94.6,0
K-Means,24.1827589240719,0.616390273181821,0.292957227138643,0.70611685163924,0.82774735031871,0.943615751789976,0.737222388705757,0,0.268885612487793,100.4,0
Otsu,16.1185214601762,0.484856739382941,0.327523215101233,0.652416846766117,0.789651652418017,0.757860576187123,0.824226683980954,0,0.00165200233459473,0,0
Adaptive Thresholding,12.9849386776572,0.469263300718631,0.236286266924565,0.348417022828091,0.516779330028541,0.47078304184799,0.572736656344688,0,0.00133109092712402,0,0
Region Growing,8.54245873755222,0.0524389189473317,0.0866506202555082,0.0671430613119909,0.12583703862431,0.321736748390631,0.0782139646388972,0,0.0160722732543945,124.4,0
Split and Merge,16.1185214601762,0.484856739382941,0.327523215101233,0.652416846766117,0.789651652418017,0.757860576187123,0.824226683980954,0,0.0188374519348145,106.1,0
MobileNet-Seg,10.6649673327763,0.188445845879825,0.0598088693224525,0.516132254520028,0.680853867439715,1,0.516132254520028,0,0.268200635910034,100.7,0
K-Means,22.7421585434326,0.48097980814421,0.194944912508101,0.367060675266959,0.537007145195336,0.988283684407329,0.368664951489414,0,0.232665777206421,98.8,0
Otsu,13.3842359899216,0.482716467837686,0.287263394289381,0.621390093691636,0.766490551668333,0.993460503911359,0.623942221257866,0,0.0016932487487793,0,0
Adaptive Thresholding,11.3179623865782,0.345000144587532,0.169895562371394,0.583423401167279,0.73691395584679,0.993584012621615,0.5856297076966,0,0.00139594078063965,0,0
Region Growing,7.91796480831474,0.11195403488496,0.161437196872216,0.211350111579469,0.348949671212548,0.999560246262093,0.211369765351353,0,0.0269320011138916,111.3,0
Split and Merge,13.3842359899216,0.482716467837686,0.287263394289381,0.621390093691636,0.766490551668333,0.993460503911359,0.623942221257866,0,0.0162639617919922,61.4,0
MobileNet-Seg,6.92194177812893,0.0524727982744714,0.0419537589955596,0.0677443352654908,0.126892427387398,1,0.0677443352654908,0,0.266564130783081,101.3,0
K-Means,24.8945055527336,0.573195114891093,0.214064362336114,0.552343509096516,0.711625366241248,0.982745377736325,0.557752487116813,0,0.385880947113037,101.1,0
Otsu,17.3960401327757,0.613894046666346,0.167550702028081,0.687548110970841,0.814848603724011,0.984068573443215,0.695287322320998,0,0.00122547149658203,0,0
Adaptive Thresholding,12.9096966609946,0.302787658927065,0.0712136409227683,0.60883173751484,0.756861918270337,0.984394086705058,0.614765455932494,0,0.00161552429199219,0,0
Region Growing,8.84326710470121,0.133203430773554,0.12935159214651,0.276228275530612,0.432882237177774,0.985072151268867,0.277389422552973,0,0.0341732501983643,87.8,0
Split and Merge,17.3960401327757,0.613894046666346,0.167550702028081,0.687548110970841,0.814848603724011,0.984068573443215,0.695287322320998,0,0.011582612991333,86.2,0
MobileNet-Seg,12.882334859623,0.452418398271362,0.0764505119453925,0.501563080351616,0.668054625096625,0.988260047569677,0.504569444660678,0,0.261167764663696,103.4,0
K-Means,21.1648931942521,0.697986751234474,0.316320230500103,0.574887655300026,0.730068145959918,0.884964394710071,0.621318172728052,0,0.269166231155396,100.3,0
Otsu,15.5253565323729,0.690304701285952,0.532617218127646,0.512669108304059,0.677833778041308,0.597096781213955,0.783818529840299,0,0.00116491317749023,0,0
Adaptive Thresholding,8.84467136775288,0.337313058380586,0.272396810506567,0.438809625626871,0.609962037800084,0.578579117330463,0.644944719024084,0,0.00146293640136719,0,0
Region Growing,3.76366793823054,0.000881983391284172,9.94134605825629E-05,0,0,0,0,0,0.00210142135620117,0,0
Split and Merge,15.5253565323729,0.690304701285952,0.532617218127646,0.512669108304059,0.677833778041308,0.597096781213955,0.783818529840299,0,0.021733283996582,92,0
MobileNet-Seg,12.7913282059391,0.820476830354344,0.701265583679637,0.599466873797377,0.749583356326914,0.610733426855149,0.970145416107191,0,0.261528730392456,99.4,0
K-Means,21.6231241742809,0.540745394284333,0.234557045504506,0.865526295663701,0.927916478771232,0.937486193947427,0.918540161783405,0,0.273549318313599,102.4,0
Otsu,16.4718665544243,0.707326701519794,0.426438319507626,0.656508440013595,0.79264122555054,0.684866749394316,0.94067040012986,0,0.0011909008026123,0,0
Adaptive Thresholding,10.0621800137374,0.386214480685324,0.293622985283812,0.386585319205906,0.557607691140567,0.568803466906799,0.546844141438736,0,0.00143051147460938,693.6,0
Region Growing,5.52343855283593,-0.00172870824908406,0.00567010309278351,0,0,0,0,0,0.00260305404663086,0,0
Split and Merge,16.4718665544243,0.707326701519794,0.426438319507626,0.656508440013595,0.79264122555054,0.684866749394316,0.94067040012986,0,0.0324466228485107,92.4,0
MobileNet-Seg,5.51632004915311,0.000196965349001371,0,0,0,0,0,0,0.255491256713867,97.8,0
K-Means,24.7781026543806,0.710344985704833,0.324973719777744,0.347279797498074,0.515527358374971,0.761278648974668,0.38972026100739,0,0.302154064178467,99.3,0
Otsu,16.965814881725,0.503607298810814,0.230599369085174,0.493107275852191,0.660511516924663,0.791056350163709,0.566950042197567,0,0.00154948234558105,0,0
Adaptive Thresholding,15.1939899669023,0.403525955190536,0.150209358103988,0.50093425303414,0.667496596898233,0.767621086432968,0.590477758794591,0,0.00182867050170898,0,0
Region Growing,10.2541448586742,0.001313762647492,0,0.000782198802000782,0.00156317489047492,1,0.000782198802000782,0,0.00197482109069824,0,0
Split and Merge,16.965814881725,0.503607298810814,0.230599369085174,0.493107275852191,0.660511516924663,0.791056350163709,0.566950042197567,0,0.0146489143371582,136.4,0
MobileNet-Seg,10.2888326852439,0.00815157063162625,0.00826605151864667,0.0149425760507142,0.029445165476963,0.993160054719562,0.0149441139540149,0,0.253270149230957,102.6,0
K-Means,23.1966407247098,0.679297926684214,0.242908635010187,0.524397400964158,0.688006159853704,0.676792815213569,0.69959733795649,0,0.332849025726318,99.1,0
Otsu,9.53533835152702,0.293735640386498,0.27974471964747,0.173463035019455,0.295642947145036,0.363118025576281,0.249314915273195,0,0.00174379348754883,0,0
Adaptive Thresholding,10.5604932168654,0.199051393196454,0.0969744324347788,0.425329208014187,0.596815396222419,0.566613888260575,0.630417761870142,0,0.00120115280151367,0,0
Region Growing,6.07515543807898,0.0178417169129919,0.0499817584823057,0,0,0,0,0,0.0184230804443359,108.4,0
Split and Merge,9.53533835152702,0.293735640386498,0.27974471964747,0.173463035019455,0.295642947145036,0.363118025576281,0.249314915273195,0,0.0199611186981201,100.1,0
MobileNet-Seg,5.72516146159491,0.000271348085075306,0,0,0,0,0,0,0.258761882781982,100.5,0
K-Means,23.3884869381335,0.635232203587678,0.206386929075381,0.350420728022191,0.518980078949784,0.983387692976734,0.35250744360785,0,0.340389251708984,99.9,0
Otsu,16.7304853899934,0.647383366351271,0.420429728777739,0.676179716156191,0.806810522330868,0.989491325814196,0.681070632433865,0,0.00116086006164551,0,0
Adaptive Thresholding,10.4227740647379,0.374324473032285,0.272072826997791,0.551420085390756,0.710858510320072,0.986303644060762,0.555675068980031,0,0.00136208534240723,0,0
Region Growing,5.92677741252087,0.00726155125094144,0.0781010719754977,0.0729854278241375,0.136041787579803,0.982603227834835,0.0730798609487287,0,0.0112195014953613,89,0
Split and Merge,16.7304853899934,0.647383366351271,0.420429728777739,0.676179716156191,0.806810522330868,0.989491325814196,0.681070632433865,0,0.0147919654846191,67.6,0
MobileNet-Seg,5.84405618513874,0.00025606681754648,0,0,0,0,0,0,0.266447305679321,101.3,0
K-Means,22.8972291371564,0.631523652351492,0.20844638433408,0.0545798092495951,0.103510059211986,0.109380071405388,0.0982379996113234,0,0.360242605209351,99.9,0
Otsu,13.1691751516321,0.353908563738002,0.141191863922921,0.692970643684352,0.818644607063315,0.901050583657588,0.750048584569541,0,0.00164556503295898,0,0
Adaptive Thresholding,13.4526881891956,0.364116191313681,0.165746612527944,0.43280890861536,0.604140448894359,0.527137582353935,0.707488501651875,0,0.0011899471282959,0,0
Region Growing,7.29917201044866,0.0668357379966637,0.143299082974257,0.0368470867909577,0.0710752574036726,0.103135974370033,0.0542203796074367,0,0.0318667888641357,94.1,0
Split and Merge,13.1691751516321,0.353908563738002,0.141191863922921,0.692970643684352,0.818644607063315,0.901050583657588,0.750048584569541,0,0.0149574279785156,66.8,0
MobileNet-Seg,7.01818569900802,0.000903545961797003,0,0,0,0,0,0,0.267152547836304,101,0
K-Means,22.192823704784,0.705918906180737,0.36576853273768,0.743842516765042,0.853107444753584,0.92353144304186,0.792662846604755,0,0.282853126525879,99,0
Otsu,15.3031203459176,0.534200555095036,0.375692520775623,0.657913339442335,0.793664329480134,0.762455246070757,0.827537377329908,0,0.00157070159912109,0,0
Adaptive Thresholding,12.3601975127667,0.454953511706863,0.302044306890373,0.422373618106205,0.5938996797038,0.536157682512733,0.665579924916025,0,0.0014197826385498,0,0
Region Growing,6.82251955840851,0.00232147324086949,9.70873786407767E-05,0,0,0,0,0,0.00184130668640137,0,0
Split and Merge,15.3031203459176,0.534200555095036,0.375692520775623,0.657913339442335,0.793664329480134,0.762455246070757,0.827537377329908,0,0.0208804607391357,95.7,0
MobileNet-Seg,6.95343213476615,0.0757361369831364,0.075379711231952,0.0086138501643432,0.0170805708506574,0.0581261950286807,0.0100111967331884,0,0.267168521881104,101,0
K-Means,24.0617799670116,0.583832733969172,0.16296212293037,0.1089867453134,0.196551934951397,0.291226957742651,0.148330988027405,0,0.400830268859863,99.8,0
Otsu,15.9695920761865,0.440851456230526,0.173566338649474,0.65582337883959,0.792141706924316,0.896983311938383,0.709243581166809,0,0.00149059295654297,0,0
Adaptive Thresholding,13.156035861637,0.409367244059095,0.146670916842651,0.448215573179524,0.618990130309781,0.672117411751987,0.573646450898521,0,0.00170278549194336,0,0
Region Growing,9.23411793659122,0.117974270330968,0.155933062880325,0.186915006038647,0.314959378030749,0.50670145283405,0.228494313594316,0,0.0405197143554688,98.7,0
Split and Merge,15.9695920761865,0.440851456230526,0.173566338649474,0.65582337883959,0.792141706924316,0.896983311938383,0.709243581166809,0,0.0140633583068848,142.1,0
MobileNet-Seg,8.68652345499926,0.0883797728387394,0.115595325054785,0.0607598175073551,0.114559048154996,0.44482597159357,0.065745461256315,0,0.266319990158081,101.4,0
K-Means,24.6251115975903,0.619129712758037,0.258638622443083,0.46092444774457,0.631003811944092,0.984015852047556,0.464401496259352,0,0.331162929534912,99.6,0
Otsu,15.2687797365059,0.500687734684754,0.201487761958087,0.569880539499037,0.726017713017693,0.9810274372446,0.576231296758105,0,0.00142812728881836,0,0
Adaptive Thresholding,12.4547687746725,0.361304378029391,0.148732062119127,0.568240277242973,0.724685222652183,0.979685591375007,0.575015586034913,0,0.00229644775390625,0,0
Region Growing,8.2110514801781,0.0380544365240378,0.168138403315913,0.244884334730632,0.393425040220496,0.984397428696249,0.245838528678304,0,0.0362393856048584,110.3,0
Split and Merge,15.2687797365059,0.500687734684754,0.201487761958087,0.569880539499037,0.726017713017693,0.9810274372446,0.576231296758105,0,0.012387752532959,81,0
MobileNet-Seg,7.85086338690995,0.00692051263528754,0.00254314259763851,0.0124844139650873,0.0246609504164037,1,0.0124844139650873,0,0.270596504211426,96.1,0
K-Means,23.6247412361657,0.510564145946201,0.214320038443056,0.691189771734298,0.817400605522218,0.987342603744662,0.697369031599462,0,0.299039602279663,100.3,0
Otsu,16.0867344802022,0.702318651730715,0.507083742460373,0.712613564982917,0.832194231732627,0.986887611126435,0.719425239354709,0,0.00133824348449707,0,0
Adaptive Thresholding,9.37206240091239,0.357719156260974,0.277681052046675,0.533424304682469,0.69572955515783,0.983908371040724,0.538118880794395,0,0.00137782096862793,0,0
Region Growing,5.01454023165574,0.000146172561691628,0,1.54671863641285E-05,3.09338942679494E-05,1,1.54671863641285E-05,0,0.0017085075378418,0,0
Split and Merge,16.0867344802022,0.702318651730715,0.507083742460373,0.712613564982917,0.832194231732627,0.986887611126435,0.719425239354709,0,0.0160090923309326,124.8,0
MobileNet-Seg,5.31461443641927,0.199555965581929,0.294874053197111,0.214900554791451,0.353774724925269,0.995989113307549,0.215086693579571,0,0.268845796585083,100.4,0
K-Means,25.3023115224624,0.79710594265203,0.252914798206278,0.718294137435396,0.83605492422557,0.987388334209143,0.724945214358468,0,0.399461984634399,92.6,0
Otsu,24.0790343819476,0.854113965662064,0.393593681439228,0.182555468183851,0.308747408633975,0.995041600134465,0.182721688941017,0,0.00329232215881348,302.8,0
Adaptive Thresholding,18.4250270978989,0.818173123030239,0.157317654536787,0.866132264529058,0.928264604810997,0.998720182018557,0.867094663415538,0,0.00130486488342285,0,0
Region Growing,13.1360184628614,0.724451902574367,0.0812553740326741,0.096929012345679,0.176727958244819,0.999681680725768,0.0969320040741998,0,0.0225434303283691,88.7,0
Split and Merge,24.0790343819476,0.854113965662064,0.393593681439228,0.182555468183851,0.308747408633975,0.995041600134465,0.182721688941017,0,0.0284416675567627,105.4,0
MobileNet-Seg,14.741735730968,0.68050948888594,0.185286103542234,0.0437565550003085,0.0838443692462282,0.986782608695652,0.0437822155004784,0,0.418943405151367,97.9,0
K-Means,21.8371599026921,0.824606117478664,0.38916442660811,0.339148334511582,0.50651346945113,0.550340778730009,0.469151781862111,0,0.562331676483154,99.6,0.0078125
Otsu,14.8076672479821,0.667185026424858,0.528069690265487,0.468082661406163,0.637678890584843,0.58348851644941,0.702965455748267,0,0.00230240821838379,433.6,0
Adaptive Thresholding,11.1638227042108,0.567671562350291,0.48850384309568,0.351784603655478,0.520474345845021,0.537687825820301,0.504328817556879,0,0.00233149528503418,0,0
Region Growing,5.95607636721009,0.000251466606361738,0.000138612946449198,0,0,0,0,0,0.00273680686950684,0,0
Split and Merge,14.8076672479821,0.667185026424858,0.528069690265487,0.468082661406163,0.637678890584843,0.58348851644941,0.702965455748267,0,0.0503382682800293,99.3,0
MobileNet-Seg,5.95602826364095,0.000250696265388658,0,0,0,0,0,0,0.426860570907593,96,0
K-Means,24.9886944385581,0.612116706673242,0.174144110740329,0.443525482974938,0.614503156620254,0.897300710339384,0.467244242055599,0,0.581412076950073,98,0
Otsu,13.7970309025737,0.364074353065769,0.159466911764706,0.461975708502024,0.631988214052306,0.968724531377343,0.468970392411514,0,0.00261092185974121,0,0
Adaptive Thresholding,13.1285855365268,0.354939868917962,0.143729903536977,0.581878386514148,0.735680304471931,0.941331761328686,0.603774515444936,0,0.00209450721740723,476.6,0
Region Growing,9.08892109285069,0.199645393675463,0.176663542642924,0.414816122200116,0.586388740828107,0.945334210911218,0.425011096680859,0,0.0694236755371094,100.8,0
Split and Merge,13.7970309025737,0.364074353065769,0.159466911764706,0.461975708502024,0.631988214052306,0.968724531377343,0.468970392411514,0,0.0140717029571533,142,0
MobileNet-Seg,8.03417246179299,0.000398329619888007,0,0,0,0,0,0,0.283657312393189,102.2,0
K-Means,22.1920974201938,0.812683376217431,0.380936426836419,0.377358120563204,0.547944815410681,0.703814783658242,0.448596605744125,0,0.266710758209229,101.2,0
Otsu,18.2834863743952,0.730749573647835,0.590758151630326,0.592827879947301,0.744371551265056,0.72414629307114,0.765759045132413,0,0.0013270378112793,0,0
Adaptive Thresholding,11.2891370593935,0.55372260062739,0.472112257882087,0.419412620815763,0.590966452834157,0.677537979262117,0.524011562849683,0,0.00174808502197266,0,0
Region Growing,6.16821211281254,0.000824122472946383,0.000102406554019457,0,0,0,0,0,0.00195527076721191,509.4,0
Split and Merge,18.2834863743952,0.730749573647835,0.590758151630326,0.592827879947301,0.744371551265056,0.72414629307114,0.765759045132413,0,0.0337622165679932,118.4,0
MobileNet-Seg,6.1680032930616,0.00074254707016906,0,0,0,0,0,0,0.254893779754639,102,0
K-Means,21.7714502947239,0.811399407414694,0.374943396226415,0.465942775125589,0.635690264356562,0.988678495762712,0.46844218583349,0,0.315632820129395,98.2,0
Otsu,16.1661783129157,0.697915641678096,0.531040643144261,0.683007196257325,0.811650951672931,0.986906820580771,0.689252776209298,0,0.00139260292053223,0,0
Adaptive Thresholding,11.2431665771321,0.566321984751273,0.480067045715976,0.507098098362695,0.672946371458639,0.983207717817305,0.511528326745718,0,0.00165057182312012,0,0
Region Growing,6.0965625213026,0.000281961079571529,0.000640820249919897,0.000376435159043855,0.000752587017873942,1,0.000376435159043855,0,0.00223660469055176,0,0
Split and Merge,16.1661783129157,0.697915641678096,0.531040643144261,0.683007196257325,0.811650951672931,0.986906820580771,0.689252776209298,0,0.0363466739654541,110,0
MobileNet-Seg,8.02511383727219,0.515505322945405,0.479729427048336,0.490271541586487,0.657962697274032,0.94908940397351,0.503513394817743,0,0.274701118469238,98.3,0
K-Means,23.3279440630189,0.692494957456381,0.362635019897669,0.708089631598937,0.829101258504914,0.878715515616163,0.784790234320191,0,0.275929689407349,101.5,0
Otsu,18.1404584586932,0.689662782741212,0.478744369369369,0.613824884792627,0.76070816676185,0.707672245164095,0.822337589448576,0,0.00125980377197266,0,0
Adaptive Thresholding,11.8909996879145,0.447698416790774,0.304429896783003,0.442268535153911,0.613295685753436,0.605096411208827,0.621720218885927,0,0.00143313407897949,692.7,0
Region Growing,7.05458445454201,0.000601841684911322,0.00565899963490325,0,0,0,0,0,0.00219845771789551,0,0
Split and Merge,18.1404584586932,0.689662782741212,0.478744369369369,0.613824884792627,0.76070816676185,0.707672245164095,0.822337589448576,0,0.0171358585357666,58.3,0
MobileNet-Seg,7.05176066022058,0.000970206215624199,0,0,0,0,0,0,0.286807060241699,101.1,0
K-Means,21.8811992241701,0.673269472017566,0.35076865391826,0.796663636849703,0.886825581049311,0.94372486303322,0.836397316792501,0,0.273750305175781,98.6,0
Otsu,15.7916433037982,0.655079680626613,0.465625392046167,0.707630809084616,0.82878665027594,0.775938487156255,0.889359791181341,0,0.00130271911621094,765.1,0
Adaptive Thresholding,9.80962716473488,0.43926181660348,0.327226327416775,0.422674035794808,0.594196597618614,0.593821831025397,0.594571837548065,0,0.00159907341003418,622.5,0
Region Growing,4.99033320160329,0.00144304796396805,0,0,0,0,0,0,0.00201535224914551,0,0
Split and Merge,15.7916433037982,0.655079680626613,0.465625392046167,0.707630809084616,0.82878665027594,0.775938487156255,0.889359791181341,0,0.01798415184021,55.6,0
MobileNet-Seg,4.99031569074156,0.00144410180193548,0,0,0,0,0,0,0.308073997497559,100.6,0
K-Means,22.0920123277428,0.779311232525954,0.354271146773654,0.28320283008693,0.441399946207639,0.453271189366477,0.430134652557088,0,0.285792112350464,98,0
Otsu,18.1332723101732,0.715592006149136,0.555928454292361,0.284012678072388,0.442382980982336,0.371798875702686,0.546047243062609,0,0.00162982940673828,611.5,0
Adaptive Thresholding,11.8219722281195,0.573105420687232,0.471332296526698,0.31585277345775,0.48007312038073,0.462500759093945,0.499033515709465,0,0.00157856941223145,0,0
Region Growing,6.68446355699031,0.00107320814737158,0.000403103900030233,0.000393146152082037,0.000785983297854921,1,0.000393146152082037,0,0.00186061859130859,0,0
Split and Merge,18.1332723101732,0.715592006149136,0.555928454292361,0.284012678072388,0.442382980982336,0.371798875702686,0.546047243062609,0,0.0364968776702881,109.6,0
MobileNet-Seg,8.14635345407098,0.396504056678666,0.388814317673378,0.732900834105653,0.845865868007274,0.92776973915764,0.777249942666186,0,0.259320259094238,100.2,0
K-Means,23.544053956209,0.600850488812028,0.217711171662125,0.380064229249012,0.550792088069453,0.990264703515971,0.381489632086291,0,0.300206661224365,99.9,0
Otsu,11.1552874661084,0.366275110156902,0.192410317225022,0.484337609806555,0.652597638982786,0.992188241247351,0.486191612683259,0,0.0017085075378418,0,0
Adaptive Thresholding,12.1041580990339,0.24746152734839,0.0963103520978284,0.639871432324263,0.780392193816493,0.995504267339824,0.64172581595016,0,0.00136756896972656,0,0
Region Growing,7.92611278241615,0.0928480239739937,0.138193018480493,0.137973251507121,0.242489445730628,0.999887690925427,0.137975389765366,0,0.0173017978668213,57.9,0
Split and Merge,11.1552874661084,0.366275110156902,0.192410317225022,0.484337609806555,0.652597638982786,0.992188241247351,0.486191612683259,0,0.00910711288452148,219.1,0
MobileNet-Seg,8.11334685427338,0.198741524485899,0.0394703335879807,0.238353531909618,0.384952318974795,1,0.238353531909618,0,0.281870126724243,99.3,0
K-Means,22.0063309320772,0.647014365316886,0.322686415286336,0.0612028228240731,0.115346136492928,0.10061945994045,0.135122713484695,0,0.310344934463501,99.9,0
Otsu,12.95549301314,0.403100075644521,0.342282958199357,0.578612452682418,0.733064599483204,0.666153210354285,0.814918650611269,0,0.00171542167663574,0,0
Adaptive Thresholding,11.6453151600053,0.46478942569494,0.311132111132111,0.280336142026765,0.437910221893751,0.354794559607653,0.571881606765328,0,0.00142025947570801,0,0
Region Growing,6.95713157564321,0.00161956415671173,0.000167070420182107,0,0,0,0,0,0.00166749954223633,0,0
Split and Merge,12.95549301314,0.403100075644521,0.342282958199357,0.578612452682418,0.733064599483204,0.666153210354285,0.814918650611269,0,0.0220267772674561,90.7,0
MobileNet-Seg,100,1,1,0.332000732421875,0.498499324123078,0.332000732421875,1,0,0.292488098144531,102.6,0
K-Means,27.1453927909684,0.703743705136745,0.298513625103221,0.392744016440304,0.563985932524934,0.991535010727521,0.394065300300766,0,0.27511191368103,98.1,0
Otsu,14.1684248063814,0.479333500395098,0.155919661733615,0.581387108701011,0.735287527642205,0.989252667173452,0.585082633096648,0,0.00142502784729004,0,0
Adaptive Thresholding,12.6442449308759,0.225963587476,0.0587929014622294,0.631203158251858,0.773911152708056,0.991665657177468,0.634569470714086,0,0.00150871276855469,656.8,0
Region Growing,10.8669260645841,0.235478964779017,0.092609385626842,0.493391459732578,0.660766413946052,0.987239157907715,0.49655824625593,0,0.0620689392089844,96.6,0
Split and Merge,14.1684248063814,0.479333500395098,0.155919661733615,0.581387108701011,0.735287527642205,0.989252667173452,0.585082633096648,0,0.00229120254516602,0,0
MobileNet-Seg,9.53036270549377,0.370018918569745,0.652858326429163,0.366256713867188,0.536146260288813,0.958701122338938,0.372127996031131,0,0.261392593383789,103.3,0
K-Means,21.3221523800669,0.666347085115124,0.185736206551471,0.211565974316987,0.349243836162131,0.378990922003335,0.323826610030868,0,0.299776077270508,100.1,0
Otsu,23.2965056165912,0.858388566037406,0.691847926551235,0.529831817374025,0.6926667511511,0.577488598144007,0.865234941825185,0,0.0010221004486084,0,0
Adaptive Thresholding,10.8169971050283,0.420649256025797,0.35127829710553,0.384786676646707,0.555734226990798,0.569612188365651,0.542516423502098,0,0.00136399269104004,0,0
Region Growing,6.12102671313397,0.00704458994831038,0.0100867759400727,0,0,0,0,0,0.00309133529663086,0,0
Split and Merge,23.2965056165912,0.858388566037406,0.691847926551235,0.529831817374025,0.6926667511511,0.577488598144007,0.865234941825185,0,0.037273645401001,107.3,0
MobileNet-Seg,6.92817808954345,0.19955994550401,0.174623563833583,0.0702140224407926,0.131214917705261,0.235326235326235,0.0909690525815899,0,0.259831428527832,100.1,0
K-Means,21.6340507811048,0.841422526727956,0.452312844484755,0.379643101677508,0.550349726267467,0.635585327410804,0.485271996280393,0,0.326546192169189,98,0
Otsu,15.0466024030148,0.676381143456946,0.528065320624509,0.50281624270522,0.669165302339427,0.66216795201371,0.676312118808632,0,0.00145745277404785,684.3,0
Adaptive Thresholding,12.3207396135799,0.63410394438599,0.50457499005437,0.370610111569002,0.540795822883208,0.583085584160921,0.504225583239887,0,0.00153923034667969,0,0
Region Growing,6.70144764705622,0.000314816937753526,0.000134366462131052,0,0,0,0,0,0.00186777114868164,0,0
Split and Merge,15.0466024030148,0.676381143456946,0.528065320624509,0.50281624270522,0.669165302339427,0.66216795201371,0.676312118808632,0,0.0374088287353516,106.9,0
MobileNet-Seg,6.70140674904878,0.000314896179490734,0,0,0,0,0,0,0.278179407119751,100.6,0
K-Means,23.0639688172681,0.682652959901295,0.263175176489903,0.524356091981225,0.687970605739126,0.788938013708792,0.609914435803914,0,0.279747724533081,100.1,0
Otsu,13.977282555319,0.524089646070743,0.330525048894238,0.418435129182254,0.589995440148873,0.637470039946738,0.549101920033033,0,0.00148129463195801,0,0
Adaptive Thresholding,12.5867769440279,0.236621213196378,0.105687055349233,0.529393852547109,0.692292376702622,0.70722660923666,0.677975821806253,0,0.00125718116760254,0,0
Region Growing,7.77211094067906,0.0227944052884071,0.135296540362438,0,0,0,0,0,0.01058030128479,94.4,0
Split and Merge,13.977282555319,0.524089646070743,0.330525048894238,0.418435129182254,0.589995440148873,0.637470039946738,0.549101920033033,0,0.0184719562530518,54.1,0
MobileNet-Seg,7.48750279297849,0.0215619283624292,0.0467072816942269,0,0,0,0,0,0.259679317474365,100.1,0
K-Means,21.6486865685864,0.812830573220264,0.423075575487895,0.264958376690947,0.418920308483291,0.423536750181932,0.414403417760147,0,0.311815977096558,99.4,0
Otsu,14.7180401887049,0.673822551358063,0.522036627087945,0.526411934845486,0.689737708187893,0.594800471790839,0.820737124063337,0,0.00214362144470215,0,0
Adaptive Thresholding,11.1231744607366,0.585278476467578,0.497836624483555,0.320590349727238,0.48552581017036,0.459970269696326,0.514088088699013,0,0.00159597396850586,0,0
Region Growing,5.85915672888237,0.000138014484895119,0.000225611406912734,0,0,0,0,0,0.00200057029724121,0,0
Split and Merge,14.7180401887049,0.673822551358063,0.522036627087945,0.526411934845486,0.689737708187893,0.594800471790839,0.820737124063337,0,0.0277259349822998,108.1,0
MobileNet-Seg,9.98216875038305,0.458547487302678,0.458257556075171,0.607667189468542,0.755961424664545,0.715444693346249,0.801342691486115,0,0.258832931518555,100.4,0
K-Means,24.4128358838058,0.658683876864582,0.116959064327485,0.441542788268381,0.612597547380156,0.987762721238938,0.44397141081417,0,0.219257593154907,100.3,0
Otsu,10.8642459462347,0.450254066615811,0.183333333333333,0.491101009322752,0.658709244044851,0.983490202129301,0.495183343691734,0,0.00145578384399414,0,0
Adaptive Thresholding,10.6955737103454,0.252749012494405,0.15517380433906,0.622078422309529,0.767013991128504,0.986681654896019,0.627346177750155,0,0.0014493465423584,0,0
Region Growing,5.59561404100788,0.0252566777141379,0.0970094821298322,0.0491399349139935,0.0936766074356361,0.949117030829093,0.0492697327532629,0,0.00916743278503418,108.8,0
Split and Merge,10.8642459462347,0.450254066615811,0.183333333333333,0.491101009322752,0.658709244044851,0.983490202129301,0.495183343691734,0,0.00833344459533691,119.8,0
MobileNet-Seg,5.99259861997789,0.192560959547528,0.433681073025335,0.209400117928188,0.346287576500173,0.993667623886312,0.209679925419515,0,0.270266771316528,99.9,0
K-Means,21.4643379072028,0.6958043444921,0.363237010089917,0.14746255399895,0.257023732033848,0.322274672431288,0.213746488764045,0,0.263635396957397,102.4,0
Otsu,18.4467000686691,0.651462310783121,0.472457190014442,0.537549075182129,0.699228510957875,0.655521134693669,0.749180711610487,0,0.0016791820526123,0,0
Adaptive Thresholding,11.7150939175872,0.499229392784505,0.312434604277403,0.42507608760518,0.596566164154104,0.570387572069186,0.625263342696629,0,0.00144839286804199,0,0
Region Growing,6.59840144702042,0.00807472917912225,0.000187916940712205,0,0,0,0,0,0.00177407264709473,0,0
Split and Merge,18.4467000686691,0.651462310783121,0.472457190014442,0.537549075182129,0.699228510957875,0.655521134693669,0.749180711610487,0,0.0217106342315674,92,0
MobileNet-Seg,6.59831546314467,0.00807493105971697,0,0,0,0,0,0,0.400688648223877,97.3,0
K-Means,23.7431996558455,0.67819540157854,0.191164972634871,0.936289587605377,0.967096650830306,0.957171140744192,0.977230165571773,0,0.478845357894897,98.1,0
Otsu,9.40634584826523,0.237130358090464,0.268059066116802,0.02296912252137,0.0449067758071851,0.0619284034491769,0.0352248744092031,0,0.00305318832397461,0,0
Adaptive Thresholding,12.0919956155336,0.207926568967892,0.107812937552506,0.48508782043891,0.653278296088301,0.578437213565536,0.750364138997057,0,0.0018002986907959,552.8,0
Region Growing,7.92265293040862,0.0493199706538229,0.108558650132141,0,0,0,0,0,0.029449462890625,101.8,0
Split and Merge,9.40634584826523,0.237130358090464,0.268059066116802,0.02296912252137,0.0449067758071851,0.0619284034491769,0.0352248744092031,0,0.0185163021087647,54,0
MobileNet-Seg,6.85130028851667,0.000386177613259294,0,0,0,0,0,0,0.434041976928711,99.1,0
K-Means,24.7177383254662,0.682454534503612,0.283252784198361,0.352710383440787,0.521486916576517,0.665106978604279,0.42887719841147,0,0.445588350296021,96.5,0
Otsu,16.6481104755407,0.534900779311806,0.275233644859813,0.734470293406667,0.846910202150648,0.83989754254267,0.854040951054722,0,0.00211453437805176,0,0
Adaptive Thresholding,13.06342776017,0.351785835866185,0.180855430588622,0.474961834938465,0.644032711474572,0.638290866724077,0.649878797256176,0,0.00199413299560547,0,0
Region Growing,7.74961786773161,-0.00666060560409574,0.0508013737836291,0,0,0,0,0,0.018399715423584,108.6,0
Split and Merge,16.6481104755407,0.534900779311806,0.275233644859813,0.734470293406667,0.846910202150648,0.83989754254267,0.854040951054722,0,0.0177285671234131,112.7,0
MobileNet-Seg,7.79227646195069,0.0436248373402881,0.0921264924169087,0,0,0,0,0,0.438362598419189,95.8,0
K-Means,27.2418254210598,0.796454288078383,0.276775855723224,0.589585813453719,0.741810613134143,0.990210843373494,0.59304242348843,0,0.429697751998901,97.7,0
Otsu,14.0226454617036,0.622794533041323,0.142411517696461,0.715299915299915,0.834023145363296,0.986596996537735,0.722318984822095,0,0.0011286735534668,0,0
Adaptive Thresholding,11.9673005800891,0.184740575133744,0.0661909336260921,0.6785268702925,0.808479008947006,0.986143135367464,0.68505847225678,0,0.00112104415893555,0,0
Region Growing,7.95023875086733,0.12023035968324,0.078941637630662,0.3775,0.548094373865699,0.980126612709352,0.380411793978602,0,0.0458493232727051,87.2,0
Split and Merge,14.0226454617036,0.622794533041323,0.142411517696461,0.715299915299915,0.834023145363296,0.986596996537735,0.722318984822095,0,0.0029594898223877,336.7,0
MobileNet-Seg,6.16801711847575,0.000283760494834908,0,0,0,0,0,0,0.269688844680786,100.1,0
K-Means,21.8428517667171,0.756946843149287,0.37069005738814,0.431793044119454,0.603150079395734,0.982934676178487,0.435054482417038,0,0.282478809356689,102.7,0
Otsu,18.7044760323711,0.765414265511803,0.590681003584229,0.704374865966116,0.826549229317395,0.985554150502604,0.711723006438831,0,0.00131750106811523,754.8,0
Adaptive Thresholding,11.3176398383216,0.551061524136725,0.435757422341157,0.516328128598406,0.681024270222654,0.984628897672376,0.520523774145617,0,0.00150465965270996,0,0
Region Growing,6.35331694055808,0.00253360063676624,0.000113713895838071,6.19118375433383E-05,0.000123816009410017,1,6.19118375433383E-05,0,0.00207686424255371,0,0
Split and Merge,18.7044760323711,0.765414265511803,0.590681003584229,0.704374865966116,0.826549229317395,0.985554150502604,0.711723006438831,0,0.0305478572845459,98.2,0
MobileNet-Seg,6.3534780819068,0.0121150152615005,0.00022740193291643,0.0115618567072699,0.0228594161209376,0.998663101604278,0.0115620356612184,0,0.273241519927979,98.8,0
K-Means,21.9613971314059,0.626937367719722,0.296201833597574,0.875635023408706,0.933694468785682,0.943515710950707,0.924075582770492,0,0.274092197418213,102.1,0
Otsu,14.7722242201107,0.704041543373675,0.493375507280974,0.72771875760279,0.842404186908869,0.760998155490067,0.943312922130824,0,0.00124454498291016,0,0
Adaptive Thresholding,8.83591465856981,0.361627824840555,0.314401175606172,0.425851722617381,0.597329604281239,0.611563876651982,0.583742871409424,0,0.00157809257507324,0,0
Region Growing,4.17076035540325,0.000194353407473077,0.000242228502220428,0,0,0,0,0,0.00198888778686523,0,0
Split and Merge,14.7722242201107,0.704041543373675,0.493375507280974,0.72771875760279,0.842404186908869,0.760998155490067,0.943312922130824,0,0.0195248126983643,102.4,0
MobileNet-Seg,4.17066869849235,0.000194923676294349,0,0,0,0,0,0,0.264101266860962,102.2,0
K-Means,24.0529109695999,0.665214895563862,0.284328972646601,0.243573591079185,0.391731688138874,0.445763645123546,0.349382316448185,0,0.286914825439453,97.6,0
Otsu,14.9860337486897,0.485807297428757,0.306316617783819,0.521202416183565,0.685250576305515,0.677139019829879,0.693558828289367,0,0.00158023834228516,648.5,0
Adaptive Thresholding,12.2288658801925,0.352030918755168,0.202570428139424,0.416633789851397,0.588202530302629,0.578550558280288,0.598182014349679,0,0.00161409378051758,615.5,0
Region Growing,7.49225674428245,0.028118730130846,0.0386565272496831,0,0,0,0,0,0.0068509578704834,0,0
Split and Merge,14.9860337486897,0.485807297428757,0.306316617783819,0.521202416183565,0.685250576305515,0.677139019829879,0.693558828289367,0,0.0198554992675781,100.7,0
MobileNet-Seg,7.29258589082647,0.00068523818759909,0,0,0,0,0,0,0.276185035705566,101.4,0
K-Means,21.8032296306674,0.670170413030884,0.346223740641128,0.163546951231364,0.281117923188721,0.359557283876757,0.230773450356555,0,0.279304027557373,100.2,0
Otsu,17.1496387331054,0.631889435526204,0.452884829583426,0.614844149207971,0.761490388418638,0.733204692022546,0.792046077893582,0,0.00133109092712402,0,0
Adaptive Thresholding,10.8383432372544,0.463462465980985,0.287647206213981,0.45827459273183,0.628516186205137,0.615645632217166,0.641936368623149,0,0.00136041641235352,0,0
Region Growing,5.8593654852736,0.00492991452992425,0.000408538453681953,0,0,0,0,0,0.00171184539794922,581.6,0
Split and Merge,17.1496387331054,0.631889435526204,0.452884829583426,0.614844149207971,0.761490388418638,0.733204692022546,0.792046077893582,0,0.0187220573425293,106.8,0
MobileNet-Seg,5.85896865575011,0.00489704954530461,0,0,0,0,0,0,0.271883726119995,99.3,0
K-Means,24.9965546383202,0.686424625549582,0.0983992467043315,0.704443450498944,0.826596447412475,0.987652719212888,0.710702393178353,0,0.322833776473999,99.1,0
Otsu,17.3768237784627,0.822944668369878,0.111154144074361,0.869991672064403,0.930476520362215,0.98989260897031,0.87778918868453,0,0.00133299827575684,0,0
Adaptive Thresholding,10.8762393893934,0.200701533116091,0.0290662401411946,0.699054516193925,0.822874733601705,0.992159360449794,0.702937789811098,0,0.00119543075561523,871.7,0
Region Growing,5.28802771725317,0.0237673594874158,0.0233482364629906,0.0902343385304827,0.165532005994434,1,0.0902343385304827,0,0.0121066570281982,165,0
Split and Merge,17.3768237784627,0.822944668369878,0.111154144074361,0.869991672064403,0.930476520362215,0.98989260897031,0.87778918868453,0,0.00600337982177734,166.3,0
MobileNet-Seg,5.08738204483371,0.000672450520765422,0,0,0,0,0,0,0.258259057998657,96.8,0
K-Means,27.0323950867367,0.763820033456307,0.388698630136986,0.513611030077843,0.678656563504864,0.992640949554896,0.515574187383444,0,0.377702951431274,100.6,0
Otsu,11.7257164212061,0.498829694666043,0.135576447303315,0.577765171261231,0.732384237889315,0.991084109199937,0.580783872508978,0,0.00160932540893555,0,0
Adaptive Thresholding,11.8527416208248,0.156079887168911,0.0459204406917415,0.687590187590188,0.814878153056862,0.994250832408435,0.690334910531264,0,0.00121474266052246,0,0
Region Growing,9.44729592319087,0.273196957030811,0.0539738375288557,0.543664042637915,0.704381300103183,0.988554401403548,0.547107871091041,0,0.0664188861846924,90.3,0
Split and Merge,11.7257164212061,0.498829694666043,0.135576447303315,0.577765171261231,0.732384237889315,0.991084109199937,0.580783872508978,0,0.00483775138854981,204.5,0
MobileNet-Seg,6.37145547982541,0.0322879923612329,0.365930599369085,0.039669574330364,0.0763118885265342,0.9988358556461,0.0396714085353637,0,0.267083406448364,104.8,0
K-Means,24.2617161563057,0.558702577656687,0.120511259890444,0.436355669619104,0.6075872137363,0.971432552954292,0.442027836783869,0,0.368221521377564,100.5,0
Otsu,11.7012725589134,0.378911455494607,0.169494720965309,0.489657210401891,0.65740924419758,0.962871211426125,0.49908056180844,0,0.00148415565490723,0,0
Adaptive Thresholding,11.0000309049816,0.240669761872862,0.0851115618661258,0.571759691369548,0.727540850562654,0.968332586874621,0.582654322944739,0,0.00136089324951172,0,0
Region Growing,8.86834112017528,0.109432302874624,0.100075315383167,0.35904873294347,0.528382425501153,0.956662650101799,0.36498525728417,0,0.0468266010284424,85.4,0
Split and Merge,11.7012725589134,0.378911455494607,0.169494720965309,0.489657210401891,0.65740924419758,0.962871211426125,0.49908056180844,0,0.00601768493652344,165.9,0
MobileNet-Seg,7.42567194405882,0.247466648874258,0.491646778042959,0.233169003235249,0.37816228371541,0.892236043152744,0.239925810849371,0,0.262485265731812,99,0
K-Means,21.7090489984085,0.660688065411051,0.308561178980027,0.0400067153529757,0.0769354942855298,0.072164011870874,0.0823826315425569,0,0.280337810516357,99.9,0
Otsu,14.8503143448049,0.691594425745576,0.544742622481138,0.19890332997618,0.331808787252484,0.270073151142851,0.430132061121482,0,0.00133466720581055,0,0
Adaptive Thresholding,8.89799558421737,0.414410999038125,0.383749164232678,0.300740982669579,0.462414864567967,0.423410736866307,0.509334163036714,0,0.00167560577392578,0,0
Region Growing,4.2873087889125,0.000261323715742624,0.000435946939029707,0.000172854871050266,0.00034564999481525,1,0.000172854871050266,0,0.00203919410705566,0,0
Split and Merge,14.8503143448049,0.691594425745576,0.544742622481138,0.19890332997618,0.331808787252484,0.270073151142851,0.430132061121482,0,0.0245659351348877,122.1,0
MobileNet-Seg,5.90887244329689,0.479682453341989,0.586316866237439,0.827620214578166,0.90568074042581,0.859283852550577,0.957373988799004,0,0.275428056716919,105.3,0
K-Means,26.1771567065701,0.807492955023463,0.256848772763262,0.480351570947512,0.648969583137685,0.991202626462245,0.482408240513791,0,0.370889902114868,99.8,0
Otsu,13.3123527798683,0.423511601363495,0.246951092611863,0.581219018793335,0.735153083646662,0.992223130255978,0.583878874375601,0,0.00146794319152832,0,0
Adaptive Thresholding,11.9097248734647,0.381678243702047,0.234544702920065,0.522272832548444,0.686175068465362,0.991121659634318,0.52472774657938,0,0.00141716003417969,0,0
Region Growing,9.3791485115642,0.103564889801597,0.105326439822051,0.260448766588724,0.413263551034449,0.993208928782331,0.260913406347926,0,0.0376186370849609,106.3,0
Split and Merge,13.3123527798683,0.423511601363495,0.246951092611863,0.581219018793335,0.735153083646662,0.992223130255978,0.583878874375601,0,0.00767898559570313,0,0
MobileNet-Seg,10.7478226123611,0.550984319139869,0.392232806448236,0.538028126002046,0.699633663268041,0.971625534261685,0.546616611336912,0,0.255817174911499,101.6,0
K-Means,22.8510582578755,0.667407047324774,0.334295403708781,0.712694044406445,0.832249106878208,0.94247756342308,0.745104611860667,0,0.27018141746521,99.9,0
Otsu,15.3208278217037,0.543719101388886,0.398088524367925,0.681272578953502,0.810424897761142,0.804436371642448,0.816503254280846,0,0.0014500617980957,0,0
Adaptive Thresholding,11.1188600343877,0.424912688600968,0.274326101249178,0.425147133335932,0.596636127444277,0.584393667461359,0.60940249727646,0,0.00146889686584473,0,0
Region Growing,6.37932487818333,0.0270096227185959,0.0575632183908046,0,0,0,0,0,0.00837850570678711,0,0
Split and Merge,15.3208278217037,0.543719101388886,0.398088524367925,0.681272578953502,0.810424897761142,0.804436371642448,0.816503254280846,0,0.0218334197998047,137.3,0
MobileNet-Seg,6.2655094601541,0.0125740946663784,0.00547577229052588,0,0,0,0,0,0.265942335128784,97.7,0
K-Means,24.7179556656885,0.682534753898122,0.28577463301299,0.354867539099904,0.523840934790803,0.666147393648892,0.431632890752388,0,0.251810789108276,99.3,0
Otsu,16.6469833878521,0.534838884031785,0.274199588092118,0.731622377001908,0.845013770575802,0.836537486050523,0.853663586717395,0,0.00139856338500977,0,0
Adaptive Thresholding,13.0645038741099,0.351820666733373,0.180851936966513,0.472880493184775,0.642116580907764,0.635189546455975,0.649196366177498,0,0.00122952461242676,0,0
Region Growing,7.82305308868926,0.00849792539656404,0.118605817452357,0.00241596638655462,0.00482028712145028,0.0126679885437321,0.00297642156482129,0,0.0179531574249268,111.3,0
Split and Merge,16.6469833878521,0.534838884031785,0.274199588092118,0.731622377001908,0.845013770575802,0.836537486050523,0.853663586717395,0,0.0130112171173096,153.4,0
MobileNet-Seg,7.71378707504254,0.000542874597600857,0,0,0,0,0,0,0.272905349731445,102.6,0
K-Means,22.1670471859128,0.724707312687075,0.379363176125766,0.785324028994915,0.879755177481176,0.953530377668309,0.81657620159181,0,0.26362133026123,98.6,0
Otsu,16.0088321884395,0.633001339586651,0.416355140186916,0.715419606386929,0.83410449982412,0.803660348828115,0.866946030317518,0,0.00138258934020996,0,0
Adaptive Thresholding,10.5563119805777,0.448091577832818,0.315725537834555,0.44767045226534,0.618470110465842,0.609723436816791,0.627471383975026,0,0.00147080421447754,0,0
Region Growing,5.45311441174288,0.000619491299272643,0,0,0,0,0,0,0.00266194343566895,0,0
Split and Merge,16.0088321884395,0.633001339586651,0.416355140186916,0.715419606386929,0.83410449982412,0.803660348828115,0.866946030317518,0,0.015272855758667,65.4,0
MobileNet-Seg,5.45259816630136,0.00127999794837928,0,0,0,0,0,0,0.258499383926392,104.4,0
K-Means,22.250613614025,0.636583971664919,0.308722435496831,0.427557321260837,0.599005468842698,0.992422617771106,0.428957654219901,0,0.337083101272583,100.9,0
Otsu,19.2401039338015,0.761547725733622,0.509134955082265,0.753656552634406,0.859525830758863,0.99135947026285,0.758639867756338,0,0.00135445594787598,0,0
Adaptive Thresholding,10.1386597049891,0.358678397946287,0.22353722852041,0.57071762103711,0.726696655583806,0.990008259838534,0.574024007786309,0,0.00158572196960449,0,0
Region Growing,5.61782520200088,0.00416731466852796,0.0550898203592814,0.0351310849850917,0.0678775577212961,1,0.0351310849850917,0,0.00699067115783691,142.8,0
Split and Merge,19.2401039338015,0.761547725733622,0.509134955082265,0.753656552634406,0.859525830758863,0.99135947026285,0.758639867756338,0,0.0213704109191895,140.3,0
MobileNet-Seg,5.94049923981472,0.124914126467252,0.255288773523686,0.131301271454835,0.23212432402906,1,0.131301271454835,0,0.273905515670776,98.6,0
K-Means,23.4634844164598,0.574134301811581,0.233245382585752,0.625761356415542,0.769807147827911,0.99031174118859,0.629615768463074,0,0.625459909439087,94.3,0
Otsu,16.6133394667396,0.668761319569421,0.430278128950695,0.702639559351405,0.825353264573584,0.989023673149378,0.708161801397206,0,0.00172781944274902,577.2,0
Adaptive Thresholding,10.3451770332606,0.388514820867816,0.276725786493682,0.537104331287015,0.698852147319497,0.984663359319631,0.541635479041916,0,0.00247406959533691,0,0
Region Growing,6.13229225710325,0.0351531334172317,0.104825776352238,0.120357376742446,0.214855329631331,0.999223300970874,0.120368637724551,0,0.0329222679138184,121.5,0
Split and Merge,16.6133394667396,0.668761319569421,0.430278128950695,0.702639559351405,0.825353264573584,0.989023673149378,0.708161801397206,0,0.0283331871032715,105.8,0
MobileNet-Seg,5.92165826673004,0.00106979089659829,0,0,0,0,0,0,0.416841745376587,98.3,0
K-Means,24.4485808387058,0.710388424678529,0.294152567527456,0.681018201724374,0.810244887325778,0.900408931350197,0.736494686676731,0,0.531199216842651,97.9,0
Otsu,15.1725716584413,0.517076867868099,0.304463142491312,0.681456857927446,0.810555269039024,0.785375197801283,0.837403427759524,0,0.00209736824035645,0,0
Adaptive Thresholding,12.3121930091096,0.354739859712607,0.197628781684383,0.429637211865908,0.60104368898619,0.561888579960869,0.646064588698458,0,0.00196504592895508,506,0
Region Growing,7.11133146825121,0.0408939082366594,0.0736877150149817,0,0,0,0,0,0.0280120372772217,107,0
Split and Merge,15.1725716584413,0.517076867868099,0.304463142491312,0.681456857927446,0.810555269039024,0.785375197801283,0.837403427759524,0,0.0270998477935791,110.6,0
MobileNet-Seg,7.07416655505514,0.0788439010298819,0.0721007473014116,7.59205365051246E-05,0.000151829546029657,0.000523103748910201,8.88020602077968E-05,0,0.404841184616089,101.3,0
K-Means,24.992926372999,0.714557097012572,0.344100197758734,0.519100673416239,0.68343156250317,0.990852134011825,0.521600445944691,0,0.559268712997437,96.6,0
Otsu,10.2210020975866,0.358205737127966,0.226382047071702,0.474214728275947,0.643345530580241,0.990343762070297,0.476417577653216,0,0.00152134895324707,655.8,0
Adaptive Thresholding,11.1555501690398,0.18734580823357,0.0976093969724543,0.639372364905561,0.780020913604205,0.995934470398614,0.641045492552104,0,0.0012366771697998,0,0
Region Growing,8.29025278248111,0.165528520877149,0.10958904109589,0.302183284661382,0.464117898334045,0.993043566568498,0.302824316372983,0,0.0357582569122314,111.8,0
Split and Merge,10.2210020975866,0.358205737127966,0.226382047071702,0.474214728275947,0.643345530580241,0.990343762070297,0.476417577653216,0,0.00458168983459473,0,0
MobileNet-Seg,6.87549764238639,0.134425439830576,0.543062200956938,0.145162037394433,0.253522266114789,0.980498487850662,0.145582360410021,0,0.273341178894043,98.8,0
K-Means,21.7157114583914,0.671805832235759,0.364306510561853,0.531112223254927,0.693760019923109,0.966267776621575,0.541145618337664,0,0.285495042800903,101.6,0
Otsu,16.164350943306,0.546520869498931,0.438123203034196,0.228007778091708,0.371345820701602,0.419477144167559,0.333122890513076,0,0.00146651268005371,0,0
Adaptive Thresholding,12.4001063277984,0.52117978956051,0.337060124673236,0.38195542774982,0.552775321229777,0.595144081324036,0.516038171090013,0,0.00192999839782715,0,0
Region Growing,7.193305720996,0.00358131492140216,0.000839701066420354,0.000558482869145036,0.00111634228025045,1,0.000558482869145036,0,0.00189447402954102,0,0
Split and Merge,16.164350943306,0.546520869498931,0.438123203034196,0.228007778091708,0.371345820701602,0.419477144167559,0.333122890513076,0,0.0210411548614502,95,0
MobileNet-Seg,7.20299580549175,0.00353443501344214,0,0,0,0,0,0,0.274904012680054,98.2,0
K-Means,24.3456654784223,0.657736211529527,0.264787066246057,0.371847726318082,0.542112246402286,0.991784232365145,0.372996676081834,0,0.325287103652954,98.4,0
Otsu,17.4600388314529,0.643954233799195,0.246307000642261,0.680054416720774,0.809562368876293,0.986433456665546,0.686474930166508,0,0.0011439323425293,0,0
Adaptive Thresholding,12.5174270841129,0.295619619396703,0.105089499298853,0.60864597807627,0.756718366093366,0.982822667098801,0.615190149966449,0,0.00138092041015625,0,0
Region Growing,7.54019577147548,0.0125842369195137,0.137980968142325,0.0925845215117365,0.169478003191247,0.973326787759777,0.0928200246562944,0,0.0126223564147949,158.3,0
Split and Merge,17.4600388314529,0.643954233799195,0.246307000642261,0.680054416720774,0.809562368876293,0.986433456665546,0.686474930166508,0,0.0115418434143066,86.5,0
MobileNet-Seg,7.47044729617974,0.000589361094541755,0,0,0,0,0,0,0.302251577377319,102.6,0
K-Means,24.4649269101147,0.660868106057635,0.205390196949504,0.420713021710044,0.592256163322346,0.691851799276031,0.517726729517992,0,0.262502431869507,99,0
Otsu,15.356040329333,0.475165789049264,0.157609896178485,0.720451586838443,0.837514513456747,0.823093491973947,0.852449873854734,0,0.00157070159912109,0,0
Adaptive Thresholding,12.7421851530858,0.293876000116638,0.0978130873056552,0.458733169679387,0.628947334871684,0.604820517850137,0.655079006772009,0,0.00157618522644043,0,0
Region Growing,8.50748087521581,0.0979019638259731,0.130128698713013,0.195235725836547,0.326689909975543,0.470944188837768,0.250086309919001,0,0.0463480949401856,107.8,0
Split and Merge,15.356040329333,0.475165789049264,0.157609896178485,0.720451586838443,0.837514513456747,0.823093491973947,0.852449873854734,0,0.0159783363342285,62.5,0
MobileNet-Seg,8.39298721950607,0.0916094449631182,0.00406710726995425,0.228867348293719,0.372485034469345,1,0.228867348293719,0,0.272505283355713,99.1,0
K-Means,24.3230273090173,0.643467376044801,0.227347135291286,0.447831780020026,0.618624050390484,0.987600217420845,0.450364058869094,0,0.305788040161133,101.4,0
Otsu,16.6750919823269,0.572034107151539,0.256408202499199,0.642513266169346,0.782353822526876,0.988990956011175,0.647141750580945,0,0.00127100944519043,791.9,0
Adaptive Thresholding,11.93965124627,0.365143724226048,0.167267050912584,0.565393251514872,0.722365770987867,0.987323754532026,0.569527498063517,0,0.00158452987670898,0,0
Region Growing,7.26984199648199,0.00946772148430235,0.00597766241938021,0.0321920991479473,0.0623761781833463,1,0.0321920991479473,0,0.00620365142822266,0,0
Split and Merge,16.6750919823269,0.572034107151539,0.256408202499199,0.642513266169346,0.782353822526876,0.988990956011175,0.647141750580945,0,0.0136196613311768,146.7,0
MobileNet-Seg,7.41229271529081,0.0905418613562071,0.12102111566341,0.0980170410534469,0.178534644525022,1,0.0980170410534469,0,0.257395505905151,101,0
K-Means,21.6784300182635,0.841004421788171,0.440323314321705,0.437609324933051,0.608801455782753,0.987667260594627,0.440013696924418,0,0.291406869888306,102.9,0
Otsu,15.1615030848501,0.678923832763082,0.532265242545616,0.59849081061062,0.748819832604477,0.985891863036681,0.603660814344415,0,0.00148653984069824,0,0
Adaptive Thresholding,11.7838165341939,0.616653729905559,0.498649894625922,0.494317830893706,0.661596643865341,0.984137719028589,0.498287884447765,0,0.00161385536193848,0,0
Region Growing,6.25194489076119,0.000303607932404281,8.98472596585804E-05,6.22587473540032E-05,0.000124509742887381,1,6.22587473540032E-05,0,0.00188684463500977,0,0
Split and Merge,15.1615030848501,0.678923832763082,0.532265242545616,0.59849081061062,0.748819832604477,0.985891863036681,0.603660814344415,0,0.0349278450012207,114.5,0
MobileNet-Seg,100,1,1,0.9803466796875,0.990075818282685,0.9803466796875,1,0,0.279142618179321,96.7,0
K-Means,25.2112172990274,0.587637678995598,0.198054818744474,0.0288255446981587,0.0560358261839537,0.0573866881698754,0.0547470991730239,0,0.24571681022644,105.8,0
Otsu,13.4210361721958,0.337516234782024,0.12879899392161,0.72646801051709,0.84156556170364,0.891322269615398,0.797070325020835,0,0.00156116485595703,0,0
Adaptive Thresholding,12.2707205903024,0.333939688204514,0.0927280032141422,0.375776831924545,0.54627585405531,0.499468791500664,0.602762997628053,0,0.0012969970703125,764.5,0
Region Growing,8.25523817105163,0.0820529351545053,0.0983942603348138,0.0868984606419657,0.159901708924383,0.263801872189873,0.114718892236682,0,0.0273783206939697,109.5,0
Split and Merge,13.4210361721958,0.337516234782024,0.12879899392161,0.72646801051709,0.84156556170364,0.891322269615398,0.797070325020835,0,0.0121078491210938,82.5,0
MobileNet-Seg,7.6176688570872,0.000440176640282539,0,0,0,0,0,0,0.262390375137329,99.1,0
K-Means,23.2899886997108,0.644701040405793,0.298840005658509,0.373350191192796,0.543707196586954,0.978738884397737,0.376402922431214,0,0.285300493240356,98.1,0
Otsu,15.8497747092402,0.554999837166449,0.33884685318787,0.586628103750654,0.739465161828301,0.982682197711576,0.592756101352402,0,0.00137972831726074,0,0
Adaptive Thresholding,12.0948218937436,0.438237223490307,0.277508121536404,0.542164035425491,0.703121098626717,0.98337756669926,0.547178610290689,0,0.00150871276855469,658.6,0
Region Growing,7.38194570005236,0.00112201936123268,0.000779879118736596,0.000310896937665164,0.000621600621600622,1,0.000310896937665164,0,0.00197625160217285,0,0
Split and Merge,15.8497747092402,0.554999837166449,0.33884685318787,0.586628103750654,0.739465161828301,0.982682197711576,0.592756101352402,0,0.0168514251708984,59.3,0
MobileNet-Seg,12.697565827167,0.505626745938747,0.315552285477789,0.554680705677724,0.71356221718327,0.998267139942424,0.555215296129333,0,0.261733770370483,99.3,0
K-Means,24.4606977786341,0.675293701290361,0.248648648648649,0.901056142301279,0.947953216374269,0.979214146462012,0.91862651657608,0,0.375334978103638,98.6,0
Otsu,15.4347553463416,0.551683072725276,0.173721340388007,0.68942274100409,0.816163680375628,0.773209182262377,0.864171453594704,0,0.00141620635986328,0,0
Adaptive Thresholding,12.5779641893131,0.320402049901805,0.133964984552008,0.467845569854643,0.637458843713338,0.624622991347342,0.650833311867288,0,0.00135064125061035,0,0
Region Growing,7.46146287510456,0.0106661076226649,0.0901894260672887,0,0,0,0,0,0.0179126262664795,111.5,0
Split and Merge,15.4347553463416,0.551683072725276,0.173721340388007,0.68942274100409,0.816163680375628,0.773209182262377,0.864171453594704,0,0.0103576183319092,96.4,0
MobileNet-Seg,7.28270718925565,0.00068951853811191,0,0,0,0,0,0,0.2737717628479,98.6,0
K-Means,25.714950761678,0.666896861037167,0.228408279800143,0.427125163474113,0.598581223856139,0.973455361526054,0.432158535446309,0,0.254709959030151,106,0
Otsu,11.4423294837565,0.415114143710974,0.120450400444057,0.573585138174312,0.729016974372027,0.982065618736154,0.579656900899779,0,0.00134921073913574,0,0
Adaptive Thresholding,10.597989221629,0.211842755730707,0.0802207305522382,0.586291366241449,0.73919757582821,0.982698515171078,0.592406363834491,0,0.00127291679382324,779.4,0
Region Growing,7.88963543928546,0.0482534193099146,0.0925692695214106,0.435821494130532,0.607069187795445,0.979578392621871,0.439817553473022,0,0.0537915229797363,92.9,0
Split and Merge,11.4423294837565,0.415114143710974,0.120450400444057,0.573585138174312,0.729016974372027,0.982065618736154,0.579656900899779,0,0.00499105453491211,0,0
MobileNet-Seg,6.03469458138481,0.000237583044852588,0,0,0,0,0,0,0.260950326919556,99.6,0
K-Means,21.3550428330154,0.705369992636739,0.322315436241611,0.620821683165823,0.766057968762142,0.944834195898026,0.644171458442237,0,0.286434650421143,101.2,0
Otsu,14.3898989689874,0.626231592935448,0.445008756567426,0.634316201026309,0.776246604699843,0.741701985808848,0.814166231050706,0,0.00135278701782227,0,0
Adaptive Thresholding,9.13803540381169,0.316615481205695,0.23463755174933,0.496079486489603,0.663172633499043,0.652057493621643,0.674673288029273,0,0.00138616561889648,713.7,0
Region Growing,3.67578243493222,0.00100023958803008,0,0,0,0,0,0,0.00174975395202637,0,0
Split and Merge,14.3898989689874,0.626231592935448,0.445008756567426,0.634316201026309,0.776246604699843,0.741701985808848,0.814166231050706,0,0.0190412998199463,105,0
MobileNet-Seg,4.35127360027703,0.0764161283027697,0.0482844807998182,0.174411918452692,0.297020007566822,1,0.174411918452692,0,0.27100944519043,99.6,0
K-Means,25.2760717125181,0.728245811191657,0.191088516746411,0.406422177972819,0.577951890034364,0.702077210793481,0.491122739802831,0,0.318313121795654,97.4,0
Otsu,12.4524760221283,0.420057491264657,0.114675485737908,0.42847978330987,0.59991018188169,0.64367169932541,0.561720319581367,0,0.00143098831176758,0,0
Adaptive Thresholding,12.0896119827003,0.222307604283479,0.0733990762701286,0.491842705098982,0.659376090278029,0.679746992434578,0.640190627482129,0,0.0012202262878418,0,0
Region Growing,10.0984833124849,0.251569923496281,0.0828841655649344,0.517982582065269,0.682461825563948,0.741404345086436,0.632201093304677,0,0.0651099681854248,107.5,0
Split and Merge,12.4524760221283,0.420057491264657,0.114675485737908,0.42847978330987,0.59991018188169,0.64367169932541,0.561720319581367,0,0.00990033149719238,100.8,0
MobileNet-Seg,7.20365378448014,0.000309820502251521,0,0,0,0,0,0,0.260170459747314,99.9,0
K-Means,24.641250622261,0.696066501718306,0.102175602175602,0.467008278706183,0.636681176902502,0.992673273803683,0.468623575553565,0,0.318097114562988,100.6,0
Otsu,10.6991399772712,0.4362748296994,0.118438177874187,0.506320159926188,0.672261015149659,0.991926251732241,0.50841542880084,0,0.00150823593139648,0,0
Adaptive Thresholding,11.2123448068056,0.150042412747925,0.0412674019164708,0.671359268015598,0.803369186820858,0.991475276033283,0.675257095210154,0,0.00135278701782227,0,0
Region Growing,7.5679624850336,0.164542530081744,0.0723530659876936,0.299865862871768,0.461379702993785,0.995037347794945,0.300314999536765,0,0.0361764430999756,82.9,0
Split and Merge,10.6991399772712,0.4362748296994,0.118438177874187,0.506320159926188,0.672261015149659,0.991926251732241,0.50841542880084,0,0.00742959976196289,134.4,0
MobileNet-Seg,6.49950095377438,0.230683053219591,0.69906868451688,0.23316734893383,0.378160108010355,0.955794878216768,0.235709212192335,0,0.266571283340454,97.5,0
K-Means,24.5114011557905,0.618109778400652,0.105985037406484,0.412494179729939,0.584064962035887,0.986708743270837,0.414798976151829,0,0.267027616500855,101.1,0
Otsu,14.4220417689361,0.407805609939384,0.04364694471387,0.455338864346514,0.625749611312653,0.970633592545198,0.461699338244475,0,0.00140714645385742,705.2,0
Adaptive Thresholding,13.5791372464422,0.289957595623784,0.0396967679147672,0.662691626222941,0.797131128552499,0.981001254418976,0.671307279310775,0,0.00107359886169434,0,0
Region Growing,7.78029976911355,0.179955922169357,0.065293910594861,0.310511853197336,0.473878740493283,0.983236653229771,0.312164440004994,0,0.0372738838195801,107.3,0
Split and Merge,14.4220417689361,0.407805609939384,0.04364694471387,0.455338864346514,0.625749611312653,0.970633592545198,0.461699338244475,0,0.0117199420928955,85.3,0
MobileNet-Seg,7.4922788624984,0.0239290905772216,0,0.0327252297944725,0.0633764506769826,0.996673003802281,0.0327288050942689,0,0.260075807571411,96.1,0
K-Means,25.498929560115,0.640341960072236,0.217510063254744,0.531320964577573,0.693938079433454,0.989242982052462,0.534408552028465,0,0.446664810180664,96.3,0
Otsu,18.6690878637844,0.611522347364272,0.324221081532768,0.648513553124855,0.78678583126667,0.989175451807229,0.653148743765441,0,0.00197362899780273,0,0
Adaptive Thresholding,12.2891837799371,0.350772686457334,0.138042415742276,0.580262672244094,0.734387621040339,0.982680487550787,0.586258332167995,0,0.00217223167419434,0,0
Region Growing,7.7427787184877,0.0348643631876136,0.0540177822513001,0.0532612411049998,0.101135860746423,0.999125619352958,0.0532637237993132,0,0.0145549774169922,137.3,0
Split and Merge,18.6690878637844,0.611522347364272,0.324221081532768,0.648513553124855,0.78678583126667,0.989175451807229,0.653148743765441,0,0.0182328224182129,109.6,0
MobileNet-Seg,7.56025190329291,0.0141237759342702,0,0.0144501934461381,0.028488719386114,1,0.0144501934461381,0,0.716472625732422,97.7,0
K-Means,23.3979957987318,0.452155779596805,0.230428229452966,0.918131210457318,0.957318462315639,0.97350873305264,0.941657897813633,0,0.510967016220093,99.8,0
Otsu,19.4253639234052,0.82603676806359,0.624718726560547,0.884906923313494,0.93893964987715,0.925123879411431,0.953174324798316,0,0.00173020362854004,0,0
Adaptive Thresholding,9.78229173375639,0.373709441206235,0.260517799352751,0.474775314559617,0.643861217193467,0.796244724527002,0.540434155656885,0,0.0023338794708252,0,0
Region Growing,5.54782044972402,0.00772441076110643,0.0809188201513965,0,0,0,0,0,0.0207760334014893,96.2,0
Split and Merge,19.4253639234052,0.82603676806359,0.624718726560547,0.884906923313494,0.93893964987715,0.925123879411431,0.953174324798316,0,0.0256016254425049,117.1,0
MobileNet-Seg,5.48486733087199,0.022115188604476,0.0447363020726452,0,0,0,0,0,0.428497076034546,95.7,0
K-Means,22.0765123739029,0.626632377520432,0.344716714571053,0.845078399809217,0.916035220938687,0.912687936640804,0.919407147953558,0,0.494117498397827,99.2,0
Otsu,12.7601781778332,0.59094537618954,0.476766654398233,0.723059757004711,0.839274150609431,0.754352381198748,0.945741713692677,0,0.00176525115966797,0,0
Adaptive Thresholding,9.2863493309668,0.43373052474025,0.382011538194203,0.349225119810792,0.517667681520436,0.49219298245614,0.545923331387429,0,0.00180268287658691,0,0
Region Growing,4.81782195798563,0.000135093036194219,0,0,0,0,0,0,0.00255203247070313,0,0
Split and Merge,12.7601781778332,0.59094537618954,0.476766654398233,0.723059757004711,0.839274150609431,0.754352381198748,0.945741713692677,0,0.0241231918334961,82.9,0
MobileNet-Seg,8.77821099684085,0.499534974234612,0.461453359729824,0.412369160071483,0.58393962673415,0.54518606024808,0.628624245962249,0,0.261500120162964,99.4,0
K-Means,21.103393826743,0.73924990823263,0.384015468901064,0.611269941105838,0.758743057896698,0.782871370510051,0.736057559900854,0,0.282034158706665,102.8,0
Otsu,19.4998002483121,0.752809434389842,0.573089483997387,0.481126567753105,0.649676507366933,0.536766687629144,0.822741668961719,0,0.0012204647064209,0,0
Adaptive Thresholding,11.6461983755908,0.498272069152164,0.365740363458561,0.388033619039694,0.559112709832134,0.495115735825016,0.642109611677224,0,0.00134849548339844,0,0
Region Growing,6.12785468160619,0.00308934878090296,0.00159489633173844,0,0,0,0,0,0.00232458114624023,0,0
Split and Merge,19.4998002483121,0.752809434389842,0.573089483997387,0.481126567753105,0.649676507366933,0.536766687629144,0.822741668961719,0,0.0268239974975586,111.8,0
MobileNet-Seg,6.33834471723907,0.0277113927462919,0,0.0789383090057835,0.146325898982164,1,0.0789383090057835,0,0.264394521713257,102.1,0
K-Means,26.1756030478208,0.783865021736121,0.324821246169561,0.934713514454894,0.966255218120239,0.964681300411153,0.967834280046885,0,0.275029897689819,101.8,0
Otsu,31.0914008433261,0.933032026686251,0.710519832471052,0.0187443361579675,0.0367989013389931,0.0598052145683271,0.0265756018393292,0,0.0020289421081543,0,0
Adaptive Thresholding,19.2216943371223,0.804938620848069,0.27136014258661,0.709403516189268,0.830001236654438,0.764542831105711,0.90771796952484,0,0.000890016555786133,0,0
Region Growing,13.7135212919786,0.59431784164828,0,0.937517970495212,0.967751509685963,0.980364040058283,0.95545938148048,0,0.0672929286956787,104,0
Split and Merge,31.0914008433261,0.933032026686251,0.710519832471052,0.0187443361579675,0.0367989013389931,0.0598052145683271,0.0265756018393292,0,0.0206871032714844,96.6,0
MobileNet-Seg,58.4377978355713,0.996250552802165,1,0.207504272460938,0.343691160674796,0.391101780219148,0.306532323505545,0,0.272560119628906,99,0.02734375
K-Means,27.7373489560273,0.817428631411984,0.22740193291643,0.662304105190735,0.79685071236077,0.985104495940691,0.669003861003861,0,0.237267971038818,101.1,0
Otsu,27.5090493459413,0.55637142895395,0.464089912280702,0.271879727101534,0.42752427184466,0.997960339943343,0.272030888030888,0,0.00179314613342285,0,0
Adaptive Thresholding,18.5625035486396,0.796803290592889,0.190242763772176,0.829729521461047,0.906942268492782,0.997498703031201,0.831459459459459,0,0.000999212265014648,0,0
Region Growing,15.6175893319986,0.285580945154473,0.106914407554066,0.0561853281853282,0.106392934432941,1,0.0561853281853282,0,0.00876688957214356,114.1,0
Split and Merge,27.5090493459413,0.55637142895395,0.464089912280702,0.271879727101534,0.42752427184466,0.997960339943343,0.272030888030888,0,0.018829345703125,106.1,0
MobileNet-Seg,13.7177627984278,0.255141227871149,0,0,0,0,0,0,0.260546922683716,99.8,0.00390625
K-Means,20.1222084355748,0.589215805627039,0.104318798247444,0.410373010508204,0.581935427650211,0.975495745535551,0.414647397587743,0,0.314371824264526,98.6,0
Otsu,12.7618858874208,0.54614032371009,0.181818181818182,0.584477483433527,0.737754230709517,0.983952374789698,0.590102606292979,0,0.00139689445495605,0,0
Adaptive Thresholding,12.2088486125255,0.268351005916164,0.0804651434581897,0.707664470631901,0.828809737278235,0.994760869565217,0.710311854829947,0,0.00111532211303711,888.8,0
Region Growing,9.00109047008762,0.287492339581127,0.105479002624672,0.439620018535681,0.610744519908585,0.988915913829048,0.441796929572655,0,0.0524678230285645,95.3,0
Split and Merge,12.7618858874208,0.54614032371009,0.181818181818182,0.584477483433527,0.737754230709517,0.983952374789698,0.590102606292979,0,0.0230393409729004,86.7,0
MobileNet-Seg,8.76886353239959,0.444118697703677,0.012909632571996,0.509942410083668,0.675446171560161,1,0.509942410083668,0,0.263354301452637,98.7,0
K-Means,21.7795634402285,0.817165924374524,0.416766380216832,0.370785103170609,0.540982101881597,0.630869130869131,0.473515076857158,0,0.298021554946899,97.3,0
Otsu,16.3058830968633,0.718373675332647,0.563945701357466,0.533958548250961,0.696183803479941,0.640579644922482,0.762358738150072,0,0.00147175788879395,0,0
Adaptive Thresholding,10.9640963300727,0.565030311940879,0.481130490304802,0.372212051418335,0.542499318576327,0.584211339409856,0.50634674093514,0,0.00146722793579102,0,0
Region Growing,5.75920278503343,0.000310632414210567,4.71497948983922E-05,0,0,0,0,0,0.0018458366394043,0,0
Split and Merge,16.3058830968633,0.718373675332647,0.563945701357466,0.533958548250961,0.696183803479941,0.640579644922482,0.762358738150072,0,0.0376265048980713,106.3,0
MobileNet-Seg,6.48734580695856,0.0927293202777935,0.0995560898917969,0.203925874350597,0.338768156238183,1,0.203925874350597,0,0.274151086807251,98.5,0
K-Means,22.3026803420484,0.768743917494452,0.353960708426234,0.440129349692872,0.611235858482762,0.986988654106381,0.442697958167331,0,0.29127025604248,99.6,0
Otsu,14.4741423612401,0.667980348559074,0.518251985532645,0.66422907217131,0.798242361317117,0.98711482024945,0.67003859561753,0,0.00140810012817383,0,0
Adaptive Thresholding,10.4837019215336,0.506306985943189,0.451285656890317,0.507520306371414,0.67331803654839,0.984955646128027,0.51148530876494,0,0.00142669677734375,696.6,0
Region Growing,5.62773361947276,0.000208112597275798,0.000355618776671408,3.11254980079681E-05,6.22490584829904E-05,1,3.11254980079681E-05,0,0.00171661376953125,0,0
Split and Merge,14.4741423612401,0.667980348559074,0.518251985532645,0.66422907217131,0.798242361317117,0.98711482024945,0.67003859561753,0,0.0256378650665283,78,0
MobileNet-Seg,5.62777934417411,0.000211300772736026,0.000101579562192087,1.55627490039841E-05,3.11250136171935E-05,1,1.55627490039841E-05,0,0.270025730133057,103.7,0
K-Means,21.8789683249271,0.672872785257653,0.354826569654394,0.796747750393848,0.886877693565166,0.942869782285841,0.837162977302696,0,0.29144811630249,99.5,0
Otsu,15.7911265962381,0.655088651480312,0.465743120416223,0.707228323957496,0.828510532578422,0.77584855757457,0.888842128889263,0,0.00152921676635742,0,0
Adaptive Thresholding,9.80951618737384,0.43927450091007,0.327107425441266,0.422456266331558,0.593981377608257,0.593764893885447,0.594198019246416,0,0.00140619277954102,0,0
Region Growing,4.99080877116895,0.00136849999055008,0.000488878024932779,0,0,0,0,0,0.00188755989074707,530.3,0
Split and Merge,15.7911265962381,0.655088651480312,0.465743120416223,0.707228323957496,0.828510532578422,0.77584855757457,0.888842128889263,0,0.0170717239379883,117.1,0
MobileNet-Seg,4.99207137917604,0.00448972682367924,0.0047909053999188,0,0,0,0,0,0.269598007202148,100.1,0
K-Means,24.0865278260378,0.681266526401163,0.264146620847652,0.280992273634864,0.438710333259916,0.471451460199549,0.410221475872121,0,0.285161256790161,98.2,0
Otsu,13.3906817332493,0.395125168541666,0.214864551979625,0.53254599701641,0.694982073038174,0.712115167231864,0.67865403504325,0,0.0016629695892334,0,0
Adaptive Thresholding,13.0985276462534,0.402693314973279,0.198117899085727,0.367297071794668,0.537260086884508,0.49613588794075,0.585817939862489,0,0.0015718936920166,0,0
Region Growing,8.27210928933743,-0.00362326226596113,0.0216681895313928,0,0,0,0,0,0.00435447692871094,228.9,0
Split and Merge,13.3906817332493,0.395125168541666,0.214864551979625,0.53254599701641,0.694982073038174,0.712115167231864,0.67865403504325,0,0.0136535167694092,146.1,0
MobileNet-Seg,16.9266536156013,0.829807804101709,0.6285785411999,0.480729606485391,0.649314506010904,0.507262131769822,0.901872564240677,0,0.277042865753174,97.4,0
K-Means,23.7435929805779,0.636533503094715,0.206597750076011,0.503338898163606,0.669627984453082,0.735679863356311,0.614459672899577,0,0.314198970794678,101.8,0
Otsu,8.03061940221872,0.169380833931127,0.287959325167553,0.00611813929621662,0.012161870574158,0.0264392324093817,0.00789728435318694,0,0.00203156471252441,0,0
Adaptive Thresholding,10.9044214264427,0.230949525082388,0.0861841264431475,0.426785844052031,0.598247937251706,0.598034723282929,0.598461303306669,0,0.00130844116210938,0,0
Region Growing,5.95352945305578,0.00307168159162882,0.007529580494801,0,0,0,0,0,0.00256705284118652,0,0
Split and Merge,8.03061940221872,0.169380833931127,0.287959325167553,0.00611813929621662,0.012161870574158,0.0264392324093817,0.00789728435318694,0,0.0194880962371826,102.6,0
MobileNet-Seg,8.29108106182661,0.313056110078887,0.489342539777845,0.00303731796614622,0.00605624120208204,0.00847069597069597,0.00471289550109543,0,0.276216745376587,101.4,0
K-Means,26.2733824320629,0.642034460993368,0.189590342370869,0.0443278066647045,0.0848925143653416,0.0915074596638088,0.0791694652921765,0,0.25438117980957,98.3,0
Otsu,13.0224652812418,0.32833084650593,0.154657039711191,0.698406951484432,0.822425921978256,0.937808526551982,0.732324854714832,0,0.00171351432800293,0,0
Adaptive Thresholding,12.8644158208358,0.287109179596072,0.0671004641909814,0.432375031374896,0.603717632469301,0.560634888844382,0.653973074789008,0,0.00154352188110352,0,0
Region Growing,8.51285091850326,0.181940062066105,0.088809946714032,0.0587860634855057,0.111044271383745,0.125256748826291,0.0997284116461759,0,0.0546393394470215,109.8,0
Split and Merge,13.0224652812418,0.32833084650593,0.154657039711191,0.698406951484432,0.822425921978256,0.937808526551982,0.732324854714832,0,0.0116951465606689,170.8,0
MobileNet-Seg,7.70368076350227,0.000491565285964602,0,0,0,0,0,0,0.257051706314087,101.1,0
K-Means,22.171940838529,0.797921270359563,0.362526516299407,0.421194381997463,0.5927329678935,0.752196207814922,0.489054867805546,0,0.303797245025635,102,0
Otsu,17.8225246821096,0.743026681152149,0.595763820739287,0.619671558350804,0.765181749541581,0.71342689849372,0.825032951696689,0,0.00133848190307617,0,0
Adaptive Thresholding,11.1192344731616,0.553398455761462,0.466666666666667,0.390267677850779,0.561428110670163,0.613710221350175,0.517354560256377,0,0.00163435935974121,0,0
Region Growing,6.02665561161014,0.000578056713906096,0.00025918822248717,0,0,0,0,0,0.00303864479064941,0,0
Split and Merge,17.8225246821096,0.743026681152149,0.595763820739287,0.619671558350804,0.765181749541581,0.71342689849372,0.825032951696689,0,0.0346810817718506,115.3,0
MobileNet-Seg,8.24388024018105,0.535110425321042,0.523189134808853,0.130734260917482,0.231237816764133,0.24278688990591,0.220737601116481,0,0.266857862472534,101.2,0
K-Means,21.3035253033354,0.638897961718712,0.312897628687102,0.170358317586955,0.291121642025324,0.335793357933579,0.256940046442896,0,0.266143798828125,101.4,0
Otsu,17.1133787258497,0.710314450435696,0.465166711846029,0.637131292003176,0.778350881343902,0.705429514946177,0.868086341566392,0,0.00125241279602051,0,0
Adaptive Thresholding,10.1143271255857,0.386611909093594,0.302685275873327,0.459774906210921,0.629925756710451,0.619852866046797,0.640331433396665,0,0.00122857093811035,0,0
Region Growing,4.88771187898288,0.00198000695501723,0.00516286492067962,0,0,0,0,0,0.0020906925201416,0,0
Split and Merge,17.1133787258497,0.710314450435696,0.465166711846029,0.637131292003176,0.778350881343902,0.705429514946177,0.868086341566392,0,0.0184986591339111,54,0
MobileNet-Seg,5.69383950227451,0.349299999701876,0.476056338028169,0.108789663825168,0.196231381612738,0.250450671910849,0.161309900781085,0,0.261314868927002,99.5,0
K-Means,23.2199266863598,0.613003180600098,0.210775473399459,0.0364173228346457,0.0702754036087369,0.0800804981773998,0.0626094700905448,0,0.338840007781982,100.3,0
Otsu,14.8990012474523,0.439266415676852,0.192846924177396,0.811542892466774,0.895968730126724,0.938153706230105,0.857414279352828,0,0.00156617164611816,0,0
Adaptive Thresholding,12.4122712774206,0.358277228403718,0.141462374760179,0.445685239338214,0.61657299557438,0.56805162968707,0.674157636930384,0,0.00125432014465332,0,0
Region Growing,7.40202155290256,0.0909488274380355,0.127025903864801,0.0507900677200903,0.0966702470461869,0.209988085782367,0.0627875909158379,0,0.0201053619384766,99.4,0
Split and Merge,14.8990012474523,0.439266415676852,0.192846924177396,0.811542892466774,0.895968730126724,0.938153706230105,0.857414279352828,0,0.0138967037200928,71.9,0
MobileNet-Seg,10.4543459773588,0.279284998496732,0.00731295705981624,0.649588886580189,0.787576700915912,0.999817251461988,0.649666023452575,0,0.262920618057251,95.1,0
K-Means,23.8459285731005,0.671648345182854,0.316224798759324,0.067689270880454,0.126795824827639,0.0684293672570051,0.862231534834992,0,0.256314039230347,101.4,0
Otsu,17.6378546416898,0.516352394310378,0.330514301430143,0.00354958497160332,0.00707405996626218,0.00373080786339504,0.0680984808800419,0,0.00148749351501465,0,0
Adaptive Thresholding,12.8878611534842,0.481326449899912,0.270955642530985,0.0251176120694317,0.0490043518396413,0.0258012553463312,0.486642221058146,0,0.00217390060424805,458.6,0
Region Growing,7.96706147396376,0.00654235537967726,0.0221722693368754,0,0,0,0,0,0.00546479225158691,365.7,0
Split and Merge,17.6378546416898,0.516352394310378,0.330514301430143,0.00354958497160332,0.00707405996626218,0.00373080786339504,0.0680984808800419,0,0.030848503112793,97.2,0
MobileNet-Seg,9.08935826638241,0.537469048393501,0.749052463594654,0.0306260903275829,0.059432010532255,0.0313225715094874,0.579360921948664,0,0.413515090942383,99.1,0
K-Means,24.7576440445274,0.649561160252984,0.241247192495706,0.755790482918706,0.860911925735389,0.956448162457294,0.782727985367128,0,0.684434652328491,96.4,0
Otsu,13.655803513018,0.327323139684315,0.22010582010582,0.0423784929148457,0.0813111421674501,0.103652117580371,0.0668931277763261,0,0.00284337997436523,0,0
Adaptive Thresholding,13.5866746415808,0.350985110528413,0.113886519637708,0.385596854896355,0.556578709793908,0.549505959050627,0.563835902795924,0,0.00201606750488281,0,0
Region Growing,8.32997779900869,0.000604126686052599,0.000759878419452888,0.000209041024301019,0.00041799467056795,1,0.000209041024301019,0,0.00300908088684082,331,0
Split and Merge,13.655803513018,0.327323139684315,0.22010582010582,0.0423784929148457,0.0813111421674501,0.103652117580371,0.0668931277763261,0,0.0232386589050293,86,0
MobileNet-Seg,8.32988218560899,0.000643551070497071,0,0,0,0,0,0,0.401472806930542,99.6,0
K-Means,23.2638879437061,0.689581826635897,0.248075224031301,0.406284207767379,0.577812373236271,0.982880161127895,0.409179839135431,0,0.469148635864258,93.8,0
Otsu,16.8268348683933,0.579368830263816,0.450080978005329,0.606985152704054,0.755433429714877,0.98519128958146,0.612574143660135,0,0.00190162658691406,0,0
Adaptive Thresholding,12.2938693843109,0.478749226448226,0.325544150833515,0.530086886862214,0.692884687024899,0.985394770755176,0.534284649545045,0,0.00214362144470215,463.4,0
Region Growing,7.54557954856501,0.00132483095982715,0.00177318633875569,0.000822955808825813,0.00164455821891242,1,0.000822955808825813,0,0.00310635566711426,0,0
Split and Merge,16.8268348683933,0.579368830263816,0.450080978005329,0.606985152704054,0.755433429714877,0.98519128958146,0.612574143660135,0,0.033717155456543,88.9,0
MobileNet-Seg,7.54540944558671,0.00105006156874229,0.000694712466229255,0.000263966957547902,0.000527794594762415,1,0.000263966957547902,0,0.408658266067505,97.9,0
K-Means,22.41061885059,0.600833872083873,0.234002556583202,0.630503765214783,0.773385230584522,0.984082397003745,0.637000175446991,0,0.44553279876709,101,0
Otsu,16.5376447007998,0.706786526773532,0.458938723941883,0.749641895827103,0.856908945327612,0.982829783721314,0.759589773035392,0,0.00123023986816406,0,0
Adaptive Thresholding,10.3084314329826,0.370816021804234,0.278006128092071,0.55110135611821,0.710593610075098,0.969977924944812,0.560664784598944,0,0.00137209892272949,0,0
Region Growing,5.62941183625592,0.000209867033484073,0,4.78491793865735E-05,9.56937799043062E-05,1,4.78491793865735E-05,0,0.00164890289306641,0,0
Split and Merge,16.5376447007998,0.706786526773532,0.458938723941883,0.749641895827103,0.856908945327612,0.982829783721314,0.759589773035392,0,0.0197567939758301,101.2,0
MobileNet-Seg,6.20550625403854,0.199244457773096,0.246308486034513,0.211788068949083,0.349546384183754,0.981736504897268,0.212625803467471,0,0.264447212219238,98.3,0
K-Means,22.1638053670478,0.637078468194147,0.284004786597527,0.80048427288542,0.889187742365092,0.898585528051934,0.879984494120688,0,0.246581792831421,97.3,0
Otsu,15.5127255855771,0.721625990164977,0.52760736196319,0.6875,0.814814814814815,0.716360286912554,0.944644010854116,0,0.00106573104858398,0,0
Adaptive Thresholding,8.03945471685261,0.304025762341864,0.283928106277676,0.433751663814413,0.605058288351613,0.621451533809187,0.589507688331826,0,0.00147247314453125,0,0
Region Growing,3.47050186811831,0.000237357378644145,8.79352796341892E-05,0,0,0,0,0,0.00203204154968262,0,0
Split and Merge,15.5127255855771,0.721625990164977,0.52760736196319,0.6875,0.814814814814815,0.716360286912554,0.944644010854116,0,0.0211036205291748,94.7,0
MobileNet-Seg,4.5741380948989,0.372852007720088,0.538371509780973,0.0157878869619028,0.0310850073416852,0.0392923429293528,0.025713916526683,0,0.27299427986145,98.9,0
K-Means,24.0852375407842,0.633734465863126,0.208228874797228,0.00438018451042717,0.00872216433175099,0.00867462480328561,0.00877022779308471,0,0.312370538711548,99.2,0
Otsu,11.8164216480884,0.331436511117899,0.171571982660278,0.120223106925611,0.214641362389955,0.200552877321916,0.230858783810004,0,0.0016021728515625,0,0
Adaptive Thresholding,12.895546863646,0.280284934260836,0.127615496167392,0.33623318936401,0.503255258199421,0.415742849911415,0.637432574023051,0,0.00146102905273438,0,0
Region Growing,9.4633266484581,0.115277806170525,0.0890192577477363,0.000820487319741422,0.00163962934439669,0.00227837613918807,0.00128060848306104,0,0.0275006294250488,109,0
Split and Merge,11.8164216480884,0.331436511117899,0.171571982660278,0.120223106925611,0.214641362389955,0.200552877321916,0.230858783810004,0,0.00765252113342285,130.5,0
MobileNet-Seg,7.97573146706663,0.000403890080409199,0,0,0,0,0,0,0.261672973632813,99.3,0
K-Means,24.2479040318039,0.637963066594141,0.164079822616408,0.678533597384056,0.808483784228722,0.988548679295923,0.683909202036301,0,0.315297603607178,98.3,0
Otsu,18.5913243929701,0.743295120874307,0.224402860185608,0.853044065300111,0.920694851540895,0.990222095570556,0.860290590620019,0,0.00101256370544434,0,0
Adaptive Thresholding,12.0535403526637,0.232716011144751,0.076203940167822,0.639020853899309,0.779759271981254,0.99507613969352,0.641047859253872,0,0.0014338493347168,0,0
Region Growing,10.0951569759559,0.222530718823685,0.103182546036829,0.454270120685679,0.624739674183079,0.986050857638657,0.457208287557832,0,0.0550458431243897,109,0
Split and Merge,18.5913243929701,0.743295120874307,0.224402860185608,0.853044065300111,0.920694851540895,0.990222095570556,0.860290590620019,0,0.00788545608520508,126.7,0
MobileNet-Seg,7.10178991101974,0.0432092461474756,0.105984138428262,0.053522521546722,0.101606791410863,1,0.053522521546722,0,0.255940675735474,97.7,0
K-Means,23.0866156877734,0.68051542564768,0.325550102896945,0.460794053795489,0.63088161209068,0.835758142018153,0.506675837514161,0,0.271185159683228,99.6,0
Otsu,20.2487048601908,0.696314279808413,0.602305233047283,0.540440635273721,0.701670188254531,0.738385215312074,0.668433403463344,0,0.00130605697631836,0,0
Adaptive Thresholding,11.3510250385113,0.443801522479285,0.282363124864748,0.50781358522017,0.673576084202768,0.781853178634444,0.591641042239845,0,0.00138354301452637,0,0
Region Growing,6.8049570582831,0.0086547328478217,0.0278112449799197,0.0287128712871287,0.055822906641001,0.96078431372549,0.0287465609321897,0,0.00485324859619141,205.4,0
Split and Merge,20.2487048601908,0.696314279808413,0.602305233047283,0.540440635273721,0.701670188254531,0.738385215312074,0.668433403463344,0,0.0253210067749023,118.4,0
MobileNet-Seg,6.75058548314142,0.00292035195803895,0,0,0,0,0,0,0.278999328613281,100.3,0
K-Means,24.179678472342,0.682773383855622,0.21398834304746,0.587631299421693,0.74026167112697,0.98582346651883,0.592639322017759,0,0.292859792709351,99,0
Otsu,13.9062174545808,0.453782662587974,0.196148983759603,0.702863988286709,0.825508077123502,0.911662302535033,0.75423143761754,0,0.00149726867675781,0,0
Adaptive Thresholding,11.9515723658596,0.31000052295008,0.153673443931645,0.509808949865367,0.675329087048832,0.688604087287842,0.662556240626562,0,0.00144767761230469,0,0
Region Growing,6.51168545851103,0.000741208161800394,0,0,0,0,0,0,0.00190830230712891,0,0
Split and Merge,13.9062174545808,0.453782662587974,0.196148983759603,0.702863988286709,0.825508077123502,0.911662302535033,0.75423143761754,0,0.0127811431884766,78.2,0
MobileNet-Seg,7.25759876329415,0.331485456815762,0.548105933623869,0.0366671992331043,0.0707405409570779,0.100314712824548,0.0546337515176042,0,0.267068386077881,101.1,0
K-Means,23.5073272962941,0.681372923134398,0.251005069043873,0.162113757983774,0.278998087528084,0.294408088091226,0.265121038887713,0,0.357293367385864,100.8,0
Otsu,14.5128975718873,0.502372155710031,0.255908475086557,0.513522688695259,0.678579439252336,0.588784804214132,0.800691650786929,0,0.00152945518493652,0,0
Adaptive Thresholding,12.4675584421509,0.354450526532509,0.209152752009895,0.373875777147341,0.544264311761346,0.465189635749155,0.655727291975439,0,0.00161647796630859,0,0
Region Growing,7.99198092109496,0.0500211855759531,0.126738660907127,0.0899154300303175,0.164995241929581,0.267378410438909,0.119309760745289,0,0.0266005992889404,112.7,0
Split and Merge,14.5128975718873,0.502372155710031,0.255908475086557,0.513522688695259,0.678579439252336,0.588784804214132,0.800691650786929,0,0.0196444988250732,101.7,0
MobileNet-Seg,8.63461477193914,0.14416651823326,0.0191001153698244,0.443926882631096,0.614888313211789,1,0.443926882631096,0,0.264323234558105,98.3,0
K-Means,20.964796052883,0.695825614881943,0.31299404920508,0.178097690387016,0.30234791535583,0.34016393442623,0.272098706562556,0,0.325466394424439,101.4,0
Otsu,13.2322197850773,0.572489008082008,0.456454456415279,0.625335468790581,0.769484799659108,0.695496232819007,0.861089586934494,0,0.00134420394897461,0,0
Adaptive Thresholding,9.55004412167401,0.443311793874959,0.401525423728814,0.359786325651039,0.529180679146454,0.528441512125535,0.529921916910055,0,0.00150775909423828,0,0
Region Growing,5.04560442983663,0.000102041556741353,0.000393988855743795,0,0,0,0,0,0.00176477432250977,0,0
Split and Merge,13.2322197850773,0.572489008082008,0.456454456415279,0.625335468790581,0.769484799659108,0.695496232819007,0.861089586934494,0,0.0333414077758789,89.9,0
MobileNet-Seg,5.04524723872423,0.000178672168858041,0,0,0,0,0,0,0.263589859008789,98.6,0
K-Means,21.939380540958,0.819632369463868,0.418359495229301,0.4206485300706,0.592192257503262,0.988420211993611,0.42273178910762,0,0.276756525039673,97.6,0
Otsu,17.8209152382009,0.698230150438135,0.576746323529412,0.646996482713072,0.785668323525846,0.983768887643336,0.653977519716823,0,0.00165987014770508,0,0
Adaptive Thresholding,11.808399007763,0.583353263309945,0.485834133162703,0.503445835769006,0.669722611605087,0.982173404159539,0.508088554927653,0,0.00189900398254395,0,0
Region Growing,6.5379192367943,0.00100218926667137,9.84009840098401E-05,0.00018630068931255,0.000372531975661244,1,0.00018630068931255,0,0.00229477882385254,0,0
Split and Merge,17.8209152382009,0.698230150438135,0.576746323529412,0.646996482713072,0.785668323525846,0.983768887643336,0.653977519716823,0,0.0439643859863281,91,0
MobileNet-Seg,6.53718413120959,0.00101077214179417,0,0,0,0,0,0,0.274062395095825,102.2,0
K-Means,27.5965134634905,0.643562852535079,0.203208556149733,0.394539911308204,0.565835238000596,0.960598335457749,0.401029846775077,0,0.270872116088867,103.4,0
Otsu,14.9367590956694,0.476142396035291,0.133441822620016,0.566204013118016,0.723027151476659,0.987905084745763,0.570156355156277,0,0.00143051147460938,0,0
Adaptive Thresholding,12.4930542166207,0.283890440501497,0.0455743421319385,0.587984628257973,0.740541964695206,0.983387757217644,0.593883524016715,0,0.00153565406799316,0,0
Region Growing,8.26960355007929,0.00861438936968153,0.0543964232488823,0.279772186172448,0.437221857445101,0.979835413374026,0.281392327798037,0,0.0337347984313965,118.5,0
Split and Merge,14.9367590956694,0.476142396035291,0.133441822620016,0.566204013118016,0.723027151476659,0.987905084745763,0.570156355156277,0,0.00747418403625488,0,0
MobileNet-Seg,7.81401328520492,0.000417488760029261,0,0,0,0,0,0,0.264288425445557,105.9,0.0078125
K-Means,24.6036200088712,0.629232139304404,0.302474062250599,0.637714056299316,0.778785593060532,0.995372490419609,0.639610339326922,0,0.294409990310669,98.5,0
Otsu,13.5612363304124,0.549755177755809,0.207125792043212,0.687207668915268,0.814609465777363,0.99526045159848,0.689463984264895,0,0.00117731094360352,0,0
Adaptive Thresholding,11.3855103844168,0.215635238224206,0.0831808013016067,0.619614494988435,0.765138243582908,0.993055383930999,0.622311016122288,0,0.00178980827331543,0,0
Region Growing,10.2736366257763,0.264878960766217,0.0653487657482331,0.501753897980313,0.668223866314067,0.99558471821917,0.502872895662005,0,0.0593388080596924,101.1,0
Split and Merge,13.5612363304124,0.549755177755809,0.207125792043212,0.687207668915268,0.814609465777363,0.99526045159848,0.689463984264895,0,0.00703763961791992,141.7,0
MobileNet-Seg,6.51489268773475,0.000276420414335989,0,0,0,0,0,0,0.260035276412964,100,0
K-Means,24.7125050101228,0.670570930180756,0.210285132382892,0.0067251153128411,0.0133603805260213,0.0159233013755732,0.0115081038741941,0,0.261885166168213,99.3,0
Otsu,14.4580690544909,0.424771733022073,0.14914369967109,0.114346471986873,0.205226067226638,0.204724645501694,0.205729951195999,0,0.00182509422302246,0,0
Adaptive Thresholding,12.7478059403209,0.298005977516775,0.0774692265680797,0.357811866219256,0.527041890148686,0.479765642382141,0.584653853105983,0,0.00132489204406738,0,0
Region Growing,7.63377157373547,0.0925295115142036,0.0731335703402743,0.298476454293629,0.459733333333333,0.998187493706575,0.298638308127975,0,0.0195791721343994,102.1,0
Split and Merge,14.4580690544909,0.424771733022073,0.14914369967109,0.114346471986873,0.205226067226638,0.204724645501694,0.205729951195999,0,0.0141289234161377,70.7,0
MobileNet-Seg,7.46688984261671,0.000816579777863597,0,0,0,0,0,0,0.279523134231567,100.2,0
K-Means,25.877885800528,0.682898520671188,0.238529322394409,0.503819145004312,0.670052840699627,0.990193704600484,0.506345570482263,0,0.260517120361328,99.8,0
Otsu,13.5251691691975,0.54394921591396,0.153626892077846,0.665704414587332,0.799306778270449,0.988305559988146,0.670989908995233,0,0.00133991241455078,0,0
Adaptive Thresholding,11.1443000467556,0.222689303467014,0.0826353760676673,0.599471695795067,0.749587126012982,0.987302711452853,0.604129263913824,0,0.00139689445495605,0,0
Region Growing,8.0843017849705,0.126206231591134,0.0878458391646033,0.396746665023568,0.568101109469087,0.988258767554294,0.398625642295549,0,0.0470948219299316,106.1,0
Split and Merge,13.5251691691975,0.54394921591396,0.153626892077846,0.665704414587332,0.799306778270449,0.988305559988146,0.670989908995233,0,0.00775742530822754,0,0
MobileNet-Seg,7.46661138176713,0.303778390322606,0.725519734859898,0.301446798119773,0.463248745250715,0.955865272938444,0.305701727233331,0,0.256461620330811,101.4,0
K-Means,23.1842339714905,0.797756327514794,0.31277577724806,0.423699967508858,0.595209632897911,0.984045420245068,0.426630731122155,0,0.330046653747559,100,0
Otsu,10.4261480411396,0.347693677009927,0.349003703050608,0.440762399826727,0.611846061334937,0.984484605549604,0.443845518702581,0,0.00197529792785645,0,0
Adaptive Thresholding,10.4699174920978,0.401103616433119,0.364963754423335,0.499173962048574,0.665932006138192,0.982435881852437,0.503668852918724,0,0.00182104110717773,0,0
Region Growing,7.60995803158294,0.0279494061998577,0.116912037609798,0.31350327568541,0.477354387291982,0.98898085116803,0.314602190406456,0,0.0501255989074707,99.7,0
Split and Merge,10.4261480411396,0.347693677009927,0.349003703050608,0.440762399826727,0.611846061334937,0.984484605549604,0.443845518702581,0,0.0306391716003418,97.8,0
MobileNet-Seg,7.44923141469768,0.284336276402967,0.165560494428545,0.30656525593766,0.46926895468019,0.99475118603008,0.307061957656296,0,0.408092021942139,95.6,0
K-Means,23.6609265610631,0.637618618151368,0.293958521190262,0.417268779617651,0.588835068716071,0.885041657112283,0.441180392829247,0,0.478421211242676,98.2,0
Otsu,14.9278164687928,0.538371449415098,0.329449479070341,0.604997108965711,0.753891836422786,0.882846258085961,0.657808005181841,0,0.00257682800292969,0,0
Adaptive Thresholding,11.8775505429858,0.381462965330129,0.231525784157363,0.493739756348952,0.661078684222433,0.81366079135689,0.556685908060429,0,0.00215411186218262,0,0
Region Growing,8.5452900728084,0.0513254797897568,0.110354496294813,0.299171234045781,0.460557047763634,0.985137076125648,0.300527709512107,0,0.0625426769256592,95.9,0
Split and Merge,14.9278164687928,0.538371449415098,0.329449479070341,0.604997108965711,0.753891836422786,0.882846258085961,0.657808005181841,0,0.0223617553710938,134.1,0
MobileNet-Seg,7.23818020758045,0.000367420376042668,0,0,0,0,0,0,0.42318058013916,99.2,0
K-Means,22.1507898269688,0.772836553060261,0.412387138946766,0.445889363964643,0.616768302025557,0.680840267911508,0.563718350885055,0,0.52506947517395,97.1,0
Otsu,15.9186268452683,0.724300009099376,0.563939406379572,0.529235696718967,0.692157131637016,0.623694084342493,0.777503921129285,0,0.00202560424804688,0,0
Adaptive Thresholding,10.6399465486656,0.531993137267849,0.450474146881706,0.368231475617479,0.538259033181937,0.556565958719713,0.521118082007618,0,0.00227212905883789,437.3,0
Region Growing,5.59221162293019,0.000380764874917069,0.000106360348861944,0,0,0,0,0,0.00320792198181152,0,0
Split and Merge,15.9186268452683,0.724300009099376,0.563939406379572,0.529235696718967,0.692157131637016,0.623694084342493,0.777503921129285,0,0.0390877723693848,102.3,0
MobileNet-Seg,5.59200487712545,0.000736286477415125,0,0.000756217790723729,0.00151129271500938,1,0.000756217790723729,0,0.451873302459717,90.7,0
K-Means,21.8856672428937,0.687622920830145,0.239903114966485,0.350227290238077,0.518767903404357,0.981389524590872,0.352568875651526,0,0.431892156600952,99.6,0
Otsu,19.3702116965197,0.628970939280183,0.658212131961689,0.616521485305188,0.76277549158438,0.984616139558849,0.622517994539588,0,0.00148463249206543,0,0
Adaptive Thresholding,11.4902819142525,0.491482801783285,0.403570561088171,0.555360605780774,0.714124562132637,0.986063289063781,0.559754281459419,0,0.00151991844177246,0,0
Region Growing,6.7552725032365,0.00375535860141542,0.00530888030888031,0.00757011665425664,0.0150264810937308,1,0.00757011665425664,0,0.00333309173583984,300.3,0
Split and Merge,19.3702116965197,0.628970939280183,0.658212131961689,0.616521485305188,0.76277549158438,0.984616139558849,0.622517994539588,0,0.0290720462799072,103.1,0
MobileNet-Seg,25.0414380068229,0.885831232063691,0.973657271548488,0.878547400611621,0.935347599241394,0.983970681417293,0.891303673368081,0,0.263373613357544,102.5,0
K-Means,24.0520613704821,0.709381749761419,0.269863994273443,0.622085302202045,0.767019220700094,0.989341585009455,0.626282569491947,0,0.243067026138306,98.7,0
Otsu,14.4559739246659,0.699244640111578,0.38379705400982,0.735549311430865,0.84762709602811,0.99068432762887,0.740672221876749,0,0.00130629539489746,0,0
Adaptive Thresholding,11.7943567566442,0.22157955523902,0.137319436825745,0.687396722931756,0.814742275589398,0.99045393858478,0.691981220073379,0,0.00131797790527344,0,0
Region Growing,5.73129502520864,0.000111631050991463,0.00192771084337349,0.000808407437348424,0.00161550888529887,1,0.000808407437348424,0,0.00219964981079102,452.3,0
Split and Merge,14.4559739246659,0.699244640111578,0.38379705400982,0.735549311430865,0.84762709602811,0.99068432762887,0.740672221876749,0,0.0103542804718018,96.5,0
MobileNet-Seg,5.73115667558888,0.000243409802656998,0,0,0,0,0,0,0.286415815353394,101.2,0
K-Means,24.9822623565381,0.657885056313682,0.272937436786592,0.490243902439024,0.657937806873977,0.985752863395102,0.493742323657903,0,0.26513147354126,101.8,0
Otsu,16.2351842472072,0.543578487331668,0.192849776555517,0.576293123372521,0.731200453554637,0.984729608762045,0.581489715644968,0,0.0014350414276123,0,0
Adaptive Thresholding,12.5004242211656,0.351015138102411,0.131529771511085,0.597695128339445,0.748196721311475,0.985144366286599,0.603131170224344,0,0.00141620635986328,0,0
Region Growing,8.05278113444872,0.0820512102359062,0.199379548979835,0.188647590642185,0.317415510076061,0.995654669180946,0.188803034778688,0,0.0254216194152832,78.6,0
Split and Merge,16.2351842472072,0.543578487331668,0.192849776555517,0.576293123372521,0.731200453554637,0.984729608762045,0.581489715644968,0,0.0124354362487793,80.3,0
MobileNet-Seg,7.62921607533909,0.00166369714328785,0,0,0,0,0,0,0.259188413619995,104.2,0
K-Means,22.1242351889658,0.593536649619026,0.31389088298636,0.69455546890232,0.819749464267737,0.919500548493257,0.73952305576459,0,0.29897952079773,100.3,0
Otsu,12.2503111464533,0.59949412424075,0.48692904337834,0.645622053992287,0.784654109886295,0.751365471384469,0.8210291408257,0,0.00140213966369629,0,0
Adaptive Thresholding,8.14852834283184,0.338475662518603,0.314779965257672,0.403539009536941,0.575030699959067,0.606336143642276,0.546799180008823,0,0.00156188011169434,0,0
Region Growing,3.82827776140629,0.000371462552162995,0.00134536245647357,0,0,0,0,0,0.00211262702941895,0,0
Split and Merge,12.2503111464533,0.59949412424075,0.48692904337834,0.645622053992287,0.784654109886295,0.751365471384469,0.8210291408257,0,0.0173087120056152,115.4,0
MobileNet-Seg,3.90996939073096,0.0259395842024267,0.0256290773532153,0.0343380196217255,0.0663961277074268,0.573237653018151,0.0352388613540234,0,0.262064456939697,99.2,0
K-Means,22.809301021133,0.597570732750892,0.311368124118477,0.587099469311343,0.739839538307061,0.98479186131008,0.592471153996284,0,0.490833044052124,99.8,0
Otsu,15.4633371911747,0.640311441888846,0.430407754714993,0.661537035320293,0.796295263069799,0.984479547492585,0.668509063656377,0,0.00151348114013672,0,0
Adaptive Thresholding,10.0051700635537,0.423327338784863,0.326145454545455,0.525842488295555,0.689248716468694,0.980636237897649,0.531359782659609,0,0.00172138214111328,0,0
Region Growing,5.56602058603767,0.000806416531963879,0.00069060773480663,0.000281043608599934,0.000561929290564271,1,0.000281043608599934,0,0.00173735618591309,0,0
Split and Merge,15.4633371911747,0.640311441888846,0.430407754714993,0.661537035320293,0.796295263069799,0.984479547492585,0.668509063656377,0,0.0195903778076172,102,0
MobileNet-Seg,5.56533460273256,0.000583474378663306,0,0,0,0,0,0,0.281586170196533,99.4,0
K-Means,25.1359512327035,0.656260028860555,0.190016103059581,0.464713446849387,0.634545204523097,0.98160754025396,0.468795423641394,0,0.284087419509888,98.6,0
Otsu,13.5341753671621,0.321115057317384,0.175042523581259,0.414460032828517,0.586032865134712,0.97818141948688,0.418327315921914,0,0.0015556812286377,0,0
Adaptive Thresholding,13.3835245588539,0.351263338658877,0.101562820460232,0.576976035397683,0.731749909252337,0.982714097496706,0.582891796001938,0,0.00162410736083984,0,0
Region Growing,10.5602497040511,0.22343530413388,0.093054801953337,0.454301367311781,0.624769222560162,0.984793432916162,0.457510823525734,0,0.0546095371246338,109.8,0
Split and Merge,13.5341753671621,0.321115057317384,0.175042523581259,0.414460032828517,0.586032865134712,0.97818141948688,0.418327315921914,0,0.0120551586151123,165.7,0
MobileNet-Seg,8.65312184804203,0.000689008817341518,0,0,0,0,0,0,0.276483535766602,101.3,0
K-Means,22.3756090856447,0.698992290445677,0.336140243435658,0.740751428406533,0.851070883893641,0.915249402788177,0.795303157046814,0,0.230126142501831,99.9,0
Otsu,20.1600427868892,0.727850013373923,0.551250281594954,0.595577242524917,0.74653514308395,0.643607234214424,0.888651361650711,0,0.00128674507141113,0,0
Adaptive Thresholding,11.8248284579642,0.456904875490146,0.303456790123457,0.397290788681517,0.568658709983196,0.53004016064257,0.613346965331351,0,0.00151991844177246,0,0
Region Growing,6.63544367592083,0.0136947429565276,0.014105558150397,0,0,0,0,0,0.00438666343688965,0,0
Split and Merge,20.1600427868892,0.727850013373923,0.551250281594954,0.595577242524917,0.74653514308395,0.643607234214424,0.888651361650711,0,0.0215814113616943,92.6,0
MobileNet-Seg,8.512631392949,0.1845049660396,0.117626027887022,0.437277318214208,0.608480093121511,1,0.437277318214208,0,0.260252714157105,96,0
K-Means,21.89289183271,0.822738127791758,0.41644334869761,0.410545036091641,0.58210837029236,0.690793874317902,0.502973444068492,0,0.311872482299805,102.6,0
Otsu,16.0184523089199,0.693077374399466,0.537586375375166,0.580126408566403,0.734278479773948,0.702262570485973,0.769353019583718,0,0.00143146514892578,0,0
Adaptive Thresholding,11.2492215702454,0.582334356937317,0.493736501079914,0.385876860227604,0.556870341516823,0.615470538955599,0.508458935712089,0,0.00158977508544922,0,0
Region Growing,5.9521238599629,0.000288990402107021,0.000137943718962663,0,0,0,0,0,0.00194954872131348,510.2,0
Split and Merge,16.0184523089199,0.693077374399466,0.537586375375166,0.580126408566403,0.734278479773948,0.702262570485973,0.769353019583718,0,0.0365638732910156,109.4,0
MobileNet-Seg,6.02129381477574,0.0131397403720229,0.0184426229508197,0.00479316973313029,0.00954060970458893,0.155214227970897,0.00492156259612427,0,0.265868425369263,101.5,0
K-Means,22.8459824756945,0.644083628014419,0.300153846153846,0.677637370438734,0.807847252784455,0.817534002535202,0.798387366589715,0,0.241478681564331,99.4,0
Otsu,20.9130011434721,0.7845542952959,0.563624724375845,0.43470428765071,0.605984510386495,0.482137205253996,0.815450500184014,0,0.00122165679931641,0,0
Adaptive Thresholding,11.2719288336419,0.429206208903247,0.30269489894129,0.392433249576107,0.563665439180763,0.501933528428094,0.642711365385259,0,0.00147795677185059,0,0
Region Growing,6.33876884694033,0.00417062936528446,9.31966449207829E-05,0,0,0,0,0,0.00168299674987793,0,0
Split and Merge,20.9130011434721,0.7845542952959,0.563624724375845,0.43470428765071,0.605984510386495,0.482137205253996,0.815450500184014,0,0.0225787162780762,88.5,0
MobileNet-Seg,6.33872317383013,0.00416649152632415,0,0,0,0,0,0,0.282641649246216,99.1,0
K-Means,24.7646277277619,0.604226590035032,0.2248708780294,0.645404273017144,0.784493250201277,0.996480129379028,0.646879004492751,0,0.270407199859619,99.8,0
Otsu,13.8142943181948,0.558789601155736,0.17016093953893,0.709291401641743,0.829924494981349,0.996537920588554,0.711043522564111,0,0.00122523307800293,815.4,0
Adaptive Thresholding,11.0241929382147,0.232513953999643,0.0879085232341254,0.600591305954636,0.750461787116139,0.995660276210655,0.602167636751015,0,0.00134992599487305,735.3,0
Region Growing,10.5943352178213,0.279004529574017,0.0512317790469696,0.537265547877591,0.698988601701718,0.998251798354971,0.537771533556684,0,0.0632100105285645,110.7,0
Split and Merge,13.8142943181948,0.558789601155736,0.17016093953893,0.709291401641743,0.829924494981349,0.996537920588554,0.711043522564111,0,0.00528407096862793,188.9,0
MobileNet-Seg,6.93658938522598,0.132334524737033,0.50779376498801,0.13889145354384,0.243906393557801,0.976734119684017,0.139352487996171,0,0.25923490524292,100.3,0
K-Means,21.8165948178271,0.831386690163459,0.442734430923407,0.311227357226233,0.474711506758985,0.498683845940704,0.452938215678873,0,0.29763388633728,100.8,0
Otsu,15.7044540153319,0.671273925202494,0.527925905136121,0.419454172201425,0.591007699179038,0.537984976380392,0.65562476406191,0,0.00151515007019043,0,0
Adaptive Thresholding,12.3743275728195,0.615811936541862,0.49337206584527,0.329535095715588,0.495714775454234,0.491138146112518,0.500377500943752,0,0.00188302993774414,0,0
Region Growing,6.81142345701083,0.000444840819753964,0.000137981786404195,0,0,0,0,0,0.0019533634185791,0,0
Split and Merge,15.7044540153319,0.671273925202494,0.527925905136121,0.419454172201425,0.591007699179038,0.537984976380392,0.65562476406191,0,0.0335841178894043,89.3,0
MobileNet-Seg,6.97221623555606,0.0232836935053312,0.0239586169343861,0.0421848480172813,0.0809546369773777,0.689012096774194,0.0430036491757896,0,0.261109113693237,99.6,0
K-Means,24.8580370024693,0.780278285075379,0.290651366857914,0.488122180653703,0.656024333216081,0.990193322714638,0.490493355404632,0,0.275048017501831,101.8,0
Otsu,12.8256359803419,0.397433946858738,0.329216393745952,0.551499669134055,0.710924636473646,0.99054700240471,0.554417611658596,0,0.00153708457946777,0,0
Adaptive Thresholding,11.4757455317513,0.342195899018184,0.262277408082085,0.543653422483785,0.704372386398794,0.992406772034423,0.545924287195037,0,0.00154733657836914,641.6,0
Region Growing,9.52375039312953,0.0254859412599757,0.158787938413104,0.379366155933039,0.550058669050679,0.990541737100539,0.380745370441993,0,0.0570383071899414,105.2,0
Split and Merge,12.8256359803419,0.397433946858738,0.329216393745952,0.551499669134055,0.710924636473646,0.99054700240471,0.554417611658596,0,0.0282425880432129,106.2,0
MobileNet-Seg,7.05485345963437,0.000265682464854438,0,0,0,0,0,0,0.272209405899048,102.8,0
K-Means,26.0373340796172,0.671586783440716,0.266000425260472,0.504829903401932,0.670946134524142,0.988035437026212,0.507935017372523,0,0.318911790847778,100.3,0
Otsu,15.4367106730536,0.493681689424065,0.220094140561597,0.524027033325565,0.687687320325402,0.986228070175439,0.527889942717626,0,0.00147747993469238,0,0
Adaptive Thresholding,12.3119937060649,0.328325534080731,0.0973628347485304,0.589376772733613,0.741645131405724,0.983829655118884,0.595141953861082,0,0.0014183521270752,700.5,0
Region Growing,7.958887245117,0.139034023575542,0.148809523809524,0.222954506410957,0.364616190123488,0.990494692291681,0.223432560177794,0,0.0316228866577148,94.8,0
Split and Merge,15.4367106730536,0.493681689424065,0.220094140561597,0.524027033325565,0.687687320325402,0.986228070175439,0.527889942717626,0,0.0151040554046631,66.1,0
MobileNet-Seg,7.76961993121966,0.211308435105293,0.269189479334407,0.221043407504773,0.362056592167316,0.999151223652568,0.2210849219019,0,0.270584583282471,99.8,0
K-Means,22.0159470000385,0.669304535040086,0.274097972083224,0.714015684697366,0.83314953424529,0.977239576166231,0.726090423900374,0,0.437984704971314,100.5,0
Otsu,14.4699416176135,0.691533151472703,0.515427726796822,0.839435235413083,0.912709748353353,0.917300066093853,0.908165143242746,0,0.00123119354248047,0,0
Adaptive Thresholding,7.93894232017868,0.320117157288731,0.28983711693328,0.475002184359983,0.644069804637056,0.765603875619649,0.5558350203464,0,0.00151324272155762,0,0
Region Growing,3.56857289813595,0.000203329444339311,0.000674650025299376,0,0,0,0,0,0.00203442573547363,0,0
Split and Merge,14.4699416176135,0.691533151472703,0.515427726796822,0.839435235413083,0.912709748353353,0.917300066093853,0.908165143242746,0,0.0209770202636719,95.3,0
MobileNet-Seg,3.60317624011492,0.0146187816151211,0.0257374446394251,0.0103204780010864,0.0204301075268817,0.389521640091116,0.0104901539782835,0,0.328999519348145,97.3,0
K-Means,20.7627372118032,0.662026014190285,0.320481320481321,0.683352603777007,0.811894789295767,0.945008778530223,0.711651516940149,0,0.458743572235107,95.9,0
Otsu,17.6090787641257,0.665758996033324,0.503210221854936,0.498282266362067,0.665138041808278,0.655930763756571,0.674607484358399,0,0.00221514701843262,0,0
Adaptive Thresholding,11.6906735380148,0.45389832895492,0.34513422118315,0.400639474593847,0.572080798608112,0.599209016181564,0.547302561681029,0,0.00209283828735352,0,0
Region Growing,6.30344312257411,0.00260573106231463,0.000987898246480613,0.00110966828001417,0.0022168765624263,1,0.00110966828001417,0,0.00357317924499512,279.4,0
Split and Merge,17.6090787641257,0.665758996033324,0.503210221854936,0.498282266362067,0.665138041808278,0.655930763756571,0.674607484358399,0,0.0405521392822266,98.6,0
MobileNet-Seg,12.9435970374809,0.743807803387155,0.703380588876772,0.463079006203357,0.633019822224135,0.581598149136857,0.694416243654822,0,0.426323413848877,98.5,0
K-Means,26.3512237158717,0.77567623683928,0.230323864664375,0.519577176140654,0.683844406587166,0.994308799245105,0.521126978239367,0,0.490111112594605,95.9,0
Otsu,13.4269800669528,0.418528086213199,0.231255685017542,0.614757760147886,0.761424128522638,0.994740515479336,0.616762487636004,0,0.00231599807739258,0,0
Adaptive Thresholding,11.6397296572699,0.349525506600288,0.212183749904456,0.528533341552497,0.691556182890558,0.994634726371045,0.530044510385757,0,0.00239849090576172,0,0
Region Growing,10.5291240302982,0.133017593739684,0.11911749292527,0.434504250165841,0.605790118942637,0.995863093133442,0.435289935707221,0,0.119733095169067,91.8,0
Split and Merge,13.4269800669528,0.418528086213199,0.231255685017542,0.614757760147886,0.761424128522638,0.994740515479336,0.616762487636004,0,0.00864768028259277,115.5,0
MobileNet-Seg,9.25612495004434,0.353798063761963,0.162427540518159,0.361648055448595,0.531191674679034,0.990675498924096,0.362883283877349,0,0.409499168395996,97.7,0
K-Means,25.7266722467991,0.672912905324707,0.235988200589971,0.375379073598005,0.545855438407987,0.975829364920565,0.378902061935765,0,0.417619228363037,93.4,0
Otsu,11.4838587079532,0.286864553898203,0.115643677070487,0.383100027811254,0.553972988370924,0.985492845786963,0.385272775300278,0,0.00326967239379883,0,0
Adaptive Thresholding,12.0413094849262,0.252254133297508,0.0545159326161965,0.560713680415389,0.718534972111161,0.985218474200011,0.565470733564336,0,0.00135588645935059,0,0
Region Growing,10.4392019667717,0.212466920051775,0.0645541884375527,0.52637270957575,0.689704036600672,0.989285403176631,0.529390742265799,0,0.0644810199737549,93,0
Split and Merge,11.4838587079532,0.286864553898203,0.115643677070487,0.383100027811254,0.553972988370924,0.985492845786963,0.385272775300278,0,0.00260019302368164,0,0
MobileNet-Seg,10.100967069561,0.489238403380632,0.46011673151751,0.506751487162235,0.672641097725589,0.969684555510037,0.51490902310549,0,0.259965181350708,100,0
K-Means,26.637676996675,0.635572599581252,0.277179487179487,0.00674831292176956,0.0134061569016882,0.0142569552159995,0.0126511845842973,0,0.240945339202881,103.8,0
Otsu,15.1336151027083,0.489555226565785,0.25224564619615,0.940298507462687,0.969230769230769,0.966184558973314,0.972296248572349,0,0.00168704986572266,592.4,0
Adaptive Thresholding,12.3121653441364,0.318063200882099,0.0870054227756578,0.420156194811821,0.591704203166883,0.560127658461297,0.627053621108736,0,0.00151228904724121,0,0
Region Growing,8.21641684984409,0.159609195082597,0.148436591886551,0.00459090833208127,0.00913985642116458,0.010565138883553,0.00805341611268926,0,0.089482307434082,111.7,0
Split and Merge,15.1336151027083,0.489555226565785,0.25224564619615,0.940298507462687,0.969230769230769,0.966184558973314,0.972296248572349,0,0.0128688812255859,77.6,0
MobileNet-Seg,9.49910556746294,0.594622939048461,0.789913700107875,0.130200849867017,0.230403029483365,0.2140577488503,0.249450903446862,0,0.262073993682861,99.2,0
K-Means,25.8660408190267,0.770130047730533,0.253740600046515,0.462401361596782,0.632386393694123,0.989012807360095,0.464788951444835,0,0.32724404335022,97.8,0
Otsu,14.0065137801542,0.468956952090784,0.253975112340131,0.623920818944253,0.768412858146467,0.98620723267375,0.629413045506859,0,0.00144267082214355,0,0
Adaptive Thresholding,11.5393244230256,0.372369346644903,0.236074369387831,0.519844273818536,0.684075707983492,0.987353286384977,0.523328874926125,0,0.00164365768432617,0,0
Region Growing,10.9066343724269,0.00395231299005695,0.120270808442851,0.522099276750943,0.686025260934898,0.988009592326139,0.525428473669477,0,0.0719473361968994,111.2,0
Split and Merge,14.0065137801542,0.468956952090784,0.253975112340131,0.623920818944253,0.768412858146467,0.98620723267375,0.629413045506859,0,0.00459384918212891,0,0
MobileNet-Seg,8.54668775852904,0.265105647121212,0.166717217672632,0.29137579875309,0.451264146400193,0.998880716341541,0.291470963327009,0,0.279454708099365,100.2,0
K-Means,21.9645763980465,0.599177210784223,0.33444760153769,0.8078040790447,0.893685425769776,0.901896587322656,0.88562242947344,0,0.271105051040649,99.6,0
Otsu,16.3997930199461,0.698230927926437,0.539586402575435,0.686570423919453,0.814161583984046,0.736257816708434,0.910502230203325,0,0.00128793716430664,0,0
Adaptive Thresholding,10.2228866076129,0.47327092018516,0.366302260304329,0.375403169260973,0.545880913539967,0.549047758570173,0.542750391009674,0,0.00154638290405273,0,0
Region Growing,5.65743494626681,0.00085076977637814,0.000210541090602849,0,0,0,0,0,0.00168919563293457,0,0
Split and Merge,16.3997930199461,0.698230927926437,0.539586402575435,0.686570423919453,0.814161583984046,0.736257816708434,0.910502230203325,0,0.020237922668457,98.8,0
MobileNet-Seg,7.33244819677849,0.553613810471602,0.71078201434028,0.0923878082401593,0.169148369367096,0.163930862050223,0.174708915020564,0,0.273508548736572,98.7,0
K-Means,22.027338662356,0.810106887489203,0.363437452844424,0.350990861701454,0.519605086387353,0.488529213054079,0.554903072970538,0,0.41692042350769,98.3,0
Otsu,12.2258319619586,0.560497253270589,0.47165488347735,0.383798592225244,0.554702966720134,0.489242926331889,0.640385706182643,0,0.00159621238708496,0,0
Adaptive Thresholding,10.5342460325991,0.502430647550716,0.469015321557529,0.334403997144897,0.50120353035571,0.47419028340081,0.531480431083381,0,0.00144362449645996,681.1,0
Region Growing,5.59431810077485,0.000265496265085419,0.000511318737507554,0.000934236428547596,0.00186672889096303,1,0.000934236428547596,0,0.00172924995422363,0,0
Split and Merge,12.2258319619586,0.560497253270589,0.47165488347735,0.383798592225244,0.554702966720134,0.489242926331889,0.640385706182643,0,0.0332949161529541,90.1,0
MobileNet-Seg,5.59208357524161,8.36489574758619E-05,0,0,0,0,0,0,0.263914823532105,98.5,0
K-Means,20.9438789647458,0.684288378832144,0.353478204963353,0.300387556734575,0.461996971870269,0.515855785315158,0.418321403832833,0,0.259127378463745,96.5,0
Otsu,18.6374029393866,0.718109822373403,0.54534978308026,0.262120627572017,0.415365412537891,0.37172297451329,0.470618794735627,0,0.00119495391845703,0,0
Adaptive Thresholding,10.7037046589638,0.46581065047088,0.324419167473379,0.344498418436512,0.512456413057178,0.497728571039961,0.528082429000231,0,0.00149369239807129,0,0
Region Growing,5.46667045655273,0.0503431833377651,0.0311133967600926,0.15343960936378,0.266055731254825,0.96968596841532,0.154179173401062,0,0.0119190216064453,167.7,0
Split and Merge,18.6374029393866,0.718109822373403,0.54534978308026,0.262120627572017,0.415365412537891,0.37172297451329,0.470618794735627,0,0.0221192836761475,135.6,0
MobileNet-Seg,9.76585150087268,0.749449966491984,0.937240619971204,0.699253279515641,0.823012423097936,0.699253279515641,1,0,0.27922797203064,103.8,0
K-Means,30.6721654418769,0.915590079444645,0.382618103137396,0.824621964258439,0.903882536121482,0.983549215718424,0.836154692025338,0,0.261450529098511,99.4,0
Otsu,33.515141759983,0.946569514579459,0.592877377579927,0.141368632915312,0.247717746639357,0.99748743718593,0.141418991125498,0,0.00213050842285156,469.9,0
Adaptive Thresholding,24.4336079955817,0.916221955222624,0.310359869138495,0.902711817211454,0.948868671593616,0.998699298305665,0.903774373906175,0,0.000765323638916016,0,0
Region Growing,18.5367156433674,0.767480192286484,0.0601649684619117,0.010562507743774,0.020904214559387,0.998535871156662,0.0105626713336534,0,0.00343537330627441,290.1,0
Split and Merge,33.515141759983,0.946569514579459,0.592877377579927,0.141368632915312,0.247717746639357,0.99748743718593,0.141418991125498,0,0.0166659355163574,119.9,0
MobileNet-Seg,18.4602169910165,0.772459619396878,0.024653312788906,0.0110892561215482,0.0219352664552793,1,0.0110892561215482,0,0.274050951004028,98.5,0
K-Means,22.8461248288247,0.644315399294174,0.299892041949414,0.676895873142629,0.807320101365716,0.812585592988222,0.8021224103552,0,0.260367393493652,99.9,0
Otsu,20.9167199595221,0.784635837183181,0.563314114883622,0.429560129856231,0.600968257137153,0.476352487389971,0.81388353780121,0,0.00112485885620117,0,0
Adaptive Thresholding,11.2707899687724,0.429135631672008,0.30238620413074,0.388074051344993,0.559154680499882,0.49575352131079,0.641150427523742,0,0.00156354904174805,0,0
Region Growing,6.33920263237998,0.00385177640121624,0.00279121697059918,0,0,0,0,0,0.00189709663391113,0,0
Split and Merge,20.9167199595221,0.784635837183181,0.563314114883622,0.429560129856231,0.600968257137153,0.476352487389971,0.81388353780121,0,0.0238330364227295,83.9,0
MobileNet-Seg,9.11248209259055,0.671145841626488,0.844652477258677,0.129580269607843,0.229430830361139,0.191596828992072,0.285883267430464,0,0.268567323684692,100.5,0
K-Means,22.9909005000158,0.713338760161521,0.267730900798176,0.426752969891709,0.598215639143334,0.988548935408839,0.428873053576141,0,0.233843803405762,102.6,0
Otsu,16.7485600425916,0.635558736247399,0.250225998915205,0.677483881887704,0.807738171678072,0.987086649478758,0.68354214211417,0,0.00122594833374023,0,0
Adaptive Thresholding,12.521200406871,0.261988604098049,0.0938190954773869,0.679806596655477,0.809386744889541,0.98815945564832,0.685389595268036,0,0.00108242034912109,0,0
Region Growing,6.11853296641467,0.00301300415173556,0.0125858123569794,0.00163010572399981,0.00325490560773738,1,0.00163010572399981,0,0.00184464454650879,538.8,0
Split and Merge,16.7485600425916,0.635558736247399,0.250225998915205,0.677483881887704,0.807738171678072,0.987086649478758,0.68354214211417,0,0.0124473571777344,160.5,0
MobileNet-Seg,6.61262464997078,0.205968672314385,0.567991981289676,0.208430443439473,0.344960596732786,0.972910662824208,0.209647120922795,0,0.284833431243897,98.3,0
K-Means,22.2333200104484,0.679732299444717,0.15894819466248,0.505516688753968,0.67155242121209,0.981451009723261,0.510393004947568,0,0.449055910110474,100.2,0
Otsu,16.4862192321468,0.664166775354724,0.248494168909394,0.731339381823774,0.844824982902415,0.984352685501397,0.739941500451193,0,0.00139260292053223,0,0
Adaptive Thresholding,12.1623736062546,0.259746202509355,0.106921752083042,0.634791329167631,0.776602270689606,0.987021710447403,0.64013442449513,0,0.0013430118560791,0,0
Region Growing,11.2802224729044,0.322182248734709,0.110651499482937,0.534502489870403,0.696645972748529,0.988898426323319,0.537729097302175,0,0.0621654987335205,96.5,0
Split and Merge,16.4862192321468,0.664166775354724,0.248494168909394,0.731339381823774,0.844824982902415,0.984352685501397,0.739941500451193,0,0.00845026969909668,118.2,0
MobileNet-Seg,6.9155066761585,0.0506088456945625,0.0987858719646799,0.0619013558900361,0.116585887279809,0.99054491166957,0.0619379531381274,0,0.257239818572998,101.1,0
K-Means,23.8045355747206,0.757245733839884,0.0210434020166594,0.839496585276718,0.912746011051096,0.970479509928179,0.861495909804749,0,0.353777170181274,98.9,0
Otsu,11.987618414502,0.557648187038082,0.0108126961981165,0.467355277694965,0.63700357343468,0.649841502072665,0.624663056981459,0,0.00135612487792969,0,0
Adaptive Thresholding,15.2741156068715,0.373326021637732,0.0324897686461204,0.639163953507988,0.779865799440145,0.695147234198697,0.888099758573002,0,0.000845670700073242,0,0
Region Growing,10.4443909374116,0.437371433126031,0.00791336942940442,0.411010460675608,0.582576064643506,0.658761606245195,0.522185500316433,0,0.0608963966369629,98.5,0
Split and Merge,11.987618414502,0.557648187038082,0.0108126961981165,0.467355277694965,0.63700357343468,0.649841502072665,0.624663056981459,0,0.00264883041381836,0,0
MobileNet-Seg,6.07757760714061,0.000440295864946265,0,0,0,0,0,0,0.265506505966187,101.7,0
K-Means,23.8772387170024,0.711582927667417,0.330297827871912,0.646548522311243,0.785337952146943,0.896223292759166,0.698870153704978,0,0.304348945617676,98.6,0
Otsu,14.5301088985677,0.499907483997917,0.308617095205003,0.651872699718554,0.789252948885976,0.801793005503284,0.777099105299381,0,0.00154566764831543,638.7,0
Adaptive Thresholding,12.0581047558023,0.396532922483234,0.242708983156581,0.422057180929239,0.59358679325883,0.57134519988328,0.617630190410645,0,0.00131797790527344,0,0
Region Growing,6.99344342726047,0.000708821039678986,0.000899685110211426,0,0,0,0,0,0.00187587738037109,530,0
Split and Merge,14.5301088985677,0.499907483997917,0.308617095205003,0.651872699718554,0.789252948885976,0.801793005503284,0.777099105299381,0,0.0160641670227051,124.4,0
MobileNet-Seg,6.99104654801508,0.000632042241731596,0,0,0,0,0,0,0.266131401062012,97.7,0
K-Means,24.4875986210613,0.644232397864456,0.122885413341845,0.0409234341023168,0.078629095592624,0.0842137137473925,0.073739099693613,0,0.403401851654053,101.6,0
Otsu,7.96924432839017,0.329699655124304,0.112454655380895,0.685600171554174,0.81347900068381,0.883824596565189,0.753505774216356,0,0.00166130065917969,0,0
Adaptive Thresholding,8.59349246678946,0.167284064093818,0.0841281079505227,0.402277757808509,0.573749038759899,0.529231688195326,0.626443554089088,0,0.00147008895874023,0,0
Region Growing,5.82488278039926,0.180886666817692,0.126120800078826,0.112981925640849,0.203025625192961,0.213257231806979,0.193730850813104,0,0.0585522651672363,102.4,0
Split and Merge,7.96924432839017,0.329699655124304,0.112454655380895,0.685600171554174,0.81347900068381,0.883824596565189,0.753505774216356,0,0.00934863090515137,106.8,0
MobileNet-Seg,3.88203911364327,0.000145797180131377,0,0,0,0,0,0,0.263509035110474,98.7,0
K-Means,25.7198204412564,0.736740455738822,0.240199335548173,0.433082034441824,0.604406480624825,0.987520213738311,0.435465368636448,0,0.304257154464722,101.9,0
Otsu,12.2861087566812,0.468177416373989,0.140037593984962,0.59266094552613,0.744239942833967,0.986837387964149,0.597383270292057,0,0.00149297714233398,0,0
Adaptive Thresholding,11.2613666792011,0.197498517763713,0.0650219527493205,0.62282847866562,0.767583865890429,0.988256262512818,0.627472561542754,0,0.00121378898620605,0,0
Region Growing,6.83419346386502,0.0733195179111506,0.0537680846469445,0.193188128586413,0.323818388664805,0.975085643101837,0.194146462454269,0,0.0271806716918945,73.5,0
Split and Merge,12.2861087566812,0.468177416373989,0.140037593984962,0.59266094552613,0.744239942833967,0.986837387964149,0.597383270292057,0,0.00272178649902344,0,0
MobileNet-Seg,6.55597226647546,0.0299878360329778,0.0993657505285412,0.0366001116140634,0.07061568140693,1,0.0366001116140634,0,0.271004676818848,99.6,0
K-Means,23.1481332880367,0.570777234112011,0.340291176986494,0.83698524554063,0.911259627775946,0.931442225217498,0.891933118216486,0,0.472393751144409,95.3,0
Otsu,18.6179839517561,0.578878270838225,0.42045347633832,0.794135124660897,0.885256761037989,0.869455759221543,0.901642710472279,0,0.00240445137023926,0,0
Adaptive Thresholding,11.7465784378947,0.512416287829293,0.290747917501893,0.394501240694789,0.565795467486619,0.549615576082748,0.582956878850103,0,0.00227952003479004,0,0
Region Growing,7.04966838958772,0.0448400899695852,0,0,0,0,0,0,0.0187013149261475,53.4,0
Split and Merge,18.6179839517561,0.578878270838225,0.42045347633832,0.794135124660897,0.885256761037989,0.869455759221543,0.901642710472279,0,0.0303349494934082,98.9,0
MobileNet-Seg,7.09529914862041,0.0868180601925503,0.0876277451619917,0,0,0,0,0,0.450298547744751,95.5,0
K-Means,20.2462790341017,0.696098217522076,0.342185695850031,0.238152868650959,0.384690573645305,0.434590565581973,0.345069457763652,0,0.447972059249878,98.2,0
Otsu,19.1873783120369,0.767628978815094,0.536915030904028,0.516053136424512,0.680785025307994,0.603202809333418,0.781269693399458,0,0.00218987464904785,0,0
Adaptive Thresholding,11.1957265587702,0.448252340859881,0.310456991406313,0.406418957782124,0.577948634058564,0.57511055644483,0.580814861495465,0,0.00207853317260742,0,0
Region Growing,5.9426985328485,0.00493254660393473,0,0,0,0,0,0,0.00297808647155762,0,0
Split and Merge,19.1873783120369,0.767628978815094,0.536915030904028,0.516053136424512,0.680785025307994,0.603202809333418,0.781269693399458,0,0.033344030380249,119.9,0
MobileNet-Seg,7.56026916967902,0.457378621036405,0.570017726006584,0.0864392826588756,0.159124000832021,0.173812846895388,0.146724388305888,0,0.416338920593262,98.5,0
K-Means,23.7649845308182,0.564130711959024,0.220489744663039,0.466078331716182,0.635816411215346,0.980717503321775,0.470388907886965,0,0.672576904296875,96.6,0
Otsu,20.5073808233954,0.658339254094995,0.366257250085295,0.669213151544031,0.801830672044496,0.983664708540443,0.676733919855753,0,0.00134372711181641,0,0
Adaptive Thresholding,15.1552793018717,0.443815607167335,0.195527104772709,0.563584571560551,0.720887864732587,0.983581006637465,0.568937109460006,0,0.00180172920227051,0,0
Region Growing,10.6020739708727,0.0698322715177905,0.140192985711635,0.202790927937127,0.337200627685026,0.977333730987176,0.20374918394628,0,0.0275967121124268,108.7,0
Split and Merge,20.5073808233954,0.658339254094995,0.366257250085295,0.669213151544031,0.801830672044496,0.983664708540443,0.676733919855753,0,0.0133903026580811,74.6,0
MobileNet-Seg,10.1524546922858,0.0017406830177219,0,0,0,0,0,0,0.259310722351074,96.4,0
K-Means,25.8912320984816,0.669501547631764,0.237609019357584,0.400105193137695,0.571535903300297,0.965939647445474,0.405830757402206,0,0.31503438949585,98.4,0
Otsu,14.3730330147343,0.450365162681254,0.170698592940015,0.524793837648119,0.688347269893974,0.980842911877395,0.530228617156486,0,0.00168514251708984,0,0
Adaptive Thresholding,12.9151550226497,0.298676022297977,0.0878507785827296,0.602766247444396,0.752157400875523,0.979044025157233,0.610644741177763,0,0.00132441520690918,0,0
Region Growing,8.73477364643712,0.146332038242272,0.11859006273026,0.304403378104646,0.466731968368493,0.977630986338388,0.306538419293593,0,0.0406820774078369,98.3,0
Split and Merge,14.3730330147343,0.450365162681254,0.170698592940015,0.524793837648119,0.688347269893974,0.980842911877395,0.530228617156486,0,0.0100252628326416,99.7,0
MobileNet-Seg,9.18466207677408,0.508523417931976,0.715324384787472,0.498069793804957,0.664948717162111,0.954580152671756,0.510159890790981,0,0.256737947463989,101.3,0
K-Means,26.3094481196389,0.73509430523126,0.223201174743025,0.499761725415443,0.666454833386292,0.981641403466393,0.504476824480549,0,0.299487590789795,100.2,0
Otsu,10.5881946232141,0.338439012241397,0.154828083178917,0.414613096614114,0.586185859026038,0.983764215453249,0.417469701907112,0,0.00191712379455566,0,0
Adaptive Thresholding,12.9762041637799,0.161025194093614,0.0409902791744481,0.701324299353249,0.82444516853119,0.989205273560522,0.706733081948389,0,0.00150680541992188,0,0
Region Growing,7.56741151805148,0.0251679294599102,0.115333035315154,0.0555365899075166,0.105229113682137,0.999720670391062,0.0555374517015037,0,0.00857973098754883,116.4,0
Split and Merge,10.5881946232141,0.338439012241397,0.154828083178917,0.414613096614114,0.586185859026038,0.983764215453249,0.417469701907112,0,0.00275349617004395,0,0
MobileNet-Seg,7.2041926090336,0.00926011147986047,0.145554681353265,0.0140589358037335,0.0277280448055823,1,0.0140589358037335,0,0.265530347824097,101.7,0
K-Means,25.475960948624,0.699942649079403,0.316030534351145,0.479498422955612,0.648190515806988,0.994892258579409,0.480681730546773,0,0.254237651824951,98.3,0
Otsu,11.1832260792983,0.362203902659001,0.184282163569653,0.496439173703721,0.663493956089137,0.994515144978893,0.49780211305622,0,0.0015873908996582,0,0
Adaptive Thresholding,12.2309377535195,0.183649362568543,0.0704372416793561,0.675795923394298,0.806537256667249,0.997251124539961,0.677057145060538,0,0.00135993957519531,0,0
Region Growing,6.9383502660511,-0.000804938559567587,0.0391304347826087,0.011984082916898,0.0236843308490695,0.998714652956298,0.0119842677566129,0,0.00354957580566406,0,0
Split and Merge,11.1832260792983,0.362203902659001,0.184282163569653,0.496439173703721,0.663493956089137,0.994515144978893,0.49780211305622,0,0.00664639472961426,150.2,0
MobileNet-Seg,6.89048911707402,0.000380488586384034,0,0,0,0,0,0,0.262200117111206,99.1,0
K-Means,22.1273390929009,0.854485352560797,0.424757029709819,0.461076267905536,0.63114606408123,0.988479798147472,0.463567291523946,0,0.351190805435181,99.7,0
Otsu,13.2730293641688,0.630626993156481,0.500371771247535,0.576072039843955,0.7310224726796,0.983546136632881,0.581677772933923,0,0.00193667411804199,515.5,0
Adaptive Thresholding,11.2037086497247,0.590936814396925,0.49041889483066,0.488219753734917,0.656112449132132,0.984454828660436,0.492012829295634,0,0.00185656547546387,0,0
Region Growing,5.87799010720651,5.46638806841331E-05,8.70132695236024E-05,3.11390670735505E-05,6.22761949244901E-05,1,3.11390670735505E-05,0,0.00225186347961426,0,0
Split and Merge,13.2730293641688,0.630626993156481,0.500371771247535,0.576072039843955,0.7310224726796,0.983546136632881,0.581677772933923,0,0.0351417064666748,85.3,0
MobileNet-Seg,5.92825721083268,0.00561446688395636,0.00723946592682504,0.00899919038425609,0.0178378545196432,1,0.00899919038425609,0,0.260722875595093,95.9,0
K-Means,23.0242269590418,0.668997908891094,0.280208066854268,0.612742145452426,0.759876149054854,0.849020030152918,0.687673084890643,0,0.389314651489258,97.6,0
Otsu,9.62009928713075,0.317039718952931,0.237565549022724,0.302236779877739,0.46418099157991,0.60571488749254,0.376262020541224,0,0.00193023681640625,517.3,0
Adaptive Thresholding,10.1775019449342,0.295946249723675,0.189530408006159,0.450324336744614,0.620998111023094,0.703889932589236,0.555572515754814,0,0.00146150588989258,0,0
Region Growing,5.69316954111374,0.000198900941575926,0.000849016555822839,0,0,0,0,0,0.00199532508850098,0,0
Split and Merge,9.62009928713075,0.317039718952931,0.237565549022724,0.302236779877739,0.46418099157991,0.60571488749254,0.376262020541224,0,0.0182538032531738,109.5,0
MobileNet-Seg,6.34864162499441,0.116009367074226,0.319084967320261,0.0157810517022568,0.0310717583790537,0.0915883859948762,0.0187095226673063,0,0.301238298416138,99.6,0
K-Means,23.8470189396417,0.714805383442539,0.168601716304897,0.467807043320909,0.63742308016522,0.988787185354691,0.470301956028237,0,0.35641074180603,98.2,0
Otsu,12.4689201578777,0.534629298132897,0.275202780996524,0.57551878119254,0.730576858952984,0.989243599277595,0.579142954877632,0,0.00141644477844238,0,0
Adaptive Thresholding,12.2439323591055,0.178408344475885,0.081230462556064,0.701473364905438,0.824548158524273,0.993424657534247,0.704745467549834,0,0.00111126899719238,0,0
Region Growing,6.2942771597794,-9.17833217912333E-06,0.0151205557825909,0.000995117703765899,0.00198825685793283,1,0.000995117703765899,0,0.00189328193664551,525.1,0
Split and Merge,12.4689201578777,0.534629298132897,0.275202780996524,0.57551878119254,0.730576858952984,0.989243599277595,0.579142954877632,0,0.00625681877136231,159.6,0
MobileNet-Seg,6.7101362399953,0.0705603899013367,0.0923190546528804,0.0819873459045191,0.151549546701915,0.997541138641952,0.0820039182759586,0,0.281119823455811,99.6,0
K-Means,21.5403620720576,0.828266494690494,0.42602625546989,0.30802803306895,0.47098078218743,0.52849479785434,0.424756228118399,0,0.324877262115479,101.6,0
Otsu,14.5942544089189,0.662916429091509,0.520890525610981,0.527896133129673,0.691010496961406,0.633511010347073,0.759989583634733,0,0.00152778625488281,0,0
Adaptive Thresholding,10.6738858274392,0.572931593447518,0.49166882780083,0.361219972790221,0.530729757145414,0.547775211701309,0.514713115939932,0,0.00187134742736816,530.7,0
Region Growing,5.48601445924976,0.000279020641754594,0.00022285612408629,0,0,0,0,0,0.00185441970825195,0,0
Split and Merge,14.5942544089189,0.662916429091509,0.520890525610981,0.527896133129673,0.691010496961406,0.633511010347073,0.759989583634733,0,0.0356400012969971,112.2,0
MobileNet-Seg,5.48538264319841,0.000188648309005595,0,0,0,0,0,0,0.266887426376343,101.1,0
K-Means,23.5067891247235,0.68207002591264,0.250501701422214,0.15195001077354,0.263813549811081,0.276094276094276,0.252578796561605,0,0.347962856292725,100.6,0
Otsu,14.5128975718873,0.502372155710031,0.257112750263435,0.51960761896051,0.683870773582918,0.589667073202377,0.813896848137536,0,0.00145220756530762,0,0
Adaptive Thresholding,12.4675584421509,0.354450526532509,0.208870934498537,0.372229860886445,0.542518234730715,0.460858680685943,0.659348137535817,0,0.00141668319702148,0,0
Region Growing,6.9566378840355,0.000368556746576072,0.000278009452321379,0,0,0,0,0,0.00198650360107422,501.2,0
Split and Merge,14.5128975718873,0.502372155710031,0.257112750263435,0.51960761896051,0.683870773582918,0.589667073202377,0.813896848137536,0,0.0195903778076172,102,0
MobileNet-Seg,100,1,1,0.426025390625,0.597500428008903,0.426025390625,1,0,0.262527465820313,99,0
K-Means,26.2003058958511,0.769375568203435,0.168865435356201,0.54957511427432,0.709323619373806,0.995001249687578,0.551096686867444,0,0.243799209594727,102.5,0
Otsu,13.2368651351269,0.564652317352466,0.212364200724263,0.627585043920835,0.771185562640696,0.994727250637833,0.629679761282185,0,0.0016319751739502,0,0
Adaptive Thresholding,13.2686813719856,0.144760593880234,0.0452002796923384,0.746436689807704,0.854811049451661,0.998069537715894,0.747515919648076,0,0.0011441707611084,0,0
Region Growing,10.9091280132585,0.36262381113568,0.139298669891173,0.479278587874137,0.64798962386511,0.995663403590447,0.480281170209493,0,0.0718622207641602,111.3,0
Split and Merge,13.2368651351269,0.564652317352466,0.212364200724263,0.627585043920835,0.771185562640696,0.994727250637833,0.629679761282185,0,0.00507164001464844,0,0
MobileNet-Seg,6.86643377771177,0.00046202928013198,0,0,0,0,0,0,0.267187118530273,101,0
K-Means,22.0267177531514,0.787773962867811,0.372702546773263,0.387926159314914,0.559001149609278,0.665384881867942,0.481946152109001,0,0.285688400268555,98,0
Otsu,13.9481651346997,0.646731054674196,0.511052134079837,0.534302258695402,0.696475881029743,0.693753578808475,0.699219632148144,0,0.00152111053466797,0,0
Adaptive Thresholding,10.9617828640724,0.54381290868991,0.463872590108969,0.392559296097934,0.563795447989781,0.622852807283763,0.514967505583018,0,0.00160908699035645,0,0
Region Growing,5.87022451564538,0.000431787580029576,0.00024817590708294,0,0,0,0,0,0.00184464454650879,0,0
Split and Merge,13.9481651346997,0.646731054674196,0.511052134079837,0.534302258695402,0.696475881029743,0.693753578808475,0.699219632148144,0,0.0300166606903076,99.9,0
MobileNet-Seg,5.87014458167573,0.000440195256480332,0,0,0,0,0,0,0.277396202087402,100.9,0
K-Means,25.0136405334712,0.746339006584262,0.315752949340736,0.411038422555975,0.582604153062557,0.991700629862912,0.412457237957284,0,0.293993234634399,98.6,0
Otsu,13.1430323248856,0.537432236155872,0.13307119205298,0.610120644459093,0.757857054449554,0.991554348638481,0.613307855888064,0,0.0013270378112793,0,0
Adaptive Thresholding,12.2147252952068,0.161115037276877,0.0365023154453827,0.684886128364389,0.812976161218973,0.993084124619182,0.688168397694702,0,0.00121378898620605,0,0
Region Growing,7.0094805863484,0.0872989483304828,0.0488225157955198,0.186884388081753,0.31491590917932,0.993292433537832,0.187120535026351,0,0.02107834815979,94.8,0
Split and Merge,13.1430323248856,0.537432236155872,0.13307119205298,0.610120644459093,0.757857054449554,0.991554348638481,0.613307855888064,0,0.00510811805725098,195.3,0
MobileNet-Seg,6.36818185452663,0.000385629757974392,0,0,0,0,0,0,0.260735988616943,99.7,0
K-Means,23.5838818454725,0.604675915546277,0.26903082064612,0.552579579486863,0.711821264156384,0.988375303733157,0.556194353372594,0,0.334356307983398,101.7,0
Otsu,17.9666018544144,0.630851627195365,0.345763078253351,0.639816926585712,0.780351655373974,0.987278261283112,0.645135727271315,0,0.00134921073913574,0,0
Adaptive Thresholding,10.8604897600769,0.38713107439336,0.195206625397357,0.563809963809964,0.721072223425837,0.984457769770631,0.568873626800504,0,0.00181460380554199,0,0
Region Growing,6.2320910044605,0.00190709777852175,0,0.001134297745389,0.00226602514356666,1,0.001134297745389,0,0.00221467018127441,0,0
Split and Merge,17.9666018544144,0.630851627195365,0.345763078253351,0.639816926585712,0.780351655373974,0.987278261283112,0.645135727271315,0,0.0156400203704834,127.8,0
MobileNet-Seg,6.7236116420276,0.372454126452409,0.600473801560758,0.380396499484766,0.551140921650771,0.973931876353613,0.384309399132961,0,0.262616157531738,99,0
K-Means,22.8549438530357,0.67358749277345,0.350841803087904,0.614210108494311,0.761003917968558,0.962712567399419,0.629177848255672,0,0.258724212646484,100.5,0
Otsu,16.1914166228709,0.546036492725252,0.329194279734915,0.636977239600852,0.778235914576513,0.786651896981446,0.769998102518229,0,0.00150012969970703,0,0
Adaptive Thresholding,11.6527467535453,0.44750779944765,0.28288970150523,0.448046534173534,0.618828916888716,0.61145215918713,0.626385839364615,0,0.00156903266906738,0,0
Region Growing,6.79283400068534,0.0389339642642236,0.124138532670331,0,0,0,0,0,0.015369176864624,130,0
Split and Merge,16.1914166228709,0.546036492725252,0.329194279734915,0.636977239600852,0.778235914576513,0.786651896981446,0.769998102518229,0,0.0170369148254395,58.7,0
MobileNet-Seg,7.50967313720398,0.0981196475136417,0.0474231046188664,0.214468405890747,0.353188942339666,0.969335604770017,0.215933425496734,0,0.280990839004517,99.6,0
K-Means,25.0878112787431,0.779869462464003,0.243441420889686,0.382855022266205,0.553716790410591,0.986257717586138,0.38490835885398,0,0.616506338119507,98.9,0
Otsu,11.4636594703055,0.323021395609845,0.268935236004391,0.437426429589245,0.608624442385191,0.99167807858422,0.439038040014302,0,0.00269007682800293,0,0
Adaptive Thresholding,11.4445645293888,0.373185326971365,0.256993136024799,0.515658555426806,0.680441585712684,0.988215787292,0.518849005860681,0,0.00240135192871094,0,0
Region Growing,7.8048294218254,0.0112615078105679,0.0840261687338149,0.20696708609682,0.342953985209532,0.984883120713812,0.207626657546598,0,0.0538899898529053,111.3,0
Split and Merge,11.4636594703055,0.323021395609845,0.268935236004391,0.437426429589245,0.608624442385191,0.99167807858422,0.439038040014302,0,0.0167050361633301,119.5,0
MobileNet-Seg,9.0983569445279,0.442007454518943,0.391579943235572,0.428891907152777,0.60031399856885,0.959049959049959,0.436892751099849,0,0.430859804153442,97.5,0
K-Means,24.2034651010773,0.574236867596561,0.149802890932983,0.389016406069475,0.56013219767545,0.97758593991948,0.392517408604825,0,0.583378553390503,99.4,0
Otsu,15.2730219268595,0.446410770042371,0.184350004818348,0.548743641128411,0.708630694655957,0.985220447814896,0.553298308878389,0,0.00218057632446289,0,0
Adaptive Thresholding,12.2419442465081,0.352786401437528,0.118922629623647,0.5637032929797,0.720984979069195,0.984135093710506,0.568872792837603,0,0.00233316421508789,426.9,0
Region Growing,8.01148744718436,0.0558196739767009,0.133035714285714,0.249067178621747,0.398805096930934,0.984516523867809,0.250046630191495,0,0.0586004257202148,102.4,0
Split and Merge,15.2730219268595,0.446410770042371,0.184350004818348,0.548743641128411,0.708630694655957,0.985220447814896,0.553298308878389,0,0.0179586410522461,111.3,0
MobileNet-Seg,7.66953083779661,0.000585935919921652,0,0,0,0,0,0,0.434455871582031,96.7,0
K-Means,25.0175218175657,0.682129617632505,0.27463731865933,0.378377123039527,0.549018286381813,0.987673779502102,0.380172360151826,0,0.521812677383423,97.7,0
Otsu,16.9384702145026,0.515547942756547,0.296710483290825,0.551401580637194,0.710843133743259,0.986196234332726,0.555690373965528,0,0.00168728828430176,0,0
Adaptive Thresholding,13.1570585488814,0.456420060585558,0.240048250904704,0.542553191489362,0.703448275862069,0.981342764055582,0.548207952212059,0,0.00233197212219238,0,0
Region Growing,8.3807144802082,0.0114013453399383,0.0128931866177615,0.0408804542272692,0.0785497586418185,0.99961962723469,0.0408810901624043,0,0.00665283203125,150.1,0
Split and Merge,16.9384702145026,0.515547942756547,0.296710483290825,0.551401580637194,0.710843133743259,0.986196234332726,0.555690373965528,0,0.0154454708099365,129.1,0
MobileNet-Seg,8.36837960338998,0.000697233638835989,0,0,0,0,0,0,0.260649681091309,103.6,0
K-Means,24.9168043870485,0.731791611353148,0.250552763819095,0.439071506946698,0.610214996026547,0.991415709948704,0.440747118412684,0,0.321275472640991,99.6,0
Otsu,15.9221721532165,0.584067243856622,0.276865217631768,0.684638860630722,0.81280193236715,0.990699230511877,0.689067808442314,0,0.0016167163848877,0,0
Adaptive Thresholding,12.5606835909419,0.373541993866576,0.200220314517967,0.529053355751284,0.692001170215986,0.989384411238678,0.532073656939855,0,0.00159764289855957,0,0
Region Growing,11.2848616578815,0.0131081081234809,0.110790906179955,0.518417799752781,0.682839465971996,0.992339771080418,0.520500767906176,0,0.0702979564666748,99.6,0
Split and Merge,15.9221721532165,0.584067243856622,0.276865217631768,0.684638860630722,0.81280193236715,0.990699230511877,0.689067808442314,0,0.0107138156890869,93.2,0
MobileNet-Seg,9.51195977745961,0.251671947071098,0.2862721171446,0.268730372364289,0.423620933521924,0.989744174121133,0.269480771319092,0,0.275642395019531,97.9,0
K-Means,22.3323615644011,0.58882369295271,0.246837964346181,0.0156898193733757,0.0308949032945028,0.0310463779225757,0.0307448995729875,0,0.398719310760498,100.3,0
Otsu,12.6437858219799,0.505133013401347,0.492738008016205,0.0508945491921755,0.0968594788721632,0.0937019515079834,0.100237229163372,0,0.0016477108001709,604.8,0
Adaptive Thresholding,9.58462133167987,0.44548469197695,0.399111870196413,0.316723076295722,0.481077733044286,0.471227059001972,0.491349043175708,0,0.00167083740234375,0,0
Region Growing,5.41280218511274,0.0408824869865015,0.0526342197691922,0.193693266280798,0.324527701968681,0.999673522690173,0.193705519531868,0,0.0167407989501953,119.4,0
Split and Merge,12.6437858219799,0.505133013401347,0.492738008016205,0.0508945491921755,0.0968594788721632,0.0937019515079834,0.100237229163372,0,0.0256304740905762,78,0
MobileNet-Seg,5.19427112502961,0.000135743751923619,0,0,0,0,0,0,0.277696847915649,100.8,0
K-Means,22.7702956379925,0.630448313661746,0.235820716173997,0.413902892013797,0.585475699005442,0.990698195674101,0.415517673602407,0,0.312938690185547,99.1,0
Otsu,16.9951755571021,0.597152447196297,0.469231575636859,0.641766206295882,0.781799751797573,0.988690547502097,0.646512283780396,0,0.00139427185058594,715.7,0
Adaptive Thresholding,10.7188601619775,0.457528684867067,0.340193748857613,0.522544895773511,0.686409835564209,0.982403921911932,0.527481825018802,0,0.00168514251708984,0,0
Region Growing,6.2831343864562,0.0178409013141516,0.0405506713010291,0.0531954887218045,0.101017312154203,0.995310668229777,0.0532088242667335,0,0.0088038444519043,113.4,0
Split and Merge,16.9951755571021,0.597152447196297,0.469231575636859,0.641766206295882,0.781799751797573,0.988690547502097,0.646512283780396,0,0.025792121887207,116.3,0
MobileNet-Seg,6.24279617998841,0.00113782428567186,0,0,0,0,0,0,0.270317077636719,99.9,0
K-Means,22.4299565464164,0.643282870823659,0.285406480483965,0.000669393826701376,0.00133789207670581,0.000715421303656598,0.0102974828375286,0,0.32799243927002,100.6,0
Otsu,17.9509338421762,0.662123277139692,0.481607142857143,0.00934372998166597,0.0185144657941962,0.00962544941519137,0.241990846681922,0,0.00145101547241211,686.4,0
Adaptive Thresholding,10.7517109371588,0.401982307084551,0.24155737704918,0.0227160365330072,0.0444229594952168,0.0232452870380232,0.499427917620137,0,0.00240850448608398,0,0
Region Growing,6.05166457092099,0.00471169050938119,0.000362844702467344,0,0,0,0,0,0.0031278133392334,0,0
Split and Merge,17.9509338421762,0.662123277139692,0.481607142857143,0.00934372998166597,0.0185144657941962,0.00962544941519137,0.241990846681922,0,0.0215625762939453,92.7,0
MobileNet-Seg,6.05155157446628,0.0046744473746765,0,0,0,0,0,0,0.26385235786438,102.3,0
K-Means,22.1250269018366,0.810226051661119,0.371951219512195,0.334026498722595,0.50077940587004,0.555954774697564,0.455566960185835,0,0.309102296829224,100.3,0
Otsu,14.530867070066,0.659069006340209,0.514495754814661,0.512731176315492,0.677888027090622,0.628738366319485,0.735373561666036,0,0.00144696235656738,0,0
Adaptive Thresholding,10.8759166582763,0.537533799908419,0.468305600052306,0.366954534892727,0.536893547701679,0.56447145027254,0.511884825239047,0,0.00156426429748535,0,0
Region Growing,5.82986071035833,0.000157549340177367,0,0,0,0,0,0,0.00186586380004883,532.8,0
Split and Merge,14.530867070066,0.659069006340209,0.514495754814661,0.512731176315492,0.677888027090622,0.628738366319485,0.735373561666036,0,0.0362536907196045,110.3,0
MobileNet-Seg,5.82983267956033,0.000158744686633042,0,0,0,0,0,0,0.282436847686768,99.1,0
K-Means,24.3182224181765,0.574416159380265,0.181148748159057,0.954658368138018,0.976803295859228,0.996182988662907,0.958163237348969,0,0.312532901763916,99.2,0
Otsu,14.2676214293661,0.405209656290258,0.295774647887324,0.00316073254624895,0.00630154758595126,0.00722200587673027,0.0055891942244993,0,0.0018470287322998,0,0
Adaptive Thresholding,10.4012638617408,0.268827896617609,0.0493575616449748,0.378816233670923,0.549480379502601,0.534176756700818,0.565686731143319,0,0.00139451026916504,0,0
Region Growing,6.34727287999618,0.249842146695704,0.0805268109125118,0.788246243122656,0.881585795193632,0.998820713814991,0.788980520014247,0,0.0505397319793701,98.9,0
Split and Merge,14.2676214293661,0.405209656290258,0.295774647887324,0.00316073254624895,0.00630154758595126,0.00722200587673027,0.0055891942244993,0,0.0161991119384766,61.7,0
MobileNet-Seg,6.74224171368347,0.557452028640183,0.485587583148559,0.935548815562412,0.966701338700744,0.953448092091239,0.980328228170635,0,0.273192167282105,98.8,0
K-Means,25.1059387431323,0.662143707277516,0.349571892530263,0.54081525284623,0.701985850473927,0.91309291170723,0.570163956248752,0,0.296754837036133,97.7,0
Otsu,17.107273272273,0.640561720154097,0.301612393297502,0.774433769340587,0.872879881708272,0.855851438074324,0.890599693830009,0,0.00132489204406738,753.1,0
Adaptive Thresholding,11.7361682284777,0.303737606107118,0.148792613636364,0.498464888793688,0.665300725457729,0.718346452641869,0.619550506955384,0,0.00142621994018555,0,0
Region Growing,6.94478885978703,0.000859138853701847,0.00658389766741911,0,0,0,0,0,0.00205349922180176,484.3,0
Split and Merge,17.107273272273,0.640561720154097,0.301612393297502,0.774433769340587,0.872879881708272,0.855851438074324,0.890599693830009,0,0.0144803524017334,138,0
MobileNet-Seg,6.95478900185379,0.00884051453155103,0.0281377267678638,0,0,0,0,0,0.261251449584961,103.3,0
K-Means,23.758257453855,0.669691395522902,0.289136747624076,0.698551353697575,0.82252603334824,0.9617898629216,0.718491029325595,0,0.324797630310059,101.6,0
Otsu,16.1851405070119,0.510121760961582,0.309264397374298,0.762903425250402,0.865507905110616,0.870330662453448,0.86073830184994,0,0.00148940086364746,0,0
Adaptive Thresholding,12.301631202205,0.442853006580492,0.239506462067081,0.413727210685386,0.585299918624057,0.578714815622954,0.59203660816429,0,0.00155019760131836,0,0
Region Growing,7.41787218387873,0.00626914371621816,0.0591961987725203,0,0,0,0,0,0.0140948295593262,141.9,0
Split and Merge,16.1851405070119,0.510121760961582,0.309264397374298,0.762903425250402,0.865507905110616,0.870330662453448,0.86073830184994,0,0.0227856636047363,87.7,0
MobileNet-Seg,7.81576616653569,0.225976781060596,0.358309006379068,0.000118670886075949,0.00023731360993553,0.000407414952128743,0.000167415385473925,0,0.2763991355896,101.3,0
K-Means,22.1370875872816,0.707561968096424,0.358595487766127,0.716539528432732,0.834865165134835,0.953512515861114,0.74247731968023,0,0.274145364761353,102.1,0
Otsu,16.0964266606727,0.530748715026917,0.297965696051057,0.783323546682325,0.878498518274613,0.878288193924884,0.878708943381538,0,0.00158071517944336,0,0
Adaptive Thresholding,12.0905289751063,0.455824431682773,0.287610619469027,0.468227969153763,0.637813716930667,0.593704850361197,0.689002664750442,0,0.00154876708984375,0,0
Region Growing,6.23839087203265,0.00317579380487445,0,0,0,0,0,0,0.00214242935180664,0,0
Split and Merge,16.0964266606727,0.530748715026917,0.297965696051057,0.783323546682325,0.878498518274613,0.878288193924884,0.878708943381538,0,0.0180449485778809,55.4,0
MobileNet-Seg,6.28860542931271,0.0529488298786683,0.0884520884520885,0,0,0,0,0,0.275465250015259,101.6,0.00390625
K-Means,25.9261098267468,0.636982646413891,0,0.431736888558554,0.603095292170922,0.994719942918302,0.432728570763429,0,0.27254843711853,99.1,0
Otsu,11.3444208325791,0.366347847202544,0.104440275171982,0.581230003554924,0.735161870503597,0.992976155897653,0.583629506619279,0,0.00148415565490723,0,0
Adaptive Thresholding,11.0967818528314,0.200612284091137,0.0591648314416398,0.62980384922831,0.772858463337798,0.985116256702494,0.635854298263312,0,0.00133204460144043,0,0
Region Growing,9.01613121734427,0.278660574302622,0.0902944383860414,0.553385715817366,0.71248977016141,0.976856107716433,0.560737510281998,0,0.0682075023651123,102.6,0
Split and Merge,11.3444208325791,0.366347847202544,0.104440275171982,0.581230003554924,0.735161870503597,0.992976155897653,0.583629506619279,0,0.00186395645141602,533.8,0
MobileNet-Seg,7.35724787166949,0.300039110838271,0.640080160320641,0.304385830394111,0.466711341539402,0.962329099195191,0.308056430710971,0,0.268046140670776,100.7,0.078125
K-Means,24.8844659656499,0.728739081335024,0.125796178343949,0.609442125935927,0.757333384176859,0.988502600602245,0.613792996878573,0,0.295575141906738,98.1,0
Otsu,12.9699416103272,0.593519393546968,0.15330612244898,0.662903423732973,0.797284333259538,0.989060282876368,0.667799857836017,0,0.00138378143310547,0,0
Adaptive Thresholding,12.6962952957894,0.203270778293233,0.0631253223310985,0.727538281778488,0.842283252941281,0.993074792243767,0.731248261581729,0,0.00123214721679688,0,0
Region Growing,11.3743585286631,0.491959782767256,0.141600901916573,0.576963816950922,0.731740082745194,0.988766409723501,0.580770776029916,0,0.0660920143127441,90.8,0
Split and Merge,12.9699416103272,0.593519393546968,0.15330612244898,0.662903423732973,0.797284333259538,0.989060282876368,0.667799857836017,0,0.00585103034973145,0,0
MobileNet-Seg,26.6199030471292,0.98452622497407,0.865490628445425,0.977066040039063,0.988400003087158,0.987325572430807,0.989476774731897,0,0.271287202835083,103.2,0.078125
K-Means,22.609654240278,0.687985598912867,0.362879909738382,0.131240003367287,0.232028575680905,0.279955106621773,0.198112907837469,0,0.287450313568115,97.4,0
Otsu,16.4545546333101,0.556192459096365,0.409979721900348,0.616500319583067,0.762759291927733,0.731584935383179,0.796708707945484,0,0.00155901908874512,0,0
Adaptive Thresholding,11.6633825529377,0.478075248348719,0.308733920108328,0.419157886139018,0.590713535446553,0.53987165325338,0.652126949836389,0,0.00144100189208984,0,0
Region Growing,6.49914765569322,0.00432269273329858,0,0,0,0,0,0,0.00175595283508301,0,0
Split and Merge,16.4545546333101,0.556192459096365,0.409979721900348,0.616500319583067,0.762759291927733,0.731584935383179,0.796708707945484,0,0.0190002918243408,105.2,0
MobileNet-Seg,6.4991241905914,0.00430911686991303,0,0,0,0,0,0,0.259615898132324,104,0.0234375
K-Means,23.6624554610013,0.635063666952654,0.29062141334645,0.671881718651804,0.80374312507419,0.770628627793164,0.839831314342415,0,0.339480638504028,97.2,0
Otsu,14.9287291161901,0.538418991405723,0.329754411946193,0.534718518159337,0.696829433974187,0.56386460091016,0.911853475007235,0,0.00164103507995605,0,0
Adaptive Thresholding,11.8768053486456,0.381426990994045,0.230728315793473,0.28998604701084,0.449595633507505,0.376221906592029,0.558523173605656,0,0.00166797637939453,0,0
Region Growing,7.45448098892256,0.0218178008102248,0.0374465421925524,0,0,0,0,0,0.00718283653259277,139,0
Split and Merge,14.9287291161901,0.538418991405723,0.329754411946193,0.534718518159337,0.696829433974187,0.56386460091016,0.911853475007235,0,0.0151424407958984,66,0
MobileNet-Seg,7.23823191599481,0.000366285763832474,0,0,0,0,0,0,0.328461408615112,97.4,0
K-Means,25.819177602674,0.760749931386049,0.272190784155214,0.373295873249816,0.543649595868129,0.993462717058223,0.374215094804235,0,0.567307233810425,96.9,0
Otsu,13.9183974252122,0.496931856192341,0.342541132449238,0.608323227361344,0.756468870202632,0.995803492901118,0.609886727407043,0,0.00232291221618652,430.5,0
Adaptive Thresholding,11.289116421128,0.345656355083521,0.2310144384024,0.535026269702277,0.697090701654307,0.99662326513092,0.535997906919478,0,0.0021977424621582,0,0
Region Growing,10.0749935269396,0.00747615731903424,0.118838935863065,0.412676943885157,0.584248147704895,0.99677024167502,0.413229500123122,0,0.104195117950439,105.6,0
Split and Merge,13.9183974252122,0.496931856192341,0.342541132449238,0.608323227361344,0.756468870202632,0.995803492901118,0.609886727407043,0,0.012444019317627,80.3,0
MobileNet-Seg,6.93775746136059,0.000217776920185365,0,0,0,0,0,0,0.434701204299927,92,0.00390625
K-Means,31.0769524249183,0.890519905533207,0.286687869150386,0.740068121763834,0.850619711386538,0.981923193839295,0.750290342061661,0,0.472397565841675,95.3,0
Otsu,35.3720147569243,0.958104485887884,0.640923566878981,0.238607350096712,0.385283278156037,0.997025733867839,0.238777311509934,0,0.0035393238067627,282,0
Adaptive Thresholding,22.9609567914979,0.84069491060362,0.132293762575453,0.876769487544044,0.934339026037121,0.997731389479978,0.878520881401075,0,0.00131750106811523,0,0
Region Growing,19.2870185061778,0.7567088925853,0.0784123910939013,0.129997213018301,0.230084130333507,0.99916696417946,0.130011303984267,0,0.0304086208343506,98.6,0
Split and Merge,35.3720147569243,0.958104485887884,0.640923566878981,0.238607350096712,0.385283278156037,0.997025733867839,0.238777311509934,0,0.0202722549438477,98.6,0
MobileNet-Seg,29.1456397949055,0.941378179078324,0.778276481149013,0.275359431041354,0.431814630980567,0.964408417436118,0.278186407346041,0,0.423672199249268,96.8,0
K-Means,22.9795368558093,0.694973836243981,0.302198203461623,0.831177909821741,0.907806833365146,0.941896956217056,0.876098169245593,0,0.435189485549927,96.5,0
Otsu,12.5457308202594,0.589783229133415,0.403646786193438,0.712703796914323,0.832255756305742,0.757795048399107,0.922943943773735,0,0.001861572265625,0,0
Adaptive Thresholding,8.94757616470092,0.309773837096923,0.283136138984574,0.439744220363994,0.610864366245302,0.589880968091003,0.633395681006632,0,0.001678466796875,592.3,0
Region Growing,3.99055682824981,0.000131342790202153,0.000272331154684096,0,0,0,0,0,0.00206828117370605,0,0
Split and Merge,12.5457308202594,0.589783229133415,0.403646786193438,0.712703796914323,0.832255756305742,0.757795048399107,0.922943943773735,0,0.0187191963195801,106.8,0
MobileNet-Seg,3.99040717851513,0.000142641899088888,0,0,0,0,0,0,0.266637802124023,101.2,0
K-Means,22.4199478941319,0.651201886405659,0.19449666723637,0.516421547791096,0.681105525760096,0.813063264031409,0.585999549824753,0,0.276930093765259,101.1,0
Otsu,13.7044604562159,0.458786065411076,0.263974287311347,0.45310995139651,0.623641660372705,0.598910533483332,0.650503231615164,0,0.00172781944274902,0,0
Adaptive Thresholding,12.8741599182686,0.308672320753043,0.113137821575781,0.400421761337254,0.571858810527043,0.501307949425956,0.665519791633171,0,0.00125384330749512,0,0
Region Growing,8.50227391873801,0.138195152956012,0.138418948015995,0.134515872824857,0.237133522847809,0.348463121142216,0.179716389594521,0,0.031240701675415,95.9,0
Split and Merge,13.7044604562159,0.458786065411076,0.263974287311347,0.45310995139651,0.623641660372705,0.598910533483332,0.650503231615164,0,0.0277044773101807,108.3,0
MobileNet-Seg,28.6118326464011,0.983724996095319,0.93649901657769,0.478394634423985,0.647181237383722,0.478394634423985,1,0,0.267032384872437,97.4,0
K-Means,21.9211490925364,0.783175503825725,0.358469721767594,0.291920860871039,0.451917558904065,0.454698429457569,0.449170496398423,0,0.280699491500855,103.3,0
Otsu,16.6400836006185,0.695924072254078,0.499855772697772,0.263758806813405,0.41741953510651,0.352684593938304,0.511261041035168,0,0.00131654739379883,0,0
Adaptive Thresholding,11.5183388848426,0.55157786087296,0.447348219351824,0.301914188719375,0.463800442971364,0.447634930260764,0.481177275838467,0,0.00155043601989746,0,0
Region Growing,6.48419204261489,0.000628206615906244,0.000203572700900809,0.000423715002770444,0.000847071088812146,1,0.000423715002770444,0,0.00176811218261719,0,0
Split and Merge,16.6400836006185,0.695924072254078,0.499855772697772,0.263758806813405,0.41741953510651,0.352684593938304,0.511261041035168,0,0.030935525894165,97.1,0
MobileNet-Seg,6.48312185782098,0.000568214852379982,0,0,0,0,0,0,0.266960859298706,101.1,0
K-Means,21.7671830536951,0.807511868015268,0.372023697218973,0.333664088129278,0.500372006863147,0.547881891334708,0.460444320245913,0,0.31837797164917,100.5,0
Otsu,15.4028540411926,0.678935433878728,0.51398804440649,0.50983699809733,0.675353695451652,0.631057589589201,0.726337851054911,0,0.00165653228759766,0,0
Adaptive Thresholding,11.5917952389832,0.584067149016221,0.484058353686712,0.356970842869937,0.526128980214429,0.553648598592419,0.501215593125611,0,0.00190925598144531,526.1,0
Region Growing,6.40827075847098,0.000537693944342194,0.000138504155124654,0,0,0,0,0,0.00187540054321289,0,0
Split and Merge,15.4028540411926,0.678935433878728,0.51398804440649,0.50983699809733,0.675353695451652,0.631057589589201,0.726337851054911,0,0.0369269847869873,108.3,0
MobileNet-Seg,6.40802634019242,0.000507834324167722,0,0,0,0,0,0,0.269711971282959,96.4,0
K-Means,21.35404583899,0.513245459316805,0.171542370553495,0.541399407919082,0.702477768108114,0.986070937122638,0.545571783716594,0,0.303986072540283,98.7,0
Otsu,11.5131802273888,0.446477488506057,0.310856814732784,0.533350824124946,0.695667052488551,0.987541077296757,0.536963952765693,0,0.00152254104614258,0,0
Adaptive Thresholding,11.0503360984187,0.410962518150362,0.291881116346502,0.539640167880509,0.70099517944298,0.987352135738686,0.543396519577377,0,0.00155258178710938,0,0
Region Growing,6.41410346146287,0.000330822745527283,0.00050471063257066,0.000139838408949658,0.000279637713806335,1,0.000139838408949658,0,0.00212621688842773,0,0
Split and Merge,11.5131802273888,0.446477488506057,0.310856814732784,0.533350824124946,0.695667052488551,0.987541077296757,0.536963952765693,0,0.0160541534423828,62.2,0
MobileNet-Seg,6.60570994335663,0.0433251782329048,0.0431833223031105,0.0495338719701678,0.0943921359625748,1,0.0495338719701678,0,0.273744344711304,98.6,0
K-Means,21.1902317193338,0.681748056172756,0.28880026586906,0.714150222620334,0.833241116439198,0.95363236587511,0.73984006113704,0,0.265235900878906,98,0
Otsu,15.1084781255175,0.573559735518551,0.413658717639417,0.674163296146495,0.805373403775188,0.783977258043675,0.827970195693114,0,0.00159239768981934,0,0
Adaptive Thresholding,10.3621327426217,0.366749971535258,0.260595493562232,0.478832116788321,0.647581441263574,0.617809611142779,0.680367913971451,0,0.0013577938079834,0,0
Region Growing,4.49086798051229,0.0030855644837586,0.00587177950868784,0,0,0,0,0,0.00235128402709961,423.3,0
Split and Merge,15.1084781255175,0.573559735518551,0.413658717639417,0.674163296146495,0.805373403775188,0.783977258043675,0.827970195693114,0,0.0217161178588867,138,0
MobileNet-Seg,5.12936351078219,0.310134871863164,0.421850437907029,0.0105777482005569,0.0209340611732086,0.0286717934111839,0.0164851660798603,0,0.290160655975342,99.9,0
K-Means,24.4483810160293,0.611553349418576,0.190596745027125,0.427088459645669,0.598545180236004,0.972067625748189,0.432394980226077,0,0.270296335220337,99.9,0
Otsu,12.9739037523413,0.355517391470037,0.125903962973677,0.415877325599334,0.587448245805186,0.978369746679248,0.419736555289135,0,0.0019385814666748,0,0
Adaptive Thresholding,12.589282359339,0.363160005997176,0.147610214311087,0.564473663951716,0.72161478580075,0.980660692791227,0.570828013577056,0,0.0012812614440918,0,0
Region Growing,8.02247332159685,0.0251184122606497,0.167700381679389,0.13556261286506,0.23875849967098,0.998852947923836,0.13558371998879,0,0.019885778427124,100.5,0
Split and Merge,12.9739037523413,0.355517391470037,0.125903962973677,0.415877325599334,0.587448245805186,0.978369746679248,0.419736555289135,0,0.00988245010375977,101.1,0
MobileNet-Seg,8.13052266761889,0.141727810042185,0.277373527373527,0.155902593965061,0.269750400732769,1,0.155902593965061,0,0.276406049728394,97.7,0
K-Means,22.4781402551847,0.584111368286119,0.107957189390414,0.487932378521315,0.655852894344856,0.97204628501827,0.494876366173165,0,0.346519708633423,101,0
Otsu,9.72586210399562,0.272993779684276,0.273390036452005,0.34445287224656,0.512406019366055,0.995704313585108,0.34496550654988,0,0.00210356712341309,0,0
Adaptive Thresholding,11.5316320182123,0.267975112067903,0.149451649222301,0.613081628869802,0.76013714110594,0.994312629970185,0.615239128749709,0,0.00137448310852051,0,0
Region Growing,7.16811938522439,0.0407458676066633,0.0395335608646189,0.0997085632789732,0.181336340569495,0.9995337995338,0.0997132005270909,0,0.0139715671539307,71.5,0
Split and Merge,9.72586210399562,0.272993779684276,0.273390036452005,0.34445287224656,0.512406019366055,0.995704313585108,0.34496550654988,0,0.0150034427642822,133.2,0
MobileNet-Seg,6.68863668049823,0.000327829201433971,0,0,0,0,0,0,0.259375095367432,104.1,0
K-Means,25.2249497504162,0.705126870189604,0.244041499205533,0.208245296732645,0.344706985072956,0.353768844221106,0.336097773897861,0,0.273041248321533,98.9,0
Otsu,14.352022201327,0.518493107391985,0.275066548358474,0.36158773356344,0.531126602642227,0.479998237730197,0.594445656918376,0,0.00133681297302246,0,0
Adaptive Thresholding,10.976186048434,0.329867432534048,0.219447797223899,0.362496670851881,0.532106505075327,0.544973544973545,0.51983304233959,0,0.00161647796630859,0,0
Region Growing,9.61620267736483,0.0723844612606504,0.133905852417303,0.183704103489568,0.310388555633131,0.324872490828288,0.297140986468791,0,0.0701782703399658,99.7,0
Split and Merge,14.352022201327,0.518493107391985,0.275066548358474,0.36158773356344,0.531126602642227,0.479998237730197,0.594445656918376,0,0.00900506973266602,110.9,0
MobileNet-Seg,13.9746839925014,0.871303829979291,0.845210280373832,0.433547973632813,0.604860083662413,0.49592445848533,0.775125491051942,0,0.280147790908814,103.5,0
K-Means,26.32612019759,0.656433231398861,0.102583396037121,0.426521585006859,0.597988266689716,0.98152154637347,0.429974208383829,0,0.262055635452271,99.2,0
Otsu,11.5300668110202,0.371536713698146,0.118273309490144,0.471367950003858,0.640720698045138,0.985705066150371,0.474612348901526,0,0.00161170959472656,0,0
Adaptive Thresholding,12.0597164377038,0.233693673643248,0.0643108080181856,0.606916639696704,0.755380365979975,0.986844083596452,0.61186725086231,0,0.00129890441894531,0,0
Region Growing,9.4485466982628,0.201429759283202,0.0697356871159661,0.530849717583876,0.693536029678616,0.987483493138887,0.534445790994686,0,0.0601873397827148,99.7,0
Split and Merge,11.5300668110202,0.371536713698146,0.118273309490144,0.471367950003858,0.640720698045138,0.985705066150371,0.474612348901526,0,0.00277876853942871,0,0
MobileNet-Seg,7.24239912686187,0.000319527691049058,0,0,0,0,0,0,0.270917415618897,99.6,0
K-Means,21.4974498370181,0.821268608530616,0.438709677419355,0.347434223202244,0.515697489672704,0.658858395582982,0.423645191604887,0,0.311841011047363,99.4,0
Otsu,17.0740222029846,0.683463097125674,0.575316406553304,0.553218546254617,0.712351198211779,0.709290890269151,0.715438028610212,0,0.00147867202758789,0,0
Adaptive Thresholding,11.9704827611512,0.626714417315176,0.496731097214326,0.390260121259535,0.561420291486129,0.608799121308274,0.520883366398664,0,0.00159335136413574,0,0
Region Growing,6.37512836345414,0.00113317853216365,0,0,0,0,0,0,0.00196075439453125,507.5,0
Split and Merge,17.0740222029846,0.683463097125674,0.575316406553304,0.553218546254617,0.712351198211779,0.709290890269151,0.715438028610212,0,0.0376152992248535,79.7,0
MobileNet-Seg,8.26261878468325,0.501358690273868,0.450382775119617,0.111255948361158,0.200234605763387,0.218311812382508,0.184922209460165,0,0.269437551498413,100.2,0
K-Means,21.9720088857835,0.698269169929832,0.317162711419955,0.534169590461701,0.696363158001255,0.988423199563356,0.537532611582384,0,0.344889879226685,98.6,0
Otsu,14.9818511091857,0.717532570305201,0.500511116790187,0.778748338022943,0.875613847531138,0.986853963402688,0.786911624564528,0,0.00121784210205078,0,0
Adaptive Thresholding,8.30166984667252,0.321734883947365,0.288242219115591,0.554669968273621,0.713553332337863,0.98342662715399,0.559903766540126,0,0.00169515609741211,0,0
Region Growing,3.75969923572379,0.00284276244504832,0.0170527947635863,0.00974832450672541,0.0193084242283593,1,0.00974832450672541,0,0.00324630737304688,0,0
Split and Merge,14.9818511091857,0.717532570305201,0.500511116790187,0.778748338022943,0.875613847531138,0.986853963402688,0.786911624564528,0,0.0255980491638184,117.1,0
MobileNet-Seg,3.75857637261314,0.0168902190310641,0.035037384802643,0.0201352765671619,0.0394756990169357,0.995366795366795,0.0201371639249504,0,0.26520848274231,98,0
K-Means,27.3288521954531,0.706961609010368,0.239798257679963,0.603724101757147,0.752902698282911,0.991512326129367,0.606860403808579,0,0.33181619644165,96.4,0
Otsu,10.3545307347594,0.230114880908519,0.0680295364419527,0.465833423455436,0.635588486387926,0.992070542559142,0.467574357224824,0,0.00171828269958496,575.9,0
Adaptive Thresholding,11.7439586263294,0.182433516145988,0.0489896417048735,0.628761511688792,0.772073145364119,0.9891462351003,0.633129671556617,0,0.00136303901672363,0,0
Region Growing,7.22038232699582,0.0310780143233917,0.148546395858224,0.0599736413675479,0.113160627824993,0.997678617487748,0.0599820115994169,0,0.00848007202148438,117.8,0
Split and Merge,10.3545307347594,0.230114880908519,0.0680295364419527,0.465833423455436,0.635588486387926,0.992070542559142,0.467574357224824,0,0.00207066535949707,0,0
MobileNet-Seg,7.43830767071693,0.104647947066284,0.433026584867076,0.112484720954341,0.20222250038247,0.980445043830074,0.112737648481841,0,0.279973745346069,100,0
K-Means,24.3124307671949,0.66248157430278,0.286992049469965,0.747413964591208,0.855451518342488,0.964572235414928,0.768510942933115,0,0.382109642028809,99.4,0
Otsu,17.331119931277,0.54173555466132,0.270830547010833,0.789258666411831,0.882218631914865,0.92328330678293,0.844651257925956,0,0.00165152549743652,0,0
Adaptive Thresholding,12.4159725213272,0.393704145369775,0.170485403937542,0.476560417380708,0.645500735047585,0.651194255086642,0.63990591122929,0,0.00152087211608887,0,0
Region Growing,7.39365331953982,0.0555791810926926,0.168864813942534,0.0460073829415193,0.0879676065232735,0.160804020100503,0.0605440785436695,0,0.0322859287261963,92.9,0
Split and Merge,17.331119931277,0.54173555466132,0.270830547010833,0.789258666411831,0.882218631914865,0.92328330678293,0.844651257925956,0,0.0180599689483643,110.6,0
MobileNet-Seg,7.52359194969014,0.220514659101696,0.402126223422207,0.00117682220644824,0.00235087784764073,0.00434932688988609,0.00161075884638985,0,0.292244911193848,99.2,0
K-Means,21.3891875031964,0.692767603234305,0.362256699576869,0.00785050862450243,0.0155787164015359,0.00839144309183312,0.108562691131498,0,0.503779172897339,95.3,0
Otsu,16.2333371348568,0.639916693415905,0.50274819649605,0.0109811142799398,0.021723678365171,0.0113567745831204,0.249235474006116,0,0.00222969055175781,0,0
Adaptive Thresholding,10.4306282906301,0.433377938079788,0.340316555628297,0.018147600483936,0.0356482703987325,0.0187980394341094,0.344036697247706,0,0.00227808952331543,438,0
Region Growing,5.4428157914349,0.00138239557261963,0.000155981906098893,0,0,0,0,0,0.00315642356872559,0,0
Split and Merge,16.2333371348568,0.639916693415905,0.50274819649605,0.0109811142799398,0.021723678365171,0.0113567745831204,0.249235474006116,0,0.0402758121490479,124.1,0
MobileNet-Seg,5.49972836088033,0.0103222950352287,0.0169741125406914,0,0,0,0,0,0.429183006286621,97.9,0
K-Means,25.4015537742619,0.698964099267479,0.114326040931546,0.639532571620857,0.780140123704415,0.974525113623121,0.650405998195564,0,0.482327938079834,97.4,0
Otsu,9.20296238770481,0.249105961300708,0.0508474576271187,0.364794065373619,0.53457744963707,0.982558381551014,0.367171701459105,0,0.00300812721252441,331.1,0
Adaptive Thresholding,11.978738436583,0.187618625393791,0.0252716336825766,0.67082560296846,0.80298698054021,0.991001073476007,0.674937000279999,0,0.00197482109069824,0,0
Region Growing,9.19848942998451,0.253250593482975,0.0538522012578616,0.381050034692776,0.551826545194712,0.977493869155921,0.384422735898952,0,0.0900225639343262,99.9,0
Split and Merge,9.20296238770481,0.249105961300708,0.0508474576271187,0.364794065373619,0.53457744963707,0.982558381551014,0.367171701459105,0,0.00361895561218262,274.2,0
MobileNet-Seg,6.67375781210921,0.0196410178435558,0.0258136924803591,0.026288772049902,0.051230750575967,1,0.026288772049902,0,0.457544088363647,96.2,0
K-Means,24.2367284831663,0.638132871035738,0.218405187123194,0.425468523264071,0.596952533599021,0.982566844919786,0.428704755090295,0,0.584619045257568,94.1,0
Otsu,16.3536451622864,0.522317255968487,0.272156315422191,0.555449492694493,0.714198044106584,0.98198100111598,0.56116909580177,0,0.0014500617980957,0,0
Adaptive Thresholding,12.1919593244923,0.38768601278883,0.174016971435401,0.558172788634512,0.716445304020051,0.97975872398996,0.564684471682558,0,0.00158119201660156,0,0
Region Growing,7.4640334204204,0.0103844312374483,0.0202535559678417,0.016005848589961,0.0315073945926085,1,0.016005848589961,0,0.00427532196044922,233.3,0
Split and Merge,16.3536451622864,0.522317255968487,0.272156315422191,0.555449492694493,0.714198044106584,0.98198100111598,0.56116909580177,0,0.0192813873291016,103.7,0
MobileNet-Seg,7.65810787830323,0.193571043428483,0.297444427642522,0.208188261626461,0.344628843432394,0.996503236366342,0.208340462598578,0,0.270798444747925,99.7,0.00390625
K-Means,21.9937660062114,0.682444465988841,0.278964064201506,0.452637078927957,0.623193618686922,0.987958273236508,0.455148115525474,0,0.37182354927063,102.2,0
Otsu,17.1783613384904,0.690089584524516,0.551555477218648,0.696159448064392,0.820865572347964,0.988849931400945,0.701667362044721,0,0.00132513046264648,0,0
Adaptive Thresholding,10.2304911824863,0.465449214360449,0.413971850326124,0.511512249032971,0.676821837679747,0.987114547231849,0.514950628158175,0,0.0016629695892334,597.4,0
Region Growing,5.63834435183745,0.000400718562382509,0.000171076642335766,0.000108169919490674,0.000216316440049444,1,0.000108169919490674,0,0.00215363502502441,0,0
Split and Merge,17.1783613384904,0.690089584524516,0.551555477218648,0.696159448064392,0.820865572347964,0.988849931400945,0.701667362044721,0,0.0273458957672119,109.7,0
MobileNet-Seg,100,1,1,0.987442016601563,0.993681333445938,0.987442016601563,1,0,0.288990497589111,100.3,0.0078125
K-Means,21.777307918452,0.636616046347348,0.302274279111298,0.393693749229442,0.56496450450052,0.994627005139386,0.394532818532819,0,0.353755235671997,98.9,0
Otsu,18.0242588962497,0.723041841248096,0.552281313571636,0.680305727791761,0.809740413949325,0.990923723508898,0.684571428571429,0,0.0014190673828125,0,0
Adaptive Thresholding,10.4510705354779,0.457827857166234,0.345257265547121,0.529621271434931,0.692486802224051,0.988850034395781,0.532803088803089,0,0.0015714168548584,0,0
Region Growing,5.93448293306603,0.00293501194389209,0,1.54440154440154E-05,3.0887553860172E-05,1,1.54440154440154E-05,0,0.00198650360107422,500.8,0
Split and Merge,18.0242588962497,0.723041841248096,0.552281313571636,0.680305727791761,0.809740413949325,0.990923723508898,0.684571428571429,0,0.0151944160461426,131.5,0
MobileNet-Seg,5.93445890392538,0.00293355508830711,0,0,0,0,0,0,0.277673006057739,100.8,0
K-Means,23.7666410009313,0.655269009258208,0.272503299604048,0.369554374932235,0.539670978672198,0.672374339146216,0.450715400280342,0,0.331706285476685,102.5,0
Otsu,16.0787778169962,0.507945736746051,0.338873095706684,0.702837571166103,0.825489856539635,0.831571037518115,0.819496971780699,0,0.00164294242858887,0,0
Adaptive Thresholding,12.6964733211154,0.411729010889186,0.218216243935151,0.421373064342302,0.592909876953775,0.596456482175356,0.589405199545106,0,0.00181937217712402,0,0
Region Growing,7.88216713334923,0.00425057123007191,0.0199578529812818,0,0,0,0,0,0.00479364395141602,0,0
Split and Merge,16.0787778169962,0.507945736746051,0.338873095706684,0.702837571166103,0.825489856539635,0.831571037518115,0.819496971780699,0,0.0149424076080322,133.7,0
MobileNet-Seg,7.85294577506332,0.000684066898299088,0,0,0,0,0,0,0.284014225006104,98.6,0.00390625
K-Means,22.4921137612571,0.667349621987538,0.329067245119306,0.546590470306587,0.706832843989055,0.9897083088626,0.549714960311913,0,0.309926509857178,100,0
Otsu,12.7275230820125,0.591593550065358,0.352892675553113,0.621940498773886,0.766909142775638,0.988673139158576,0.626403839880703,0,0.00130462646484375,766.8,0
Adaptive Thresholding,8.62336279682275,0.322710757855098,0.260924417937837,0.564914932671099,0.721975259967473,0.987755542370139,0.568898830327602,0,0.00142002105712891,0,0
Region Growing,3.87794241564539,0.000295406448734301,0,0.000745607903443777,0.00149010477299185,1,0.000745607903443777,0,0.00209856033325195,0,0
Split and Merge,12.7275230820125,0.591593550065358,0.352892675553113,0.621940498773886,0.766909142775638,0.988673139158576,0.626403839880703,0,0.0168817043304443,59.3,0
MobileNet-Seg,4.13544241019638,0.11275739403796,0.205918973278422,0.123910713453563,0.220499212206651,1,0.123910713453563,0,0.273344993591309,102.4,0
K-Means,26.0891160488358,0.568246009013366,0.140963203463203,0.39947643168053,0.570894118167932,0.984012515262515,0.402086126789111,0,0.237499713897705,101,0
Otsu,11.5456467787157,0.386905429595282,0.106445503820283,0.55020192173792,0.709845490477902,0.986380027739251,0.554413919985032,0,0.00151920318603516,0,0
Adaptive Thresholding,10.7208826004082,0.241577904765774,0.0717449069973428,0.559369732956039,0.717430537651469,0.985480004358723,0.564018210733107,0,0.00152873992919922,0,0
Region Growing,9.16430188182757,0.149193315613616,0.0874659625381632,0.511477639857167,0.676791540105749,0.983561725275705,0.515887617325143,0,0.066903829574585,104.6,0
Split and Merge,11.5456467787157,0.386905429595282,0.106445503820283,0.55020192173792,0.709845490477902,0.986380027739251,0.554413919985032,0,0.00420570373535156,237.2,0
MobileNet-Seg,7.74787855752829,0.295695698332953,0.272147864882091,0.309514575156301,0.47271650278403,0.984165351223362,0.311063644017587,0,0.266366958618164,97.6,0
K-Means,22.1346482448585,0.828355938285321,0.381635581061693,0.489783607368796,0.657523152954857,0.987094360796783,0.492940205800395,0,0.337785243988037,100.7,0
Otsu,14.5161410993836,0.642557062149051,0.500540212033223,0.63766954377312,0.778752399954824,0.984695941925503,0.644052493111447,0,0.00149655342102051,0,0
Adaptive Thresholding,11.3096447282088,0.551631197356574,0.47999599919984,0.49900322984438,0.665780059588243,0.985593065136439,0.502669800893566,0,0.00159311294555664,0,0
Region Growing,6.13835444151519,0.000250240907360198,0.000185425551641016,1.5567352149073E-05,3.11342196207852E-05,1,1.5567352149073E-05,0,0.00168228149414063,591.3,0
Split and Merge,14.5161410993836,0.642557062149051,0.500540212033223,0.63766954377312,0.778752399954824,0.984695941925503,0.644052493111447,0,0.0401573181152344,99.6,0
MobileNet-Seg,6.13828940562509,0.000245364500743015,0,0,0,0,0,0,0.280407428741455,99.8,0.00390625
K-Means,22.3058475897507,0.540144192445777,0.257698033377733,0.846549306745599,0.916898675440817,0.970159151193634,0.869181728857711,0,0.309383392333984,100.2,0
Otsu,15.3470556343234,0.706080552392759,0.451616846995538,0.750480540489105,0.857456593352831,0.817861290857807,0.901080821698695,0,0.00123405456542969,0,0
Adaptive Thresholding,8.85949427616261,0.356143585856688,0.29027243115191,0.441116096568512,0.612186759441335,0.682701228597936,0.554875122820648,0,0.00154876708984375,0,0
Region Growing,4.6933627946251,0.019894163309572,0.100328319462472,0,0,0,0,0,0.0143039226531982,69.9,0
Split and Merge,15.3470556343234,0.706080552392759,0.451616846995538,0.750480540489105,0.857456593352831,0.817861290857807,0.901080821698695,0,0.0163109302520752,122.5,0
MobileNet-Seg,4.45627778650312,0.000195773652486982,0,0,0,0,0,0,0.276343107223511,101.3,0.015625
K-Means,21.7518643153632,0.824411733660653,0.423873061666066,0.28242754011268,0.440457696483755,0.497941609698984,0.394872409248832,0,0.309727430343628,100.1,0
Otsu,15.1436683836926,0.685535362140671,0.551128438070031,0.481148937939061,0.649696901661428,0.611204984686873,0.693362884868815,0,0.00168156623840332,0,0
Adaptive Thresholding,11.635349074066,0.616255609799829,0.500305064063453,0.354222084751005,0.523137362386369,0.532073718445098,0.51449622618905,0,0.00196123123168945,0,0
Region Growing,6.18683002909692,0.000616654880556145,0,0,0,0,0,0,0.0022425651550293,0,0
Split and Merge,15.1436683836926,0.685535362140671,0.551128438070031,0.481148937939061,0.649696901661428,0.611204984686873,0.693362884868815,0,0.0333359241485596,90,0
MobileNet-Seg,6.18681787457537,0.000617059481648795,0,0,0,0,0,0,0.269301652908325,100.2,0.01171875
K-Means,27.9539337131377,0.8247508147337,0.304649148137453,0.582157543146277,0.735903381642512,0.982356127634328,0.588308899633881,0,0.230247497558594,99.9,0
Otsu,30.2887429906212,0.919481228779744,0.444760101010101,0.372352904858924,0.542648911283066,0.99772529881302,0.372669272241361,0,0.0017247200012207,0,0
Adaptive Thresholding,19.0465193534336,0.724995225870526,0.157526376266583,0.809097216868399,0.894476216451176,0.997680431972013,0.810622093831585,0,0.000962257385253906,0,0
Region Growing,17.0320634273235,0.594154853822866,0.0987405541561713,0.146593138390719,0.255702103008339,0.999578681272383,0.14660219671574,0,0.018054723739624,55.4,0
Split and Merge,30.2887429906212,0.919481228779744,0.444760101010101,0.372352904858924,0.542648911283066,0.99772529881302,0.372669272241361,0,0.0221908092498779,90.1,0
MobileNet-Seg,36.2611009985001,0.977033593148986,0.861848574237955,0.510431643672183,0.67587519873619,0.981038334901223,0.515517587629185,0,0.273654937744141,98.6,0
K-Means,21.7272799649477,0.783021667626931,0.341745359817649,0.351308988449553,0.519953602695462,0.626064112795956,0.44459925376659,0,0.284208297729492,102,0
Otsu,15.5164851048879,0.683434778645838,0.535496957403651,0.588181029870298,0.740697714942903,0.728935635074883,0.752845605251972,0,0.00141358375549316,0,0
Adaptive Thresholding,10.9836221916216,0.550088470164107,0.475903008350941,0.412606865345029,0.584177913143937,0.657748477502513,0.525409719926321,0,0.00181317329406738,0,0
Region Growing,5.93440777550387,0.00097029781269724,0.000240349949526511,0,0,0,0,0,0.00236201286315918,0,0
Split and Merge,15.5164851048879,0.683434778645838,0.535496957403651,0.588181029870298,0.740697714942903,0.728935635074883,0.752845605251972,0,0.0342397689819336,116.8,0
MobileNet-Seg,5.93304739657952,0.000981651072729945,0,0,0,0,0,0,0.266363859176636,101.3,0
K-Means,23.6652627000878,0.671680781786431,0.185125448028674,0.517585366353264,0.682116970588632,0.703178048644738,0.662280816711661,0,0.441603660583496,99.6,0
Otsu,12.625432797015,0.412596205229677,0.140246568155985,0.388740388136214,0.559846017955783,0.563209549071618,0.556522422876314,0,0.00146579742431641,0,0
Adaptive Thresholding,11.9844760441284,0.229063205695057,0.0858751365431476,0.450426390142376,0.621095138924163,0.602414090405222,0.64097187639242,0,0.00146913528442383,0,0
Region Growing,7.20049121874382,0.0161072201409499,0.0778267254038179,0.0778252370954898,0.144411606663084,0.495315619720473,0.084528084292192,0,0.0147643089294434,67.7,0
Split and Merge,12.625432797015,0.412596205229677,0.140246568155985,0.388740388136214,0.559846017955783,0.563209549071618,0.556522422876314,0,0.0149097442626953,67,0
MobileNet-Seg,7.01235186685738,0.00032841394839672,0,0,0,0,0,0,0.262722015380859,102.8,0
K-Means,25.0282477878919,0.645137472145485,0.0850888062783974,0.434734170947577,0.606013545576118,0.969630038652678,0.440735395620255,0,0.267660140991211,97.1,0
Otsu,11.3406362165233,0.406086493959227,0.0903972474194557,0.503302571067008,0.669595836199197,0.968808484092327,0.511592520549664,0,0.0015265941619873,0,0
Adaptive Thresholding,11.3465444050155,0.175887741558914,0.0333553065260382,0.63090672934191,0.773688302330432,0.977855533719983,0.640051452594591,0,0.00115156173706055,0,0
Region Growing,8.64167729534363,0.182099583053734,0.0414201183431953,0.429793355193962,0.601196464695637,0.968491861559374,0.435888184727364,0,0.0542640686035156,110.5,0
Split and Merge,11.3406362165233,0.406086493959227,0.0903972474194557,0.503302571067008,0.669595836199197,0.968808484092327,0.511592520549664,0,0.00310277938842773,321.3,0
MobileNet-Seg,8.08109599716093,0.30367014810004,0.590308370044053,0.305590978229139,0.468126669569413,0.93692590324556,0.312009788542386,0,0.265570878982544,97.9,0
K-Means,26.5152524875035,0.624572861917869,0.199538258575198,0.406578784503033,0.578110218897811,0.989643354799834,0.408316111689482,0,0.258062124252319,100.7,0
Otsu,12.5588877575938,0.497973646025854,0.119553072625698,0.66205756484929,0.796672243911508,0.991439742729565,0.665863853193903,0,0.00130391120910645,0,0
Adaptive Thresholding,10.1470479221999,0.21248460990694,0.0597763995430064,0.566543038170298,0.723303508893076,0.990463068028314,0.569650543064469,0,0.00146794319152832,0,0
Region Growing,10.664944369897,0.206005360877172,0.0607709332349687,0.547882050806027,0.707911885819374,0.992127748984452,0.55027425144118,0,0.0664408206939697,90.3,0
Split and Merge,12.5588877575938,0.497973646025854,0.119553072625698,0.66205756484929,0.796672243911508,0.991439742729565,0.665863853193903,0,0.00292015075683594,340.6,0
MobileNet-Seg,17.578126634408,0.947944857585019,0.860893597420544,0.934554055085069,0.966170009701769,0.981129052928361,0.951660270056093,0,0.294727563858032,101.8,0.00390625
K-Means,24.6285566518477,0.640258730963396,0.258490105057415,0.0214876542259053,0.0420712950117619,0.0466726889491117,0.0382957696214347,0,0.524349689483643,97.3,0
Otsu,12.2037371895561,0.486287549347904,0.333864541832669,0.89398980413201,0.944028106362181,0.975323458813887,0.91467867241332,0,0.00233125686645508,0,0
Adaptive Thresholding,11.9044419457797,0.244161605165985,0.096045197740113,0.424144103826359,0.595647733521879,0.569404460910707,0.624426936063909,0,0.00223588943481445,445.5,0
Region Growing,9.59280468266605,0.207759090851759,0.0926741944367943,0.58695295404814,0.739723194126062,0.99384031122638,0.589096000219617,0,0.0743255615234375,94.2,0
Split and Merge,12.2037371895561,0.486287549347904,0.333864541832669,0.89398980413201,0.944028106362181,0.975323458813887,0.91467867241332,0,0.0223734378814697,134,0
MobileNet-Seg,9.96464431495227,0.497043833971847,0.444164989939638,0.246195567685212,0.39511546031658,0.399031327864722,0.39127570208911,0,0.436897754669189,93.8,0.00390625
K-Means,25.9014738860614,0.616680307353637,0.151614010989011,0.829154617177191,0.906598719857557,0.916915052160954,0.896511945599709,0,0.547175645828247,100.5,0
Otsu,12.4365215769091,0.299721993767845,0.125070998523231,0.025716819391073,0.0501440922190202,0.0567776114246228,0.0448984548131508,0,0.00275206565856934,0,0
Adaptive Thresholding,12.745814752778,0.296231565548315,0.0798585710802243,0.349755715511133,0.518250393744301,0.475545751882559,0.569381621687259,0,0.00218486785888672,453,0
Region Growing,9.0910655270757,0.234757626704305,0.125286343612335,0.660833963543432,0.795785705313403,0.824177968582301,0.769284478309705,0,0.103912830352783,96.2,0
Split and Merge,12.4365215769091,0.299721993767845,0.125070998523231,0.025716819391073,0.0501440922190202,0.0567776114246228,0.0448984548131508,0,0.0299625396728516,66.7,0
MobileNet-Seg,7.7091036402215,0.00036494292664395,0,0,0,0,0,0,0.418549060821533,98,0.0078125
K-Means,24.8013305483806,0.675889926421312,0,0.437566586891068,0.608760096236467,0.991394087808291,0.439234954044545,0,0.435908079147339,96.3,0
Otsu,11.3602160677016,0.441545615106589,0.118261360429015,0.561361324331823,0.719066516614346,0.990238995078713,0.564484880422821,0,0.00151824951171875,0,0
Adaptive Thresholding,11.4186982045822,0.204653625167424,0.058909844201804,0.629730730082354,0.772803406671398,0.992151812615415,0.632883336691517,0,0.00126242637634277,0,0
Region Growing,8.59562223861482,0.207315105320341,0.0629534784464362,0.31082668645273,0.474245283018868,0.991469848626794,0.311660131124165,0,0.0353376865386963,113.1,0
Split and Merge,11.3602160677016,0.441545615106589,0.118261360429015,0.561361324331823,0.719066516614346,0.990238995078713,0.564484880422821,0,0.00698328018188477,0,0
MobileNet-Seg,6.30485797101058,0.000274680343825888,0,0,0,0,0,0,0.263543128967285,106.2,0
K-Means,25.4080322178212,0.694445769997304,0.234368530020704,0.803400489759573,0.890983998642122,0.973956752015653,0.821038562165852,0,0.34484601020813,98.6,0
Otsu,12.4864949881872,0.431180902396376,0.168237758575543,0.805801576338669,0.892458603311735,0.944236384410308,0.846064156523718,0,0.00155806541442871,0,0
Adaptive Thresholding,11.5439631531044,0.274680582377415,0.111903298504405,0.461287613989182,0.631344041478472,0.595487774136627,0.671795017631669,0,0.00155091285705566,0,0
Region Growing,6.39509354201961,-0.00187929112240626,0.0407766990291262,0,0,0,0,0,0.00403952598571777,0,0
Split and Merge,12.4864949881872,0.431180902396376,0.168237758575543,0.805801576338669,0.892458603311735,0.944236384410308,0.846064156523718,0,0.012939453125,77.2,0
MobileNet-Seg,7.04242958402106,0.264746319832389,0.449012402388608,0.000451722190852626,0.000903036460097076,0.00133407448582546,0.000682516209759982,0,0.272726774215698,99,0
K-Means,22.9908564000547,0.639176459478,0.105547226386807,0.0828975756024427,0.15310326197069,0.150626225042357,0.155663130428812,0,0.359385013580322,100.2,0
Otsu,14.1446845443236,0.320428999537458,0.118927030575877,0.388683165942936,0.559786674851804,0.634347826086957,0.500909808768497,0,0.002197265625,0,0
Adaptive Thresholding,16.2887323271662,0.386823544714318,0.0763274336283186,0.419777469250474,0.591328540341019,0.493732606545689,0.73701376729495,0,0.00149035453796387,0,0
Region Growing,11.2790876427574,0.3291659525155,0.101246290801187,0.230960667275873,0.375252716704574,0.347491589878602,0.407834655130978,0,0.0747964382171631,93.6,0
Split and Merge,14.1446845443236,0.320428999537458,0.118927030575877,0.388683165942936,0.559786674851804,0.634347826086957,0.500909808768497,0,0.0138459205627441,144.2,0
MobileNet-Seg,10.2167160894662,0.129187081925608,0,0.346632990887061,0.51481434545685,0.983346243222308,0.348679918975521,0,0.273727893829346,102.3,0
K-Means,24.3688761300667,0.670794562041768,0.275743707093822,0.398816878784134,0.570220283774085,0.97703193582564,0.402591327938631,0,0.269131422042847,100.3,0
Otsu,15.1172708187021,0.457612301619033,0.268213651092296,0.495553397758974,0.662702379602816,0.97738326848249,0.501301900618988,0,0.00155019760131836,0,0
Adaptive Thresholding,13.1501553480555,0.355883028451306,0.117032615646984,0.587651275726509,0.74027752153268,0.981259331720126,0.594321530473829,0,0.00139117240905762,0,0
Region Growing,8.34056814535113,0.0820071246060941,0.0229885057471264,0.106809492113125,0.193004293646243,0.936990765888104,0.107582206838486,0,0.0133285522460938,75,0
Split and Merge,15.1172708187021,0.457612301619033,0.268213651092296,0.495553397758974,0.662702379602816,0.97738326848249,0.501301900618988,0,0.0155942440032959,64.1,0
MobileNet-Seg,8.29160649570324,0.00207152709456074,0,0,0,0,0,0,0.263405323028564,102.5,0.00390625
K-Means,22.5076920801711,0.810697715676523,0.374538594044787,0.396478757498562,0.567826406767194,0.667600664176007,0.493997491488981,0,0.282016038894653,99.3,0
Otsu,18.258031701642,0.731276469441503,0.553324874990671,0.590872122713775,0.742827929759485,0.693544090222893,0.799651880103412,0,0.00157999992370605,0,0
Adaptive Thresholding,12.148762839056,0.580925721518247,0.47731372276953,0.383478093032233,0.554368146432657,0.609242280212198,0.50856221363299,0,0.00184965133666992,0,0
Region Growing,6.85080015041435,0.000649167329472066,0.0010407890171978,0,0,0,0,0,0.00208950042724609,0,0
Split and Merge,18.258031701642,0.731276469441503,0.553324874990671,0.590872122713775,0.742827929759485,0.693544090222893,0.799651880103412,0,0.0365033149719238,109.5,0
MobileNet-Seg,10.2782966258484,0.630151548227497,0.59855676094537,0.226638793945313,0.369528169276891,0.359445331784522,0.380193001766197,0,0.2843177318573,98.5,0.01171875
K-Means,25.4911853924566,0.66748799437191,0.248957216064831,0.073349593495935,0.136674190665192,0.167074074074074,0.11563405193407,0,0.258741855621338,100.5,0
Otsu,15.1984310855865,0.535478431790571,0.243282348077718,0.252747598803338,0.403509212940851,0.395847204754507,0.411473686908821,0,0.00139331817626953,0,0
Adaptive Thresholding,12.0974114817187,0.29637708451472,0.13744963164964,0.398906907338823,0.570312299190335,0.571870409031161,0.568762656686576,0,0.00137972831726074,0,0
Region Growing,7.41380847763422,0.0151493819820758,0.0212723259080875,0.0399887211299377,0.076902220798107,1,0.0399887211299377,0,0.00453376770019531,220,0
Split and Merge,15.1984310855865,0.535478431790571,0.243282348077718,0.252747598803338,0.403509212940851,0.395847204754507,0.411473686908821,0,0.0089116096496582,112,0
MobileNet-Seg,10.5027750562578,0.688710084313989,0.887795275590551,0.851712769905901,0.919918881316764,0.851712769905901,1,0,0.264647006988525,102,0.0078125
K-Means,21.4992675780237,0.811597283881293,0.417991122565865,0.291301161938658,0.451174629938877,0.499264415658976,0.41153504880213,0,0.309262990951538,97,0
Otsu,15.4899379593898,0.705980094133449,0.553144109434096,0.443932711447641,0.6148939045817,0.56615231458437,0.672818692694469,0,0.00146365165710449,0,0
Adaptive Thresholding,11.5125176262075,0.607524354440461,0.489479142274111,0.355156348544341,0.524155532202372,0.532225609756098,0.516326530612245,0,0.00147914886474609,671.5,0
Region Growing,6.15867262013347,0.000881177845448103,0.000183376885343602,0,0,0,0,0,0.00180864334106445,0,0
Split and Merge,15.4899379593898,0.705980094133449,0.553144109434096,0.443932711447641,0.6148939045817,0.56615231458437,0.672818692694469,0,0.0319128036499023,94,0
MobileNet-Seg,6.15828338504157,0.000955279347924837,0,0,0,0,0,0,0.271030426025391,99.6,0.0078125
K-Means,22.2911256069196,0.838685599334469,0.436024006534323,0.476942572788527,0.645851208538244,0.989103262611371,0.47946184439473,0,0.306561946868897,101.1,0
Otsu,15.9166440364098,0.703012958958497,0.528712326884085,0.643317490348084,0.78294972715445,0.984812451435165,0.649763857817549,0,0.00132226943969727,0,0
Adaptive Thresholding,11.9527749652944,0.600301693041,0.491885060529467,0.489157740618017,0.656958933598278,0.983971974206349,0.493086626895352,0,0.00152802467346191,651.5,0
Region Growing,6.442200680841,0.000284702109238367,0.000229526257803893,6.2142679592344E-05,0.000124277636239359,1,6.2142679592344E-05,0,0.00181365013122559,0,0
Split and Merge,15.9166440364098,0.703012958958497,0.528712326884085,0.643317490348084,0.78294972715445,0.984812451435165,0.649763857817549,0,0.0398678779602051,100.3,0
MobileNet-Seg,6.44216315446009,0.000290345828489647,0,0,0,0,0,0,0.276907920837402,97.5,0
K-Means,25.8973778384274,0.808816284991776,0.319731693683622,0.325524380277853,0.491163173037402,0.484702746552324,0.497798143299214,0,0.338857650756836,100.3,0
Otsu,12.3076949130143,0.401752137493244,0.246518169033253,0.271254843836497,0.426751323940496,0.404193608472366,0.451975720066651,0,0.00173020362854004,0,0
Adaptive Thresholding,11.3396976717115,0.329109654801982,0.2107172549316,0.347743991188388,0.516038644522927,0.506387122644212,0.526065222566056,0,0.00157737731933594,0,0
Region Growing,11.1901614049191,0.127233498293298,0.126679368801602,0.284593616792635,0.443087390552674,0.416885297512855,0.472804094263271,0,0.0774631500244141,90.3,0
Split and Merge,12.3076949130143,0.401752137493244,0.246518169033253,0.271254843836497,0.426751323940496,0.404193608472366,0.451975720066651,0,0.0070188045501709,142.3,0
MobileNet-Seg,10.0020612182474,0.499541287810719,0.491888079003057,0.0226893353941267,0.0443719018256559,0.0450859950859951,0.0436800761723399,0,0.286477565765381,97.7,0.11328125
K-Means,22.4118135940307,0.560909101995418,0.266096017863789,0.509303291934069,0.67488528602019,0.986525562677001,0.512870980240217,0,0.332019329071045,99.4,0
Otsu,12.0161013887081,0.567984125035645,0.435873857305133,0.614010292649205,0.760850529201249,0.985939465699697,0.61943432777993,0,0.00146627426147461,674.4,0
Adaptive Thresholding,8.47488197899838,0.337388058265509,0.312547391225853,0.532385830526203,0.694845671267252,0.986096866096866,0.536412243316544,0,0.00165796279907227,0,0
Region Growing,4.30159091568313,0.00711011788263395,0.0332122093023256,0.0387756683456025,0.0746564817163233,1,0.0387756683456025,0,0.00776815414428711,0,0
Split and Merge,12.0161013887081,0.567984125035645,0.435873857305133,0.614010292649205,0.760850529201249,0.985939465699697,0.61943432777993,0,0.020089864730835,99.4,0
MobileNet-Seg,4.16628492268652,0.000166444091813969,0,0,0,0,0,0,0.278244018554688,104.2,0.01171875
K-Means,21.5967289580578,0.691667140659663,0.344749959800611,0.508152635890144,0.67387428009264,0.985758829525694,0.511910693155633,0,0.334450244903564,98.7,0
Otsu,14.8480876189998,0.610807302125852,0.380409836065574,0.6005525799929,0.75043155407686,0.985836268274761,0.605779410848851,0,0.00126171112060547,0,0
Adaptive Thresholding,10.7593894220143,0.36563099411679,0.259326258240875,0.582989214175655,0.736567512848466,0.982549080710502,0.589088870897428,0,0.00139164924621582,0,0
Region Growing,5.56682912982025,0.000348245945434521,0.00285714285714286,0.0016348010213614,0.00326426561795657,1,0.0016348010213614,0,0.00199127197265625,0,0
Split and Merge,14.8480876189998,0.610807302125852,0.380409836065574,0.6005525799929,0.75043155407686,0.985836268274761,0.605779410848851,0,0.019512414932251,102.4,0
MobileNet-Seg,5.56401289381409,0.000736884729510339,0,0,0,0,0,0,0.278655767440796,96.9,0.00390625
K-Means,22.5682374703342,0.656979796614681,0.347880092745942,0.597844043119138,0.748313386019942,0.966372482462096,0.610545579320599,0,0.289326190948486,100.2,0
Otsu,16.5044477744429,0.587731539247,0.406607369758577,0.667177317937579,0.800367556299202,0.76904222233936,0.834353196843189,0,0.00148153305053711,0,0
Adaptive Thresholding,11.2794213238434,0.427886817644596,0.25380356776707,0.433960773469751,0.605261707988981,0.583900287020304,0.628245453505662,0,0.00149822235107422,663.5,0
Region Growing,6.33995733104879,0.00378502641288714,0.0238415043653459,0,0,0,0,0,0.0043790340423584,227.9,0
Split and Merge,16.5044477744429,0.587731539247,0.406607369758577,0.667177317937579,0.800367556299202,0.76904222233936,0.834353196843189,0,0.0209717750549316,95.3,0
MobileNet-Seg,8.56683824082869,0.645597873086866,0.847600518806745,0.190963745117188,0.320687755441955,0.290512778848163,0.357857714743223,0,0.528444051742554,100.3,0
K-Means,22.5764712354552,0.648337909316509,0.331016278046634,0.891163927475871,0.942450217591982,0.95953276047261,0.925965275978233,0,0.278671503067017,100.5,0
Otsu,14.2233633014162,0.657590407317254,0.361683146234481,0.772564332351812,0.871691163193818,0.813951397162961,0.938248250842187,0,0.00128817558288574,0,0
Adaptive Thresholding,9.17169305826196,0.319470888891126,0.235935862095741,0.447811127796681,0.618604345828136,0.626959414504325,0.610469033428349,0,0.00167131423950195,0,0
Region Growing,4.4554040413028,0.000451289555845208,0.00057850283466389,0,0,0,0,0,0.0020606517791748,0,0
Split and Merge,14.2233633014162,0.657590407317254,0.361683146234481,0.772564332351812,0.871691163193818,0.813951397162961,0.938248250842187,0,0.0131697654724121,151.7,0
MobileNet-Seg,4.45479049562856,0.000283560967171148,0,0,0,0,0,0,0.2890944480896,103.8,0
K-Means,24.7584981259168,0.734795228188496,0.229896563229897,0.47637952839099,0.64533477907292,0.952195059516191,0.488052088629393,0,0.346498012542725,101,0
Otsu,14.2217082878795,0.591728958302836,0.140103366391954,0.657938189295283,0.793682410530569,0.929102507699076,0.692716448263986,0,0.00127339363098145,782.5,0
Adaptive Thresholding,12.987849304955,0.193268060588336,0.0558309548845826,0.704943600730985,0.826940668804228,0.947026455026455,0.733882210158595,0,0.00119256973266602,823.1,0
Region Growing,6.49590189655345,0.0154642091337865,0.0521455730581206,0.0340102684849079,0.0657832316012524,0.91832229580574,0.0341134600560904,0,0.0111763477325439,89.4,0
Split and Merge,14.2217082878795,0.591728958302836,0.140103366391954,0.657938189295283,0.793682410530569,0.929102507699076,0.692716448263986,0,0.0153436660766602,65.1,0
MobileNet-Seg,6.45628431866095,0.000417848662641984,0,0,0,0,0,0,0.419309854507446,100.2,0
K-Means,22.0474072857671,0.810956050115584,0.397009182969765,0.506121940974221,0.672086272970488,0.990621193666261,0.508558833184824,0,0.502003192901611,99.6,0
Otsu,15.2158866532822,0.65640905596293,0.506703891359046,0.674491441329695,0.805607511250208,0.988030616184787,0.680048148321843,0,0.00196695327758789,0,0
Adaptive Thresholding,10.8691488184857,0.540680771417075,0.469607190412783,0.505899499201513,0.671890122109425,0.984075760774497,0.51007519267145,0,0.00261092185974121,0,0
Region Growing,5.74207209187242,0.000381625449401679,0.000189402907334628,9.37954321624537E-05,0.00018757327080891,1,9.37954321624537E-05,0,0.00301718711853027,330.2,0
Split and Merge,15.2158866532822,0.65640905596293,0.506703891359046,0.674491441329695,0.805607511250208,0.988030616184787,0.680048148321843,0,0.0495550632476807,100.9,0
MobileNet-Seg,7.19975843455695,0.397638018109187,0.37859528669512,0.384771386430679,0.555718279856211,0.957229675495929,0.391502133846082,0,0.411558389663696,97.2,0
K-Means,21.7599768362911,0.602296699049198,0.265551934249681,0.612097191108048,0.759380010689471,0.935686599179618,0.638980263157895,0,0.554462671279907,95.6,0
Otsu,18.2966350980249,0.666462530194456,0.508105214864658,0.572825586746434,0.728403189232682,0.692907176323236,0.767732319078947,0,0.00215005874633789,0,0
Adaptive Thresholding,10.5488682443519,0.434879435735822,0.280175910507664,0.478406900631667,0.647192461598038,0.650163390217335,0.644248560855263,0,0.00236749649047852,420.6,0
Region Growing,5.86060275664012,0.00643776092505025,0.000416059912627418,0,0,0,0,0,0.00281071662902832,0,0
Split and Merge,18.2966350980249,0.666462530194456,0.508105214864658,0.572825586746434,0.728403189232682,0.692907176323236,0.767732319078947,0,0.0301568508148193,99.4,0
MobileNet-Seg,5.91811738204946,0.0542169686224145,0.0799019106978645,0,0,0,0,0,0.445993900299072,94.2,0
K-Means,22.6201341607619,0.708341862255545,0.24908371206568,0.42233077950376,0.593857329939957,0.833356449375867,0.461287474569114,0,0.359063386917114,100.3,0
Otsu,11.9947763047524,0.469482353955653,0.283912065950537,0.460021701536062,0.630157347732683,0.797724399494311,0.520766957122567,0,0.00141763687133789,0,0
Adaptive Thresholding,12.7991824311001,0.248352740236663,0.130784908286524,0.640598218786759,0.78093248115372,0.837294091807599,0.731680165828567,0,0.00114965438842773,0,0
Region Growing,7.51894754520615,0.151729751445497,0.0786411411411411,0.244720426875094,0.39321348246766,0.920689898918499,0.249990403439407,0,0.0289239883422852,103.7,0
Split and Merge,11.9947763047524,0.469482353955653,0.283912065950537,0.460021701536062,0.630157347732683,0.797724399494311,0.520766957122567,0,0.0130593776702881,76.5,0
MobileNet-Seg,9.38278119136357,0.464569634054588,0.0346205059920107,0.621170232910434,0.766323264886584,0.97887323943662,0.629611147364784,0,0.266822814941406,97.4,0
K-Means,24.5332425313965,0.700865498419454,0.190747154873825,0.124496179523491,0.221425704756501,0.295420974889217,0.17707341906638,0,0.298326969146729,100.6,0
Otsu,12.9417232687145,0.440857003861905,0.15973989256432,0.187483569672321,0.315766170514774,0.383525243578388,0.2683547665951,0,0.00151753425598145,0,0
Adaptive Thresholding,12.3778978848162,0.234131760319971,0.0521968623234446,0.46672119080723,0.636414328411473,0.641349547079053,0.631554483277629,0,0.00115656852722168,0,0
Region Growing,6.24272886322677,0.0260665226463056,0.0165400089405454,0.0623741118661325,0.117424005667021,1,0.0623741118661325,0,0.00697445869445801,143,0
Split and Merge,12.9417232687145,0.440857003861905,0.15973989256432,0.187483569672321,0.315766170514774,0.383525243578388,0.2683547665951,0,0.0151526927947998,65.9,0
MobileNet-Seg,8.65754957665194,0.673896604728506,0.747496046389035,0.77237575567245,0.871571113744338,0.872140957446809,0.871002014210142,0,0.263704776763916,98.6,0
K-Means,24.0634538731108,0.565789908541018,0.276884191176471,0.529072368522547,0.6920174341176,0.982383271268977,0.534140111516058,0,0.297064304351807,104.4,0
Otsu,17.0263010818699,0.613209799792147,0.475237759774569,0.6042417521486,0.753305106713903,0.981977922955621,0.611017661900757,0,0.00211787223815918,0,0
Adaptive Thresholding,11.4604454942276,0.441068232712716,0.286446469248292,0.525463212946821,0.688922824866756,0.982320537594093,0.530480017443853,0,0.00175333023071289,0,0
Region Growing,6.93634864922896,0.00102139035276492,0,1.55748683923621E-05,3.11492516392294E-05,1,1.55748683923621E-05,0,0.00193691253662109,0,0
Split and Merge,17.0263010818699,0.613209799792147,0.475237759774569,0.6042417521486,0.753305106713903,0.981977922955621,0.611017661900757,0,0.0175685882568359,113.8,0
MobileNet-Seg,6.93667041599118,0.00105280643648174,9.36504963476306E-05,0.000171323552315983,0.000342588411168382,1,0.000171323552315983,0,0.285653114318848,98,0
K-Means,23.2183259181451,0.615204513367856,0.207865792689701,0.689600762154277,0.816288412743163,0.893151846996221,0.751606204166396,0,0.328682422637939,100.4,0
Otsu,14.8982149542343,0.439109067728684,0.19385275196569,0.0292039094478323,0.0567504829310261,0.0567808997888582,0.0567200986436498,0,0.0015106201171875,0,0
Adaptive Thresholding,12.4108260871384,0.358194643256822,0.141669508867667,0.313720032657908,0.47760561589853,0.422875866036367,0.548607956389123,0,0.00131559371948242,0,0
Region Growing,7.49667629328088,0.111520305296118,0.162076141510589,0.279937928207531,0.437424225094361,0.741335194231217,0.310240768382114,0,0.0258345603942871,116,0
Split and Merge,14.8982149542343,0.439109067728684,0.19385275196569,0.0292039094478323,0.0567504829310261,0.0567808997888582,0.0567200986436498,0,0.0147843360900879,67.6,0
MobileNet-Seg,7.00721423022644,0.00133441515280984,0,0,0,0,0,0,0.270008325576782,100,0
K-Means,22.2204855494716,0.652875352025677,0.164447134786118,0.789557304831371,0.882405165456013,0.915303901322766,0.851789331532748,0,0.358447313308716,100.4,0
Otsu,17.4177161741645,0.710582900551695,0.196684894053315,0.585194582425044,0.738325236425939,0.652267431439326,0.850542772554927,0,0.0010688304901123,0,0
Adaptive Thresholding,12.4922410856439,0.285760716665043,0.106761372878599,0.5068797240772,0.672754057245821,0.633242419380716,0.717524541629876,0,0.00106930732727051,0,0
Region Growing,6.55235470320387,0.0196121795214008,0.0916855061542326,0,0,0,0,0,0.00943470001220703,105.9,0
Split and Merge,17.4177161741645,0.710582900551695,0.196684894053315,0.585194582425044,0.738325236425939,0.652267431439326,0.850542772554927,0,0.0141198635101318,141.6,0
MobileNet-Seg,9.5703773310587,0.391161916337182,0.0192525481313703,0.732941206820937,0.845892756125882,0.991035300683689,0.737833064976887,0,0.266873836517334,97.4,0
K-Means,22.2384570282206,0.571896644122167,0.21172363986519,0.871659757839762,0.931429715458345,0.961532499741655,0.903154574132492,0,0.240914344787598,99.6,0
Otsu,23.0217862451301,0.781490760214122,0.683302667893284,0.728849537214105,0.843161329572479,0.774733204593963,0.924848337782092,0,0.00135684013366699,734,0
Adaptive Thresholding,9.84152349838969,0.379261109068407,0.236628359111726,0.461894367642395,0.631912096887403,0.666451317666694,0.60077651055569,0,0.00173687934875488,0,0
Region Growing,5.15410680252846,0.0721729937289704,0.0633787346221441,0,0,0,0,0,0.017326831817627,57.7,0
Split and Merge,23.0217862451301,0.781490760214122,0.683302667893284,0.728849537214105,0.843161329572479,0.774733204593963,0.924848337782092,0,0.0242490768432617,123.6,0
MobileNet-Seg,10.11625377948,0.572041555417086,0.489867941712204,0.599582047964972,0.749673389655473,0.769285769004877,0.731036156272749,0,0.288639068603516,100.5,0
K-Means,21.2102725977505,0.590298580828436,0.225424640688648,0.422006492407576,0.593536660571899,0.984071177441343,0.42490899233212,0,0.276066064834595,101.4,0
Otsu,22.8999396782355,0.837031325896675,0.669409183513556,0.814000920104279,0.897464726817763,0.987810778621408,0.822260088296801,0,0.00123214721679688,0,0
Adaptive Thresholding,10.0191410738482,0.412331185610829,0.288014815411248,0.557794583294906,0.7161336793393,0.986328549684714,0.562140810161877,0,0.00160598754882813,0,0
Region Growing,5.48806017912147,0.00383722888212005,0.000387071801819238,0.000154906668732089,0.000309765352745295,1,0.000154906668732089,0,0.00187826156616211,0,0
Split and Merge,22.8999396782355,0.837031325896675,0.669409183513556,0.814000920104279,0.897464726817763,0.987810778621408,0.822260088296801,0,0.0203070640563965,98.4,0
MobileNet-Seg,5.48775816248606,0.00384718797953871,0,0,0,0,0,0,0.275090456008911,98.1,0
K-Means,25.2550498060026,0.749545050784706,0.248233591555291,0.465306248266083,0.635097610232245,0.990778116898034,0.467330227086268,0,0.345038175582886,101.4,0
Otsu,14.1490236480378,0.484520645627284,0.261905861702619,0.657587608548377,0.793427273656149,0.991940728353772,0.661119796907169,0,0.00171542167663574,0,0
Adaptive Thresholding,11.2812955130751,0.359084187780806,0.221864464563052,0.522298495950636,0.686197217352533,0.993427615750249,0.524109533908144,0,0.00170755386352539,0,0
Region Growing,7.62065779806817,-0.0257079224541766,0.0958483213429257,0.169547820982219,0.289937389374686,0.988293561458802,0.169889011006022,0,0.0306811332702637,97.7,0
Split and Merge,14.1490236480378,0.484520645627284,0.261905861702619,0.657587608548377,0.793427273656149,0.991940728353772,0.661119796907169,0,0.00604081153869629,0,0
MobileNet-Seg,9.80297789411043,0.480047219325165,0.434076397445951,0.469538922064236,0.639028902214693,0.972296015180266,0.475905945728394,0,0.285060882568359,101.7,0
K-Means,22.5952352155189,0.620494693547504,0.287126569490547,0.768188036313891,0.86889857926572,0.927226875619202,0.817474391890104,0,0.27506422996521,101.8,0
Otsu,16.7183944991461,0.671569822906871,0.50325481511308,0.654680977936792,0.791307794875491,0.724431443276294,0.87178740636828,0,0.00217056274414063,459.7,0
Adaptive Thresholding,10.0269210559443,0.37932611656911,0.280416550737311,0.412477840681649,0.584048582995951,0.595803849224924,0.572748206770599,0,0.00172853469848633,0,0
Region Growing,5.58418802178446,0.0214501591308639,0.0562420110779719,0,0,0,0,0,0.0108127593994141,92.4,0
Split and Merge,16.7183944991461,0.671569822906871,0.50325481511308,0.654680977936792,0.791307794875491,0.724431443276294,0.87178740636828,0,0.0253989696502686,118,0
MobileNet-Seg,5.37323134396237,0.00256778850367535,0,0,0,0,0,0,0.295368671417236,98.2,0
K-Means,21.5213638109556,0.691008895003622,0.300035033281618,0.0108385254413292,0.0214446227929374,0.0109702423963739,0.474431818181818,0,0.302063465118408,99.3,0
Otsu,20.0018108726975,0.826013147281291,0.621550959428545,0.0118718149371099,0.0234650570593228,0.011890424576093,0.883522727272727,0,0.00134444236755371,741.2,0
Adaptive Thresholding,10.0467088054908,0.479359348241673,0.407332696323035,0.0106658895526738,0.0211066578241689,0.0107719928186715,0.519886363636364,0,0.00159358978271484,0,0
Region Growing,5.30217263716448,0.00107791523407068,0.000649388984001417,0,0,0,0,0,0.00211071968078613,0,0
Split and Merge,20.0018108726975,0.826013147281291,0.621550959428545,0.0118718149371099,0.0234650570593228,0.011890424576093,0.883522727272727,0,0.0275249481201172,108.9,0
MobileNet-Seg,5.30074350697929,0.00082584374146989,0,0,0,0,0,0,0.278484582901001,100.5,0
K-Means,23.8466701704826,0.663407922361404,0.310502637294446,0.484989377097638,0.653189018827237,0.986502990636646,0.488229003611115,0,0.338660717010498,100.4,0
Otsu,17.5519393763989,0.671475878334375,0.360347952156578,0.689267880464009,0.816055154348498,0.987627413424917,0.695271453590193,0,0.00132322311401367,0,0
Adaptive Thresholding,11.3199168467682,0.387038207629961,0.228299103596959,0.540525992002461,0.701742125492937,0.98605577689243,0.544689490569254,0,0.00147271156311035,0,0
Region Growing,6.8075034669275,0.0141922768259861,0.0453744493392071,0.0192334516374006,0.0377410133203576,1,0.0192334516374006,0,0.0046539306640625,214.3,0
Split and Merge,17.5519393763989,0.671475878334375,0.360347952156578,0.689267880464009,0.816055154348498,0.987627413424917,0.695271453590193,0,0.0164253711700439,121.7,0
MobileNet-Seg,7.02029240990577,0.0372013177415965,0.0433548105274653,0.0530358165967265,0.100729368860655,0.983912668773341,0.0530818467833176,0,0.272044897079468,99.2,0
K-Means,22.5188465861365,0.710731079383901,0.371804285428209,0.310648208047613,0.474037512339585,0.560653823701109,0.410602821718683,0,0.26915431022644,100.3,0
Otsu,21.9675190100133,0.748911790863115,0.567838533078293,0.596086097705012,0.746934765689789,0.676121402503811,0.834316659541114,0,0.0015416145324707,0,0
Adaptive Thresholding,12.6507042058671,0.54426533133303,0.349335548172757,0.411645090499104,0.583213292448121,0.583671139023694,0.582756163602679,0,0.00187087059020996,0,0
Region Growing,7.64810602498723,0.0782004539782518,0.0568784115180761,0.104526143403033,0.18926875389475,0.384561648620328,0.125523728088927,0,0.0233039855957031,85.8,0
Split and Merge,21.9675190100133,0.748911790863115,0.567838533078293,0.596086097705012,0.746934765689789,0.676121402503811,0.834316659541114,0,0.0215749740600586,92.6,0
MobileNet-Seg,7.62006389003464,0.00601813144972523,0,0,0,0,0,0,0.265780687332153,101.6,0
K-Means,23.3227819802098,0.725620407524031,0.31965367965368,0.67748806651953,0.807741145873174,0.915075045928802,0.722943367291051,0,0.249521493911743,100.2,0
Otsu,15.6664121002543,0.492970792364356,0.270008084074374,0.696740381554135,0.821269286838041,0.86825159459212,0.779110526892321,0,0.00153088569641113,0,0
Adaptive Thresholding,14.2243048692194,0.375371073405073,0.16058439539944,0.559201303375895,0.71729199066874,0.644666724906089,0.808357980063534,0,0.00117015838623047,0,0
Region Growing,6.35352650132567,0.0130263191738167,0.0278048780487805,0.000391307750502178,0.000782309377281736,0.00818777292576419,0.000410778836674335,0,0.00539493560791016,0,0
Split and Merge,15.6664121002543,0.492970792364356,0.270008084074374,0.696740381554135,0.821269286838041,0.86825159459212,0.779110526892321,0,0.0192275047302246,103.9,0
MobileNet-Seg,6.32341040969818,0.00358264156391289,0,0,0,0,0,0,0.286392211914063,101.2,0
K-Means,21.5963911066083,0.691653049500765,0.342462491069302,0.508500007734311,0.674179655455291,0.988334686269204,0.511570363684464,0,0.303847551345825,98.7,0
Otsu,14.8477119708674,0.610794397301093,0.380286298568507,0.601831547085894,0.751429260062666,0.987457558404703,0.606467576526245,0,0.00155806541442871,0,0
Adaptive Thresholding,10.7619043694526,0.365708977939895,0.260007241420928,0.584166962097508,0.737506810928622,0.983955136692889,0.589785088470098,0,0.00127744674682617,0,0
Region Growing,5.56408207715924,0.000735214272532002,0.000110448420587586,4.66860673213091E-05,9.33677756683577E-05,1,4.66860673213091E-05,0,0.00185728073120117,0,0
Split and Merge,14.8477119708674,0.610794397301093,0.380286298568507,0.601831547085894,0.751429260062666,0.987457558404703,0.606467576526245,0,0.0183322429656982,109,0
MobileNet-Seg,5.57334628872805,0.00750385130074925,0.0102620087336245,0.00610931476184554,0.0121444353455602,0.850649350649351,0.00611587481909149,0,0.347309112548828,95,0
K-Means,25.7922639058864,0.740397232224729,0.201193361924296,0.471888111888112,0.641201064234132,0.979801239029427,0.476523758709434,0,0.476347208023071,92.4,0
Otsu,13.2463528595091,0.415721767237462,0.246715674650225,0.607656986845371,0.755953529661508,0.981459210262578,0.614713451760718,0,0.00204801559448242,486.5,0
Adaptive Thresholding,11.2956304327858,0.329702221193192,0.202350806908802,0.532833922699919,0.695227206038591,0.978579770416156,0.539121837926056,0,0.00210428237915039,0,0
Region Growing,8.71337912238775,0.0894542119371367,0.122583655512598,0.239472571527006,0.386410441066849,0.991377633711507,0.239972380892599,0,0.0655629634857178,106.7,0
Split and Merge,13.2463528595091,0.415721767237462,0.246715674650225,0.607656986845371,0.755953529661508,0.981459210262578,0.614713451760718,0,0.00712990760803223,0,0
MobileNet-Seg,10.4764333323264,0.572875704198627,0.508790814495874,0.550935392315439,0.710455632188432,0.952261637874192,0.566584018580127,0,0.44046950340271,97.6,0
K-Means,21.8929964174781,0.797925803259926,0.399464298818522,0.341909684970253,0.509586731208117,0.601861072004945,0.441845223090497,0,0.531421661376953,96,0
Otsu,15.5953835423515,0.697947749542159,0.549143372407574,0.525024105372314,0.688545320067759,0.653569163873539,0.727476682631712,0,0.00235223770141602,0,0
Adaptive Thresholding,10.8156751184711,0.554703851582517,0.481416466934477,0.383302031756872,0.554184152061219,0.60770572666025,0.509326947315352,0,0.00187969207763672,0,0
Region Growing,5.69927577280798,0.0006828507707719,0.000521104742053153,0,0,0,0,0,0.00284886360168457,0,0
Split and Merge,15.5953835423515,0.697947749542159,0.549143372407574,0.525024105372314,0.688545320067759,0.653569163873539,0.727476682631712,0,0.0466077327728272,85.8,0
MobileNet-Seg,5.69831295331847,0.000678672179491025,0,0,0,0,0,0,0.426738262176514,96.1,0
K-Means,22.044573136073,0.698506199784015,0.360373161991845,0.036488981193031,0.0704088164083155,0.0431387259582595,0.191405658949917,0,0.419206857681274,97.8,0
Otsu,20.0034941907903,0.758501912508698,0.538639829216224,0.0215928318720197,0.0422728727108468,0.0241391169769142,0.169919806324709,0,0.00135278701782227,0,0
Adaptive Thresholding,12.3476969962641,0.493786298073381,0.340540965560623,0.0829609580471363,0.153211355276808,0.0907465854816636,0.491602360417612,0,0.00166749954223633,0,0
Region Growing,7.25898073066174,0.00476313468274981,0.000323258445126879,0,0,0,0,0,0.00181818008422852,0,0
Split and Merge,20.0034941907903,0.758501912508698,0.538639829216224,0.0215928318720197,0.0422728727108468,0.0241391169769142,0.169919806324709,0,0.0277869701385498,71.9,0
MobileNet-Seg,7.30039763315819,0.00886143605365926,0,0,0,0,0,0,0.276691913604736,101.2,0
K-Means,23.502422689221,0.678587115994404,0.278025928750409,0.534188849058043,0.696379522489715,0.938714649510789,0.553492047811913,0,0.285774946212769,101.5,0
Otsu,29.3515514805326,0.943970114095717,0.80021157624301,0.356218068733539,0.525310902348,0.643996328380472,0.443564160821891,0,0.00142192840576172,702,0
Adaptive Thresholding,12.4093377933767,0.60845705960902,0.299870862502549,0.637938102070096,0.778952637177001,0.824812843672018,0.737923540452435,0,0.0011284351348877,879.5,0
Region Growing,7.51039495558218,0.325640348001075,0,0.00396254312469197,0.00789380669991753,0.646302250803859,0.00397115479600909,0,0.00264763832092285,376.2,0
Split and Merge,29.3515514805326,0.943970114095717,0.80021157624301,0.356218068733539,0.525310902348,0.643996328380472,0.443564160821891,0,0.0275344848632813,108.9,0
MobileNet-Seg,33.8020153982672,0.991308268352448,0.989842559674962,0.513053175075997,0.678169390907531,0.693438493620184,0.66355823372518,0,0.268068552017212,100.7,0
K-Means,22.609250134219,0.699948556880354,0.140334037243233,0.0543015412443004,0.103009507470155,0.101718843751103,0.104333345400572,0,0.422424077987671,99.4,0
Otsu,10.2057760174694,0.265266296895907,0.268037238169123,0.61887567261399,0.764574677454625,0.965482962390236,0.632878398436086,0,0.00207424163818359,482.7,0
Adaptive Thresholding,12.3974268828565,0.261373463490769,0.0752086137281292,0.376767980740295,0.547322404371585,0.439519933299691,0.725192774137494,0,0.00116109848022461,0,0
Region Growing,5.88515335067747,0.0496614758587943,0.0660377358490566,0.0647274712608814,0.121585049710851,0.285294117647059,0.0772544618614922,0,0.0150432586669922,132.8,0
Split and Merge,10.2057760174694,0.265266296895907,0.268037238169123,0.61887567261399,0.764574677454625,0.965482962390236,0.632878398436086,0,0.0146706104278564,68.1,0
MobileNet-Seg,9.36763873703079,0.826517146190942,0.799827064418504,0.269315909194999,0.4243481189262,0.317735631562832,0.638634471273938,0,0.27685284614563,97.5,0
K-Means,21.9930116227282,0.790494183121578,0.372055559533185,0.351600087476309,0.520272365671139,0.642179542655527,0.437264856534155,0,0.300169467926025,103.3,0
Otsu,14.476087424062,0.621371829292542,0.49388552050149,0.644124232160285,0.783546911554174,0.805359492762292,0.762884728706768,0,0.00135970115661621,0,0
Adaptive Thresholding,10.7693339006328,0.524706225151049,0.467842082544742,0.417566277447309,0.589131223125939,0.687337564218797,0.515479805992475,0,0.00152397155761719,651.6,0
Region Growing,5.82597553005328,0.000241822929907165,0.000237101669195751,0,0,0,0,0,0.00193119049072266,0,0
Split and Merge,14.476087424062,0.621371829292542,0.49388552050149,0.644124232160285,0.783546911554174,0.805359492762292,0.762884728706768,0,0.0322763919830322,92.9,0
MobileNet-Seg,5.92742590128561,0.0260913100856312,0.0277673721670725,0.00623926607100154,0.0124011580175431,0.132624768946396,0.00650469153710167,0,0.275900363922119,97.8,0
K-Means,23.1585094266682,0.627883731105985,0.270831602558777,0.698098927029073,0.822212317453659,0.853217249353829,0.793381739064437,0,0.272697448730469,102.7,0
Otsu,18.3378008764674,0.717985700036138,0.563332834256625,0.630429466318027,0.773329333579472,0.710849506840598,0.847850836137324,0,0.0011298656463623,872,0
Adaptive Thresholding,11.1525956325719,0.386481934697665,0.264524614806464,0.416885750769924,0.588453586386047,0.617954070981211,0.56164140966934,0,0.00150179862976074,662.2,0
Region Growing,6.60843072195999,-0.00097218289119033,0.0135838150289017,0,0,0,0,0,0.00289821624755859,0,0
Split and Merge,18.3378008764674,0.717985700036138,0.563332834256625,0.630429466318027,0.773329333579472,0.710849506840598,0.847850836137324,0,0.0187649726867676,106.5,0
MobileNet-Seg,6.60327676726556,0.000608400470384381,0,0,0,0,0,0,0.27879810333252,96.8,0
K-Means,21.6858425271347,0.826843822144747,0.384451165273083,0.470401560419827,0.63982734115913,0.989772320119866,0.472699271980586,0,0.375696659088135,101.1,0
Otsu,12.652369886566,0.572851023040622,0.475751387913981,0.596284695971487,0.747090663058187,0.986496834796814,0.601191587331218,0,0.00281119346618652,0,0
Adaptive Thresholding,10.6476790378659,0.526021012297064,0.476324007392773,0.503948690209412,0.670167397983825,0.987253625601744,0.507249082197747,0,0.00164055824279785,0,0
Region Growing,5.67914548375267,8.50510888446966E-05,0.00022237046920169,9.33358222885944E-05,0.000186654223051797,1,9.33358222885944E-05,0,0.00174427032470703,0,0
Split and Merge,12.652369886566,0.572851023040622,0.475751387913981,0.596284695971487,0.747090663058187,0.986496834796814,0.601191587331218,0,0.0398547649383545,100.3,0
MobileNet-Seg,6.32048839264114,0.109293563613237,0.125131348511384,0.132334640034845,0.233737687351458,1,0.132334640034845,0,0.265591144561768,101.6,0
K-Means,23.8900829767786,0.799210341501301,0.307130452548779,0.495031756579252,0.662235774458628,0.990538033395176,0.497383743498176,0,0.32280421257019,99.1,0
Otsu,12.3363083150425,0.421227724361882,0.351533204836166,0.49327506601399,0.660662027031219,0.989039569013561,0.49598633646456,0,0.00175786018371582,0,0
Adaptive Thresholding,12.0520087420955,0.447563398290973,0.358034537762674,0.494585171700966,0.661836047975888,0.98716014410198,0.497787438863442,0,0.00178766250610352,558.6,0
Region Growing,7.74368226785548,-0.0220211820350573,0.0289415819813395,0.0480151463422204,0.0916306343659302,0.989446754077391,0.048039748466734,0,0.00849676132202148,117.6,0
Split and Merge,12.3363083150425,0.421227724361882,0.351533204836166,0.49327506601399,0.660662027031219,0.989039569013561,0.49598633646456,0,0.0248594284057617,120.6,0
MobileNet-Seg,7.58741146021213,0.000179671769787289,0,0.000295008151541029,0.00058984229479697,1,0.000295008151541029,0,0.272228479385376,102.8,0.0078125
K-Means,22.3058187058339,0.584535126435418,0.285172004744958,0.931983784893268,0.964794624241378,0.976321023490835,0.95353720960756,0,0.271893739700317,99.3,0
Otsu,13.7487026091017,0.543392371611856,0.224627530879919,0.506026542628791,0.672002157074223,0.630273352185208,0.719648247801549,0,0.00136423110961914,0,0
Adaptive Thresholding,11.4928099277912,0.323403824025171,0.179441117764471,0.425030475416497,0.59652124322783,0.589159988734991,0.604068775429846,0,0.00147557258605957,0,0
Region Growing,6.56349823842979,0.000172179686512368,0.00143038779402416,0,0,0,0,0,0.00187110900878906,0,0
Split and Merge,13.7487026091017,0.543392371611856,0.224627530879919,0.506026542628791,0.672002157074223,0.630273352185208,0.719648247801549,0,0.0135200023651123,73.7,0
MobileNet-Seg,7.81746353592664,0.317343210852017,0.50627862313488,0.00261238337574215,0.00521115322144017,0.00733019182255224,0.00404252526578291,0,0.270646572113037,99.8,0.0078125
K-Means,26.0550799875243,0.769283446454323,0.176856750930825,0.4914024634952,0.658980356440562,0.986062070247166,0.494839592141258,0,0.286173343658447,101.3,0
Otsu,13.6382518984194,0.400175499329578,0.237423312883436,0.583882467322027,0.737280043650252,0.987910595853569,0.5880844317334,0,0.00263309478759766,0,0
Adaptive Thresholding,11.9965151608265,0.315329329186441,0.184129818704142,0.557512425524033,0.715901095089441,0.987694495337581,0.561411962198458,0,0.00177383422851563,0,0
Region Growing,7.56440250381179,0.00113369216744177,0.00422248107163658,0.00142999253916936,0.00285590116098591,1,0.00142999253916936,0,0.00207138061523438,482.2,0
Split and Merge,13.6382518984194,0.400175499329578,0.237423312883436,0.583882467322027,0.737280043650252,0.987910595853569,0.5880844317334,0,0.00291061401367188,341.9,0
MobileNet-Seg,8.45531204488528,0.187029365735008,0.135484749455338,0.193357990445369,0.324056975347702,0.957713151667812,0.195023004227804,0,0.276302099227905,101.3,0
K-Means,21.5002245288793,0.663770813150082,0.336665000832917,0.207490564211749,0.343672357137132,0.375916120208998,0.316522971536554,0,0.284383058547974,98.5,0
Otsu,13.4067573298516,0.559991726844542,0.375292397660819,0.592666445109117,0.744244279056827,0.703632585422311,0.789831109011456,0,0.0016629695892334,0,0
Adaptive Thresholding,10.3657370543066,0.424657578193703,0.330602498163115,0.383612366372703,0.55450843848467,0.540760488283991,0.568973662454234,0,0.00151896476745605,0,0
Region Growing,5.58345248183408,0.00079280724000704,0.00192856591838309,0,0,0,0,0,0.00193619728088379,0,0
Split and Merge,13.4067573298516,0.559991726844542,0.375292397660819,0.592666445109117,0.744244279056827,0.703632585422311,0.789831109011456,0,0.016829252243042,118.7,0
MobileNet-Seg,5.57872697293285,0.000436233599126858,0,0,0,0,0,0,0.278760433197022,100.4,0.00390625
K-Means,21.1653587108824,0.821214031650783,0.435096245111811,0.285403000658238,0.444067736751956,0.471201049278621,0.419889133774127,0,0.311566591262817,99.5,0
Otsu,16.9392718918736,0.699819019829758,0.573344509639564,0.391576920053455,0.562781567314889,0.487604923769669,0.665364322447071,0,0.00148439407348633,0,0
Adaptive Thresholding,11.8886197888176,0.612416653119981,0.484963717555121,0.344356654347734,0.512299549727467,0.486161504093076,0.541407867494824,0,0.00144767761230469,0,0
Region Growing,6.44260672527844,0.00120384825663262,0.00131265496621129,0,0,0,0,0,0.00204229354858398,0,0
Split and Merge,16.9392718918736,0.699819019829758,0.573344509639564,0.391576920053455,0.562781567314889,0.487604923769669,0.665364322447071,0,0.037494421005249,106.6,0
MobileNet-Seg,6.46657501791065,0.00313499122482156,0.00384017110635816,0.00851532758966139,0.0168868580510579,1,0.00851532758966139,0,0.267091512680054,101.1,0.0078125
K-Means,22.5953504397152,0.670354056894679,0.159456323553788,0.388931663550227,0.560044347403075,0.971771818931334,0.39337592574934,0,0.28857159614563,100.5,0
Otsu,14.3365569774291,0.510363870415135,0.156688963210702,0.554305536024,0.713251703962845,0.97053512803677,0.56379326785544,0,0.0015113353729248,0,0
Adaptive Thresholding,13.832990421295,0.312420230152592,0.0978711937483158,0.67259614635742,0.804254090650872,0.971275614638865,0.68624646387591,0,0.00112104415893555,0,0
Region Growing,7.14368690327625,0.0602600269750676,0.10397489539749,0.143033643793956,0.250270225326349,0.977272727272727,0.14351101363593,0,0.0186009407043457,53.7,0
Split and Merge,14.3365569774291,0.510363870415135,0.156688963210702,0.554305536024,0.713251703962845,0.97053512803677,0.56379326785544,0,0.0123171806335449,162.2,0
MobileNet-Seg,6.90338879632086,0.00301573183955651,0,0,0,0,0,0,0.268009901046753,100.7,0
K-Means,26.2307053127843,0.709209753246597,0.188039758839824,0.488952663087083,0.656773952871443,0.991303803803804,0.491058976663464,0,0.284113645553589,98.5,0
Otsu,13.7397698138432,0.474693066413014,0.177859531772575,0.676687560641296,0.807171922218446,0.991045449419195,0.680850404437971,0,0.00143623352050781,0,0
Adaptive Thresholding,10.817649906172,0.270483598155473,0.111119996801152,0.546611149664585,0.706850134609632,0.991302159078197,0.549245359035547,0,0.00144386291503906,0,0
Region Growing,6.59687351099941,0.00063635183418006,0.00828877005347594,0.000433879815291164,0.000867383290480468,1,0.000433879815291164,0,0.00214886665344238,462.9,0
Split and Merge,13.7397698138432,0.474693066413014,0.177859531772575,0.676687560641296,0.807171922218446,0.991045449419195,0.680850404437971,0,0.00464510917663574,214.6,0
MobileNet-Seg,10.136779480824,0.587982790378072,0.555383594959098,0.581691366126891,0.735530810351815,0.974757033248082,0.59058790714972,0,0.281076669692993,96,0
K-Means,25.0175218175657,0.682129617632505,0.273105398885284,0.379112974335968,0.549792484576556,0.990421920465567,0.380508027202435,0,0.312730073928833,102.3,0
Otsu,16.9384702145026,0.515547942756547,0.296971286220008,0.553356694092404,0.712465715307867,0.989647175749545,0.556578579635438,0,0.00161147117614746,0,0
Adaptive Thresholding,13.1570585488814,0.456420060585558,0.239461289945895,0.543718453773237,0.704426966516144,0.983904653170338,0.548597956712108,0,0.00150275230407715,0,0
Region Growing,8.40404297336499,0.0178598592301781,0.0472057578323455,0.0905153006567405,0.166004641296146,0.99948568489628,0.0905195168152036,0,0.0127434730529785,78.4,0
Split and Merge,16.9384702145026,0.515547942756547,0.296971286220008,0.553356694092404,0.712465715307867,0.989647175749545,0.556578579635438,0,0.0147774219512939,135.2,0
MobileNet-Seg,17.4765923984813,0.628038315694702,0.429943868739206,0.651935568078866,0.789299026761729,0.983392398026544,0.659193242865572,0,0.269633769989014,103.8,0
K-Means,23.498765751195,0.634418926386157,0.282899317643782,0.366220244991272,0.536107185256374,0.985410864956981,0.368216693069922,0,0.419727802276611,92.9,0
Otsu,16.0086292872171,0.527944303899776,0.389797484796599,0.5642551092753,0.721436172309148,0.98663288955964,0.568601869971733,0,0.00238251686096191,0,0
Adaptive Thresholding,12.0438572190872,0.442898492097118,0.276789700848341,0.529319371727749,0.692228688805204,0.984138799816766,0.533873823502004,0,0.00236177444458008,0,0
Region Growing,7.43882295113812,0.00250857755260226,0.00908173562058527,0.00528065107321467,0.01050582455273,1,0.00528065107321467,0,0.00452232360839844,0,0
Split and Merge,16.0086292872171,0.527944303899776,0.389797484796599,0.5642551092753,0.721436172309148,0.98663288955964,0.568601869971733,0,0.028144359588623,106.5,0
MobileNet-Seg,41.0937556179555,0.997236740543534,0.991492509709636,0.980224609375,0.990013561829614,0.982413213029515,0.997732426303855,0,0.421732425689697,94.8,0.00390625
K-Means,22.0917639884076,0.62761481522206,0.256277801693213,0.35629917825427,0.525399091832928,0.671710028615597,0.43142639851276,0,0.514889717102051,97.1,0
Otsu,17.9412015715005,0.74285073582258,0.493194343005113,0.760713006091007,0.864096537549729,0.833474002394645,0.897055095487578,0,0.00160384178161621,0,0
Adaptive Thresholding,10.0235648223461,0.367390139943155,0.265402298850575,0.455224536426751,0.625641645026874,0.730421049662991,0.547152273111374,0,0.00228309631347656,0,0
Region Growing,5.47970208199325,0.000714304400523794,0.000394749827296951,0,0,0,0,0,0.00307250022888184,324.4,0
Split and Merge,17.9412015715005,0.74285073582258,0.493194343005113,0.760713006091007,0.864096537549729,0.833474002394645,0.897055095487578,0,0.0285735130310059,70,0
MobileNet-Seg,5.47951490269896,0.000714031934325726,0,0,0,0,0,0,0.433152437210083,94.6,0
K-Means,24.3586062457382,0.684184890824168,0.275346851654216,0.433324049144307,0.604642124581669,0.980635220786497,0.437063973904765,0,0.522407054901123,95.7,0
Otsu,16.2610100884223,0.564162246055225,0.275660105616899,0.615534040453873,0.762019276648535,0.980573224942899,0.623132988934497,0,0.00204205513000488,0,0
Adaptive Thresholding,12.0083548102534,0.329795842973764,0.156988451896601,0.585874304731677,0.738866003419866,0.978638527859992,0.593463705460959,0,0.00238299369812012,0,0
Region Growing,7.06371440574588,0.0451530386772543,0.100285112185447,0.158869486724562,0.274180118718272,0.982577726441428,0.159318277589624,0,0.0382015705108643,104.7,0
Split and Merge,16.2610100884223,0.564162246055225,0.275660105616899,0.615534040453873,0.762019276648535,0.980573224942899,0.623132988934497,0,0.0257246494293213,116.6,0
MobileNet-Seg,8.00374224554131,0.350307780945809,0.683641975308642,0.357126206349946,0.526297708612457,0.988217080932313,0.358653410953132,0,0.306890964508057,101,0.00390625
K-Means,24.7313352103243,0.611681377072804,0.22772027265842,0.403400093153237,0.574889648534732,0.987608803071192,0.405452218962612,0,0.361370086669922,99.6,0
Otsu,10.7656440198416,0.281774839952337,0.140117246869798,0.429174753512926,0.600591008843404,0.988520134468207,0.431324511578553,0,0.00182437896728516,0,0
Adaptive Thresholding,12.1700624500892,0.237137287857317,0.0924237400530504,0.620881677731588,0.766103641322551,0.990497636782064,0.624602084763748,0,0.00148677825927734,667.9,0
Region Growing,8.02844497869173,0.0471204287098958,0.11879493324204,0.126561549618678,0.224686435750478,0.995705521472393,0.126630672242681,0,0.0174307823181152,57.3,0
Split and Merge,10.7656440198416,0.281774839952337,0.140117246869798,0.429174753512926,0.600591008843404,0.988520134468207,0.431324511578553,0,0.00534224510192871,186.8,0
MobileNet-Seg,7.31557644760095,0.000326270177504062,0,0,0,0,0,0,0.265280246734619,101.8,0.0078125
K-Means,21.9481952919991,0.684126372487597,0.14694551458448,0.516417862889735,0.681102320841344,0.950501436865873,0.530689762438809,0,0.300025939941406,96.7,0
Otsu,12.3318142253862,0.357442065444982,0.124069478908189,0.385224443909098,0.556190652861996,0.952884156999841,0.392704530198595,0,0.00199460983276367,0,0
Adaptive Thresholding,14.715976549744,0.342443059203111,0.0828068977292129,0.669174703904998,0.8018030735063,0.942833746458924,0.697473763486632,0,0.00105404853820801,0,0
Region Growing,7.53695480366233,0.00304980391565443,0.0133907221425155,0.00191555199004568,0.00382377933198248,1,0.00191555199004568,0,0.00206589698791504,0,0
Split and Merge,12.3318142253862,0.357442065444982,0.124069478908189,0.385224443909098,0.556190652861996,0.952884156999841,0.392704530198595,0,0.0134730339050293,74.1,0
MobileNet-Seg,11.9894272779381,0.531925378494854,0.0381125226860254,0.5909613485111,0.742898435671175,0.981761446172056,0.597521242980402,0,0.296697616577148,97.7,0
K-Means,21.4151024686316,0.640262873486281,0.283726178535607,0.362484438911613,0.532093326806983,0.668854341851594,0.441765327409173,0,0.369945049285889,100,0
Otsu,14.5201869163744,0.479222861249463,0.33310819937863,0.0894330750903325,0.164182779346803,0.176386382025269,0.153558559778928,0,0.00186061859130859,535.8,0
Adaptive Thresholding,11.552271654589,0.442553701837852,0.279646578707556,0.342466757024067,0.510205195372189,0.513893087810911,0.506569857224134,0,0.00149989128112793,662.2,0
Region Growing,6.52328090825292,0.00150507233122731,0.000697419547673608,0.000270921947386958,0.00054169713713063,1,0.000270921947386958,0,0.00180745124816895,0,0
Split and Merge,14.5201869163744,0.479222861249463,0.33310819937863,0.0894330750903325,0.164182779346803,0.176386382025269,0.153558559778928,0,0.0229282379150391,130.8,0
MobileNet-Seg,7.30262823428204,0.396263927769415,0.508987161198288,0.682023462761551,0.810955944267035,0.98040872771973,0.691446994120994,0,0.26625394821167,97.6,0.015625
K-Means,26.0658526516304,0.650210339108455,0.240919540229885,0.0492681185290968,0.0939094930248384,0.0497655968265417,0.831325301204819,0,0.312528610229492,99.2,0
Otsu,12.758448007368,0.298648461042444,0.188177339901478,0.00409180523007105,0.00815026117882414,0.00437080303572138,0.0602409638554217,0,0.00174832344055176,0,0
Adaptive Thresholding,12.7478055693744,0.329913875184567,0.104942233632863,0.0211012965545741,0.041330466675098,0.0216659152987351,0.447426067907996,0,0.00141286849975586,0,0
Region Growing,9.17428268693548,0.178770295651368,0.119683709504069,0.0338248654692851,0.0654363550327858,0.0348703170028818,0.530120481927711,0,0.0553872585296631,90.3,0
Split and Merge,12.758448007368,0.298648461042444,0.188177339901478,0.00409180523007105,0.00815026117882414,0.00437080303572138,0.0602409638554217,0,0.0139932632446289,71.4,0
MobileNet-Seg,9.37392300845158,0.497425654549682,0.606896551724138,0.0447193149381541,0.0856102003642987,0.045151606124287,0.823658269441402,0,0.263879060745239,106.1,0
K-Means,21.760041740539,0.851398627916447,0.452145569166846,0.423501406621943,0.595013681970204,0.98945467677862,0.425421570758672,0,0.301914691925049,99.4,0
Otsu,15.3539403298646,0.686686688684612,0.549191111111111,0.582462950981298,0.736147346287138,0.98663952820834,0.587093568522717,0,0.00160741806030273,0,0
Adaptive Thresholding,11.9573168542418,0.628520737333091,0.501260561460889,0.496080609820078,0.663173637254396,0.987589469480539,0.499192571659265,0,0.00225448608398438,0,0
Region Growing,6.24561414714013,0.000553772804084887,9.19455682236116E-05,4.65824042731592E-05,9.31604689076935E-05,1,4.65824042731592E-05,0,0.00289750099182129,0,0
Split and Merge,15.3539403298646,0.686686688684612,0.549191111111111,0.582462950981298,0.736147346287138,0.98663952820834,0.587093568522717,0,0.037074089050293,107.8,0
MobileNet-Seg,20.6088942682352,0.966096954215041,0.954151459854015,0.94912379875636,0.973897911832947,0.983363408997372,0.96461290022049,0,0.264347553253174,98.3,0.00390625
K-Means,26.7427929150887,0.755449292041296,0.251028070802789,0.491797440178075,0.659335412345753,0.806203247582558,0.557732114908871,0,0.269970178604126,100,0
Otsu,12.0296641739065,0.500067398639852,0.199182768889812,0.43937309534175,0.610506194347658,0.586194879420101,0.63692129045287,0,0.00145292282104492,0,0
Adaptive Thresholding,9.9790366313418,0.232544095389701,0.125752801818689,0.416802037953186,0.588370184101836,0.607992029512346,0.569975261271268,0,0.00153279304504395,0,0
Region Growing,9.58820431431085,0.033914113167784,0.0915983026874116,0.344727335282986,0.512709641929665,0.51975100505771,0.505856515373353,0,0.0820014476776123,109.7,0
Split and Merge,12.0296641739065,0.500067398639852,0.199182768889812,0.43937309534175,0.610506194347658,0.586194879420101,0.63692129045287,0,0.0070796012878418,0,0
MobileNet-Seg,5.58822963529755,0.00014868377003948,0,0,0,0,0,0,0.314383029937744,98.6,0.16796875
K-Means,25.5155310543976,0.740244919307836,0.250604351329573,0.4439198259501,0.61488154393614,0.990225098093206,0.4458736923673,0,0.283296585083008,98.8,0
Otsu,13.1086266098645,0.467789150350096,0.249225320938468,0.636582319470787,0.777941093334841,0.992165156576702,0.639798527702441,0,0.00161314010620117,0,0
Adaptive Thresholding,10.6563379583635,0.324783256660254,0.208115233255645,0.524658971668416,0.688231245698555,0.99186090609411,0.526927547462224,0,0.00149035453796387,0,0
Region Growing,10.4847062481101,0.032122525358155,0.113669470419623,0.540345242874348,0.701589783685171,0.99316059823481,0.542363425029059,0,0.0737752914428711,94.9,0
Split and Merge,13.1086266098645,0.467789150350096,0.249225320938468,0.636582319470787,0.777941093334841,0.992165156576702,0.639798527702441,0,0.00592160224914551,168.5,0
MobileNet-Seg,8.81095853197415,0.426437267719328,0.298989401035248,0.425226446484688,0.596714223951578,0.986033220217896,0.427803177063154,0,0.270410299301147,99.8,0.0078125
K-Means,25.4901498386318,0.667436762856498,0.248358208955224,0.0807550360121612,0.149441887053585,0.183779183779184,0.125915785737825,0,0.285475730895996,101.6,0
Otsu,15.1987419212761,0.535511471239579,0.24437564499484,0.258126916725643,0.41033525838146,0.404749574609751,0.416077268233326,0,0.00147509574890137,0,0
Adaptive Thresholding,12.0958754805374,0.296376080524613,0.137893152134109,0.403339790500789,0.574828410383568,0.57968137760363,0.570056024539255,0,0.00144577026367188,686,0
Region Growing,9.57287766799206,0.148934817481997,0.131468921304469,0.272093632279769,0.42778868689428,0.569891565756719,0.342408801683271,0,0.0457851886749268,87.3,0
Split and Merge,15.1987419212761,0.535511471239579,0.24437564499484,0.258126916725643,0.41033525838146,0.404749574609751,0.416077268233326,0,0.00915336608886719,109.1,0
MobileNet-Seg,9.96663874308272,0.637602343085757,0.859044635865309,0.899444058373871,0.947060330004025,0.912507050197406,0.984333409384744,0,0.261510610580444,99.4,0.0078125
K-Means,24.3119052030306,0.674426647444387,0.206624605678233,0.586424685742386,0.73930353077929,0.980347325694908,0.593400612666967,0,0.283310413360596,98.8,0
Otsu,12.5753258181337,0.259180596879233,0.160237923576063,0.306090835863436,0.468712937046349,0.987654320987654,0.307266479030929,0,0.0021054744720459,0,0
Adaptive Thresholding,15.5694539426644,0.319174772743627,0.0686168847831665,0.664713450836317,0.798592034565924,0.99535747446611,0.666780699435538,0,0.00128173828125,0,0
Region Growing,14.161020373581,0.485980848287864,0.111530398322851,0.702348627793885,0.825152517324346,0.981183832668981,0.711937675908504,0,0.0791733264923096,101,0.19921875
Split and Merge,12.5753258181337,0.259180596879233,0.160237923576063,0.306090835863436,0.468712937046349,0.987654320987654,0.307266479030929,0,0.0123870372772217,80.7,0.0078125
MobileNet-Seg,9.76222165106191,0.00363950224107123,0,0,0,0,0,0,0.285449981689453,101.6,0.25390625
K-Means,26.1404860151371,0.827388217149417,0.302018583787248,0.228614171086631,0.372149656851893,0.394826024225749,0.35193659339016,0,0.345529079437256,101.3,0
Otsu,12.0646073607183,0.37850072172369,0.275449860606573,0.197333570349302,0.329621711503058,0.327260399162761,0.332017347091371,0,0.00179338455200195,555.6,0
Adaptive Thresholding,11.6548391872027,0.371959525647882,0.254991975515993,0.334692510735532,0.501527517452071,0.495046908688305,0.508180050844923,0,0.00155425071716309,634,0
Region Growing,7.24509602024022,0.00151281508520225,0.0045225614143283,0,0,0,0,0,0.00202703475952148,490.9,0
Split and Merge,12.0646073607183,0.37850072172369,0.275449860606573,0.197333570349302,0.329621711503058,0.327260399162761,0.332017347091371,0,0.0156419277191162,127.8,0
MobileNet-Seg,10.8133386122087,0.529604430822239,0.368490071187711,0.112675156182594,0.20253019141573,0.194785106618053,0.210916704052639,0,0.267319440841675,101,0.0390625
K-Means,24.1658366328898,0.660654676241124,0.288866599799398,0.303239966555184,0.465363209135965,0.588256761688496,0.384944011038582,0,0.310684680938721,99.8,0
Otsu,12.9841402953015,0.44667004183581,0.195925269769689,0.630309614340033,0.773239155060972,0.776727623229538,0.769781881865945,0,0.00150394439697266,664,0
Adaptive Thresholding,11.7582784881765,0.283135917103621,0.134423613881133,0.445395748781527,0.616295916404898,0.596244014984247,0.637743459109484,0,0.0012516975402832,0,0
Region Growing,6.79305951044466,0.000269305512755103,0.00127768313458262,0,0,0,0,0,0.00203776359558105,487.4,0
Split and Merge,12.9841402953015,0.44667004183581,0.195925269769689,0.630309614340033,0.773239155060972,0.776727623229538,0.769781881865945,0,0.00945854187011719,105.5,0
MobileNet-Seg,6.79277440661356,0.000337258401698897,0,0,0,0,0,0,0.265379190444946,101.7,0.0078125
K-Means,24.1328322052757,0.720875489749076,0.202876608629826,0.655223788898105,0.79170417111307,0.988919025430605,0.660069938726249,0,0.322343826293945,99.3,0
Otsu,7.29020750105282,0.186899452464312,0.150972522383452,0.22586574403015,0.368499968499969,0.992264368596051,0.226264157950115,0,0.00329446792602539,0,0
Adaptive Thresholding,11.7301096960144,0.201676184210911,0.0571377072819034,0.72307169554876,0.839282192861369,0.997485831167171,0.724391904437705,0,0.0017082691192627,0,0
Region Growing,8.9647931272639,0.38899258931006,0.0675700421168284,0.578444034440344,0.732929418869689,0.989167586895935,0.582131583833633,0,0.0628190040588379,95.5,0
Split and Merge,7.29020750105282,0.186899452464312,0.150972522383452,0.22586574403015,0.368499968499969,0.992264368596051,0.226264157950115,0,0.0158765316009522,125.9,0
MobileNet-Seg,5.53824872956083,0.000400065182976014,0,0,0,0,0,0,0.264797210693359,101.9,0
K-Means,24.8665073447865,0.661166208721238,0,0.520368768917166,0.684529674057672,0.993953159105658,0.522021347461697,0,0.317241430282593,100.9,0
Otsu,12.7804089179632,0.463710107525381,0.14714467479979,0.642041162414245,0.782003736703251,0.992516682554814,0.645164288701957,0,0.0014042854309082,0,0
Adaptive Thresholding,11.3303012213829,0.23061877756571,0.0872651185689669,0.599842670286278,0.749877074073717,0.992826142455961,0.602453873681275,0,0.00150656700134277,0,0
Region Growing,6.59726054684549,0.000502434139475952,0.00237529691211401,0.000325324162290282,0.000650436721798922,1,0.000325324162290282,0,0.00209856033325195,0,0
Split and Merge,12.7804089179632,0.463710107525381,0.14714467479979,0.642041162414245,0.782003736703251,0.992516682554814,0.645164288701957,0,0.00168323516845703,0,0
MobileNet-Seg,6.59476697345387,0.00025831433872641,0,0,0,0,0,0,0.27869176864624,100.5,0
K-Means,26.1753707017157,0.648291327253847,0.280245829675154,0.780563036622701,0.876759789536282,0.979859565983761,0.793290600290086,0,0.723587274551392,96.7,0
Otsu,16.7897092303961,0.567994441083596,0.210736660185785,0.802570906559944,0.890473604826546,0.919509581599342,0.863215271604361,0,0.00237655639648438,0,0
Adaptive Thresholding,13.3448782042505,0.364029693827519,0.139252558914544,0.465956906558329,0.635703415937744,0.674640897035267,0.601015299677163,0,0.00246167182922363,0,0
Region Growing,8.59827359357949,0.00313652319308564,0.00948844884488449,0,0,0,0,0,0.00387954711914063,0,0
Split and Merge,16.7897092303961,0.567994441083596,0.210736660185785,0.802570906559944,0.890473604826546,0.919509581599342,0.863215271604361,0,0.0172810554504395,115.5,0
MobileNet-Seg,8.59123805178815,0.000508906246531283,0,0,0,0,0,0,0.426265954971314,98.5,0
K-Means,23.5995711990464,0.616344312914637,0.209164270475837,0.346978185213479,0.515194958645136,0.636498112032387,0.432726406605621,0,0.479833841323853,97.9,0
Otsu,14.5670460421653,0.419078861105166,0.21008774698567,0.623989654057549,0.768465060720685,0.830464716006885,0.715079659133012,0,0.00252079963684082,0,0
Adaptive Thresholding,12.7343465369057,0.42019076669941,0.203675464320626,0.41586365869327,0.587434610867941,0.592462987886945,0.582490869634256,0,0.00258588790893555,0,0
Region Growing,7.95629057586106,0.0125170797659617,0.0941242937853107,9.05592030790129E-05,0.000181102005704713,0.000626174076393237,0.000105859312973059,0,0.0260088443756104,115.3,0
Split and Merge,14.5670460421653,0.419078861105166,0.21008774698567,0.623989654057549,0.768465060720685,0.830464716006885,0.715079659133012,0,0.0205361843109131,97.3,0
MobileNet-Seg,7.90693206439501,0.000776029036234361,0,0,0,0,0,0,0.426320552825928,98.5,0.0078125
K-Means,25.3365521642806,0.723602071707913,0.189189189189189,0.503734285846825,0.669977788746298,0.989580801944107,0.506420221365502,0,0.526212692260742,96.9,0
Otsu,11.3895356509532,0.481225401915608,0.260635847028106,0.558542274953268,0.716749598556787,0.988976421029597,0.562041412759607,0,0.00145936012268066,0,0
Adaptive Thresholding,11.8520826125436,0.166534030793027,0.0835429860327926,0.686767272671105,0.814299973443953,0.990796657381616,0.691176470588235,0,0.00129389762878418,0,0
Region Growing,9.75881149055138,0.325568337004434,0.109005534127117,0.439121416630549,0.610263194690932,0.990364810612672,0.441005471956224,0,0.0508277416229248,98.3,0
Split and Merge,11.3895356509532,0.481225401915608,0.260635847028106,0.558542274953268,0.716749598556787,0.988976421029597,0.562041412759607,0,0.00926327705383301,107.8,0
MobileNet-Seg,6.3048266700309,0.00232798578314188,0.000358680057388809,0.00587613480910335,0.0116836151206998,1,0.00587613480910335,0,0.272265434265137,99.2,0
K-Means,21.8490220405183,0.788611759349506,0.387049049732559,0.371357465222963,0.541591050678512,0.618045252225519,0.481969821144483,0,0.308252096176147,100.6,0
Otsu,18.2058270147251,0.72882687350185,0.546420288770854,0.566384848325719,0.723174574793823,0.674104166666667,0.779949862604252,0,0.00149083137512207,0,0
Adaptive Thresholding,11.3713305401877,0.54256560961899,0.466643441909075,0.402659584416556,0.574137287321991,0.642464935840048,0.518946150508605,0,0.0016024112701416,0,0
Region Growing,6.22604460508608,0.00109363396703771,0.000651204728748184,0,0,0,0,0,0.0021812915802002,0,0
Split and Merge,18.2058270147251,0.72882687350185,0.546420288770854,0.566384848325719,0.723174574793823,0.674104166666667,0.779949862604252,0,0.0400960445404053,99.7,0
MobileNet-Seg,8.07464971700674,0.457865431743117,0.403787952748218,0.108349454461038,0.195514968722073,0.232359774311318,0.168755724822832,0,0.295351028442383,98.2,0
K-Means,22.1949709081536,0.641141508014273,0.233295259851513,0.00969409737182249,0.0192020482184766,0.0243536905207943,0.0158493633161745,0,0.716326236724854,99.1,0
Otsu,12.4177659632323,0.472444776867675,0.345445240532242,0.752317398689638,0.858654258928448,0.878197320341048,0.839962069899756,0,0.00148558616638184,0,0
Adaptive Thresholding,10.3813040344636,0.386918709134449,0.28778889899909,0.403162894879123,0.574648740143394,0.583913639287412,0.565673259279328,0,0.00152587890625,650.7,0
Region Growing,6.20961599313903,0.0668598692121697,0.099303458053381,2.01426096765097E-05,4.02844079199146E-05,7.85114234121065E-05,2.70929287455974E-05,0,0.0270552635192871,73.9,0
Split and Merge,12.4177659632323,0.472444776867675,0.345445240532242,0.752317398689638,0.858654258928448,0.878197320341048,0.839962069899756,0,0.0223426818847656,89.5,0
MobileNet-Seg,5.84231110815363,0.0247088656636559,0.0304296940310985,0,0,0,0,0,0.276445865631104,104.9,0
K-Means,23.2501772761426,0.686049550340292,0.329595650696568,0.816924827163735,0.89923899431654,0.937092186715744,0.864325175148915,0,0.329779148101807,100.1,0
Otsu,9.44103294457493,0.430794260144392,0.235653235653236,0.676062445793582,0.806727037516171,0.754983992036375,0.866084380111725,0,0.00150275230407715,0,0
Adaptive Thresholding,8.77810860076612,0.224826231322556,0.176741531814291,0.419186814895437,0.590742262393865,0.530983037494769,0.665658467331255,0,0.00153064727783203,0,0
Region Growing,5.61058143226983,0.10893283734728,0.146895865890041,0.224677133451507,0.36691651589558,0.415346805024577,0.328600969105892,0,0.0543417930603027,92,0
Split and Merge,9.44103294457493,0.430794260144392,0.235653235653236,0.676062445793582,0.806727037516171,0.754983992036375,0.866084380111725,0,0.0150821208953857,132.4,0
MobileNet-Seg,6.22314290940379,0.566228870898078,0.829038433220439,0.0897043832823649,0.164639850327409,0.152229182502031,0.179253726736829,0,0.276184558868408,101.4,0
K-Means,24.2540557571388,0.76506786986359,0.302338260237461,0.42070430339223,0.59224752453795,0.990972700576442,0.422322821871669,0,0.33023476600647,99.9,0
Otsu,11.3366372073267,0.388982058915877,0.352808794252575,0.536714226474789,0.698521842549747,0.98901907511179,0.539931708975171,0,0.00188112258911133,0,0
Adaptive Thresholding,10.0931823855317,0.34968933431485,0.294680236754728,0.512324051877804,0.677532108600228,0.989523046330098,0.515118273256802,0,0.00191044807434082,0,0
Region Growing,6.21367748738158,-0.0135503113592129,0.054093164277839,0.0964973216628846,0.176010136562016,0.991120976692564,0.0965808136211239,0,0.0166802406311035,119.8,0
Split and Merge,11.3366372073267,0.388982058915877,0.352808794252575,0.536714226474789,0.698521842549747,0.98901907511179,0.539931708975171,0,0.0166270732879639,120.2,0
MobileNet-Seg,7.04275598717316,0.239615848909584,0.221935483870968,0.24958789727473,0.399472334549758,0.98852889132955,0.250312871776648,0,0.27837610244751,100.6,0
K-Means,25.0697109139069,0.758481931623511,0.26045204356482,0.467952178943309,0.637557797393863,0.988271705489493,0.470565423097805,0,0.405478954315186,101.1,0
Otsu,12.2762519733996,0.517202173460571,0.233357258209223,0.608995686999384,0.756988588496592,0.988622440049011,0.613294035523152,0,0.00175714492797852,0,0
Adaptive Thresholding,12.0859720386151,0.255888918072612,0.149727132795373,0.669536158679315,0.802062483281525,0.989282788750341,0.674427984177461,0,0.00123071670532227,0,0
Region Growing,6.00799842159602,0.00736487872373142,0.040588113481052,0.0201056398023513,0.0394187406046434,0.932471264367816,0.0201349569533856,0,0.00472927093505859,0,0
Split and Merge,12.2762519733996,0.517202173460571,0.233357258209223,0.608995686999384,0.756988588496592,0.988622440049011,0.613294035523152,0,0.00574231147766113,173.9,0
MobileNet-Seg,6.08407543493974,0.0269760877971676,0.102171136653895,0.0345148530210192,0.0667266456740141,1,0.0345148530210192,0,0.272008895874023,102.9,0
K-Means,25.5408290794516,0.653223856710178,0.24820907402494,0.685265931401124,0.813243677015884,0.989095682024703,0.69048234381975,0,0.362111330032349,99.4,0
Otsu,15.574879687312,0.525685355154742,0.224282219647225,0.806545786292622,0.892914857085143,0.96501569109019,0.830838991612433,0,0.0013892650604248,0,0
Adaptive Thresholding,12.3434572660793,0.336104692385504,0.133637363084816,0.492545241409627,0.660007117699756,0.690859110060631,0.631792871743063,0,0.00145626068115234,0,0
Region Growing,7.7657469958849,0.103647484540397,0.180634662327095,0.0454344481191306,0.0869197455677358,0.155235965919391,0.0603575875760637,0,0.0339677333831787,88.3,0
Split and Merge,15.574879687312,0.525685355154742,0.224282219647225,0.806545786292622,0.892914857085143,0.96501569109019,0.830838991612433,0,0.0142126083374023,70.3,0
MobileNet-Seg,8.19303240360846,0.408596228741991,0.638334946757018,0.108915762077065,0.196436493738819,0.251281487990627,0.161243333411649,0,0.27263355255127,102.7,0
K-Means,23.9087367072327,0.67573147682784,0.32352440891308,0.664258258431837,0.798263436658852,0.867549918846488,0.739225524250611,0,0.343443155288696,99,0
Otsu,13.1802342355744,0.505729550105558,0.312543206083417,0.622714763121683,0.767497501438566,0.725175985806673,0.815064968480638,0,0.0016777515411377,597.1,0
Adaptive Thresholding,11.4079272348632,0.335018653713504,0.211352936636567,0.389947936713733,0.561097184166035,0.513033049040512,0.619098160298469,0,0.00144505500793457,0,0
Region Growing,6.66277578847388,-0.0048152234312716,0.0246728971962617,0,0,0,0,0,0.00333523750305176,0,0
Split and Merge,13.1802342355744,0.505729550105558,0.312543206083417,0.622714763121683,0.767497501438566,0.725175985806673,0.815064968480638,0,0.0158474445343018,63,0
MobileNet-Seg,6.63901139511491,0.000234707050653187,0,0,0,0,0,0,0.256503105163574,101.3,0
K-Means,21.7775073513333,0.81844829002017,0.426370757180157,0.401439878092395,0.572896325226345,0.983205118440094,0.404211679974949,0,0.323396682739258,98.9,0
Otsu,17.8060952145974,0.752192198350798,0.592357896334522,0.659611311244763,0.794898548564402,0.98139032020611,0.667966181305777,0,0.00155520439147949,1285.8,0
Adaptive Thresholding,11.721623609311,0.604798603513398,0.494797808143164,0.489529524575459,0.657294154293428,0.975709001233046,0.495569124784719,0,0.00168776512145996,0,0
Region Growing,6.33069397235485,0.00113389144152546,0.000192307692307692,6.26272115234069E-05,0.000125246579202806,1,6.26272115234069E-05,0,0.00201606750488281,0,0
Split and Merge,17.8060952145974,0.752192198350798,0.592357896334522,0.659611311244763,0.794898548564402,0.98139032020611,0.667966181305777,0,0.0379595756530762,105.3,0
MobileNet-Seg,6.66214521530136,0.112465072251946,0.111369019422075,0.114330364119394,0.205200123411775,0.983862291554599,0.114545169876311,0,0.263714551925659,98.6,0
K-Means,21.7648038440569,0.851138261494924,0.443774668101902,0.315496436231288,0.479661407727018,0.539450288931694,0.431803356460891,0,0.271687507629395,99.4,0
Otsu,15.5750316632324,0.672562838504942,0.540080942913945,0.434651440604183,0.605933160212262,0.578157823862106,0.636511889936548,0,0.00156474113464355,0,0
Adaptive Thresholding,12.2368990005764,0.635950068294987,0.511108821812438,0.360271373778199,0.529705146668688,0.541921275473805,0.518027634465991,0,0.00148367881774902,0,0
Region Growing,6.56699271064124,0.00068037997908693,0.000692520775623269,0,0,0,0,0,0.00189876556396484,521.4,0
Split and Merge,15.5750316632324,0.672562838504942,0.540080942913945,0.434651440604183,0.605933160212262,0.578157823862106,0.636511889936548,0,0.0486369132995606,102.8,0
MobileNet-Seg,6.56661684054451,0.000581032603372503,0,0,0,0,0,0,0.27086353302002,103.4,0
K-Means,22.2532204044205,0.635918751403354,0.31043347220991,0.432181854584097,0.603529297904143,0.986327369863977,0.434786650553128,0,0.340384960174561,99.9,0
Otsu,19.2401017949811,0.761751395404437,0.509294807031724,0.750383600319156,0.857393316736211,0.987281463237372,0.75770815902823,0,0.00124049186706543,0,0
Adaptive Thresholding,10.1394852571399,0.35867114593658,0.223732335827099,0.56958774775883,0.725780063678668,0.986918178669438,0.573920857736048,0,0.00136017799377441,0,0
Region Growing,5.62048520471537,0.00497272681223736,0.0544714473841734,0.0356666976542407,0.0688767877445994,1,0.0356666976542407,0,0.0066380500793457,0,0
Split and Merge,19.2401017949811,0.761751395404437,0.509294807031724,0.750383600319156,0.857393316736211,0.987281463237372,0.75770815902823,0,0.0192739963531494,103.7,0
MobileNet-Seg,6.398582212618,0.266995143361898,0.514234648282906,0.269501021482078,0.424577872599817,0.99599611050735,0.269793312881535,0,0.278262615203857,97,0
K-Means,25.0050254066752,0.766023091462433,0.255788772280526,0.210993267545882,0.348463155329454,0.422680412371134,0.296416262859216,0,0.326163768768311,101.2,0
Otsu,12.414383293404,0.389937435870256,0.23996723996724,0.443753688766477,0.614722154089336,0.648254059491306,0.584488611334249,0,0.00175905227661133,0,0
Adaptive Thresholding,11.5134832775053,0.372840428268933,0.235850821082557,0.382657044385628,0.553509702119455,0.590676621009935,0.520743178461299,0,0.00160670280456543,0,0
Region Growing,10.58394342884,0.0442750182398053,0.113820765528306,0.360073339510676,0.529491063533709,0.600868535333597,0.473270969915265,0,0.0701544284820557,99.7,0
Split and Merge,12.414383293404,0.389937435870256,0.23996723996724,0.443753688766477,0.614722154089336,0.648254059491306,0.584488611334249,0,0.00539803504943848,184.9,0
MobileNet-Seg,9.23647094683722,0.436247660389216,0.407143594508104,0.0431505471204594,0.0827311977922521,0.096778672590947,0.0722448239226763,0,0.28106164932251,96.1,0
K-Means,24.0351733609361,0.65019902375316,0.273703623345628,0.360017972235994,0.52943119809526,0.971690223300159,0.363834217984249,0,0.303442239761353,98.9,0
Otsu,13.9842603752659,0.424692526790122,0.174996357278158,0.484538950101219,0.65278038015531,0.973788005838691,0.490942114080824,0,0.00168418884277344,0,0
Adaptive Thresholding,12.1592816670034,0.371855354076051,0.172307692307692,0.568520779561999,0.724913290241211,0.977778368464422,0.575962547168334,0,0.00152325630187988,0,0
Region Growing,7.39717827926912,0.000903628440515512,0.00152697658635901,0.000140917844896425,0.000281795979710689,1,0.000140917844896425,0,0.00185871124267578,530.5,0
Split and Merge,13.9842603752659,0.424692526790122,0.174996357278158,0.484538950101219,0.65278038015531,0.973788005838691,0.490942114080824,0,0.0133435726165771,225.4,0
MobileNet-Seg,7.39658818996848,0.000670284642075276,0,0,0,0,0,0,0.266265153884888,101.4,0
K-Means,23.3503856589461,0.695007898039099,0.307961430156157,0.506511699170442,0.672429825071192,0.867288808934863,0.549067527167465,0,0.578087091445923,95.1,0
Otsu,16.0232163532136,0.619028003362624,0.35223531133387,0.638924504110416,0.779687535951773,0.756789351438271,0.804014615859156,0,0.00201869010925293,492.1,0
Adaptive Thresholding,11.673833183592,0.338544456814364,0.213375671331687,0.460931951854617,0.631010843824006,0.664662325385989,0.600602666919755,0,0.00212860107421875,0,0
Region Growing,6.72922242175702,-0.000422861869778589,0.00335483870967742,0,0,0,0,0,0.00362849235534668,274.7,0
Split and Merge,16.0232163532136,0.619028003362624,0.35223531133387,0.638924504110416,0.779687535951773,0.756789351438271,0.804014615859156,0,0.0259075164794922,115.7,0
MobileNet-Seg,7.12181334987853,0.0608242071720451,0,0.124282256916433,0.221087286847881,1,0.124282256916433,0,0.432332515716553,97.1,0
K-Means,23.0920060935157,0.582940946786447,0.147720930232558,0.000462229265715795,0.00092403141706818,0.00121285627653123,0.000746308438616131,0,0.519093751907349,98.2,0
Otsu,12.1261649960479,0.452533630167158,0.283854423513167,0.298897070963907,0.460232111759397,0.439916405433647,0.482515059438136,0,0.00222563743591309,0,0
Adaptive Thresholding,10.3691327644091,0.316168114020063,0.237206661619985,0.355830158877636,0.524888986349433,0.540230209332506,0.51039501039501,0,0.00253057479858398,392.4,0
Region Growing,8.90344903661839,-0.000313363754404976,0.148330438139355,0.261688276752569,0.414822395633448,0.444403837368662,0.388933312010235,0,0.128844261169434,100.9,0
Split and Merge,12.1261649960479,0.452533630167158,0.283854423513167,0.298897070963907,0.460232111759397,0.439916405433647,0.482515059438136,0,0.0220947265625,90.5,0
MobileNet-Seg,7.19952329369291,0.230762523491985,0.273791032411722,0.455216129118172,0.625633704862827,0.998306173704807,0.455567994029532,0,0.413330554962158,99.2,0
K-Means,21.7625212588049,0.834877549274338,0.427585703333212,0.000571875752468095,0.00114309779502452,0.000647734633348106,0.00485933503836317,0,0.501671314239502,95.7,0
Otsu,16.1152781084161,0.695061752766026,0.550601455016927,0.000154460601513714,0.000308873494241716,0.000169016805099478,0.00179028132992327,0,0.00153946876525879,648.8,0
Adaptive Thresholding,11.6649638847383,0.608341635447158,0.501513517274973,0.0603957851452069,0.113911778962676,0.0636588008668433,0.540920716112532,0,0.0015265941619873,0,0
Region Growing,6.18840118960356,0.00118360813312493,9.41220763330039E-05,0,0,0,0,0,0.00177884101867676,0,0
Split and Merge,16.1152781084161,0.695061752766026,0.550601455016927,0.000154460601513714,0.000308873494241716,0.000169016805099478,0.00179028132992327,0,0.0388643741607666,77.2,0
MobileNet-Seg,6.18827728716102,0.00117693741158931,0,0,0,0,0,0,0.260339975357056,99.9,0
K-Means,25.0427852175133,0.653103122232527,0.212607003891051,0.48433734939759,0.652597402597403,0.858327053504145,0.526421198582653,0,0.407479763031006,100.6,0
Otsu,12.5612597226624,0.324588223052266,0.192579168256391,0.0546725896676538,0.103676894997114,0.132090471836864,0.0853232681148257,0,0.00173306465148926,0,0
Adaptive Thresholding,12.4036710386101,0.338939790207932,0.12783422992628,0.398784942092029,0.570187639417399,0.583056032632031,0.557875006419144,0,0.00154852867126465,0,0
Region Growing,8.47803686698772,0.101587184844025,0.124541377904607,0.312594258837964,0.476299902629017,0.985891647855531,0.313998870230576,0,0.0280313491821289,107,0
Split and Merge,12.5612597226624,0.324588223052266,0.192579168256391,0.0546725896676538,0.103676894997114,0.132090471836864,0.0853232681148257,0,0.0158319473266602,126.3,0
MobileNet-Seg,7.78729958352855,0.000393968808888694,0,0,0,0,0,0,0.268062114715576,100.7,0
K-Means,23.6322939595679,0.673167266322256,0.270167597765363,0.396345900750948,0.567690141157424,0.984424874052994,0.398846992832658,0,0.241537094116211,99.4,0
Otsu,14.7492146322624,0.416718476019517,0.249420849420849,0.449298763609522,0.620022282349196,0.971794445368369,0.455235275786849,0,0.00151777267456055,661.2,0
Adaptive Thresholding,12.9650563607323,0.357540540229032,0.160066498998252,0.607315570614508,0.755689276850991,0.98133539058806,0.614412589591773,0,0.0012366771697998,0,0
Region Growing,7.39637427068599,0.0422952915721341,0.0685334158415842,0.128451230913057,0.227659339445488,1,0.128451230913057,0,0.0157821178436279,126.6,0
Split and Merge,14.7492146322624,0.416718476019517,0.249420849420849,0.449298763609522,0.620022282349196,0.971794445368369,0.455235275786849,0,0.0159869194030762,62.5,0
MobileNet-Seg,10.4074656374707,0.674553235600416,0.77474293059126,0.698894900602364,0.822764139623425,0.977218662266132,0.710470551573699,0,0.273206949234009,98.8,0
K-Means,21.5608229450601,0.816036447707324,0.412242458336263,0.450685270550382,0.621341209839946,0.989270313401922,0.452899113943728,0,0.308106422424316,97.4,0
Otsu,16.1305494080642,0.712221170159854,0.538294797687861,0.668279603032731,0.801160191394631,0.987206337643417,0.674117829939375,0,0.00147390365600586,0,0
Adaptive Thresholding,11.1913530388892,0.586092344658035,0.49375478799587,0.49817104227439,0.665038941772778,0.985918504490195,0.501741022850925,0,0.00150680541992188,0,0
Region Growing,5.95183293577333,0.000860351236608131,0,1.55448468832582E-05,3.10892104894996E-05,1,1.55448468832582E-05,0,0.00169730186462402,0,0
Split and Merge,16.1305494080642,0.712221170159854,0.538294797687861,0.668279603032731,0.801160191394631,0.987206337643417,0.674117829939375,0,0.0369052886962891,81.3,0
MobileNet-Seg,5.95182319093275,0.000860801860209879,0,0,0,0,0,0,0.259029150009155,100.3,0
K-Means,23.6308784689907,0.673283748988768,0.268626795857,0.394284034289605,0.565572042127693,0.980679675172228,0.397370719231489,0,0.293341159820557,98.9,0
Otsu,14.7492146322624,0.416718476019517,0.24911777679753,0.449998460543736,0.620688190765376,0.972260103109929,0.455851163370969,0,0.00181365013122559,0,0
Adaptive Thresholding,12.9650563607323,0.357540540229032,0.159918165544284,0.606329406329406,0.75492536454888,0.979817335689222,0.613997879109226,0,0.00141167640686035,0,0
Region Growing,7.42211988426241,0.0535130918325137,0.10069848661234,0.152343079922027,0.26440577042791,0.999897645854657,0.152345455679621,0,0.0237240791320801,84.1,0
Split and Merge,14.7492146322624,0.416718476019517,0.24911777679753,0.449998460543736,0.620688190765376,0.972260103109929,0.455851163370969,0,0.0170605182647705,117.1,0
MobileNet-Seg,9.03546112227085,0.534190841137078,0.823324022346369,0.525618239205712,0.689056050456458,0.967782887127261,0.534979102987961,0,0.262239217758179,99.1,0
K-Means,22.2095507303494,0.638045902623132,0.127841668895427,0.409734086827003,0.581292728402735,0.767992774151168,0.467614928880334,0,0.302597522735596,102.4,0
Otsu,13.3377346113234,0.457559765171507,0.0956541733731892,0.401453629227638,0.572910328041157,0.641170097508126,0.517786166037547,0,0.00172281265258789,0,0
Adaptive Thresholding,14.3707610449591,0.304674527008341,0.0581785634370105,0.549923554276464,0.709613777736515,0.662254955052529,0.764267679924006,0,0.00120067596435547,0,0
Region Growing,8.41942047957116,0.175905414449882,0.103357223689174,0.126347212530046,0.224348604274946,0.360050820306027,0.162937779666525,0,0.0363941192626953,82.4,0
Split and Merge,13.3377346113234,0.457559765171507,0.0956541733731892,0.401453629227638,0.572910328041157,0.641170097508126,0.517786166037547,0,0.00675153732299805,147.4,0
MobileNet-Seg,7.93464547255208,0.0968220878703852,0.00749559082892416,0.190292013150261,0.319740048740861,0.852224748294901,0.196785241106917,0,0.285431861877441,98.1,0
K-Means,22.0832281257628,0.821435896461612,0.424737143949532,0.350439492142413,0.519000657462196,0.621672704362892,0.445435052477147,0,0.283285856246948,98.8,0
Otsu,17.313628734181,0.721708847134429,0.593422550135395,0.524182801599122,0.687821435918535,0.631862420863649,0.754655230786593,0,0.00139164924621582,0,0
Adaptive Thresholding,11.4191047126063,0.583300352858317,0.484845284612948,0.38256310601,0.553411420204978,0.575206963720477,0.533207312944363,0,0.0015110969543457,0,0
Region Growing,6.15011369114716,0.000787204356578019,0.000149528983701341,0,0,0,0,0,0.00168347358703613,0,0
Split and Merge,17.313628734181,0.721708847134429,0.593422550135395,0.524182801599122,0.687821435918535,0.631862420863649,0.754655230786593,0,0.0342445373535156,87.6,0
MobileNet-Seg,6.6250677275292,0.155865520695531,0.160468620874046,0.0206782833459602,0.0405187093393879,0.0895580003860259,0.0261821464845954,0,0.270351648330689,103.5,0
K-Means,23.0255191117906,0.692666766630024,0.168571428571429,0.735622533792293,0.84767571228172,0.962434094903339,0.757368830495289,0,0.303139925003052,99,0
Otsu,14.0139125362742,0.602173801429859,0.166666666666667,0.500481862688408,0.667094851505498,0.601886836188313,0.748148788428847,0,0.00142765045166016,707.2,0
Adaptive Thresholding,13.8399108353256,0.321156827425632,0.074904319300164,0.507993091029363,0.673733976702247,0.583729228690273,0.796554009277667,0,0.00116682052612305,0,0
Region Growing,6.70371061382347,0.000559117551790497,0.00412007062978223,0,0,0,0,0,0.00218391418457031,0,0
Split and Merge,14.0139125362742,0.602173801429859,0.166666666666667,0.500481862688408,0.667094851505498,0.601886836188313,0.748148788428847,0,0.00600552558898926,166.2,0
MobileNet-Seg,6.70203074979618,0.00105578310117896,0,0,0,0,0,0,0.267268896102905,101,0
K-Means,23.7353467342674,0.654187395515573,0.32512854173504,0.499977735227323,0.666646875463856,0.821992020205718,0.560685126463759,0,0.344783306121826,98.6,0
Otsu,8.74562781520227,0.252409879260921,0.244026981025027,0.109671058528278,0.197664087362486,0.279974373055098,0.152755237072732,0,0.00176668167114258,565.5,0
Adaptive Thresholding,10.4131049232305,0.269408988941572,0.176376023884253,0.422522240436152,0.594046586303782,0.61696519821419,0.572769718608774,0,0.00153112411499023,0,0
Region Growing,8.0835536851899,0.141906179244424,0.0657074658533351,0.691484629252417,0.817606754792719,0.917375908554389,0.73740980250181,0,0.0599873065948486,100,0
Split and Merge,8.74562781520227,0.252409879260921,0.244026981025027,0.109671058528278,0.197664087362486,0.279974373055098,0.152755237072732,0,0.0269997119903564,111.1,0
MobileNet-Seg,5.91349701382535,0.000172402781645161,0.000301841231512225,0,0,0,0,0,0.261553525924683,99.4,0
K-Means,21.2731537668332,0.694991588558157,0.321661535250222,0.136640731531242,0.240429060371899,0.255915270787952,0.226710141070003,0,0.359214305877686,100.2,0
Otsu,14.0157880281453,0.618848478221574,0.47262443438914,0.551359926524308,0.710808519799249,0.596724274257314,0.878826191109928,0,0.00145435333251953,0,0
Adaptive Thresholding,9.29085751962765,0.371006494868606,0.343975903614458,0.363335106165364,0.533009242587925,0.485406646261478,0.590963534735161,0,0.00153708457946777,0,0
Region Growing,4.31198473132833,0.000366577927630457,0.000977443609022557,0,0,0,0,0,0.00207376480102539,0,0
Split and Merge,14.0157880281453,0.618848478221574,0.47262443438914,0.551359926524308,0.710808519799249,0.596724274257314,0.878826191109928,0,0.0300154685974121,99.9,0
MobileNet-Seg,4.84936212616288,0.206172965251866,0.306546308527814,0.028129461047015,0.0547196867958027,0.0866181451322332,0.0399920149055097,0,0.281589508056641,99.4,0
K-Means,25.2540271343636,0.796705456973049,0.259811259355679,0.217296472966503,0.357014873191837,0.408031433137986,0.317337822089861,0,0.264537572860718,102.1,0
Otsu,12.6431735524846,0.434840400976797,0.300229867144583,0.36940970703979,0.53951670583427,0.53226985207026,0.54696361517545,0,0.0014646053314209,0,0
Adaptive Thresholding,10.6809407479384,0.372687353916186,0.29495910352034,0.375553688712387,0.546040029980846,0.588376058149622,0.509387543700634,0,0.00167536735534668,0,0
Region Growing,9.5356035247572,-0.0305341577810537,0.143973037272006,0.227919930374238,0.371229303696983,0.410097403614269,0.339091026803056,0,0.0680913925170898,102.8,0
Split and Merge,12.6431735524846,0.434840400976797,0.300229867144583,0.36940970703979,0.53951670583427,0.53226985207026,0.54696361517545,0,0.00495600700378418,201.3,0
MobileNet-Seg,8.35178144732658,0.355925319761743,0.294112929098492,0.00429281155039632,0.00854892418032787,0.0111954379638559,0.00691441149812249,0,0.259864568710327,100,0
K-Means,23.9375039346368,0.667840212382716,0.315626877199005,0.239496672212978,0.386441815588556,0.439856373429084,0.344595403399569,0,0.298324108123779,100.6,0
Otsu,14.7981693027548,0.486540847694652,0.262868535524408,0.568748620613551,0.725098480585256,0.684207731520816,0.771187455111324,0,0.00140881538391113,0,0
Adaptive Thresholding,12.2192360397805,0.390306563945733,0.206972254816609,0.374780429076125,0.545222234983347,0.523979028697572,0.568260713430692,0,0.00218725204467773,0,0
Region Growing,7.70303205974853,0.0181334612159571,0.0768659093322009,5.30644733351022E-05,0.00010612331529237,0.000467726847521048,5.98515681110845E-05,0,0.0107128620147705,93.2,0
Split and Merge,14.7981693027548,0.486540847694652,0.262868535524408,0.568748620613551,0.725098480585256,0.684207731520816,0.771187455111324,0,0.0135343074798584,73.8,0
MobileNet-Seg,7.65112007903586,0.0178598589999358,0.00152361604875571,0.0472827388077568,0.090296033832438,1,0.0472827388077568,0,0.266759395599365,101.2,0
K-Means,22.045880339147,0.80167473042358,0.355019949515512,0.388225041154256,0.559311393535246,0.67173781918102,0.479122349960563,0,0.309023141860962,100.3,0
Otsu,14.3671452080419,0.652530868936966,0.511407449329702,0.545249562566517,0.705710683601046,0.689720479178551,0.722459905829489,0,0.00172638893127441,0,0
Adaptive Thresholding,10.5282245172619,0.515025429034865,0.472283888328288,0.400126539878671,0.571557682083998,0.643753181042484,0.513922416883769,0,0.00178360939025879,0,0
Region Growing,5.52456061785298,0.000253280350211026,0.000195350654424692,0,0,0,0,0,0.0019228458404541,0,0
Split and Merge,14.3671452080419,0.652530868936966,0.511407449329702,0.545249562566517,0.705710683601046,0.689720479178551,0.722459905829489,0,0.0396335124969482,100.8,0
MobileNet-Seg,6.82658380356749,0.249087795463619,0.260446533490012,0.289512650486062,0.449026460309536,0.739192373020656,0.322450345371543,0,0.29161524772644,99.4,0
K-Means,21.5842966606446,0.807484321063222,0.420972972972973,0.312322346865711,0.475984193383046,0.5404979159626,0.425228951255539,0,0.311853408813477,99.4,0
Otsu,16.1519070819864,0.733166616805203,0.562626701419056,0.311618169663277,0.475165984843404,0.435155386316177,0.52327917282127,0,0.00160956382751465,0,0
Adaptive Thresholding,11.8382059754295,0.614118076031524,0.49798508966351,0.328319690310093,0.494338362526942,0.508366633366633,0.481063515509601,0,0.00180649757385254,0,0
Region Growing,6.44393243086236,0.000337074527498488,0.000233013328362382,0.000413589364844904,0.000826836758799906,1,0.000413589364844904,0,0.00220227241516113,0,0
Split and Merge,16.1519070819864,0.733166616805203,0.562626701419056,0.311618169663277,0.475165984843404,0.435155386316177,0.52327917282127,0,0.0330178737640381,90.8,0
MobileNet-Seg,6.4438085809977,0.000387438283443682,0,0,0,0,0,0,0.307726621627808,100.7,0
K-Means,22.1749692846735,0.794106088687184,0.338570210692973,0.405895430849433,0.57741909098345,0.688536315755251,0.497182834068927,0,0.556511878967285,97,0
Otsu,15.1205613608748,0.667793302352311,0.526718097529903,0.594453242974476,0.745651521101384,0.733869867685173,0.757817635458729,0,0.002105712890625,0,0
Adaptive Thresholding,10.8539303169918,0.536250585762778,0.471226636296644,0.399177182495757,0.570588467979062,0.650834711986765,0.507958493755282,0,0.00266480445861816,0,0
Region Growing,5.79098636740867,0.000415660056342024,9.63623223319682E-05,0,0,0,0,0,0.00317907333374023,313.6,0
Split and Merge,15.1205613608748,0.667793302352311,0.526718097529903,0.594453242974476,0.745651521101384,0.733869867685173,0.757817635458729,0,0.0462138652801514,86.5,0
MobileNet-Seg,5.81716503189584,0.00723882421793273,0.00877571572435621,0,0,0,0,0,0.417289972305298,98.2,0
K-Means,25.8219061674047,0.719311260854871,0.111111111111111,0.529413575022697,0.692309240180296,0.989901024283577,0.532288507952225,0,0.5360267162323,97,0
Otsu,12.0910319594177,0.539342323371428,0.149642398679626,0.603633233947069,0.752832033121849,0.989170402458067,0.607648988179962,0,0.00228214263916016,0,0
Adaptive Thresholding,12.3331837457676,0.1598264425333,0.0489967113102331,0.70332599017146,0.825826640619347,0.993969345989724,0.706340120056934,0,0.00290012359619141,0,0
Region Growing,10.8747410837245,0.422965586100491,0.0912556588039076,0.521666871845377,0.685651874924154,0.989838822704976,0.524475524475525,0,0.104620218276978,95.6,0
Split and Merge,12.0910319594177,0.539342323371428,0.149642398679626,0.603633233947069,0.752832033121849,0.989170402458067,0.607648988179962,0,0.00365281105041504,0,0
MobileNet-Seg,6.57467400172923,0.0655168381997075,0.16804979253112,0.0833268882736005,0.153835170483751,0.997592592592593,0.0833436475029395,0,0.454959154129028,92.3,0
K-Means,22.8460912027103,0.644075979095414,0.300514948889401,0.0696205492911618,0.130178032457023,0.152939564204468,0.113313872318822,0,0.362476348876953,93.8,0
Otsu,20.9136045563133,0.784568974014429,0.561878374538221,0.388520971302428,0.559618441971383,0.497863586010445,0.638862799847696,0,0.00127649307250977,0,0
Adaptive Thresholding,11.2719870575278,0.4292296648812,0.302262153056313,0.398584650844528,0.569982876050934,0.578329936771699,0.561873334179464,0,0.00161051750183105,0,0
Region Growing,6.33929157347106,0.00385229258601297,0.00195149149707276,0.00180225916994542,0.00359803375057011,1,0.00180225916994542,0,0.00215458869934082,462.5,0
Split and Merge,20.9136045563133,0.784568974014429,0.561878374538221,0.388520971302428,0.559618441971383,0.497863586010445,0.638862799847696,0,0.0290672779083252,103.2,0
MobileNet-Seg,6.33873901125347,0.00416692369369032,0,0,0,0,0,0,0.296760082244873,97.7,0
K-Means,24.8365841666986,0.625835790404741,0,0.427892160671277,0.599334000783529,0.97728643929446,0.432190222082712,0,0.321955919265747,99.4,0
Otsu,12.4115329661039,0.454951347792461,0.0833242208857299,0.607389048098521,0.755746157182094,0.979026217228464,0.615396688377933,0,0.00125837326049805,0,0
Adaptive Thresholding,11.9852352724361,0.209606040590383,0.0587135215065455,0.65558912386707,0.791970802919708,0.98076254490671,0.664129325904418,0,0.00139141082763672,0,0
Region Growing,13.3138345112591,0.503572248887918,0.0956435362565631,0.677076237071902,0.807448370092043,0.980427764326069,0.686353292003453,0,0.0804088115692139,99.5,0
Split and Merge,12.4115329661039,0.454951347792461,0.0833242208857299,0.607389048098521,0.755746157182094,0.979026217228464,0.615396688377933,0,0.00199413299560547,0,0
MobileNet-Seg,6.67993956301368,0.000416970410944033,0,0,0,0,0,0,0.270449876785278,99.8,0.046875
K-Means,21.6416905169654,0.667721783416453,0.331876820640866,0.114269777819095,0.205102534581435,0.208763586956522,0.201567675707586,0,0.271692037582397,99.4,0
Otsu,13.3413951367774,0.465585350234015,0.317435082140965,0.562680115273775,0.720147533425542,0.698827522369639,0.742809353579745,0,0.0021367073059082,465.9,0
Adaptive Thresholding,10.7800833899834,0.433324867208052,0.301706786893165,0.403998769609351,0.575497327140479,0.518788676761027,0.646125086090978,0,0.0020747184753418,0,0
Region Growing,5.69005681534219,0.001848420268467,0.00217309145880574,0,0,0,0,0,0.00178861618041992,0,0
Split and Merge,13.3413951367774,0.465585350234015,0.317435082140965,0.562680115273775,0.720147533425542,0.698827522369639,0.742809353579745,0,0.0197889804840088,101,0
MobileNet-Seg,9.93256003101291,0.755606517456554,0.836491884082604,0.259510869565217,0.412081984897519,0.326828424209798,0.557508773080581,0,0.270380973815918,103.5,0.0078125
K-Means,20.867487854077,0.672886355066479,0.339945280437757,0.157528094373141,0.27218016588781,0.220102632753235,0.356539417212559,0,0.270772218704224,99.7,0
Otsu,18.2373121761992,0.728458062852227,0.544744196657731,0.329842026367375,0.496061968004393,0.36468913348349,0.775378360063248,0,0.00125670433044434,780.2,0
Adaptive Thresholding,10.9548961878014,0.448346392911812,0.353127625448713,0.278946438041365,0.436212854181064,0.353168275283256,0.570318500112943,0,0.00152921676635742,649.8,0
Region Growing,6.56436664891434,0.0558660070673453,0.0774007682458387,0.020934694716645,0.0410108400174514,0.0797441921169407,0.0276033431217529,0,0.0167984962463379,59.5,0
Split and Merge,18.2373121761992,0.728458062852227,0.544744196657731,0.329842026367375,0.496061968004393,0.36468913348349,0.775378360063248,0,0.0304174423217773,98.6,0
MobileNet-Seg,5.92047390825729,0.00126597403842451,0,0,0,0,0,0,0.281872987747192,99.3,0
K-Means,26.696286495129,0.786455819102508,0.229177057356608,0.233935122961241,0.379169242544673,0.391203984935002,0.367852858856457,0,0.327354907989502,100.8,0
Otsu,13.0975411629469,0.386460896768312,0.167987628068819,0.271334374457748,0.426849741356955,0.408778396465637,0.446592791454847,0,0.00144267082214355,0,0
Adaptive Thresholding,11.8087420616238,0.326836667040479,0.141962914845872,0.35183577395767,0.5205303495226,0.520240778250078,0.520820243331239,0,0.00146818161010742,0,0
Region Growing,11.9752685942246,0.0719598232289379,0.106860362921987,0.262287892588469,0.415575391522797,0.390487670132088,0.444108071057291,0,0.0805292129516602,99.3,0
Split and Merge,13.0975411629469,0.386460896768312,0.167987628068819,0.271334374457748,0.426849741356955,0.408778396465637,0.446592791454847,0,0.00549888610839844,0,0
MobileNet-Seg,9.5072476387002,0.357808886106699,0.182450508293205,0.000660692202137932,0.00132051195232613,0.00162135195809429,0.00111384017821443,0,0.273514986038208,102.4,0
K-Means,21.8190100661449,0.782432214727862,0.350257850823865,0.435164026492118,0.606431067751555,0.704177242956974,0.532513389260155,0,0.309422969818115,100.2,0
Otsu,17.0216650661425,0.711923936514437,0.545372663814456,0.606691315718279,0.755205819292121,0.717457609043404,0.797146784207782,0,0.00139689445495605,0,0
Adaptive Thresholding,10.9552524397135,0.536956315790929,0.459440057430007,0.400793059795964,0.572237357963984,0.651466093745272,0.510190056400777,0,0.00148200988769531,0,0
Region Growing,5.86609003162554,0.000444994465602184,0.000761808024377857,0,0,0,0,0,0.00189113616943359,524.3,0
Split and Merge,17.0216650661425,0.711923936514437,0.545372663814456,0.606691315718279,0.755205819292121,0.717457609043404,0.797146784207782,0,0.0371396541595459,107.7,0
MobileNet-Seg,8.9667922489577,0.583602361494611,0.588704515239549,0.231079470805707,0.375409510572818,0.394049914031157,0.358453007251529,0,0.292939424514771,102.4,0
K-Means,21.6336918529105,0.702439365421181,0.364420062695925,7.88954635108481E-05,0.000157778479015462,8.01635336085615E-05,0.00496277915632754,0,0.24161696434021,103.5,0
Otsu,19.6689037242813,0.66815445129049,0.638078767392501,0.0102373316228352,0.0202671813887337,0.0102383823869031,0.990074441687345,0,0.00131392478942871,0,0
Adaptive Thresholding,10.5685851924876,0.50390384376908,0.334631211008362,0.00840018366961078,0.0166604167782718,0.00842110963689042,0.771712158808933,0,0.00148701667785645,0,0
Region Growing,5.30357344064206,0.00397387347301895,0,0,0,0,0,0,0.00201201438903809,0,0
Split and Merge,19.6689037242813,0.66815445129049,0.638078767392501,0.0102373316228352,0.0202671813887337,0.0102383823869031,0.990074441687345,0,0.0280702114105225,106.8,0
MobileNet-Seg,8.65807387766112,0.757152727260922,0.79217757092992,0.00801479654747226,0.0159021406727829,0.00801479654747226,1,0,0.273744583129883,98.6,0
K-Means,21.4098677512936,0.660712976081221,0.24116323907455,0.635798187199408,0.777355290126511,0.875672749275501,0.698886742578284,0,0.323175668716431,99,0
Otsu,21.0714664660978,0.829375631476963,0.686762292912719,0.594540612516645,0.745720250521921,0.644216718151718,0.885192151281009,0,0.00113892555236816,0,0
Adaptive Thresholding,9.55392250808851,0.430223282023092,0.386406567858181,0.40292838558976,0.57441048271381,0.614451201853461,0.539269011793412,0,0.00165486335754395,0,0
Region Growing,5.03319634850781,0.000582116979254747,0.00012709710218607,0,0,0,0,0,0.00195932388305664,0,0
Split and Merge,21.0714664660978,0.829375631476963,0.686762292912719,0.594540612516645,0.745720250521921,0.644216718151718,0.885192151281009,0,0.029346227645874,102.2,0
MobileNet-Seg,5.03306816129206,0.000571341107195551,0,0,0,0,0,0,0.263828277587891,102.3,0
K-Means,22.4638461685542,0.754807084889536,0.341425801903419,0.48090645499599,0.649475803652017,0.81012921328853,0.541994993974228,0,0.292717695236206,99.1,0
Otsu,14.7196137184814,0.670569103692926,0.499752352649827,0.595502732841789,0.746476606506495,0.740568404726062,0.752479836840642,0,0.00164604187011719,0,0
Adaptive Thresholding,10.6188051126,0.499239137565448,0.432362897765741,0.411271713647524,0.582838456507521,0.668998858927392,0.516339111893946,0,0.00186562538146973,533.6,0
Region Growing,5.82030584778244,0.000374085693911625,0.000796685787125558,0,0,0,0,0,0.00200343132019043,0,0
Split and Merge,14.7196137184814,0.670569103692926,0.499752352649827,0.595502732841789,0.746476606506495,0.740568404726062,0.752479836840642,0,0.0231506824493408,86.3,0
MobileNet-Seg,5.81809413850968,0.000255059342859538,0,0,0,0,0,0,0.277163028717041,101,0
K-Means,21.6638770422124,0.834365839722358,0.431253903810119,0.306112069346778,0.468737831202912,0.535326192041456,0.416882491116063,0,0.280432224273682,99.8,0
Otsu,16.5056856788417,0.695328367888942,0.58351384348785,0.320956587537614,0.485945701116351,0.435714285714286,0.549268204541348,0,0.00163865089416504,0,0
Adaptive Thresholding,11.3435874892986,0.576263054088862,0.49356796993568,0.361569290878698,0.53110670650534,0.521889534883721,0.540655303258447,0,0.00139880180358887,710.8,0
Region Growing,5.91088176875223,0.000994784566578006,0.000249438762783737,0,0,0,0,0,0.00169062614440918,0,0
Split and Merge,16.5056856788417,0.695328367888942,0.58351384348785,0.320956587537614,0.485945701116351,0.435714285714286,0.549268204541348,0,0.0461516380310059,86.6,0
MobileNet-Seg,11.2946398984755,0.700113531538268,0.678531266806825,0.200149536132813,0.333540996529058,0.288621911237265,0.395018972474854,0,0.262868165969849,98.9,0
K-Means,23.4446707787496,0.595293852215203,0.211800185586143,0.368278947774435,0.538309747984439,0.971193750508585,0.372346233640632,0,0.295871496200562,101.4,0
Otsu,17.855427583734,0.506906452586366,0.440561192534135,0.572875181377543,0.728443284197303,0.982136713684601,0.578907139625938,0,0.00162529945373535,0,0
Adaptive Thresholding,12.6541365521391,0.469476061014302,0.275288334278692,0.529933891174703,0.692753973529945,0.977654584221748,0.536431278955496,0,0.00148534774780273,0,0
Region Growing,8.05433857246372,0.0405611810856066,0.0558074354958371,0.16628493608592,0.285153191884612,0.954601990049751,0.167610401360226,0,0.02250075340271,88.8,0
Split and Merge,17.855427583734,0.506906452586366,0.440561192534135,0.572875181377543,0.728443284197303,0.982136713684601,0.578907139625938,0,0.0227313041687012,87.9,0
MobileNet-Seg,8.49170411181614,0.363630289560435,0.329957112875262,0.370624401396484,0.54081103622388,0.974531865632235,0.374249301948305,0,0.261223554611206,99.5,0
K-Means,22.3216755480266,0.697116874766967,0.36840490797546,0.674371831606789,0.805522189130041,0.920015034767901,0.716372044017794,0,0.27833104133606,100.6,0
Otsu,17.1052922057922,0.600826964760458,0.428731259789662,0.628191986150026,0.771643628630589,0.739171223330117,0.807100210723484,0,0.00139188766479492,0,0
Adaptive Thresholding,11.2243396087566,0.453219733462974,0.290563940313823,0.441662343880931,0.612712603274333,0.581160904150587,0.647886911730274,0,0.0013880729675293,0,0
Region Growing,6.17146863672749,0.00603605687637589,0.0024225826838003,0,0,0,0,0,0.00227546691894531,0,0
Split and Merge,17.1052922057922,0.600826964760458,0.428731259789662,0.628191986150026,0.771643628630589,0.739171223330117,0.807100210723484,0,0.0180032253265381,111,0
MobileNet-Seg,6.17016416651033,0.00526822751208357,0,0,0,0,0,0,0.281920194625855,99.3,0
K-Means,21.7312834475124,0.6731945273192,0.367832898172324,0.75297160466652,0.859080207188824,0.890385553928746,0.829901440485216,0,0.28726053237915,100.9,0
Otsu,16.1596193103317,0.694046542718189,0.5544154394173,0.644868100199512,0.784097035040431,0.70563978168587,0.882183472327521,0,0.0012810230255127,0,0
Adaptive Thresholding,10.0975133133609,0.483174111020322,0.37876759416724,0.376234548729735,0.546759342841668,0.542531275191831,0.551053828658074,0,0.00156688690185547,0,0
Region Growing,5.42654224106393,0.000260949612514894,0.00246157940256803,0,0,0,0,0,0.00320863723754883,0,0
Split and Merge,16.1596193103317,0.694046542718189,0.5544154394173,0.644868100199512,0.784097035040431,0.70563978168587,0.882183472327521,0,0.0250067710876465,80,0
MobileNet-Seg,5.43018615651751,0.00846057919385136,0.00092678405931418,0.0213191811978772,0.0417483223469327,1,0.0213191811978772,0,0.268118143081665,100.7,0
K-Means,22.4198747706312,0.630959159998259,0.236879736879737,0.567002870784016,0.723678151910887,0.983097766775799,0.572584645913432,0,0.304177045822144,101.9,0
Otsu,17.4531360049435,0.719187293080745,0.48619768477293,0.744125086226719,0.853293255286611,0.985164589844543,0.752557980900409,0,0.00116395950317383,0,0
Adaptive Thresholding,10.4562106355666,0.386144024906096,0.308134191176471,0.558076657193333,0.716366110251127,0.983991982448062,0.563189879697383,0,0.00133657455444336,0,0
Region Growing,5.93447442334075,0.0109740186187253,0.0499846907532149,0.0557389242713031,0.105592250110084,0.992002206287921,0.0557639836289222,0,0.00923061370849609,108.2,0
Split and Merge,17.4531360049435,0.719187293080745,0.48619768477293,0.744125086226719,0.853293255286611,0.985164589844543,0.752557980900409,0,0.0213842391967773,93.5,0
MobileNet-Seg,13.0754583489634,0.773049072357159,0.711195626337057,0.807553542642205,0.893532084766637,0.988146005147377,0.815453305221382,0,0.277322053909302,101,0
K-Means,22.6180173195033,0.58662587227346,0.324710732810214,0.865995728431817,0.928186185248773,0.959588353413655,0.898774139378673,0,0.434416770935059,99,0
Otsu,11.0014956808956,0.477724301450913,0.349839434810533,0.770003648508321,0.870058826327556,0.824101886339061,0.92144416456759,0,0.00165057182312012,0,0
Adaptive Thresholding,9.0001828428879,0.35616600063283,0.293023082373122,0.346809207831572,0.515008667619598,0.47055881290466,0.568732157850546,0,0.00223827362060547,0,0
Region Growing,4.54101899248323,0.00466361972363703,0.0127167630057803,0,0,0,0,0,0.00561690330505371,177.7,0
Split and Merge,11.0014956808956,0.477724301450913,0.349839434810533,0.770003648508321,0.870058826327556,0.824101886339061,0.92144416456759,0,0.0228590965270996,87.5,0
MobileNet-Seg,4.49780022827222,0.000106442989129723,0,0,0,0,0,0,0.457625150680542,98.3,0
K-Means,21.7760478003425,0.633399580959804,0.286065770523284,0.401520865723566,0.572978791173789,0.993600487581899,0.402561926074543,0,0.57984733581543,96.6,0
Otsu,18.0244526067139,0.723047606559816,0.552552028833857,0.679733149298367,0.809334684598318,0.990834302065635,0.684034261902925,0,0.00231361389160156,0,0
Adaptive Thresholding,10.4510941549776,0.457832961478161,0.345578648669377,0.529161808921888,0.692093937782771,0.988735381793167,0.532371324947913,0,0.0022737979888916,0,0
Region Growing,5.93447818664081,0.00293361450497176,0,1.54332896056795E-05,3.08661028458547E-05,1,1.54332896056795E-05,0,0.0031123161315918,0,0
Split and Merge,18.0244526067139,0.723047606559816,0.552552028833857,0.679733149298367,0.809334684598318,0.990834302065635,0.684034261902925,0,0.0233125686645508,128.6,0
MobileNet-Seg,6.34558608735628,0.24628479044573,0.353127354935946,0.248918715079499,0.39861475702789,0.989355193931237,0.249587159503048,0,0.448177814483643,93.7,0
K-Means,24.9922873200625,0.689453486014761,0.0977663859392164,0.50287529099795,0.669217591120321,0.983566022374333,0.507136415933331,0,0.473052501678467,95.1,0
Otsu,12.1450971556838,0.482444224749338,0.120050481148446,0.535437072629828,0.697439292269732,0.982646052966281,0.540548524518797,0,0.00242424011230469,412.7,0
Adaptive Thresholding,11.9979636588005,0.190993858523969,0.0444059451080514,0.661861538461539,0.796530304292684,0.984394663981878,0.668879629341708,0,0.0019376277923584,0,0
Region Growing,7.43972321879329,0.142507868751424,0.0677035681610247,0.360685636563162,0.530152780144261,0.983935573639162,0.362822227059299,0,0.0799479484558106,100,0
Split and Merge,12.1450971556838,0.482444224749338,0.120050481148446,0.535437072629828,0.697439292269732,0.982646052966281,0.540548524518797,0,0.00531411170959473,187.8,0
MobileNet-Seg,6.79235772709057,0.171154732897422,0.359062321326472,0.180664334581927,0.306038438343952,0.975919732441472,0.181473304518175,0,0.292398929595947,99.2,0
K-Means,25.6363277013713,0.780669413024187,0.333731581043409,0.583378322098996,0.736877995557807,0.991168300225379,0.586426644339008,0,0.404105663299561,99,0
Otsu,13.6901599803198,0.605672312104614,0.172500348626412,0.677991160118892,0.808098607707628,0.990126622135259,0.682606133903929,0,0.00133061408996582,0,0
Adaptive Thresholding,12.2560940968296,0.181748708113291,0.0660052550511915,0.686605781521923,0.814186443618566,0.990292987405318,0.691258101528824,0,0.00139379501342773,0,0
Region Growing,7.08060354596635,0.0716769155652159,0.104344295574503,0.200539707016191,0.334082589429067,0.973355287777861,0.201646664806028,0,0.0256140232086182,117.1,0
Split and Merge,13.6901599803198,0.605672312104614,0.172500348626412,0.677991160118892,0.808098607707628,0.990126622135259,0.682606133903929,0,0.00565028190612793,176.6,0
MobileNet-Seg,6.31911394557844,0.00032590960066158,0,0,0,0,0,0,0.265637874603272,97.9,0
K-Means,25.9753367043802,0.587336374318072,0.174481168332052,0.430635037843825,0.60201941998129,0.972012917115178,0.436041621234306,0,0.254617929458618,102.1,0
Otsu,16.4421822335491,0.507207070604605,0.227562062380649,0.5456798537749,0.706070991922715,0.989884230639542,0.548739836131967,0,0.00143671035766602,0,0
Adaptive Thresholding,12.4641089704878,0.327389513582924,0.0566423730980693,0.601216856864895,0.750949946957277,0.985845234477869,0.606451914389856,0,0.00125479698181152,0,0
Region Growing,8.18068113521291,0.207100587072467,0.11440618411806,0.280843855866954,0.438529418836712,0.960906217070601,0.284089847035733,0,0.0383021831512451,104.4,0
Split and Merge,16.4421822335491,0.507207070604605,0.227562062380649,0.5456798537749,0.706070991922715,0.989884230639542,0.548739836131967,0,0.0123622417449951,81.1,0
MobileNet-Seg,7.6985677999247,0.00087009166448982,0,0,0,0,0,0,0.279748201370239,100.1,0
K-Means,23.5928014131727,0.740887184097315,0.22420223787816,0.545769013554217,0.706145625599415,0.868391493185562,0.59498217080116,0,0.297618865966797,100.8,0
Otsu,15.6160360343073,0.571857504845039,0.295035958603754,0.565583972377243,0.722521413550803,0.722280616299639,0.722762371411713,0,0.0014033317565918,0,0
Adaptive Thresholding,13.7312708636212,0.315297132767844,0.150251371115174,0.581879144900152,0.735680910613282,0.676786175988968,0.805802827018291,0,0.00116348266601563,848.9,0
Region Growing,6.50396858134139,0.0194461287363207,0.0998558781140622,0.00857136641503688,0.0169970449300058,0.0533875338753388,0.010107488263513,0,0.0144217014312744,138.6,0
Split and Merge,15.6160360343073,0.571857504845039,0.295035958603754,0.565583972377243,0.722521413550803,0.722280616299639,0.722762371411713,0,0.0169470310211182,59,0
MobileNet-Seg,8.29608011789481,0.552248964043554,0.853454458522592,0.163947473139674,0.281709401709402,0.288974614907335,0.274800543854698,0,0.26867413520813,100.5,0
K-Means,26.446985276924,0.774212158726648,0.233340862886831,0.419360337186599,0.590914549603153,0.988025263772772,0.421502663302495,0,0.310799360275269,99.7,0
Otsu,11.4180154972569,0.315436991355318,0.125244505810609,0.507577632067302,0.673368483679708,0.986237980769231,0.511198330374108,0,0.00152969360351563,0,0
Adaptive Thresholding,11.2164786538878,0.269045660274618,0.0917732942922466,0.561634530774812,0.719290614681983,0.984547521108465,0.566629286982525,0,0.00135302543640137,0,0
Region Growing,8.03938929649503,0.04058017312877,0.0758247168882324,0.261764249107004,0.414917841097914,0.989201244204472,0.262514406753263,0,0.0364935398101807,109.6,0
Split and Merge,11.4180154972569,0.315436991355318,0.125244505810609,0.507577632067302,0.673368483679708,0.986237980769231,0.511198330374108,0,0.00277876853942871,358,0
MobileNet-Seg,7.08808053442874,0.0558717228122368,0.204578383077369,0.0638258106718998,0.119992972593113,1,0.0638258106718998,0,0.271060943603516,99.6,0
K-Means,23.697349142953,0.649878033900271,0.110752688172043,0.68483312209548,0.812938816449348,0.948841020838211,0.711089664853483,0,0.353271245956421,101.9,0
Otsu,13.9747837926459,0.545890820140216,0.107902125952667,0.433349314411737,0.6046667201841,0.557290125283614,0.660846932210329,0,0.00178241729736328,559.2,0
Adaptive Thresholding,13.1769036079805,0.242842657659434,0.0483556012332991,0.458577390197803,0.62880090323574,0.560139892109354,0.716646195238931,0,0.00125360488891602,796.7,0
Region Growing,12.2277254918743,0.392657182961064,0.0906782734856728,0.440275936360623,0.611377202445164,0.601539724321417,0.621541790957478,0,0.0615506172180176,97.5,0
Split and Merge,13.9747837926459,0.545890820140216,0.107902125952667,0.433349314411737,0.6046667201841,0.557290125283614,0.660846932210329,0,0.00443601608276367,223.1,0
MobileNet-Seg,8.33108025365138,0.136145101542298,0,0.320222915998016,0.485104314002829,0.992853265786141,0.320962742001521,0,0.263757944107056,102.3,0
K-Means,22.2530037636571,0.635942259354978,0.31072093641926,0.43641291721521,0.607642707726812,0.990508665237108,0.438245586748581,0,0.36349081993103,99,0
Otsu,19.2398997239819,0.761541969402365,0.508067769261799,0.75480598763624,0.860272865438509,0.988452376145678,0.761521113616922,0,0.00129008293151855,0,0
Adaptive Thresholding,10.1386427579117,0.358655523542405,0.223837813136139,0.569330353702705,0.72557107222124,0.984279662145959,0.574554786530835,0,0.00143003463745117,0,0
Region Growing,5.66979903063591,0.00819065627282318,0.0982232651692927,0.0609886948543704,0.114965777015639,0.996949669547534,0.0610000777665448,0,0.0106151103973389,94.1,0
Split and Merge,19.2398997239819,0.761541969402365,0.508067769261799,0.75480598763624,0.860272865438509,0.988452376145678,0.761521113616922,0,0.019838809967041,100.7,0
MobileNet-Seg,7.011331100469,0.478625468377691,0.85595567867036,0.472935519928951,0.642167309471583,0.968273872970092,0.480379500738782,0,0.264631748199463,98.2,0
K-Means,25.5715659775852,0.579681797828713,0.212568058076225,0.943024141064368,0.970676710735863,0.963854514420543,0.97759617098195,0,0.25113320350647,99.5,0
Otsu,12.7228806468123,0.329824209650248,0.101343101343101,0.502967082182578,0.669298866415863,0.653216034123407,0.686193640367626,0,0.00156927108764648,0,0
Adaptive Thresholding,11.8537838118718,0.262708446518161,0.0886378360868157,0.437022761980947,0.608233597328003,0.604531851218469,0.611980956745335,0,0.00145506858825684,0,0
Region Growing,6.98686881497102,0.000304451099092139,0,0,0,0,0,0,0.00197124481201172,0,0
Split and Merge,12.7228806468123,0.329824209650248,0.101343101343101,0.502967082182578,0.669298866415863,0.653216034123407,0.686193640367626,0,0.00182700157165527,0,0
MobileNet-Seg,6.98686320499726,0.000304940673583645,0,0,0,0,0,0,0.29196047782898,102.7,0
K-Means,20.9427642328312,0.684698631448093,0.357765807361806,0.301243531964614,0.463008690632717,0.519614194198517,0.417524580682475,0,0.289017200469971,100.3,0
Otsu,18.6360804068922,0.718096799114119,0.546156974379829,0.261948810347324,0.415149660904594,0.371215575414919,0.470879120879121,0,0.00135064125061035,0,0
Adaptive Thresholding,10.702016733503,0.465738802745452,0.324225204529884,0.343985529092554,0.511888739344998,0.496788940894743,0.527935222672065,0,0.0013420581817627,0,0
Region Growing,5.46634512421188,0.0481972674221918,0.0301468693635661,0.145871110727341,0.254602999171083,0.968839610017205,0.146558704453441,0,0.0111315250396729,89.7,0
Split and Merge,18.6360804068922,0.718096799114119,0.546156974379829,0.261948810347324,0.415149660904594,0.371215575414919,0.470879120879121,0,0.0225944519042969,88.4,0
MobileNet-Seg,9.24882026248969,0.712667668330541,0.919361648231023,0.733186328555678,0.846055979643766,0.733186328555678,1,0,0.266938924789429,101.1,0
K-Means,24.8571719574013,0.660423874741501,0.195447854150153,0.103763641927039,0.188017865393501,0.230914731028221,0.158561928512053,0,0.371952295303345,99.5,0
Otsu,11.5314600391734,0.370382760436548,0.191206949772898,0.393680213214416,0.564950566825403,0.54443400544434,0.587073981712386,0,0.0014500617980957,687,0
Adaptive Thresholding,9.57024899975078,0.285167976328798,0.178592048035103,0.379187077982259,0.549870404147067,0.582401301455422,0.520781379883624,0,0.00160932540893555,0,0
Region Growing,9.68713454729922,0.0864264156853897,0.106849723921803,0.358208682295286,0.527472231571861,0.547499930126611,0.508858063175395,0,0.077279806137085,90.5,0
Split and Merge,11.5314600391734,0.370382760436548,0.191206949772898,0.393680213214416,0.564950566825403,0.54443400544434,0.587073981712386,0,0.00473093986511231,210.9,0
MobileNet-Seg,8.38611980426885,0.515125966146253,0.552340072002216,0.111942006867608,0.201345045292341,0.213450122220929,0.19053927680798,0,0.262503862380981,102.8,0
K-Means,26.0715846820979,0.774783101075202,0.160714285714286,0.556359605228718,0.714949942621978,0.987483945016807,0.560310741033633,0,0.311272382736206,99.6,0.0078125
Otsu,15.0965834852549,0.599275946591125,0.128245067497404,0.652862232049629,0.789977796564506,0.985330243337196,0.65927028577631,0,0.00133776664733887,745.4,0
Adaptive Thresholding,12.9953820646047,0.162123860076707,0.0276359548456602,0.701585103108649,0.824625347068346,0.989387560223968,0.70690483943496,0,0.00126481056213379,0,0
Region Growing,7.25661387005326,0.00663163690095515,0.0696035242290749,0.0143740987114481,0.0283408236265248,1,0.0143740987114481,0,0.00605511665344238,164.8,0
Split and Merge,15.0965834852549,0.599275946591125,0.128245067497404,0.652862232049629,0.789977796564506,0.985330243337196,0.65927028577631,0,0.00544571876525879,0,0
MobileNet-Seg,7.34023087691032,0.0390619126001528,0.133265513733469,0.045773828906359,0.0875405898314132,1,0.045773828906359,0,0.277605056762695,100.8,0
K-Means,25.586029779217,0.637612579377038,0.115924344112264,0.595986817789824,0.746856817545857,0.983706979818006,0.601928610311844,0,0.267614126205444,100.9,0
Otsu,13.3687311918599,0.579899732152185,0.189384979302188,0.660600181686606,0.795616174166211,0.985030764992194,0.66729916789797,0,0.00145792961120605,0,0
Adaptive Thresholding,11.1558523626642,0.1877354423325,0.0624104509060261,0.623441972117071,0.768049591946996,0.983230597485803,0.630142312777043,0,0.00137567520141602,0,0
Region Growing,8.45131473873939,0.125910420283701,0.0813431312512758,0.412453465560653,0.584024147509788,0.983715875179604,0.415288902714052,0,0.0553920269012451,108.3,0
Split and Merge,13.3687311918599,0.579899732152185,0.189384979302188,0.660600181686606,0.795616174166211,0.985030764992194,0.66729916789797,0,0.00289559364318848,0,0
MobileNet-Seg,6.75512312493934,0.122918349479388,0.460702341137124,0.133720298604752,0.23589645306575,0.984235777930089,0.134007310055214,0,0.265183448791504,101.8,0
K-Means,22.0929101192085,0.65770200446616,0.311582487227576,0.733217579014055,0.846076785617588,0.95773568713988,0.757735208535403,0,0.518816232681274,100.2,0
Otsu,12.9193533570462,0.586673381049027,0.373934163609116,0.746279944403565,0.854708257739802,0.826134178074443,0.885329776915616,0,0.00129818916320801,0,0
Adaptive Thresholding,8.94700120223514,0.352227911895515,0.287034659820282,0.420100707171684,0.591649176780384,0.639762059146909,0.550266731328807,0,0.00151395797729492,0,0
Region Growing,4.51675787105511,0.000247333698460067,0.000973709834469328,0,0,0,0,0,0.00229120254516602,0,0
Split and Merge,12.9193533570462,0.586673381049027,0.373934163609116,0.746279944403565,0.854708257739802,0.826134178074443,0.885329776915616,0,0.0193469524383545,103.3,0
MobileNet-Seg,5.51077104805933,0.342223892375774,0.542068732012866,0.027210557504124,0.0529795129252549,0.0741986199668093,0.0411978661493695,0,0.268069744110107,100.7,0
K-Means,22.426715454847,0.681254218595747,0.370188943317005,0.0184518085054361,0.0362350154446952,0.0367568269636653,0.0357278121449312,0,0.29683780670166,101.1,0
Otsu,15.7353138185392,0.630300124763434,0.492008936243341,0.114633872956398,0.205688837810659,0.188762326636081,0.225950006312334,0,0.00162553787231445,0,0
Adaptive Thresholding,10.3878533741616,0.476466945580825,0.367294038093091,0.298462560315693,0.459716851971655,0.439237558577466,0.482199217270547,0,0.00170636177062988,0,0
Region Growing,5.5172353664523,0.000791780527236676,0,3.1561671506123E-05,6.31213507969071E-05,1,3.1561671506123E-05,0,0.00193023681640625,517,0
Split and Merge,15.7353138185392,0.630300124763434,0.492008936243341,0.114633872956398,0.205688837810659,0.188762326636081,0.225950006312334,0,0.0198590755462647,100.6,0
MobileNet-Seg,5.51722937760202,0.000791946452524193,0,0,0,0,0,0,0.326184511184692,101.2,0
K-Means,25.6062904835209,0.691176912633388,0.203221083455344,0.380641212934813,0.551397726460285,0.691100039427937,0.458678275763631,0,0.534565687179565,95.4,0
Otsu,12.3121970414301,0.257371359600187,0.117521367521368,0.152595746178069,0.264786238686143,0.369405050892211,0.20634694071748,0,0.00327849388122559,0,0
Adaptive Thresholding,14.0713508860623,0.274852154349398,0.0733094217478786,0.443736256184717,0.614705427371277,0.614961548534559,0.614449519459511,0,0.00206851959228516,0,0
Region Growing,8.7440680571335,0.0383251322265334,0.0203045685279188,0.0913740603292416,0.167447740697953,1,0.0913740603292416,0,0.0156688690185547,63.8,0
Split and Merge,12.3121970414301,0.257371359600187,0.117521367521368,0.152595746178069,0.264786238686143,0.369405050892211,0.20634694071748,0,0.0152199268341064,131.3,0
MobileNet-Seg,11.0230011752417,0.591001963518892,0.38262599469496,0.882465427578648,0.937563489507198,0.978157472987644,0.900204586544866,0,0.43136477470398,99.7,0
K-Means,21.7165787091916,0.787765732152793,0.358735895627645,0.466775666337611,0.636464971501882,0.988695765812859,0.469280153831839,0,0.506483793258667,94.8,0
Otsu,18.9438378619249,0.740071060158492,0.564530324851976,0.719691510403091,0.837000713266762,0.984582791458657,0.727894426697268,0,0.00209927558898926,474.1,0
Adaptive Thresholding,11.4972421182771,0.553052336307245,0.449569949096015,0.515057784343598,0.679918336668258,0.985368151441105,0.519027385789164,0,0.00251269340515137,0,0
Region Growing,6.29202016077717,0.0126125254724023,0.0121533187909006,0.0443817262661663,0.0849913880144919,1,0.0443817262661663,0,0.0143885612487793,69.5,0
Split and Merge,18.9438378619249,0.740071060158492,0.564530324851976,0.719691510403091,0.837000713266762,0.984582791458657,0.727894426697268,0,0.0548462867736816,91.1,0
MobileNet-Seg,7.33242808533285,0.125486892857631,0.137342585453611,0.162159228359644,0.279065423054855,1,0.162159228359644,0,0.422428846359253,97.1,0
K-Means,24.4997162132915,0.711925326154942,0.355694665047183,0.832348440880072,0.908504542378738,0.91494606194177,0.902153089526206,0,0.493335247039795,95.3,0
Otsu,15.5164618868728,0.61358838636776,0.351057747284162,0.748173484108148,0.855948784156097,0.800672310756972,0.9194235553141,0,0.00149846076965332,0,0
Adaptive Thresholding,11.8072054209779,0.361839297059553,0.239281273813821,0.450056999095876,0.620743873346346,0.590109012189779,0.654733651674149,0,0.00142002105712891,0,0
Region Growing,6.56374299300755,0.00260154439414744,0.015413578068008,0,0,0,0,0,0.00259995460510254,382.9,0
Split and Merge,15.5164618868728,0.61358838636776,0.351057747284162,0.748173484108148,0.855948784156097,0.800672310756972,0.9194235553141,0,0.0159425735473633,125.3,0
MobileNet-Seg,6.546220940415,0.000451021712961893,0,0,0,0,0,0,0.27916145324707,103.9,0
K-Means,24.4439271304016,0.795483990371089,0.261912740432947,0.270138019909232,0.425367976825915,0.438555531972954,0.412950379717924,0,0.398264169692993,97.9,0
Otsu,11.2705768275558,0.352949245953634,0.281024269061724,0.306384758717724,0.469057460557723,0.478415771034974,0.460058242448467,0,0.00176620483398438,0,0
Adaptive Thresholding,10.8304830566864,0.360767590005302,0.276572668112798,0.354300916346438,0.523223328094989,0.533533147367796,0.513304402443899,0,0.00170230865478516,0,0
Region Growing,8.17406025912009,0.0755225930266501,0.113355425806112,0.131431853832048,0.232328360540498,0.36753984925244,0.169845257808485,0,0.0376334190368652,106.2,0
Split and Merge,11.2705768275558,0.352949245953634,0.281024269061724,0.306384758717724,0.469057460557723,0.478415771034974,0.460058242448467,0,0.0141584873199463,70.6,0
MobileNet-Seg,9.56097224807661,0.528236190519134,0.476381909547739,0.0701665593079967,0.131132034911217,0.131650887744238,0.130617255752869,0,0.269860982894897,100,0
K-Means,21.4039308898094,0.500843717193186,0.22225204670514,0.838699206185263,0.912274507286384,0.890800814919292,0.934809064894912,0,0.397556781768799,98.1,0
Otsu,15.5449663413927,0.680766261826637,0.413335285790989,0.494330858417761,0.661608312018895,0.526817384525434,0.889089892444825,0,0.00126457214355469,790,0
Adaptive Thresholding,9.95699847979387,0.391260185373894,0.312573694929789,0.32694771398831,0.492781607808234,0.455135707518252,0.53721672203401,0,0.00182747840881348,544.4,0
Region Growing,8.11757181811337,0.130735844146089,0.0989909616948018,0.358985966500679,0.528314457028648,0.565684250046931,0.495576094464362,0,0.0544919967651367,91.7,0
Split and Merge,15.5449663413927,0.680766261826637,0.413335285790989,0.494330858417761,0.661608312018895,0.526817384525434,0.889089892444825,0,0.0235989093780518,84.7,0
MobileNet-Seg,6.5680591088297,0.259742895787555,0.292702662939532,0.00739360049704877,0.0146786727519428,0.0195734415263995,0.011742262276749,0,0.282143831253052,102.8,0
K-Means,21.5906817337024,0.812253337296829,0.417757043408536,0.395560457741624,0.566884015016795,0.637839039573144,0.510135135135135,0,0.28544282913208,101.6,0
Otsu,16.0288940507068,0.685124195143346,0.547244805781391,0.580523157538878,0.734596206034517,0.669159015075866,0.814218824087245,0,0.00148320198059082,0,0
Adaptive Thresholding,11.235986383519,0.578157008823574,0.4908876933423,0.34938133200465,0.517839284890072,0.538476306274598,0.498725699383594,0,0.00160360336303711,0,0
Region Growing,6.10846621367109,0.000281656090728117,0.000757755150367038,0,0,0,0,0,0.00182723999023438,0,0
Split and Merge,16.0288940507068,0.685124195143346,0.547244805781391,0.580523157538878,0.734596206034517,0.669159015075866,0.814218824087245,0,0.0357182025909424,112.1,0
MobileNet-Seg,6.10828594352442,0.000394444057453542,0,0,0,0,0,0,0.270007133483887,100,0
K-Means,25.6078401753425,0.808701546928429,0.315041422816752,0.433066600628395,0.604391450388275,0.989636755915538,0.435039492505753,0,0.367685317993164,97.9,0
Otsu,10.8932596097613,0.348225724198612,0.329139731476877,0.484139253029928,0.652417557236006,0.98826128116125,0.486939486286461,0,0.0016477108001709,0,0
Adaptive Thresholding,10.7351804848275,0.309723616751287,0.250577367205543,0.548335239744026,0.708290072677901,0.989456655137789,0.551557932707258,0,0.00171089172363281,0,0
Region Growing,7.09173096294706,0.0425642057525452,0.0737010391686651,0.123881848676854,0.2204535090992,0.990562523283249,0.12402823558679,0,0.0192618370056152,103.8,0
Split and Merge,10.8932596097613,0.348225724198612,0.329139731476877,0.484139253029928,0.652417557236006,0.98826128116125,0.486939486286461,0,0.0271139144897461,110.5,0
MobileNet-Seg,7.82952801808666,0.27326705945404,0.291544620191369,0.27134193270326,0.426859093880911,0.964438122332859,0.274084209216991,0,0.267412424087524,101,0
K-Means,24.8083101676642,0.623829536836023,0.172594348942897,0.522041763341067,0.685975609756098,0.942984370907186,0.539056650860993,0,0.25784182548523,97,0
Otsu,14.4395470065812,0.52653130548888,0.283069038870625,0.301597827459896,0.463427060336253,0.45085913897281,0.476715747441977,0,0.00135684013366699,0,0
Adaptive Thresholding,12.172258152818,0.375905978981145,0.230314513073134,0.373389612772986,0.543748997808541,0.585226945866651,0.507761417519341,0,0.00166654586791992,0,0
Region Growing,7.67606905186999,0.000199797573925715,0.000575904169546188,0,0,0,0,0,0.0020592212677002,0,0
Split and Merge,14.4395470065812,0.52653130548888,0.283069038870625,0.301597827459896,0.463427060336253,0.45085913897281,0.476715747441977,0,0.0075831413269043,0,0
MobileNet-Seg,10.6978288529467,0.514236715396062,0.30722441575072,0.130079312926937,0.230212714167872,0.25124708521503,0.212428250561517,0,0.288863897323608,100.4,0
K-Means,25.9237228270737,0.776211251850462,0.242676675210546,0.4290431079705,0.600462093239187,0.989538111166465,0.430998140111593,0,0.331294536590576,99.6,0
Otsu,14.1919903380386,0.517626280125684,0.255596196049744,0.680757545380238,0.810060376942981,0.992780351761054,0.68414445133292,0,0.00133085250854492,749,0
Adaptive Thresholding,10.9996045503513,0.341283299384948,0.211309862899244,0.527374008579453,0.690563025974157,0.991701244813278,0.529711717296962,0,0.00156331062316895,640.3,0
Region Growing,6.71127740653213,0.000279940804162323,0.000878183414878936,0.000309981401115933,0.000619770684846607,1,0.000309981401115933,0,0.00246620178222656,0,0
Split and Merge,14.1919903380386,0.517626280125684,0.255596196049744,0.680757545380238,0.810060376942981,0.992780351761054,0.68414445133292,0,0.00596427917480469,0,0
MobileNet-Seg,9.50323497416665,0.477073977525437,0.416253248287267,0.466638086780782,0.636337063637882,0.974609874648248,0.47238065716057,0,0.268703699111939,100.5,0
K-Means,26.0081181937743,0.589475655096109,0.202740579258798,0.909003623749497,0.952333052112402,0.950913685847589,0.953756661900429,0,0.310979843139648,99.7,0
Otsu,12.2483409487245,0.402842414607545,0.123011015911873,0.0222615529503459,0.0435535365408136,0.0425974832996738,0.0445534901858833,0,0.0015256404876709,654.2,0
Adaptive Thresholding,10.9880387130253,0.24364663551361,0.064331105059008,0.32922865119125,0.495367972840785,0.444404294858559,0.559534641882231,0,0.00147819519042969,0,0
Region Growing,6.43444533940478,0.000357787833348464,0.00138440239963083,9.74912257896789E-05,0.000194963444354184,1,9.74912257896789E-05,0,0.00242304801940918,410.6,0
Split and Merge,12.2483409487245,0.402842414607545,0.123011015911873,0.0222615529503459,0.0435535365408136,0.0425974832996738,0.0445534901858833,0,0.0123136043548584,81,0
MobileNet-Seg,7.84338859888022,0.486123191210779,0.588398749565822,0.859542873780754,0.924466852472364,0.892034809935336,0.959346158845704,0,0.262460708618164,102.9,0
K-Means,23.5729928628819,0.604596234323904,0.130614352090862,0.648884795379867,0.787058983378372,0.929503637141635,0.68247152768687,0,0.277806997299194,100.8,0
Otsu,13.7366439974126,0.279642625595151,0.108976283398379,0.259712430625496,0.412336060693691,0.588578088578089,0.317319020814243,0,0.00170469284057617,585.8,0
Adaptive Thresholding,15.9546745803949,0.418357220485821,0.0541708208707212,0.427692918071811,0.599138529943032,0.57883432588109,0.620918968451368,0,0.00126504898071289,0,0
Region Growing,11.1305375077085,0.159438124157732,0.0565843621399177,0.473805471920408,0.642968805514105,1,0.473805471920408,0,0.0346446037292481,115.4,0
Split and Merge,13.7366439974126,0.279642625595151,0.108976283398379,0.259712430625496,0.412336060693691,0.588578088578089,0.317319020814243,0,0.0131657123565674,75.9,0
MobileNet-Seg,12.1191643036677,0.233420286518505,0,0,0,0,0,0,0.271615982055664,99.4,0
K-Means,25.2664511524247,0.74368171860067,0.177981215075496,0.412264995523724,0.583835182250396,0.987101781358563,0.414497881651846,0,0.294337034225464,98.5,0
Otsu,14.3429984578739,0.472617615496945,0.252358048597664,0.621130727908015,0.766293201671098,0.987036176405841,0.626239582848364,0,0.00139832496643066,714.7,0
Adaptive Thresholding,11.7331664592175,0.306222596346834,0.15375568449114,0.554412059681227,0.713339884656999,0.989698672395747,0.557629933112963,0,0.00160408020019531,0,0
Region Growing,7.40263433310422,0.00155985909832924,0.00647985989492119,0.00263823579620404,0.00526258764530159,1,0.00263823579620404,0,0.00227689743041992,436.7,0
Split and Merge,14.3429984578739,0.472617615496945,0.252358048597664,0.621130727908015,0.766293201671098,0.987036176405841,0.626239582848364,0,0.00354385375976563,284.5,0
MobileNet-Seg,7.52201323382952,0.0203766273310692,0.0296566077003122,0.025823672734609,0.0503471959577011,1,0.025823672734609,0,0.262041091918945,99.2,0
K-Means,22.0168854133552,0.811877927390103,0.381732849338173,0.44822297276361,0.618997186473678,0.989872378280357,0.450287937743191,0,0.38583779335022,98.5,0
Otsu,13.3229025867188,0.606637922167364,0.479038002810182,0.581739438681935,0.735569240363254,0.983506175412997,0.587470817120623,0,0.00151348114013672,0,0
Adaptive Thresholding,11.0109064986582,0.550931375919053,0.476512226512227,0.495584784488082,0.662730444476558,0.983878877038127,0.499642023346304,0,0.00157833099365234,633.7,0
Region Growing,6.02697157924493,6.24071699215087E-05,0.000135931128228364,3.11284046692607E-05,6.22548714436905E-05,1,3.11284046692607E-05,0,0.00193953514099121,0,0
Split and Merge,13.3229025867188,0.606637922167364,0.479038002810182,0.581739438681935,0.735569240363254,0.983506175412997,0.587470817120623,0,0.0302910804748535,99,0
MobileNet-Seg,6.02685573166468,5.42800250260868E-05,0,0,0,0,0,0,0.266853809356689,97.4,0
K-Means,22.2403928089003,0.811055267534062,0.358688497613954,0.406093279839519,0.57761925991975,0.715300526335161,0.484384736173076,0,0.308359861373901,100.5,0
Otsu,17.6191358758126,0.714313880148445,0.563571294029007,0.620835587848806,0.766068554396423,0.734264295835809,0.800752723012886,0,0.00145554542541504,686.1,0
Adaptive Thresholding,11.5078326845658,0.570112676665601,0.47640016513004,0.398302632847912,0.569694461687013,0.637857540001236,0.514693053513123,0,0.00176358222961426,0,0
Region Growing,6.35285591312324,0.000587937159791529,0.000393545848091303,0,0,0,0,0,0.00212335586547852,0,0
Split and Merge,17.6191358758126,0.714313880148445,0.563571294029007,0.620835587848806,0.766068554396423,0.734264295835809,0.800752723012886,0,0.0394115447998047,101.5,0
MobileNet-Seg,7.61356888603211,0.349036591689706,0.342516467137843,0.0430569612902155,0.0825591753626877,0.114101042078881,0.0646793449814312,0,0.267916202545166,100.8,0
K-Means,25.6939987361809,0.659279935015305,0.18363136176066,0.354758238373884,0.523721839550797,0.980256999404306,0.357311247596005,0,0.26453709602356,102.1,0
Otsu,12.7613476105801,0.503795918041842,0.108104886769964,0.618233574396061,0.764084473561601,0.987368834934755,0.623162106830449,0,0.00143265724182129,0,0
Adaptive Thresholding,11.6849281047985,0.215504254684181,0.0868511955497735,0.667799372655145,0.800814994422267,0.987270123434339,0.673599478875861,0,0.00130176544189453,0,0
Region Growing,6.60207486120396,0.147776164586982,0.199971164936563,0.298749091583814,0.460056670714575,0.98990675274106,0.299661889695391,0,0.038609504699707,77.7,0
Split and Merge,12.7613476105801,0.503795918041842,0.108104886769964,0.618233574396061,0.764084473561601,0.987368834934755,0.623162106830449,0,0.0125722885131836,79.5,0
MobileNet-Seg,5.78197487089875,0.000257211190615149,0,0,0,0,0,0,0.292961120605469,102.4,0
K-Means,27.7051761358162,0.763889006680522,0.311566131710017,0.421595693816802,0.593130234778458,0.991979968065031,0.423037637736783,0,0.316717147827148,101,0
Otsu,9.45111630807858,0.29455306871135,0.103421970357454,0.434721601159545,0.606001332674161,0.991663735490679,0.436316082703974,0,0.00151991844177246,0,0
Adaptive Thresholding,10.9460149179561,0.156492095866504,0.0464380398529035,0.646130416724353,0.785029436501262,0.990776996744822,0.650040237712022,0,0.00121927261352539,813,0
Region Growing,6.01325567909867,-0.000226590167934535,0.0160642570281125,0.000959514671288845,0.0019171897708649,1,0.000959514671288845,0,0.00209975242614746,473.2,0
Split and Merge,9.45111630807858,0.29455306871135,0.103421970357454,0.434721601159545,0.606001332674161,0.991663735490679,0.436316082703974,0,0.00204777717590332,483.2,0
MobileNet-Seg,6.01011658350189,0.000274969659768314,0,0,0,0,0,0,0.336556911468506,101,0
K-Means,21.8376487989432,0.795734010820364,0.378173566810806,0.393249922767995,0.564507367043981,0.987778381314503,0.395172681412495,0,0.568069934844971,96.8,0
Otsu,15.8733230245825,0.691758410953848,0.524198273504941,0.650067646516204,0.78792848025194,0.985571768215934,0.656313542879317,0,0.00203394889831543,490.3,0
Adaptive Thresholding,10.8878726982689,0.531586363831057,0.448228128460687,0.489093597880338,0.656901082076428,0.984770943829286,0.492821109817617,0,0.00263619422912598,0,0
Region Growing,5.98371190706066,-0.000140049623263358,0.00128748457700767,0.000776096235933256,0.00155098875533152,1,0.000776096235933256,0,0.00314474105834961,0,0
Split and Merge,15.8733230245825,0.691758410953848,0.524198273504941,0.650067646516204,0.78792848025194,0.985571768215934,0.656313542879317,0,0.0371963977813721,107.5,0
MobileNet-Seg,6.56050049673527,0.0776357405580438,0.0736468500443656,0.107613504074505,0.194315984192382,1,0.107613504074505,0,0.421029567718506,97.4,0
K-Means,23.628201218472,0.672779372450688,0.275011165698973,0.394154391917946,0.565438654718442,0.98390636430139,0.396712048061847,0,0.467749834060669,98.3,0
Otsu,14.7479021375596,0.416590280658734,0.248926566112518,0.452622192155717,0.623179508890771,0.979243588464225,0.457006690780384,0,0.0022737979888916,0,0
Adaptive Thresholding,12.9638743873504,0.357575291242423,0.160353212183261,0.608645506551024,0.756718001663369,0.984797213237124,0.614418554108388,0,0.00265622138977051,0,0
Region Growing,7.36584933333584,0.0273929169882504,0.0478933508887426,0.0952543583215611,0.173940158462433,1,0.0952543583215611,0,0.0240311622619629,83.2,0
Split and Merge,14.7479021375596,0.416590280658734,0.248926566112518,0.452622192155717,0.623179508890771,0.979243588464225,0.457006690780384,0,0.0256345272064209,116.8,0
MobileNet-Seg,8.75774892385561,0.499291572790016,0.795761078998073,0.496472284425903,0.663523527422182,0.976440422322775,0.502491578310073,0,0.4246506690979,98.9,0
K-Means,26.5336791614401,0.678073672491238,0.237110481586402,0.00537115166302377,0.0106849130376163,0.0130366836650765,0.00905197030268418,0,0.482197046279907,95.4,0
Otsu,14.7389859657761,0.358039621379989,0.20697012802276,0.0187482166535189,0.0368063793330697,0.0435036610063873,0.0318960593946316,0,0.001739501953125,0,0
Adaptive Thresholding,13.7167295433974,0.342178091318643,0.0711028958718423,0.370107881053274,0.540260932983982,0.512557019117421,0.571130782410051,0,0.00139331817626953,0,0
Region Growing,9.77230073335861,0.230900184865015,0.109661147055598,0.706429406416418,0.827962063663627,0.886693403762757,0.776527698458024,0,0.0582284927368164,103,0
Split and Merge,14.7389859657761,0.358039621379989,0.20697012802276,0.0187482166535189,0.0368063793330697,0.0435036610063873,0.0318960593946316,0,0.0155713558197021,64.2,0
MobileNet-Seg,9.15738876551395,0.155453339702233,0.135253372220197,0.305425471159338,0.46793245253303,1,0.305425471159338,0,0.268647432327271,100.5,0
K-Means,22.2224251782988,0.598630161424984,0.162423312883436,0.755281742162338,0.860581779004781,0.898485008260396,0.825747052172508,0,0.387030839920044,98.2,0
Otsu,14.4315794808506,0.573279516441978,0.203685258964143,0.478701825557809,0.647462277091907,0.566867236024845,0.754773057664351,0,0.00135374069213867,0,0
Adaptive Thresholding,12.2717048693815,0.325917139142714,0.113197826901461,0.390148553557467,0.561304836895388,0.496950080916221,0.644806977871103,0,0.00128626823425293,0,0
Region Growing,11.7319638226012,0.343229786668068,0.122934782608696,0.496073063459294,0.66316689415188,0.618966289618098,0.714165724438701,0,0.066481351852417,90.2,0
Split and Merge,14.4315794808506,0.573279516441978,0.203685258964143,0.478701825557809,0.647462277091907,0.566867236024845,0.754773057664351,0,0.0130035877227783,76.8,0
MobileNet-Seg,7.20671886947129,0.0315681456491954,0.0365585486531061,0.00339599757428745,0.00676900761513357,0.0524099204492279,0.00361815538685188,0,0.266782283782959,101.2,0
K-Means,26.4848575441219,0.718519916648631,0.137863534675615,0.434325500972612,0.605616369057229,0.991017331266732,0.436042096126722,0,0.275609731674194,101.6,0
Otsu,14.4686745821171,0.518323681293902,0.162767410104688,0.691226772672645,0.817426478626872,0.991534976240469,0.695330057812427,0,0.00118374824523926,853.8,0
Adaptive Thresholding,11.1231598670521,0.226656858927253,0.0734217377155874,0.579947343300128,0.734135027675996,0.988713022022732,0.583812520342845,0,0.0017249584197998,577.9,0
Region Growing,12.1531001012926,0.122418458301436,0.0838343353373414,0.624365717105973,0.768750178030555,0.992205882352941,0.627443078782994,0,0.0941927433013916,95.5,0
Split and Merge,14.4686745821171,0.518323681293902,0.162767410104688,0.691226772672645,0.817426478626872,0.991534976240469,0.695330057812427,0,0.00309038162231445,0,0
MobileNet-Seg,6.98110984218156,0.0324171219855783,0.0176304654442877,0.0488383266944621,0.0931284173193439,1,0.0488383266944621,0,0.26664400100708,101.2,0.0078125
K-Means,20.7948057413909,0.649217323594393,0.252630655910207,0.675978172529897,0.806667036133895,0.916247009945864,0.720497970497971,0,0.300456523895264,99.8,0
Otsu,22.7224378901683,0.807122926030223,0.622220412152806,0.56438734155385,0.721544244909658,0.650525771761385,0.80996930996931,0,0.00130939483642578,0,0
Adaptive Thresholding,11.5074234438714,0.442001585453454,0.304088839722589,0.463850077622533,0.633739868191804,0.646822328745941,0.621176121176121,0,0.00162887573242188,0,0
Region Growing,7.60405062058263,0.137270277883176,0.098295033358043,0.199129083787391,0.332122848957098,0.632163945814519,0.225225225225225,0,0.0285789966583252,104.9,0
Split and Merge,22.7224378901683,0.807122926030223,0.622220412152806,0.56438734155385,0.721544244909658,0.650525771761385,0.80996930996931,0,0.0274100303649902,109.3,0
MobileNet-Seg,9.67570996609753,0.624582384407978,0.685209949184274,0.296610300362906,0.457516495557514,0.440952293493733,0.475373725373725,0,0.291455030441284,99.5,0.00390625
K-Means,22.5606416898702,0.661610358335155,0.141503848431024,0.941105446740005,0.969659271546064,0.960432639649507,0.979064898813678,0,0.265255928039551,98,0
Otsu,10.7827456515893,0.481576290225287,0.123508616880247,0.261002444987775,0.413960252060107,0.410802638812534,0.417166782972784,0,0.00154733657836914,0,0
Adaptive Thresholding,11.2725340987643,0.196057030002395,0.0549927641099855,0.44927273057437,0.619997494048365,0.562487211549392,0.690607117934403,0,0.00116705894470215,0,0
Region Growing,8.77045338689751,0.310911727548189,0.121301775147929,0.363901651558425,0.533618609732781,0.584618965287937,0.490802512212142,0,0.0526001453399658,95,0
Split and Merge,10.7827456515893,0.481576290225287,0.123508616880247,0.261002444987775,0.413960252060107,0.410802638812534,0.417166782972784,0,0.00532221794128418,0,0
MobileNet-Seg,5.73313842930238,0.000463864153165635,0,0,0,0,0,0,0.273140668869019,98.8,0
K-Means,20.6236092855417,0.45980557399576,0.199320987654321,0.936867374464821,0.967404776203314,0.964975783838899,0.969846027720134,0,0.345646381378174,98.4,0
Otsu,14.1400435383692,0.655809319566758,0.451241950321987,0.61046298077764,0.758121096931849,0.658006862486332,0.894166474521559,0,0.00112318992614746,0,0
Adaptive Thresholding,8.08883958229148,0.3526638762162,0.336810989393149,0.394389561975769,0.565680599927816,0.591430008944544,0.542079778648836,0,0.00166964530944824,0,0
Region Growing,3.61534358930646,9.93671847588074E-05,0.000208217656857302,0,0,0,0,0,0.00189638137817383,0,0
Split and Merge,14.1400435383692,0.655809319566758,0.451241950321987,0.61046298077764,0.758121096931849,0.658006862486332,0.894166474521559,0,0.0257904529571533,77.5,0
MobileNet-Seg,3.61524251513799,8.82181502506447E-05,0,0,0,0,0,0,0.268001794815064,100.7,0
K-Means,21.8043580262136,0.821941272105268,0.4270381613183,0.296912367611889,0.457875759421769,0.517761394101877,0.410407012780024,0,0.294489145278931,101.9,0
Otsu,16.5759142089693,0.721613657416519,0.565617694659234,0.483477622323568,0.651816535751039,0.583383854871054,0.738437472329624,0,0.0015406608581543,0,0
Adaptive Thresholding,11.4251099418483,0.591630902310578,0.494204461217063,0.349847032429125,0.518350633848571,0.531019751099003,0.50627195183141,0,0.00187444686889648,0,0
Region Growing,6.0785917462827,0.000627517231756016,0.000462342225715475,0,0,0,0,0,0.00184369087219238,0,0
Split and Merge,16.5759142089693,0.721613657416519,0.565617694659234,0.483477622323568,0.651816535751039,0.583383854871054,0.738437472329624,0,0.0370578765869141,80.9,0
MobileNet-Seg,10.4822390596309,0.724347717985184,0.694401526856312,0.241500854492188,0.389046618241707,0.333326313129186,0.467134972403412,0,0.27359938621521,102.3,0
K-Means,22.2938087974366,0.699611056067787,0.368100981193786,0.443438914027149,0.614420062695925,0.840362225097025,0.484228909760825,0,0.248751640319824,100.5,0
Otsu,19.1731965050538,0.749474856356356,0.588321396832035,0.665777363963545,0.799359360220139,0.806940254779835,0.791919579153622,0,0.00128006935119629,0,0
Adaptive Thresholding,10.6871621325142,0.512411063001511,0.389705031810295,0.466393900614625,0.636109984389788,0.752121846296942,0.551104295785147,0,0.00160121917724609,0,0
Region Growing,5.91883617703938,0.00309955624295748,0.000274404884406942,0,0,0,0,0,0.00212645530700684,0,0
Split and Merge,19.1731965050538,0.749474856356356,0.588321396832035,0.665777363963545,0.799359360220139,0.806940254779835,0.791919579153622,0,0.0232100486755371,129.2,0
MobileNet-Seg,6.14458245993375,0.0995256404827614,0.127906976744186,0.00159657394015665,0.00318805791013427,0.0133417045989641,0.00181032095925713,0,0.268869638442993,100.4,0
K-Means,21.7493010727802,0.827151868094541,0.392749805202033,0.330584418092626,0.496901081355686,0.553160548086867,0.451028958393718,0,0.348589181900024,100.4,0
Otsu,14.8687811631336,0.656379433229887,0.506647222410636,0.494802847135917,0.66203091341975,0.634219926626762,0.692392822323522,0,0.00156712532043457,0,0
Adaptive Thresholding,11.4228633356176,0.57258776471684,0.485560645289783,0.377672162948594,0.548275813514693,0.588756501753962,0.513003609918052,0,0.00180530548095703,551.4,0
Region Growing,6.15998960906146,0.000372621648659025,4.60553585409662E-05,0,0,0,0,0,0.00195527076721191,0,0
Split and Merge,14.8687811631336,0.656379433229887,0.506647222410636,0.494802847135917,0.66203091341975,0.634219926626762,0.692392822323522,0,0.0373976230621338,80.2,0
MobileNet-Seg,6.15976302011491,0.000373914870659807,0,0,0,0,0,0,0.266909837722778,97.4,0
K-Means,24.5500088171274,0.765288172692351,0.317990752416982,0.439559255782459,0.61068588044129,0.987484874675886,0.442021696405082,0,0.406180620193481,98.5,0
Otsu,13.79767756938,0.570185773470754,0.218668122270742,0.688309288826618,0.815382931767195,0.992672365937604,0.691824386016497,0,0.00189542770385742,526.5,0
Adaptive Thresholding,11.6063925851244,0.206588778337177,0.0895254756177564,0.65047809993831,0.78822990739789,0.994787489975942,0.652702765440505,0,0.00132608413696289,0,0
Region Growing,6.35211265035414,0.00491938513678747,0.0310262529832936,0.0097804051439979,0.0193713506306417,1,0.0097804051439979,0,0.00279712677001953,0,0
Split and Merge,13.79767756938,0.570185773470754,0.218668122270742,0.688309288826618,0.815382931767195,0.992672365937604,0.691824386016497,0,0.00885653495788574,112.7,0
MobileNet-Seg,6.29449703362806,0.000289416704010214,0,0,0,0,0,0,0.263046741485596,102.6,0
K-Means,22.3615789868929,0.72291271415249,0.34170718530524,0.649295377677565,0.787360937847121,0.96264259746772,0.666078760191985,0,0.313756942749023,98.8,0
Otsu,15.4806173918431,0.538351974458812,0.356724367509987,0.631971664698937,0.774488526203085,0.775139017608897,0.773839125657781,0,0.00156784057617188,0,0
Adaptive Thresholding,12.4898542312007,0.434459104710701,0.308774252264924,0.450863503129209,0.621510572368511,0.588684026790101,0.658214306366738,0,0.0014350414276123,0,0
Region Growing,6.94373682563956,0.0214044433689773,0.0595600382575428,0,0,0,0,0,0.00839543342590332,118.9,0
Split and Merge,15.4806173918431,0.538351974458812,0.356724367509987,0.631971664698937,0.774488526203085,0.775139017608897,0.773839125657781,0,0.0174746513366699,114.4,0
MobileNet-Seg,16.0841595043169,0.713864625744707,0.602978097134447,0.567292365968459,0.723913901817442,0.61747596595432,0.874689180593304,0,0.275497674942017,101.6,0
K-Means,22.012989439097,0.827081981098756,0.437226277372263,0.380576307363927,0.551329622758194,0.665695937873357,0.470498205615368,0,0.31451678276062,101.7,0
Otsu,16.1647568778392,0.695605323157092,0.54382312827507,0.590926558928824,0.742870946006077,0.716763573023233,0.770952079375132,0,0.00157642364501953,0,0
Adaptive Thresholding,11.6676956250519,0.59930758126865,0.484644396551724,0.374758430289884,0.545198955733425,0.597271984411339,0.501477728520161,0,0.00164222717285156,0,0
Region Growing,6.34169524745454,0.00060837910650509,0.000140950949069724,2.63880092885793E-05,5.27746259598385E-05,1,2.63880092885793E-05,0,0.00197768211364746,502.2,0
Split and Merge,16.1647568778392,0.695605323157092,0.54382312827507,0.590926558928824,0.742870946006077,0.716763573023233,0.770952079375132,0,0.0344350337982178,116.1,0
MobileNet-Seg,23.9934049107612,0.972107807623178,0.972980553477936,0.558844743182481,0.716998592228709,0.571832357143979,0.960945746252903,0,0.269152879714966,100.3,0
K-Means,23.1866999500494,0.642510667274184,0.255683663527119,0.286844448041437,0.445810600462257,0.508628421770172,0.396803627407076,0,0.303123712539673,102.3,0
Otsu,14.5674204971451,0.414294397268075,0.23046300832925,0.158895277922983,0.27421852681592,0.296254182775089,0.255233990147783,0,0.00159239768981934,0,0
Adaptive Thresholding,13.1063003100486,0.440867527288963,0.231316447779862,0.361755697938784,0.531307779341557,0.523948184836445,0.538877071204657,0,0.00142502784729004,0,0
Region Growing,8.21171544575099,0.00028440648399378,0.00298721472099415,0.00128750559785043,0.0025717001174037,1,0.00128750559785043,0,0.00190567970275879,0,0
Split and Merge,14.5674204971451,0.414294397268075,0.23046300832925,0.158895277922983,0.27421852681592,0.296254182775089,0.255233990147783,0,0.0163450241088867,61.1,0
MobileNet-Seg,8.86177968819837,0.248780195215178,0.365166685003851,0.432986635050658,0.604313570636129,0.920701312095342,0.449759292431706,0,0.259708881378174,100.1,0
K-Means,24.3470641690696,0.657360365640968,0.259354076408035,0.384525314973538,0.55546158790298,0.991665660103877,0.385772013908467,0,0.369888067245483,100,0
Otsu,17.4600388314529,0.643954233799195,0.246513864401346,0.682769001582819,0.811482741767413,0.98663527301267,0.689142624440059,0,0.00130319595336914,0,0
Adaptive Thresholding,12.5174270841129,0.295619619396703,0.105404179891999,0.609341135674036,0.75725540367652,0.981301887262846,0.616499075901388,0,0.00134825706481934,0,0
Region Growing,7.61672474905721,0.02035678351637,0.182451484491624,0.153298785675613,0.265844007779492,0.925389858997105,0.155217241487329,0,0.0214049816131592,139.8,0
Split and Merge,17.4600388314529,0.643954233799195,0.246513864401346,0.682769001582819,0.811482741767413,0.98663527301267,0.689142624440059,0,0.0118172168731689,169.1,0
MobileNet-Seg,7.47044729617974,0.000589361094541755,0,0,0,0,0,0,0.409092664718628,95.3,0
K-Means,22.3585789512313,0.562041222289142,0.273810378238714,0.0188230274386241,0.0369505339625985,0.034342345579209,0.0399874494491703,0,0.540947437286377,96.1,0
Otsu,13.8107403549145,0.509118378904242,0.40011030763574,0.0529647778472062,0.10060123370032,0.0911148199485163,0.112292567284898,0,0.0024559497833252,0,0
Adaptive Thresholding,10.7881122457779,0.40516370301508,0.27625146841487,0.317327852004111,0.481775059293472,0.436052423454977,0.538209454748292,0,0.00224471092224121,0,0
Region Growing,6.22990913142607,0.00147520726105795,0.000653961136023916,0.000244038488355878,0.000487957896204385,1,0.000244038488355878,0,0.00307965278625488,0,0
Split and Merge,13.8107403549145,0.509118378904242,0.40011030763574,0.0529647778472062,0.10060123370032,0.0911148199485163,0.112292567284898,0,0.0355002880096436,112.6,0
MobileNet-Seg,6.22974497462291,0.00149581200198795,0,0,0,0,0,0,0.424751758575439,94.2,0
K-Means,26.1568664983796,0.66743444723061,0.245338361617431,0.510320438799076,0.67577770344531,0.872280932604137,0.551531381623421,0,0.47871994972229,98.2,0
Otsu,12.5319407068917,0.3542293479532,0.176959468098709,0.0352033974072418,0.0680125229407319,0.0835892186966906,0.0573293120482554,0,0.00311589241027832,320.3,0
Adaptive Thresholding,12.3676138301368,0.309867964783747,0.1022896462919,0.381943070864726,0.552762380617795,0.553266305480308,0.552259372887525,0,0.00288128852844238,0,0
Region Growing,8.44724837206735,0.132220874947039,0.0893886314837835,0.366654158849281,0.536571972470347,0.906431663574521,0.381077427070875,0,0.377371072769165,92.7,0
Split and Merge,12.5319407068917,0.3542293479532,0.176959468098709,0.0352033974072418,0.0680125229407319,0.0835892186966906,0.0573293120482554,0,0.0223946571350098,89.3,0
MobileNet-Seg,9.99865132323956,0.664904462563127,0.78443258971872,0.865291863871986,0.927781738216353,0.866639579242004,0.998206021527742,0,0.37968635559082,97.4,0
K-Means,24.8591631394689,0.635143512918314,0.296520250998289,0.0442665002773156,0.0847800829875519,0.103749441442905,0.0716751326018017,0,0.419761419296265,100.1,0
Otsu,14.0604566043366,0.483520665603076,0.257434640522876,0.759969268135518,0.863616520918705,0.866704352741662,0.860550613195633,0,0.00138521194458008,0,0
Adaptive Thresholding,12.0640544319856,0.350263770700826,0.183482005536758,0.41371158392435,0.585284280936455,0.567627435985338,0.604074874414167,0,0.00147318840026855,0,0
Region Growing,7.95731007673759,0.0854432804399469,0.191339455351488,0.049812966409143,0.094898744829809,0.131084289671547,0.0743692644458788,0,0.0396673679351807,100.8,0
Split and Merge,14.0604566043366,0.483520665603076,0.257434640522876,0.759969268135518,0.863616520918705,0.866704352741662,0.860550613195633,0,0.0171687602996826,116.4,0
MobileNet-Seg,7.29959584007447,0.000261379837657236,0,0,0,0,0,0,0.270334959030151,99.9,0
K-Means,24.8205842071819,0.606369878410339,0.221753540222959,0.519726061280648,0.683973348252887,0.991564665978469,0.522034161490683,0,0.377418041229248,98,0
Otsu,12.4513106436424,0.408673119557249,0.109483743637686,0.590193022789341,0.742291048106965,0.989369406652527,0.593959627329193,0,0.00140213966369629,0,0
Adaptive Thresholding,11.8638831404283,0.205714270635931,0.0574610055675974,0.616985177301683,0.763130282160368,0.989291190582183,0.621133540372671,0,0.0012967586517334,0,0
Region Growing,12.8404315828616,0.340226479982127,0.0776699029126214,0.717899342196478,0.835787434761555,0.989111516746615,0.72361801242236,0,0.0972259044647217,102.8,0
Split and Merge,12.4513106436424,0.408673119557249,0.109483743637686,0.590193022789341,0.742291048106965,0.989369406652527,0.593959627329193,0,0.00269937515258789,0,0
MobileNet-Seg,7.77404597168176,0.150541455741592,0.311232449297972,0.173784977908689,0.296110414052698,0.990720282810429,0.174068322981366,0,0.266200065612793,101.4,0.375
K-Means,24.9828987588964,0.628964339238896,0.352297314496627,0.923898531375167,0.960444136016655,0.977242736427827,0.94421330470183,0,0.280726671218872,99.7,0
Otsu,16.3126238280292,0.703344632014688,0.356161419452559,0.874704297204452,0.933165084764361,0.915850007538392,0.951147496980271,0,0.00127983093261719,0,0
Adaptive Thresholding,10.4128566470583,0.309904029025888,0.179559859848038,0.490958032988275,0.658580620145646,0.718504613594903,0.607882610835235,0,0.00145983695983887,679.7,0
Region Growing,5.74276223844904,0.000407539180205896,0.000631911532385466,0,0,0,0,0,0.00171303749084473,576.9,0
Split and Merge,16.3126238280292,0.703344632014688,0.356161419452559,0.874704297204452,0.933165084764361,0.915850007538392,0.951147496980271,0,0.0175442695617676,113.9,0
MobileNet-Seg,5.74211970672797,0.000223748366746548,0,0,0,0,0,0,0.276185035705566,97.7,0.03125
K-Means,25.2184917062473,0.706938422052914,0.300839832033593,0.559617044893932,0.717633917539021,0.98182359146358,0.565475448654038,0,0.259114503860474,100.3,0
Otsu,17.4224851487955,0.699595644021283,0.293657817109145,0.712629342202513,0.832204989885368,0.984011226160356,0.720977691924227,0,0.00126957893371582,0,0
Adaptive Thresholding,11.6900842617465,0.278752348329354,0.160445656261753,0.643206467239544,0.782867497253805,0.985183959923439,0.649489032901296,0,0.00119447708129883,0,0
Region Growing,6.24250612469213,0.00394973912014357,0.188222599044242,0.101806290875117,0.184798891998078,0.995735607675906,0.101850697906281,0,0.0148065090179443,67.5,0
Split and Merge,17.4224851487955,0.699595644021283,0.293657817109145,0.712629342202513,0.832204989885368,0.984011226160356,0.720977691924227,0,0.0125973224639893,79.3,0
MobileNet-Seg,6.11505893536177,0.000553436427988304,0,0,0,0,0,0,0.268707036972046,100.5,0.00390625
K-Means,24.1335883747525,0.683114491301146,0.329979520968747,0.409643204520542,0.581201261719092,0.975406220130873,0.413918442482294,0,0.272348403930664,102.8,0
Otsu,16.9361321542672,0.583051554490229,0.311024894924022,0.566145593869732,0.722979518744312,0.969860064585576,0.576284671305108,0,0.00141453742980957,0,0
Adaptive Thresholding,12.4562967868938,0.413939564546673,0.252042955546999,0.56978410614396,0.725939451054306,0.979055234867341,0.576815075972669,0,0.00145912170410156,0,0
Region Growing,7.8709477596686,0.0534252824128283,0.187605396290051,0.17307302468462,0.295076301377147,0.997573251842531,0.173145923684128,0,0.0314080715179443,95.5,0
Split and Merge,16.9361321542672,0.583051554490229,0.311024894924022,0.566145593869732,0.722979518744312,0.969860064585576,0.576284671305108,0,0.0152168273925781,131.3,0
MobileNet-Seg,7.46463839431426,0.00102088478247113,0,0,0,0,0,0,0.266662836074829,101.2,0
K-Means,22.2230931867646,0.674320309178178,0.324837553215326,0.0751267160534362,0.139754160940602,0.139217401224474,0.140295075684997,0,0.301631450653076,99.5,0
Otsu,16.7102017646989,0.615167496482965,0.454327197896422,0.512723671786841,0.677881468174829,0.562335825419277,0.853190266334547,0,0.00166511535644531,0,0
Adaptive Thresholding,11.7803932528832,0.473346586177612,0.33300902864259,0.340618521078093,0.508151298408403,0.438342458519774,0.604406974516191,0,0.00144028663635254,0,0
Region Growing,6.79256434780594,0.00174524106443202,0.00106313379129866,0,0,0,0,0,0.00189805030822754,0,0
Split and Merge,16.7102017646989,0.615167496482965,0.454327197896422,0.512723671786841,0.677881468174829,0.562335825419277,0.853190266334547,0,0.0217275619506836,92,0
MobileNet-Seg,8.96395620833694,0.251642265108999,0.145408566461198,0.583309331797235,0.736822956933012,0.906000111838059,0.620885227054991,0,0.285733699798584,101.5,0
K-Means,23.6792536596268,0.673351770169061,0.337640746618303,0.774110292898918,0.872674372047086,0.91821373402612,0.831438671447827,0,0.321831703186035,99.4,0
Otsu,17.6419409914475,0.698235068609896,0.462903674832962,0.721112432831535,0.837960866560214,0.788393838150548,0.89417868314641,0,0.00120830535888672,0,0
Adaptive Thresholding,10.9083774768206,0.416889906308843,0.2828356771335,0.443151315284914,0.61414393707901,0.642956492711695,0.587802955163907,0,0.00145697593688965,0,0
Region Growing,6.21087275497556,0.00123967516340768,0.00114514743773261,0,0,0,0,0,0.00318074226379395,312.7,0
Split and Merge,17.6419409914475,0.698235068609896,0.462903674832962,0.721112432831535,0.837960866560214,0.788393838150548,0.89417868314641,0,0.025963306427002,115.5,0
MobileNet-Seg,6.37740889907555,0.04467117012192,0.0825125441367776,0.000374874065743539,0.00074946717567979,0.004739336492891,0.000406907250578571,0,0.265867948532105,97.8,0
K-Means,24.3056280162669,0.571560139216951,0.129541024277866,0.530967870930036,0.693636856804163,0.994411959558718,0.532556883918241,0,0.271837949752808,103,0
Otsu,12.0683955494352,0.392893204163767,0.149660360820977,0.589652466885125,0.741863368463839,0.995429046332849,0.591253374469726,0,0.00159001350402832,0,0
Adaptive Thresholding,11.3654860897954,0.255275120114313,0.0921155027646938,0.601225388321865,0.750956601995885,0.996580673148077,0.602468183571153,0,0.00137519836425781,0,0
Region Growing,9.20408066573069,0.175041855064192,0.134929906542056,0.354689208123547,0.523646613550345,0.99473184212799,0.355356729656768,0,0.0501835346221924,99.7,0
Split and Merge,12.0683955494352,0.392893204163767,0.149660360820977,0.589652466885125,0.741863368463839,0.995429046332849,0.591253374469726,0,0.00578403472900391,172.5,0
MobileNet-Seg,11.7840624174197,0.653361433074219,0.398575638506876,0.698066145223871,0.822189579819741,0.997294384197444,0.699390667180872,0,0.260756969451904,99.7,0
K-Means,21.8106215311288,0.714150652282541,0.341341341341341,0.554688898549983,0.71356899643051,0.91969131614654,0.582923486253326,0,0.352041959762573,99.4,0
Otsu,12.8830505970709,0.469398118017811,0.318757255790812,0.075695184190025,0.140737237281622,0.156359814772242,0.127952914617431,0,0.00187802314758301,0,0
Adaptive Thresholding,10.8839919357168,0.456073544802352,0.328475630315064,0.331629230797121,0.498080431290331,0.504704097116844,0.491628369480502,0,0.00164318084716797,0,0
Region Growing,5.57712810128916,0.000304153935010635,0.000317233721944643,2.68752183611492E-05,5.37489922063961E-05,1,2.68752183611492E-05,0,0.00195121765136719,0,0
Split and Merge,12.8830505970709,0.469398118017811,0.318757255790812,0.075695184190025,0.140737237281622,0.156359814772242,0.127952914617431,0,0.0174345970153809,114.6,0
MobileNet-Seg,5.69537932486166,0.0134905751142997,0.00015623779392235,0,0,0,0,0,0.276684999465942,97.6,0
K-Means,22.7864118652236,0.698280326320043,0.199622562382051,0.706476802939825,0.827994616419919,0.876797364920504,0.784338168631006,0,0.30466103553772,101.7,0
Otsu,16.4400534602607,0.674038953414872,0.181910865132537,0.536828644501279,0.698618738558828,0.601802170796641,0.83255893019039,0,0.00109553337097168,910.9,0
Adaptive Thresholding,13.856553171305,0.397912524734132,0.130602929055982,0.539284507676715,0.700695037190587,0.615061865821809,0.814029918404352,0,0.00107836723327637,0,0
Region Growing,11.6358380546018,0.390264602306965,0.108474183838852,0.485818313485678,0.653940403178858,0.626208935099956,0.684241840435177,0,0.069415807723999,100.8,0
Split and Merge,16.4400534602607,0.674038953414872,0.181910865132537,0.536828644501279,0.698618738558828,0.601802170796641,0.83255893019039,0,0.0129776000976563,77,0
MobileNet-Seg,6.50913004710149,0.000778313859716802,0,0,0,0,0,0,0.263741731643677,102.4,0
K-Means,21.7880451446738,0.579219977183063,0.161825726141079,0.54692965629302,0.707116388994252,0.914631845114541,0.576351399557659,0,0.292231321334839,99.2,0
Otsu,12.1436653265134,0.536878065083211,0.220495386109762,0.418448188030284,0.590008421261208,0.615545621333885,0.566505743299484,0,0.00160026550292969,0,0
Adaptive Thresholding,11.1420001987104,0.232891168517782,0.0992894626851809,0.510935351984432,0.676316629051507,0.672099577266322,0.680586934290946,0,0.00129008293151855,0,0
Region Growing,10.1997041588339,0.326228104889149,0.134750774429738,0.388365493757094,0.559457139353309,0.655041480536056,0.488216128802112,0,0.0556588172912598,107.8,0
Split and Merge,12.1436653265134,0.536878065083211,0.220495386109762,0.418448188030284,0.590008421261208,0.615545621333885,0.566505743299484,0,0.0113296508789063,88.2,0
MobileNet-Seg,5.86576545434474,0.000423998420914797,0,0,0,0,0,0,0.26179575920105,99.3,0
K-Means,21.6797999578632,0.749940202851114,0.325112107623318,0.224501847830228,0.366682742419764,0.403305841689196,0.336157225169719,0,0.30309534072876,99,0
Otsu,15.4210567665617,0.684924613893556,0.536355226641998,0.506823609689526,0.67270463036341,0.601701208398029,0.762707513263734,0,0.00156974792480469,0,0
Adaptive Thresholding,10.6392348497727,0.524973973974265,0.454883658008658,0.36046005226067,0.529909057839214,0.540856031128405,0.519396428775173,0,0.00141000747680664,0,0
Region Growing,5.75863742172247,0.00117807175731208,0.000100190361687206,0,0,0,0,0,0.0017998218536377,0,0
Split and Merge,15.4210567665617,0.684924613893556,0.536355226641998,0.506823609689526,0.67270463036341,0.601701208398029,0.762707513263734,0,0.0451047420501709,88.7,0
MobileNet-Seg,38.0648467451815,0.999491382576709,0.998547894446948,0.534760909049283,0.696865428219102,0.534932364347003,0.999400992640767,0,0.263060331344605,102.6,0
K-Means,25.0308250715437,0.864133944377628,0.431878963857263,0.267303199593702,0.421845695141305,0.434673449836477,0.4097533632287,0,0.338812589645386,97.4,0
Otsu,11.9605550551817,0.455953863490783,0.435452535673612,0.213584571560551,0.351989596054113,0.358650334507611,0.345571748878924,0,0.00194835662841797,0,0
Adaptive Thresholding,11.8811389429844,0.494484898945789,0.447454491393835,0.319508260327963,0.484283835022828,0.481370950373812,0.487232187344295,0,0.00161409378051758,0,0
Region Growing,7.1485221921903,0.000335050162717781,0.000503676840938854,0,0,0,0,0,0.00210976600646973,0,0
Split and Merge,11.9605550551817,0.455953863490783,0.435452535673612,0.213584571560551,0.351989596054113,0.358650334507611,0.345571748878924,0,0.0374715328216553,80,0
MobileNet-Seg,7.14455241554662,6.15272370696709E-05,0,0,0,0,0,0,0.28900933265686,100.3,0
K-Means,25.9207988859979,0.78027003396454,0.218294794743812,0.450621664147102,0.62128075884217,0.987959956709957,0.453109973631146,0,0.400016069412231,100,0
Otsu,11.9586324171627,0.306040495521265,0.263432684509327,0.45671595810228,0.627048746959924,0.985049833887043,0.459903831239336,0,0.00253582000732422,0,0
Adaptive Thresholding,11.950718607388,0.310412834054955,0.19962736225712,0.55369546133588,0.712746448856596,0.987339686375745,0.557654723127036,0,0.00220489501953125,0,0
Region Growing,8.20146760963824,0.00299619557021911,0.0617130550033135,0.174198047419805,0.296709823019361,0.994690735333156,0.174360167519777,0,0.04746413230896,105.3,0
Split and Merge,11.9586324171627,0.306040495521265,0.263432684509327,0.45671595810228,0.627048746959924,0.985049833887043,0.459903831239336,0,0.02451491355896,122.2,0
MobileNet-Seg,7.52219657202652,0.000310051868576112,0,0,0,0,0,0,0.429155349731445,97.9,0
K-Means,24.0392851938883,0.617950485394008,0.0407925407925408,0.379972501583476,0.550695758281371,0.968918652747686,0.384661099121079,0,0.393368482589722,99.1,0
Otsu,10.2194235833749,0.357751868489305,0.106193110833482,0.432896674676382,0.604225946402103,0.98023659915049,0.436708266866848,0,0.00262856483459473,0,0
Adaptive Thresholding,11.293051568623,0.187480179890647,0.0508511952015524,0.647941235723473,0.786364491254467,0.986155007311666,0.653889462325232,0,0.00191783905029297,515.2,0
Region Growing,9.13644546927924,0.246926561797558,0.0734293193717278,0.474240709446365,0.643369439478389,0.982053422370618,0.478386662913265,0,0.114046335220337,96.4,0
Split and Merge,10.2194235833749,0.357751868489305,0.106193110833482,0.432896674676382,0.604225946402103,0.98023659915049,0.436708266866848,0,0.00746703147888184,133.7,0
MobileNet-Seg,6.29479077910654,0.000374562651391128,0,0,0,0,0,0,0.419449329376221,97.7,0
K-Means,31.7803323125364,0.911774797176945,0.573872472783826,0.692073822837413,0.81801847354022,0.982496855073093,0.700713103469612,0,0.375476598739624,95.9,0
Otsu,35.771221033926,0.613442053106858,0.738075990299111,0.298474474103155,0.459730984406618,0.997314465733616,0.298714557520071,0,0.00334572792053223,0,0
Adaptive Thresholding,18.1366371276687,0.76327762857975,0.133392356499926,0.858001421376263,0.92357455866823,0.998579494371921,0.859049917242873,0,0.00123238563537598,0,0
Region Growing,19.0262234189209,0.414534761700719,0.0827655816300782,0.223614398193265,0.365498147984274,1,0.223614398193265,0,0.0488064289093018,102.4,0
Split and Merge,35.771221033926,0.613442053106858,0.738075990299111,0.298474474103155,0.459730984406618,0.997314465733616,0.298714557520071,0,0.0257260799407959,77.7,0
MobileNet-Seg,12.6031190590058,0.265322528180966,0.000841042893187553,0.00420746515692917,0.00837967313113264,1,0.00420746515692917,0,0.378660678863525,100.3,0
K-Means,20.1199338745656,0.529933092772057,0.190427753091707,0.832999721990548,0.908892360426494,0.9424401597836,0.877650849443468,0,0.2639319896698,102.3,0
Otsu,17.057681036456,0.805408512717719,0.646458758379481,0.604555508838638,0.75354888691412,0.616605138531529,0.968687756297598,0,0.00119423866271973,0,0
Adaptive Thresholding,8.48713739970934,0.405978605916615,0.401479791169657,0.35355374165639,0.522408133161723,0.515924476563169,0.529056824838899,0,0.00180435180664063,0,0
Region Growing,5.30729966070282,0.0315269713167765,0.106569528569613,0.237729988052569,0.384138689936099,0.563395435755139,0.291417691857059,0,0.0386221408843994,103.5,0
Split and Merge,17.057681036456,0.805408512717719,0.646458758379481,0.604555508838638,0.75354888691412,0.616605138531529,0.968687756297598,0,0.0300536155700684,99.8,0
MobileNet-Seg,3.98634919959638,0.00220943771287994,0.00529692189982932,0.011892208553017,0.0235048920280206,1,0.011892208553017,0,0.267842054367065,100.8,0
K-Means,21.3969356705372,0.725146429639,0.381964964119882,0.417863086997776,0.58942656851667,0.990085873290827,0.419618869103405,0,0.262983798980713,98.9,0
Otsu,17.0535041192307,0.677015821192564,0.477667364016736,0.638326857284394,0.779242376997288,0.986199803879362,0.64407997500781,0,0.00142669677734375,0,0
Adaptive Thresholding,11.7714773925553,0.499000598989306,0.360778270082836,0.539932543243494,0.701241811678656,0.982710069835549,0.545110902842862,0,0.00244235992431641,408.5,0
Region Growing,6.74893800144895,0.00189383538028928,0.000147297098247165,1.56201187129022E-05,3.12397494572094E-05,1,1.56201187129022E-05,0,0.00179672241210938,0,0
Split and Merge,17.0535041192307,0.677015821192564,0.477667364016736,0.638326857284394,0.779242376997288,0.986199803879362,0.64407997500781,0,0.0220177173614502,90.8,0
MobileNet-Seg,6.74888935035286,0.00188684596470958,0,0,0,0,0,0,0.265357255935669,101.7,0
K-Means,26.8093099856877,0.711801705940267,0.171110644551753,0.387981519538916,0.559058624451718,0.990571248224712,0.389419647011384,0,0.271054983139038,99.6,0
Otsu,14.913117850764,0.513209060367139,0.181411661551951,0.6399150350942,0.780424621276116,0.988351084062381,0.644778063835727,0,0.00158596038818359,0,0
Adaptive Thresholding,12.2140038341824,0.265608145765779,0.0836266537201117,0.575931011076486,0.730908912926435,0.990869761392892,0.579003691181488,0,0.00167036056518555,0,0
Region Growing,11.6876605710748,0.0659328449307214,0.0927165226431031,0.556246048512699,0.714856174631643,0.989819718464451,0.55944663296008,0,0.079664945602417,100.4,0
Split and Merge,14.913117850764,0.513209060367139,0.181411661551951,0.6399150350942,0.780424621276116,0.988351084062381,0.644778063835727,0,0.00331783294677734,0,0
MobileNet-Seg,9.55437535465266,0.346609199799467,0.405759908753921,0.346237514553588,0.514378051139661,0.965895978460618,0.350522658891405,0,0.282793283462524,102.5,0
K-Means,21.4053101498992,0.721678641625256,0.364741008193306,0.0266034353131687,0.0518280660244493,0.0611756361379555,0.0449584622902753,0,0.253357172012329,98.7,0
Otsu,17.7213961609494,0.661432044094457,0.504174463797323,0.250918468277519,0.401174776199486,0.354025967553019,0.462811532822935,0,0.00135016441345215,0,0
Adaptive Thresholding,11.1405123926818,0.461424069160602,0.335687031270558,0.298494889363136,0.459755200899615,0.412356470466536,0.519465711027855,0,0.00124406814575195,0,0
Region Growing,5.52876606426708,0.00318694051505159,0,3.25785958625183E-05,6.51550690643732E-05,1,3.25785958625183E-05,0,0.0018460750579834,539.7,0
Split and Merge,17.7213961609494,0.661432044094457,0.504174463797323,0.250918468277519,0.401174776199486,0.354025967553019,0.462811532822935,0,0.0243747234344482,123,0
MobileNet-Seg,5.95988763363528,0.0669854913365927,0.0856080529609141,0.00856578691214506,0.0169860747276989,0.0552962298025135,0.0100342075256556,0,0.275381326675415,101.7,0
K-Means,22.0643226118527,0.723742739460914,0.350025478297123,0.514273565395543,0.679234686714233,0.850720977075807,0.565285744635649,0,0.341129779815674,99.7,0
Otsu,12.6420350081983,0.494122462187964,0.390370339650811,0.352724154112526,0.521501967773963,0.596764037561256,0.463097514340344,0,0.00177431106567383,0,0
Adaptive Thresholding,10.4230649905123,0.43509172813385,0.375051475634866,0.427628600285585,0.599075418074479,0.703376965600206,0.521712343318462,0,0.00171232223510742,0,0
Region Growing,5.66958561664548,0.000130325018077538,0.000246989811670269,4.24899086466964E-05,8.49762066621346E-05,1,4.24899086466964E-05,0,0.00185680389404297,0,0
Split and Merge,12.6420350081983,0.494122462187964,0.390370339650811,0.352724154112526,0.521501967773963,0.596764037561256,0.463097514340344,0,0.027874231338501,71.7,0
MobileNet-Seg,6.74847856952786,0.107697980594113,0.0486978237602569,0.017524269221764,0.0344449164542623,0.103225122002971,0.0206713405566178,0,0.276762008666992,104.8,0
K-Means,22.0823807839592,0.62827724545081,0.284467500762893,0.573884714163417,0.729258895520133,0.869594984145287,0.627923919548305,0,0.316629886627197,97.9,0
Otsu,20.7231236016442,0.761565270407006,0.568490722136863,0.538718303034654,0.700216929859346,0.634530427614196,0.781073556578982,0,0.00129151344299316,0,0
Adaptive Thresholding,11.8829076978653,0.48465155965469,0.343261237836347,0.406410793916988,0.577940379403794,0.602991489241383,0.554887726693206,0,0.0016942024230957,597.9,0
Region Growing,7.14839012487803,0.00674256228254918,0.00047717512327024,0,0,0,0,0,0.00214886665344238,0,0
Split and Merge,20.7231236016442,0.761565270407006,0.568490722136863,0.538718303034654,0.700216929859346,0.634530427614196,0.781073556578982,0,0.0208899974822998,95.6,0
MobileNet-Seg,7.20368936180552,0.0470832189592247,0.0413809411208324,0.0414326373321915,0.0795685401954145,0.564322469982847,0.0428017589051076,0,0.271753787994385,99.3,0
K-Means,23.2718993314073,0.659240128392811,0.2275,0.634891700621917,0.776677379156555,0.90600971653724,0.679656785376073,0,0.307803869247437,100.7,0
Otsu,14.4256078850947,0.544416265465397,0.22565714784735,0.520640450977706,0.684764699824941,0.620877197077566,0.763308175739662,0,0.00135445594787598,735.1,0
Adaptive Thresholding,11.4987247278676,0.276942881358832,0.126840136866396,0.419250373663435,0.590805373658273,0.557881584986486,0.627858926162941,0,0.00148940086364746,667,0
Region Growing,6.61983542968462,0.00383415691163001,0.0340080971659919,0,0,0,0,0,0.00555539131164551,0,0
Split and Merge,14.4256078850947,0.544416265465397,0.22565714784735,0.520640450977706,0.684764699824941,0.620877197077566,0.763308175739662,0,0.0139939785003662,71.4,0
MobileNet-Seg,6.60122481058369,0.000308305609187648,0,0,0,0,0,0,0.270467281341553,99.8,0
K-Means,21.5967976502112,0.691588554335801,0.341428571428571,0.507705413149539,0.673480918383071,0.988928108124416,0.510607807096794,0,0.320988178253174,99.7,0
Otsu,14.8480876189998,0.610807302125852,0.379451494064675,0.602686991744226,0.752095692856798,0.987736590062584,0.607230754852176,0,0.00142168998718262,0,0
Adaptive Thresholding,10.7593894220143,0.36563099411679,0.25915357099795,0.585164835164835,0.738301559792028,0.984574633842319,0.590579145767781,0,0.00160431861877441,0,0
Region Growing,5.56579787527092,9.68735534191784E-05,0.00395474019553993,0.00168229539861055,0.00335894006780083,1,0.00168229539861055,0,0.00219058990478516,454.7,0
Split and Merge,14.8480876189998,0.610807302125852,0.379451494064675,0.602686991744226,0.752095692856798,0.987736590062584,0.607230754852176,0,0.0191268920898438,104.5,0
MobileNet-Seg,5.56401289381409,0.000736884729510338,0,0,0,0,0,0,0.274701833724976,101.9,0
K-Means,23.5301751081946,0.693214485689152,0.272660357518402,0.791064803851922,0.883345819928606,0.965022507883778,0.81441602502895,0,0.281445980072022,99.5,0
Otsu,23.8758295089557,0.891777122544785,0.638226402418542,0.761733393312341,0.864754447186995,0.808945822569801,0.928834081628507,0,0.000949859619140625,0,0
Adaptive Thresholding,10.1793102921701,0.30904889138767,0.219181574809842,0.542947872561949,0.703779929597265,0.788255151912128,0.635658127298214,0,0.00166797637939453,596.1,0
Region Growing,5.91447410528678,0.112909513350194,0.0843314353033575,0.159858558326274,0.275651814919496,0.631043256997455,0.176340328708124,0,0.0266027450561523,75.1,0
Split and Merge,23.8758295089557,0.891777122544785,0.638226402418542,0.761733393312341,0.864754447186995,0.808945822569801,0.928834081628507,0,0.0157716274261475,126.7,0
MobileNet-Seg,4.91600291353877,0.00259317309358715,0,0,0,0,0,0,0.27349591255188,98.7,0
K-Means,26.8850592010019,0.609367491427333,0.104772663089523,0.347138577473054,0.515371741672207,0.999111111111111,0.347245821619451,0,0.298228025436401,104,0
Otsu,10.5117901520023,0.240587063746615,0.0841252844331415,0.395907008210585,0.567239803055504,0.988483243118738,0.397741666409219,0,0.00161170959472656,0,0
Adaptive Thresholding,11.3337083676913,0.234366930078721,0.0617959183673469,0.55415284432977,0.713125284107753,0.989741057713408,0.557354258704316,0,0.0017085075378418,0,0
Region Growing,11.0616062719578,0.263965741991668,0.0753002528445006,0.664750368912937,0.798618677402079,0.992700394821412,0.668015694028237,0,0.0815553665161133,98.1,0
Split and Merge,10.5117901520023,0.240587063746615,0.0841252844331415,0.395907008210585,0.567239803055504,0.988483243118738,0.397741666409219,0,0.00199317932128906,0,0
MobileNet-Seg,7.13254389945456,0.000287307394371708,0,0,0,0,0,0,0.267507314682007,97.2,0.0078125
K-Means,21.3046047595133,0.794760333280123,0.386946720578237,0.330442855449769,0.496741147650509,0.537823501044848,0.461489655172414,0,0.317365407943726,100.8,0
Otsu,14.5258037878113,0.650045619022822,0.514180708688718,0.409094924297299,0.580649205732268,0.532211726309499,0.638786206896552,0,0.00151348114013672,0,0
Adaptive Thresholding,10.6399339168288,0.522670238422388,0.473583156779661,0.359517684256004,0.528890044490669,0.555127660864819,0.505020689655172,0,0.00152301788330078,0,0
Region Growing,5.68928171914963,0.000437863150620505,0.000140957571770897,0,0,0,0,0,0.0016782283782959,0,0
Split and Merge,14.5258037878113,0.650045619022822,0.514180708688718,0.409094924297299,0.580649205732268,0.532211726309499,0.638786206896552,0,0.0334429740905762,89.7,0
MobileNet-Seg,9.82096922717322,0.671163190167998,0.632511591608135,0.2222900390625,0.363727154698891,0.332193186482419,0.401875862068966,0,0.259648323059082,100.1,0
K-Means,20.6532498006333,0.680116355327915,0.344689595500757,0.209550042711947,0.346492555598795,0.487765288317169,0.268675398989673,0,0.272846698760986,98.9,0
Otsu,14.5980548513041,0.555277139468981,0.417583603020496,0.556382347877652,0.714968720425746,0.794156996587031,0.650140819884662,0,0.00144433975219727,0,0
Adaptive Thresholding,10.7865252240507,0.325420999206399,0.182545392982605,0.530281285878301,0.693050736190566,0.728689049943302,0.660735839778265,0,0.00138092041015625,0,0
Region Growing,5.56027843451472,0.00130260859290001,0.00527031621897314,0,0,0,0,0,0.0030205249786377,0,0
Split and Merge,14.5980548513041,0.555277139468981,0.417583603020496,0.556382347877652,0.714968720425746,0.794156996587031,0.650140819884662,0,0.0174908638000488,114.3,0
MobileNet-Seg,5.69653160232538,0.0994285394202914,0.0996234703482899,0.00228705412054121,0.00456367087879427,0.016052880075543,0.00265993115472305,0,0.274947881698608,101.8,0
K-Means,22.3646072117844,0.721034521375589,0.338464654648572,0.639571500871619,0.780169087510504,0.959748533817139,0.657199815093031,0,0.333491086959839,101.9,0
Otsu,15.4823814180629,0.538455520442909,0.355644355644356,0.627147361980515,0.770855027189633,0.771747943936059,0.769964174274818,0,0.00162363052368164,0,0
Adaptive Thresholding,12.4879301493574,0.434411859337671,0.307921283280966,0.447838457282858,0.618630421135948,0.586199762064863,0.654859586270658,0,0.00136852264404297,0,0
Region Growing,6.84073597675058,0.00488851356146028,0.00813700444696755,0,0,0,0,0,0.00228786468505859,0,0
Split and Merge,15.4823814180629,0.538455520442909,0.355644355644356,0.627147361980515,0.770855027189633,0.771747943936059,0.769964174274818,0,0.0168581008911133,59.3,0
MobileNet-Seg,7.89821945313673,0.0941409285388238,0.00539956803455724,0.242574829538888,0.390438988095238,1,0.242574829538888,0,0.272876262664795,102.6,0
K-Means,22.2325268266324,0.8390271220763,0.426533318994874,0.444811796662786,0.615736662297759,0.98830873223893,0.447164747370721,0,0.31366753578186,98.8,0
Otsu,16.0825240899385,0.696299865284072,0.532360538993228,0.645813371248416,0.78479538753357,0.985380116959064,0.652061292638018,0,0.00160861015319824,0,0
Adaptive Thresholding,11.6675299175757,0.58976133089317,0.495725331244252,0.503455435725796,0.669731105774681,0.986339212531496,0.506990606372687,0,0.00150394439697266,658,0
Region Growing,6.31654899155132,0.000519318484081806,9.29195316855603E-05,9.36241924913398E-05,0.00018723085564501,1,9.36241924913398E-05,0,0.00193595886230469,0,0
Split and Merge,16.0825240899385,0.696299865284072,0.532360538993228,0.645813371248416,0.78479538753357,0.985380116959064,0.652061292638018,0,0.0430524349212647,92.9,0
MobileNet-Seg,6.32284645040914,0.0216636334941549,0.000598802395209581,0.0305559021712004,0.0592998441070969,0.986901763224181,0.0305682988484224,0,0.380333423614502,97.3,0
K-Means,21.4648878708754,0.685321428106654,0.30229536595929,0.720025341851011,0.837226434206084,0.889425114944403,0.790814995216143,0,0.444373369216919,96.8,0
Otsu,19.7727202229895,0.790771373185506,0.605979221146371,0.558966283808818,0.717098617993417,0.607567153960775,0.874807920906903,0,0.00170111656188965,0,0
Adaptive Thresholding,10.1084483961489,0.402901195869994,0.314686416640403,0.414387190455634,0.585960044395117,0.561813296443108,0.612275666115798,0,0.0020906925201416,0,0
Region Growing,5.01855686505696,0.00283166675567353,0.0194378996970717,0,0,0,0,0,0.0089263916015625,0,0
Split and Merge,19.7727202229895,0.790771373185506,0.605979221146371,0.558966283808818,0.717098617993417,0.607567153960775,0.874807920906903,0,0.03238844871521,92.6,0
MobileNet-Seg,100,1,1,0.526290893554688,0.689633798874304,0.526290893554688,1,0,0.420630216598511,97.5,0
K-Means,20.6544249028457,0.6629297182734,0.329085227620857,0.0593140624434717,0.11198579259234,0.122341616297291,0.103246323876696,0,0.443995475769043,96.8,0
Otsu,19.7385577573303,0.74403075400363,0.568405953021338,0.325131992132234,0.490716387594073,0.418355793353018,0.593343619131585,0,0.00302481651306152,327.9,0
Adaptive Thresholding,11.3533425448369,0.509090522535621,0.385485238883728,0.324151347145219,0.48959863665746,0.458922030350602,0.524670172234642,0,0.00214409828186035,0,0
Region Growing,6.24431742942206,0.0090584395901574,0.00727537286285922,0.0152397745520955,0.0300220202834724,1,0.0152397745520955,0,0.00518465042114258,0,0
Split and Merge,19.7385577573303,0.74403075400363,0.568405953021338,0.325131992132234,0.490716387594073,0.418355793353018,0.593343619131585,0,0.041196346282959,97.1,0
MobileNet-Seg,10.8675934748509,0.422084835720469,0.321357568872479,0.0609855232889981,0.114960142151509,0.119186046511628,0.111023646840266,0,0.400272369384766,99.9,0
K-Means,21.9269396312168,0.813411580202111,0.379239425688785,0.433189153992838,0.604510790199578,0.989202393174496,0.43524720396274,0,0.51000189781189,96.1,0
Otsu,15.1170236200395,0.686585961005526,0.528620247757369,0.688909498415643,0.815803924439889,0.988971730351041,0.694242811302533,0,0.00138473510742188,0,0
Adaptive Thresholding,10.6535904634338,0.5300524890549,0.471621083377589,0.515845996719384,0.680604755147667,0.987440386267366,0.519252936228543,0,0.00169801712036133,0,0
Region Growing,5.64087425601711,0.00029875849529496,0,4.67304277391819E-05,9.34564882166944E-05,1,4.67304277391819E-05,0,0.0018463134765625,0,0
Split and Merge,15.1170236200395,0.686585961005526,0.528620247757369,0.688909498415643,0.815803924439889,0.988971730351041,0.694242811302533,0,0.0341823101043701,87.7,0
MobileNet-Seg,5.64072111014382,0.00029232085607196,0,0,0,0,0,0,0.263057708740234,102.6,0
K-Means,26.2975455142368,0.661041391218005,0.298369162342476,0.583030713362467,0.736600633760376,0.987232933819698,0.587460076281435,0,0.244928121566772,98,0
Otsu,13.6698801886679,0.516383085371008,0.1645934116563,0.65429191485432,0.79102352974014,0.988995649442803,0.659090204347422,0,0.00130605697631836,0,0
Adaptive Thresholding,11.9092153739452,0.196916828444085,0.0626145642392935,0.625825317429781,0.769855544406369,0.988405444822557,0.630453657477751,0,0.00120639801025391,0,0
Region Growing,7.02695632027585,0.00188651501091716,0.0156826568265683,0.00269775807001768,0.00538099950519545,1,0.00269775807001768,0,0.00228667259216309,0,0
Split and Merge,13.6698801886679,0.516383085371008,0.1645934116563,0.65429191485432,0.79102352974014,0.988995649442803,0.659090204347422,0,0.00261735916137695,379.9,0
MobileNet-Seg,7.01080641800429,0.000350022578949839,0,0,0,0,0,0,0.274051427841187,98.5,0
K-Means,25.1020089009837,0.708248460087006,0.316115702479339,0.408925839501785,0.580478869840852,0.994587686987898,0.409837842860904,0,0.269741535186768,100.1,0
Otsu,11.2194888488519,0.400899098623949,0.16261077507385,0.495880773859113,0.662995049504951,0.992251412342173,0.497808478015085,0,0.00154924392700195,0,0
Adaptive Thresholding,11.5477198282224,0.175626877457179,0.0548248361100672,0.636169099082456,0.777632457964414,0.990674146528577,0.640001858534546,0,0.0013878345489502,0,0
Region Growing,10.0508118240876,0.254095025794769,0.0516941789748045,0.543027802580129,0.703847074786495,0.989036870881817,0.546316229652919,0,0.062427282333374,96.1,0
Split and Merge,11.2194888488519,0.400899098623949,0.16261077507385,0.495880773859113,0.662995049504951,0.992251412342173,0.497808478015085,0,0.00473880767822266,0,0
MobileNet-Seg,7.27156648386651,0.111684908920864,0.63863958431743,0.11791862888906,0.210961023176155,0.974728781110402,0.118280236033887,0,0.261081218719482,103.4,0
K-Means,24.1933313564104,0.672034371409937,0.348848848848849,0.787571921749137,0.881163898545127,0.938852498371,0.830154350001516,0,0.294347763061523,98.5,0
Otsu,15.011763332167,0.564598540065612,0.300227890906418,0.622298309437192,0.767181110671415,0.678915789227932,0.88182672771932,0,0.00151944160461426,0,0
Adaptive Thresholding,12.2129215958999,0.340498214076184,0.203429582067746,0.4001353049193,0.571566624330444,0.524620492156416,0.627740546441459,0,0.00141048431396484,0,0
Region Growing,7.24480394057369,0.00039418852245442,0.0665770828243342,0,0,0,0,0,0.0061180591583252,163.1,0
Split and Merge,15.011763332167,0.564598540065612,0.300227890906418,0.622298309437192,0.767181110671415,0.678915789227932,0.88182672771932,0,0.0118503570556641,84.3,0
MobileNet-Seg,7.18779292988121,0.000269402295440168,0,0,0,0,0,0,0.262352466583252,99.1,0
K-Means,23.3171293747231,0.66189561571479,0.213269432379811,0.1703156205088,0.291059296354183,0.338539734362247,0.255259035470516,0,0.279793262481689,103.6,0
Otsu,8.62436191438715,0.339910998294037,0.130035175309202,0.554002939263257,0.713001147251248,0.799714822285595,0.6432527693857,0,0.00164651870727539,0,0
Adaptive Thresholding,9.35440712173059,0.201763057673039,0.112323024936909,0.462952064546749,0.632901208133816,0.590274247815458,0.682164037148931,0,0.00130987167358398,0,0
Region Growing,5.7432725464812,0.135083272147697,0.138635336647085,0.146968349269884,0.256272719928912,0.303323517038284,0.221858565514155,0,0.0673673152923584,103.9,0.0078125
Split and Merge,8.62436191438715,0.339910998294037,0.130035175309202,0.554002939263257,0.713001147251248,0.799714822285595,0.6432527693857,0,0.0134179592132568,74.4,0
MobileNet-Seg,6.00465673072955,0.500363554289875,0.695865451997197,0.0848488619922525,0.156425221917887,0.16048256583787,0.152567975830816,0,0.269459009170532,100.2,0
K-Means,25.3061287337538,0.668159082489938,0.243116740088106,0.00853973929495079,0.016934859306428,0.0180862404881815,0.0159212995922594,0,0.257591485977173,100.9,0
Otsu,14.0674437829335,0.429009874853109,0.201078473109124,0.0435995577103002,0.0835561061485297,0.084181830125468,0.0829396155588635,0,0.0017082691192627,0,0
Adaptive Thresholding,12.1393587703258,0.317565701849003,0.112798794641039,0.31661926199401,0.480957967323815,0.43104420966253,0.543945375703838,0,0.00141501426696777,0,0
Region Growing,7.63865187142787,0.0856094963591196,0.13689776733255,0.484587581910611,0.652824512093741,0.840519877675841,0.533654779625914,0,0.0385489463806152,103.7,0
Split and Merge,14.0674437829335,0.429009874853109,0.201078473109124,0.0435995577103002,0.0835561061485297,0.084181830125468,0.0829396155588635,0,0.0180871486663818,55.2,0
MobileNet-Seg,7.27862809266614,0.0914495867938943,0.134351831049202,0.228625978901042,0.372165301445993,1,0.228625978901042,0,0.28156566619873,99.4,0
K-Means,21.5079692669434,0.632537420925096,0.00505050505050505,0.40927756179056,0.580833148681587,0.974932123330978,0.413630410427154,0,0.315209865570068,98.3,0
Otsu,11.2727288657386,0.412670523924693,0.0691309756531011,0.470079643001023,0.639529491125258,0.963019394978256,0.478721221971502,0,0.00167465209960938,0,0
Adaptive Thresholding,12.4471409687188,0.262185965962574,0.0652265100671141,0.663620735050413,0.797802913931946,0.972889514554289,0.676123901345999,0,0.00119996070861816,0,0
Region Growing,7.66114104292914,0.183708039227586,0.0975609756097561,0.391178177597214,0.562369628702545,0.985068731237162,0.393511432313446,0,0.0428006649017334,93.4,0
Split and Merge,11.2727288657386,0.412670523924693,0.0691309756531011,0.470079643001023,0.639529491125258,0.963019394978256,0.478721221971502,0,0.00854849815368652,116.8,0
MobileNet-Seg,7.43042293670017,0.303986743578158,0.27984496124031,0.328267907093692,0.494279663523538,0.987659574468085,0.329619869660581,0,0.270149946212769,99.9,0
K-Means,22.1178367507224,0.638739172913853,0.329263935207242,0.777150839519023,0.874603125674301,0.927676965832925,0.827273522465522,0,0.372123241424561,99.4,0
Otsu,13.0805031809899,0.571691530109234,0.378408520604472,0.72004646531696,0.837240713941148,0.793899315175911,0.885587660728344,0,0.00151824951171875,0,0
Adaptive Thresholding,9.70996251964045,0.391689648996797,0.296681799726867,0.393797295121559,0.565071113998989,0.559728817438069,0.570516371694317,0,0.00162053108215332,0,0
Region Growing,5.19478801099458,0.000733799817924931,0.00315834400341443,0,0,0,0,0,0.00239825248718262,414.5,0
Split and Merge,13.0805031809899,0.571691530109234,0.378408520604472,0.72004646531696,0.837240713941148,0.793899315175911,0.885587660728344,0,0.0169544219970703,58.9,0
MobileNet-Seg,5.19010221631095,0.000326812127257558,8.58074480864939E-05,0,0,0,0,0,0.260221242904663,99.9,0
K-Means,26.7774050733092,0.796612758570171,0.361384661295136,0.836064309078566,0.910713535407861,0.993218102168374,0.840864653486856,0,0.393349409103394,99.1,0
Otsu,7.61456757335731,0.0820159881464115,0.354053354053354,0.0867028704422033,0.15957051886119,0.998570407433881,0.0867136339654263,0,0.00209498405456543,476.7,0
Adaptive Thresholding,12.9592728145887,0.182638053198047,0.0916686114352392,0.715191341321995,0.833949337419995,0.994987953880571,0.717777226032712,0,0.0011298656463623,0,0
Region Growing,7.04231297393966,0.00615869370033462,0.0364784286215363,0.010381428261072,0.0205495231220531,1,0.010381428261072,0,0.00305509567260742,327.7,0
Split and Merge,7.61456757335731,0.0820159881464115,0.354053354053354,0.0867028704422033,0.15957051886119,0.998570407433881,0.0867136339654263,0,0.00233173370361328,0,0
MobileNet-Seg,6.99966885469441,0.00366142736618278,0.017203513909224,0.00747959405356755,0.0148481301213727,1,0.00747959405356755,0,0.290949583053589,99.7,0
K-Means,22.7159213081061,0.691665241364881,0.297234851308042,0.75868026713626,0.862783623963273,0.939400172789731,0.79772219116825,0,0.343149185180664,99.1,0
Otsu,14.233000939517,0.463062172987609,0.253866548828988,0.718421427553783,0.83614114213703,0.795764423683878,0.880834264952487,0,0.00158476829528809,0,0
Adaptive Thresholding,13.0379756036699,0.404934731360397,0.267188260094049,0.409072105241385,0.580626220219309,0.500696220157472,0.69092370039128,0,0.00139117240905762,713.8,0
Region Growing,7.51500549921676,0.0420650895175578,0.123913960354281,0.0448069724565618,0.0857708143949521,0.182729551150604,0.056036892118502,0,0.0205998420715332,97,0
Split and Merge,14.233000939517,0.463062172987609,0.253866548828988,0.718421427553783,0.83614114213703,0.795764423683878,0.880834264952487,0,0.019505500793457,102.5,0
MobileNet-Seg,8.00312659944486,0.0558591930218164,0.00317762948840165,0.205352152040246,0.340733870500261,1,0.205352152040246,0,0.294845581054688,98.3,0
K-Means,24.8081326599449,0.6165192199264,0.12707881417209,0.46039450902795,0.630507039271727,0.985343258891646,0.463569149350144,0,0.36093807220459,99.7,0
Otsu,15.0108551143102,0.492157035723193,0.104532304725169,0.565917787927416,0.722793740885263,0.984881441499503,0.570877111059226,0,0.00142168998718262,0,0
Adaptive Thresholding,12.404615368538,0.284841272031483,0.0516413649928636,0.605311778290993,0.754136095525824,0.982383808095952,0.611954237683867,0,0.00127124786376953,0,0
Region Growing,8.80448607045473,0.148449939698705,0.0797029702970297,0.309702939579617,0.472936160132654,0.989100817438692,0.310763483539575,0,0.0370116233825684,108,0
Split and Merge,15.0108551143102,0.492157035723193,0.104532304725169,0.565917787927416,0.722793740885263,0.984881441499503,0.570877111059226,0,0.0097503662109375,102.4,0
MobileNet-Seg,7.61499986904583,0.000976902157367985,0,0.00295742859366488,0.00589741600062078,1,0.00295742859366488,0,0.264770984649658,98.2,0
K-Means,26.3071172698415,0.605525369362472,0.14549512987013,0.357005017367812,0.526166097838453,0.978090766823161,0.359882969948799,0,0.279797792434692,100.1,0
Otsu,11.1238549847818,0.317927418572743,0.105838533352682,0.545251241555878,0.705712089908275,0.983831468803918,0.55018130320432,0,0.00144362449645996,0,0
Adaptive Thresholding,10.5461333272698,0.267593329100079,0.0935641973324763,0.535192993837172,0.697232199450666,0.986168032786885,0.539240860917877,0,0.00135183334350586,0,0
Region Growing,10.8188636026604,0.11868535071557,0.0797817715019255,0.569670614359734,0.725847332743885,0.984253856606187,0.57491012652318,0,0.0704605579376221,99.3,0
Split and Merge,11.1238549847818,0.317927418572743,0.105838533352682,0.545251241555878,0.705712089908275,0.983831468803918,0.55018130320432,0,0.00174331665039063,0,0
MobileNet-Seg,7.34810621712709,0.190686497559648,0.169059875372528,0.208839091192032,0.345520082389289,0.999776503017209,0.208848841371368,0,0.255712270736694,97.7,0
K-Means,26.2984904853147,0.718225511582138,0.203082087274947,0.378923559822747,0.549593278211094,0.987608277189605,0.38073373220166,0,0.328149318695068,100.6,0
Otsu,14.4781048985161,0.549642999357936,0.222622147342625,0.642380550655725,0.782255428438011,0.987922249481034,0.647465330921571,0,0.00125288963317871,0,0
Adaptive Thresholding,11.5421846827388,0.299949451950377,0.119769915688283,0.546929298520774,0.707116089977436,0.990228285077951,0.549897190915697,0,0.00138330459594727,0,0
Region Growing,11.6685021690164,0.231632053162283,0.0773819386909694,0.495918712434477,0.663028957806688,0.988661089148356,0.498755468979485,0,0.0640857219696045,93.6,0
Split and Merge,14.4781048985161,0.549642999357936,0.222622147342625,0.642380550655725,0.782255428438011,0.987922249481034,0.647465330921571,0,0.00432944297790527,230.3,0
MobileNet-Seg,7.93261457397593,0.164438076312352,0.162440911044263,0.170995804540967,0.292051950789009,0.986737872719181,0.171389700539554,0,0.29980993270874,96.7,0
K-Means,25.6103782733521,0.813588753413217,0.281537695944265,0.313892285607954,0.477805203738923,0.569792504423355,0.411390347006085,0,0.32731556892395,97.8,0
Otsu,12.8765019497056,0.423914726767711,0.316782246879334,0.3425916436063,0.510343774650754,0.564258383974792,0.465833604310865,0,0.002288818359375,0,0
Adaptive Thresholding,11.8829951197144,0.404136136033948,0.299612152553329,0.399614075328127,0.571034662157768,0.648872336023174,0.509871324383333,0,0.00176382064819336,0,0
Region Growing,9.9198242348663,0.00768391007795912,0.151784991500041,0.268626074749956,0.423491334596606,0.523474098136434,0.355576717610443,0,0.0695891380310059,100.6,0
Split and Merge,12.8765019497056,0.423914726767711,0.316782246879334,0.3425916436063,0.510343774650754,0.564258383974792,0.465833604310865,0,0.0168745517730713,118.4,0
MobileNet-Seg,9.9414098790145,0.473608007802669,0.328018757327081,0.138442673206622,0.243214131839724,0.289320263950285,0.209783063130023,0,0.398584365844727,97.8,0
K-Means,20.7060053066301,0.599381317092967,0.318052738336714,0.576110028156812,0.731053058307796,0.917871562165706,0.607421785795844,0,0.444555044174194,99,0
Otsu,16.400027604966,0.681244433334602,0.453277194746434,0.365728293531551,0.535579873776851,0.543286737930224,0.52808860470427,0,0.00202322006225586,0,0
Adaptive Thresholding,10.9761926707563,0.473973177759673,0.333811276884325,0.417833339210777,0.589396973050951,0.647087736544606,0.541150947704955,0,0.00211858749389648,0,0
Region Growing,5.96189070450571,0.00337214550281636,0.00704168352893565,0.00934003197076958,0.0185072060453856,1,0.00934003197076958,0,0.00493097305297852,202.4,0
Split and Merge,16.400027604966,0.681244433334602,0.453277194746434,0.365728293531551,0.535579873776851,0.543286737930224,0.52808860470427,0,0.0339460372924805,88.3,0
MobileNet-Seg,5.92981387046504,0.00165081282513356,0,0,0,0,0,0,0.447031736373901,93.9,0
K-Means,25.139521537451,0.744902367159624,0.291789722386297,0.575195721261918,0.730316510510983,0.992456867727698,0.577721377076748,0,0.596231460571289,95.6,0
Otsu,13.2048050876201,0.529220113428719,0.213381016241991,0.664426412289396,0.798384845834651,0.991839848355256,0.66807841427526,0,0.00185084342956543,0,0
Adaptive Thresholding,12.2770946287062,0.172577155631904,0.0711279461279461,0.698574085554867,0.822541791371633,0.993453679825431,0.701804649424661,0,0.00157046318054199,0,0
Region Growing,6.83831288681187,0.0113192109621915,0.0952732644017725,0.0317312033879833,0.061510601373274,0.998041136141038,0.0317331797019759,0,0.00963139533996582,103.7,0
Split and Merge,13.2048050876201,0.529220113428719,0.213381016241991,0.664426412289396,0.798384845834651,0.991839848355256,0.66807841427526,0,0.00960421562194824,104,0
MobileNet-Seg,6.71315112751339,0.00862245907875303,0.0646812470916705,0.0126402963931568,0.0249650274400086,0.980676328502416,0.0126434454946047,0,0.427499055862427,95.9,0
K-Means,24.3518675969726,0.594492834658382,0.155753166262463,0.834258613474683,0.909641211273175,0.967892283790782,0.858003615183772,0,0.551429033279419,99.7,0
Otsu,13.283934834931,0.370936985317397,0.174405809859155,0.0291243563788239,0.0566002664270888,0.0615047971721932,0.0524201646917052,0,0.0016326904296875,0,0
Adaptive Thresholding,12.1532671347432,0.32443614362833,0.125744379177638,0.344767027056693,0.51275354038281,0.487531043046358,0.540728201302614,0,0.00136113166809082,0,0
Region Growing,7.88666578687382,0.112585138591251,0.161407357408032,0.604735832800645,0.753688950467613,0.950714379341985,0.624307807075431,0,0.0460431575775147,108.5,0
Split and Merge,13.283934834931,0.370936985317397,0.174405809859155,0.0291243563788239,0.0566002664270888,0.0615047971721932,0.0524201646917052,0,0.015894889831543,62.9,0
MobileNet-Seg,8.00718610102092,0.0955776800273849,0.00542005420054201,0.000626711851817464,0.00125263866014057,0.0032703488372093,0.000774682236823229,0,0.273863554000855,98.6,0
K-Means,22.8675340373019,0.608318345068517,0.239849162501096,0.0346047239274236,0.0668945794023865,0.0583864118895966,0.07830537171002,0,0.276012897491455,101.4,0
Otsu,21.1041578849203,0.829920875760972,0.530837972458248,0.338116694419956,0.505362044775209,0.369991246404773,0.796944743727874,0,0.00110507011413574,0,0
Adaptive Thresholding,10.5268665400743,0.350962022907649,0.262086215656388,0.293876457740965,0.454257368982595,0.387486755956424,0.548830229336617,0,0.00168395042419434,0,0
Region Growing,5.77973402838797,0.000248650918126172,0.0029847673939893,0.00423272279513622,0.00842976473292973,1,0.00423272279513622,0,0.00228285789489746,435.6,0
Split and Merge,21.1041578849203,0.829920875760972,0.530837972458248,0.338116694419956,0.505362044775209,0.369991246404773,0.796944743727874,0,0.0203897953033447,98.1,0
MobileNet-Seg,5.77579218808321,0.00102427789526075,0,0,0,0,0,0,0.280172824859619,99.9,0
K-Means,23.0321312949343,0.692962378617643,0.344379242894949,0.000423116251190014,0.000845874599090685,0.000426757708311106,0.047244094488189,0,0.290794134140015,103.2,0
Otsu,18.6151161766353,0.668517901399643,0.517840970838616,0.00162827450792587,0.00325125508008606,0.0016355589763325,0.267716535433071,0,0.00161385536193848,0,0
Adaptive Thresholding,11.4585936638453,0.491020670125212,0.344076241695666,0.0033184899452591,0.00661502798665687,0.00333143507972665,0.460629921259843,0,0.0017392635345459,0,0
Region Growing,6.71641492570966,0.0501592339711408,0.0376101110685561,0,0,0,0,0,0.0140590667724609,71.1,0
Split and Merge,18.6151161766353,0.668517901399643,0.517840970838616,0.00162827450792587,0.00325125508008606,0.0016355589763325,0.267716535433071,0,0.0239403247833252,83.5,0
MobileNet-Seg,6.71972980841022,0.00781080148890356,0.00963969658659924,0,0,0,0,0,0.27069616317749,99.7,0
K-Means,21.610005435697,0.841854082725938,0.447581475128645,0.425841758649476,0.597319802237835,0.989155415110601,0.42783921471173,0,0.311975240707397,99.4,0
Otsu,14.458025939086,0.632931856097323,0.51946349334409,0.543178877318381,0.703973966080038,0.985136758584081,0.547667122266402,0,0.0015869140625,0,0
Adaptive Thresholding,12.1482958925957,0.622193449481083,0.506194748430773,0.492223902243343,0.659718560335825,0.986700893823648,0.495511307157058,0,0.00154709815979004,648.8,0
Region Growing,6.64355588684057,-2.40697017832034E-06,0.00194389220234151,0.00184828528827038,0.00368975086430089,1,0.00184828528827038,0,0.00208020210266113,0,0
Split and Merge,14.458025939086,0.632931856097323,0.51946349334409,0.543178877318381,0.703973966080038,0.985136758584081,0.547667122266402,0,0.034822940826416,86.1,0
MobileNet-Seg,21.7371987015411,0.961713471412975,0.955331727611123,0.951410442626711,0.975100288328946,0.98385719706552,0.966497887673956,0,0.279669284820557,100.1,0
K-Means,21.4336801491007,0.498052674423241,0.211121260561772,0.611241652238437,0.758721264919216,0.986428500149686,0.616425542529309,0,0.311838388442993,99.4,0
Otsu,22.7261590732875,0.885935421433879,0.623649519278422,0.893028419867693,0.943491825579785,0.98797277240391,0.902843601895735,0,0.000953912734985352,0,0
Adaptive Thresholding,9.97452578297748,0.318133904948488,0.208496017491801,0.569577787053785,0.725771977345481,0.985580910088013,0.574363931154902,0,0.00152993202209473,0,0
Region Growing,5.34147082011554,0.000813266522132004,0.000770613922424865,0.000311798453479671,0.000623402531014276,1,0.000311798453479671,0,0.00175714492797852,0,0
Split and Merge,22.7261590732875,0.885935421433879,0.623649519278422,0.893028419867693,0.943491825579785,0.98797277240391,0.902843601895735,0,0.0205426216125488,97.3,0
MobileNet-Seg,5.3399668653872,0.000561488513250549,0,0,0,0,0,0,0.260895490646362,99.6,0
K-Means,22.971417422461,0.560370175238222,0.216525836854079,0.475291989822507,0.644336162741166,0.986636545865284,0.478371540526365,0,0.314815044403076,101.6,0
Otsu,12.7490435879978,0.330081391381767,0.305901542111507,0.380103923256672,0.550833769618928,0.990942246803735,0.381429144426275,0,0.00172758102416992,0,0
Adaptive Thresholding,12.522128773054,0.375700492778871,0.176372646184341,0.547903501083998,0.707929791101708,0.994002622109403,0.54972077381136,0,0.00147914886474609,0,0
Region Growing,8.60046293965633,0.0412162478346885,0.01061388410786,0.0604424423806732,0.1139947628746,1,0.0604424423806732,0,0.00779175758361816,128.2,0
Split and Merge,12.7490435879978,0.330081391381767,0.305901542111507,0.380103923256672,0.550833769618928,0.990942246803735,0.381429144426275,0,0.016944408416748,59,0
MobileNet-Seg,7.96147701246768,0.0116540852613597,0.0203827602302785,0.0155965567245688,0.0307140795649598,1,0.0155965567245688,0,0.26907229423523,100.3,0
K-Means,21.2064308991106,0.815285650989349,0.424274295330248,0.353561271836979,0.522416353353765,0.577581388850077,0.476870277441311,0,0.291726350784302,99.4,0
Otsu,14.5414159470065,0.648093643801869,0.5164972899729,0.508258024306638,0.67396694214876,0.645071982281285,0.705571898252293,0,0.00168371200561523,0,0
Adaptive Thresholding,11.6292708542345,0.600279961032771,0.494648719632305,0.356298294359827,0.525398130841122,0.545573118847241,0.506662052258176,0,0.00180149078369141,0,0
Region Growing,6.31191021729659,0.000257653350546368,0.000544069640914037,0,0,0,0,0,0.00292158126831055,341.5,0
Split and Merge,14.5414159470065,0.648093643801869,0.5164972899729,0.508258024306638,0.67396694214876,0.645071982281285,0.705571898252293,0,0.0333278179168701,90,0
MobileNet-Seg,31.6381780872892,0.996373330198859,0.99452017571668,0.526699955716402,0.689984896828334,0.528167827884542,0.994751110342043,0,0.27007007598877,103.7,0
K-Means,22.3628533187567,0.527341216161356,0.113598326359833,0.531901736159424,0.694433231067334,0.991755786803494,0.534264018510179,0,0.265035390853882,101.9,0
Otsu,13.9309224217393,0.517180033900754,0.201373268616077,0.616146324131432,0.762488290733908,0.99164615499366,0.619361150364147,0,0.00136733055114746,0,0
Adaptive Thresholding,11.475322971255,0.246639064121713,0.0789484443354185,0.607472737944456,0.755810936764324,0.991304128648485,0.610727207789183,0,0.00136137008666992,0,0
Region Growing,6.80407046208024,0.00380724043994955,0.0434634974533107,0.00795068093234157,0.0157759324592892,1,0.00795068093234157,0,0.00294685363769531,0,0
Split and Merge,13.9309224217393,0.517180033900754,0.201373268616077,0.616146324131432,0.762488290733908,0.99164615499366,0.619361150364147,0,0.00311875343322754,319.5,0
MobileNet-Seg,6.77604495420454,0.00393379689621079,0.00889192886456908,0.00933273289128376,0.0184928767038986,1,0.00933273289128376,0,0.260728120803833,99.7,0
K-Means,23.5662009517742,0.711125095916324,0.291010194624652,0.475371517027864,0.644409237322813,0.987268927825109,0.478303532490188,0,0.297558784484863,97.5,0
Otsu,14.6139968770539,0.578004679708356,0.21262932572244,0.658049788691119,0.793763604904277,0.985448330022636,0.664506884306274,0,0.00153136253356934,0,0
Adaptive Thresholding,12.0932224702976,0.270162663310454,0.135775221764781,0.617713713096431,0.763687305232863,0.98377077757863,0.624073266463149,0,0.00150227546691895,0,0
Region Growing,6.86406887563795,0.0104042562334318,0.0263768727579658,0.0176001495233942,0.0345914837603698,1,0.0176001495233942,0,0.00417613983154297,238.7,0
Split and Merge,14.6139968770539,0.578004679708356,0.21262932572244,0.658049788691119,0.793763604904277,0.985448330022636,0.664506884306274,0,0.00944089889526367,105.8,0
MobileNet-Seg,7.13480982490863,0.095929902655485,0.344976282880552,0.101862812285839,0.184892004975687,1,0.101862812285839,0,0.277267456054688,101,0
K-Means,25.913333048971,0.691728645764804,0.331385642737897,0.474474474474475,0.643584521384929,0.986165626407567,0.477653805397993,0,0.271294832229614,99.5,0
Otsu,10.995490863922,0.299303653390668,0.169159360495101,0.470619219507661,0.640028653596975,0.987741830596651,0.473384030418251,0,0.00159692764282227,0,0
Adaptive Thresholding,12.2103928779522,0.207636207695771,0.0883570504527814,0.651417874657714,0.788919491128473,0.989030863907549,0.656158449167861,0,0.0013275146484375,0,0
Region Growing,7.15777295061515,0.00573834888199863,0.0543371522094926,0.0140090069032147,0.0276309318908286,0.998888888888889,0.0140092252072555,0,0.00364851951599121,273.2,0
Split and Merge,10.995490863922,0.299303653390668,0.169159360495101,0.470619219507661,0.640028653596975,0.987741830596651,0.473384030418251,0,0.0048062801361084,207.6,0
MobileNet-Seg,7.05245870014701,0.000340057679535861,0,0,0,0,0,0,0.292994260787964,99,0
K-Means,24.4455459818506,0.710213328170728,0.288995887250477,0.674953487745032,0.805936991902639,0.899784327821711,0.729817195836613,0,0.333707809448242,101.9,0
Otsu,15.1719228190713,0.517054861866635,0.303731479787818,0.677480916030534,0.80773606370876,0.788428971988562,0.828012478497915,0,0.0013730525970459,0,0
Adaptive Thresholding,12.3143870346434,0.354725586744246,0.197432437957398,0.434668340328718,0.605949581670039,0.57046513423769,0.646141286917986,0,0.00140237808227539,0,0
Region Growing,6.93309155552994,-0.00166141719239054,0.0447033324302357,0,0,0,0,0,0.0049126148223877,203.2,0
Split and Merge,15.1719228190713,0.517054861866635,0.303731479787818,0.677480916030534,0.80773606370876,0.788428971988562,0.828012478497915,0,0.016085147857666,62.1,0
MobileNet-Seg,6.91917988917621,0.000472955182999695,0,0,0,0,0,0,0.260462522506714,99.8,0
K-Means,25.3994891657412,0.796661885120577,0.239306663151651,0.479334506281446,0.648040729457914,0.990591012024368,0.481526845377448,0,0.360718965530396,99.8,0
Otsu,12.9549970985862,0.416969709444798,0.29185405341989,0.584334840093183,0.73764058620186,0.991622159388418,0.587233910603265,0,0.00142621994018555,0,0
Adaptive Thresholding,11.3258761812359,0.385186960706787,0.28510033871144,0.510963086316958,0.67634092578986,0.989400770310214,0.513775407370657,0,0.00149869918823242,0,0
Region Growing,9.59617582756489,-0.0493196743632834,0.145057712486884,0.464725868725869,0.634556784513027,0.991727638257201,0.466534364873874,0,0.0618741512298584,97,0
Split and Merge,12.9549970985862,0.416969709444798,0.29185405341989,0.584334840093183,0.73764058620186,0.991622159388418,0.587233910603265,0,0.0113508701324463,88,0
MobileNet-Seg,7.06664286805667,0.0101632043148629,0.00395361096468108,0.0143258035008295,0.0282469467924125,1,0.0143258035008295,0,0.258989572525024,100.4,0
K-Means,21.808372337979,0.837500218366612,0.433579665131555,0.410942436618633,0.582507728101891,0.988507451620079,0.412915214866434,0,0.290064096450806,96.5,0
Otsu,15.5364609052779,0.687274909357404,0.541811534463601,0.568958374886847,0.725268922354782,0.984025474326655,0.574262485481998,0,0.0017554759979248,0,0
Adaptive Thresholding,12.1690870211471,0.625602590772855,0.4945452066003,0.486272520445182,0.654351760872938,0.985144814699471,0.489864498644986,0,0.00146770477294922,0,0
Region Growing,6.63980976667592,0.000581679340862814,4.67202392076247E-05,7.74293457220287E-05,0.000154846701765252,1,7.74293457220287E-05,0,0.00169920921325684,0,0
Split and Merge,15.5364609052779,0.687274909357404,0.541811534463601,0.568958374886847,0.725268922354782,0.984025474326655,0.574262485481998,0,0.0356688499450684,112.1,0
MobileNet-Seg,6.63970031252301,0.000589593810820988,0,0,0,0,0,0,0.265824556350708,101.6,0
K-Means,22.3439618185633,0.807386936889006,0.360020599770233,0.462256031965576,0.63225047031498,0.99067913839668,0.464275240403167,0,0.268161058425903,100.7,0
Otsu,16.2621056025662,0.682212538943373,0.52430883226731,0.693286381382531,0.818864887836017,0.988474132285527,0.698936515041598,0,0.00130128860473633,0,0
Adaptive Thresholding,11.0336740290479,0.546114288282661,0.480727659715987,0.499103407053198,0.665869218500798,0.986071158213475,0.502647135999506,0,0.00153517723083496,646.9,0
Region Growing,5.96607900827617,0.000402219829707258,4.72210416961798E-05,0.000123481562659175,0.000246932633690871,1,0.000123481562659175,0,0.00191307067871094,519.4,0
Split and Merge,16.2621056025662,0.682212538943373,0.52430883226731,0.693286381382531,0.818864887836017,0.988474132285527,0.698936515041598,0,0.0386776924133301,77.5,0
MobileNet-Seg,5.96603431079359,0.00041766538945201,0,0,0,0,0,0,0.337159395217896,97.9,0
K-Means,22.3406621331881,0.452784231263175,0.152689798619646,0.53828967642527,0.699854760354585,0.982037443076404,0.543642333608254,0,0.458535432815552,98.1,0
Otsu,20.9139630636538,0.824651791533864,0.488294551645857,0.884419481418789,0.938665185898954,0.987559709955669,0.894383840898835,0,0.00150537490844727,0,0
Adaptive Thresholding,10.6381042198907,0.352266729463607,0.236804564907275,0.564499420177812,0.721635831752056,0.988787476640576,0.568136194581473,0,0.00236678123474121,0,0
Region Growing,9.44026936773467,0.202082703639437,0.119528441530979,0.471957132709472,0.641264779009872,0.983998712169994,0.475607289024447,0,0.110386371612549,99.6,0
Split and Merge,20.9139630636538,0.824651791533864,0.488294551645857,0.884419481418789,0.938665185898954,0.987559709955669,0.894383840898835,0,0.0199573040008545,100.2,0
MobileNet-Seg,6.90181494614067,0.111960124127855,0.113443681873234,0.151896173417781,0.263732403879928,1,0.151896173417781,0,0.42341947555542,96.8,0
K-Means,22.0581996942826,0.781602982679581,0.363730992034757,0.366499935319736,0.536406809611713,0.57760788311247,0.500692174015493,0,0.603799343109131,97.7,0
Otsu,18.7757152675275,0.766966392237745,0.59676055711298,0.441273288178826,0.612338120463487,0.515419921088655,0.754145680539601,0,0.0024263858795166,0,0
Adaptive Thresholding,11.1910707992925,0.504586624625873,0.428622591504907,0.359045788048809,0.528379236676483,0.518103326256193,0.539071014108568,0,0.00229716300964355,0,0
Region Growing,6.10097932840177,0.000884012591254861,0.000574217628481194,0.000913080616182145,0.00182449532105232,1,0.000913080616182145,0,0.00314593315124512,0,0
Split and Merge,18.7757152675275,0.766966392237745,0.59676055711298,0.441273288178826,0.612338120463487,0.515419921088655,0.754145680539601,0,0.049252986907959,101.5,0
MobileNet-Seg,6.09925770646715,0.00081658053186798,0,0,0,0,0,0,0.423763275146484,99.1,0
K-Means,22.073092163446,0.824759386596959,0.383667240569729,0.240178571428571,0.387329013678906,0.379178413209827,0.39583771284423,0,0.416692495346069,100.8,0
Otsu,17.1226667515349,0.7238838563898,0.546960333429146,0.294849890163534,0.455419415645617,0.369839048285514,0.592530306215402,0,0.00143766403198242,0,0
Adaptive Thresholding,11.5520425080889,0.573893826409456,0.485457772922783,0.306594268988483,0.469302944709587,0.437235329703569,0.50644664003924,0,0.00147294998168945,0,0
Region Growing,6.23988560649806,0.000525989645447543,0,3.50360871697849E-05,7.00697193707739E-05,1,3.50360871697849E-05,0,0.00175762176513672,0,0
Split and Merge,17.1226667515349,0.7238838563898,0.546960333429146,0.294849890163534,0.455419415645617,0.369839048285514,0.592530306215402,0,0.0370609760284424,80.9,0
MobileNet-Seg,6.3345007089194,0.0509897208983769,0.0306497175141243,0.119009695290859,0.212705387257481,0.91046357615894,0.120419031602551,0,0.280135869979858,99.9,0
K-Means,23.2617080364327,0.633344037237932,0.23203125,0.507883804611369,0.673637853338796,0.984228167833842,0.512051194220409,0,0.318767547607422,100.4,0
Otsu,15.9760265539983,0.587246690975447,0.244540540540541,0.66044724506263,0.795505243573961,0.9808495583301,0.669074829508299,0,0.00121665000915527,0,0
Adaptive Thresholding,11.0808738160284,0.358556774952909,0.192028708864625,0.559327513740705,0.717395811735434,0.980381574331435,0.565658767477346,0,0.00153923034667969,0,0
Region Growing,6.46469527867276,0.000398713483204453,0,1.55700183726217E-05,3.11395519018481E-05,1,1.55700183726217E-05,0,0.00172710418701172,0,0
Split and Merge,15.9760265539983,0.587246690975447,0.244540540540541,0.66044724506263,0.795505243573961,0.9808495583301,0.669074829508299,0,0.0110912322998047,90.2,0
MobileNet-Seg,7.50916104427694,0.345466067021152,0.581412367361873,0.38706065318818,0.55810198681437,0.997035493950805,0.387506617257808,0,0.267544984817505,100.9,0
K-Means,21.6055098457519,0.557026600294708,0.244175380664098,0.870706762326362,0.930885352917177,0.938801261829653,0.92310182063385,0,0.40245532989502,99.4,0
Otsu,13.5629263426108,0.592950583896244,0.414658855657843,0.717859196582601,0.835760227625948,0.750552919198643,0.942791638570465,0,0.00135588645935059,0,0
Adaptive Thresholding,8.94198078379646,0.379325127056771,0.33860445326904,0.384409219695229,0.555340450246142,0.569790868590562,0.541604855023601,0,0.0015404224395752,0,0
Region Growing,4.60511815001786,0.00509975088836315,0.0295160190865712,0,0,0,0,0,0.00622105598449707,160.4,0
Split and Merge,13.5629263426108,0.592950583896244,0.414658855657843,0.717859196582601,0.835760227625948,0.750552919198643,0.942791638570465,0,0.0218958854675293,91.3,0
MobileNet-Seg,4.53076216579665,0.00482470592147572,0.00851459645105896,0,0,0,0,0,0.261519908905029,99.4,0
K-Means,21.6496827814845,0.793713964992666,0.351282051282051,0.321345707656613,0.486391571553995,0.534836535000164,0.445993887130226,0,0.347554922103882,100.7,0
Otsu,14.2719973501335,0.659468839907314,0.519015896514046,0.4404144134302,0.611510700425995,0.569598492876487,0.660080777207728,0,0.00147581100463867,0,0
Adaptive Thresholding,10.7675857244781,0.53252606144772,0.475737202955468,0.35703544575725,0.526199145163844,0.556648296440642,0.498908416111778,0,0.00158214569091797,0,0
Region Growing,5.75140349036291,0.000281619673400496,0,0,0,0,0,0,0.00190305709838867,522.1,0
Split and Merge,14.2719973501335,0.659468839907314,0.519015896514046,0.4404144134302,0.611510700425995,0.569598492876487,0.660080777207728,0,0.0343401432037354,116.4,0
MobileNet-Seg,7.69113900540248,0.393893506036099,0.387720426157237,0.0894892938574686,0.164277509401898,0.194001560932099,0.142451697412946,0,0.270255565643311,99.9,0
K-Means,24.6321430136363,0.701163655759703,0.259005145797599,0.3745865003409,0.545016992743639,0.627601963107125,0.48163901425371,0,0.252072334289551,99.2,0
Otsu,13.4856244007047,0.350492660215763,0.170135527589545,0.0204905018958851,0.0401581432807409,0.0460247535137403,0.0356180395467385,0,0.0017399787902832,574.2,0
Adaptive Thresholding,13.7726340825528,0.378696159466684,0.157353598569513,0.310806387080348,0.474221654919807,0.41403202752138,0.554888145719017,0,0.00132465362548828,0,0
Region Growing,7.66764473104543,0.0190944784255568,0.0300655976676385,0.0556186889184714,0.105376476377953,1,0.0556186889184714,0,0.00571417808532715,0,0
Split and Merge,13.4856244007047,0.350492660215763,0.170135527589545,0.0204905018958851,0.0401581432807409,0.0460247535137403,0.0356180395467385,0,0.0137481689453125,72.7,0
MobileNet-Seg,9.08591428180547,0.587787678313581,0.776499734560255,0.779844488489099,0.87630632174062,0.782010447190725,0.996460924055976,0,0.280718326568604,99.7,0
K-Means,26.8252140474611,0.747597190820313,0.202160216021602,0.464644593655939,0.634481014259066,0.991044972673998,0.466603630276068,0,0.262165784835815,103,0
Otsu,15.836185462906,0.515338291165596,0.157808667211774,0.671381852960232,0.803385356579202,0.992859749977188,0.67463922000217,0,0.00130486488342285,0,0
Adaptive Thresholding,12.9266432552796,0.334221173642522,0.103584386587457,0.545274891540967,0.705731898610237,0.992747919946031,0.547455551594252,0,0.00158381462097168,0,0
Region Growing,12.2155909543231,0.189671832208758,0.0788826072497506,0.449690785405071,0.620395452509438,0.994291183810208,0.450854866461023,0,0.0602998733520508,99.5,0
Split and Merge,15.836185462906,0.515338291165596,0.157808667211774,0.671381852960232,0.803385356579202,0.992859749977188,0.67463922000217,0,0.00447607040405273,222.8,0
MobileNet-Seg,10.2596692953759,0.311398190803448,0.172397550635893,0.3216572795309,0.486748394629305,0.986185362161139,0.323113170988793,0,0.281042814254761,99.6,0
K-Means,23.5063411182419,0.681598372567425,0.251027726755882,0.168165467625899,0.287913779830639,0.308,0.270287012182532,0,0.373250722885132,99.1,0
Otsu,14.5128276841341,0.502313350527533,0.256213285133303,0.51813587871982,0.682594866484207,0.598645457612165,0.793929382614082,0,0.00130963325500488,0,0
Adaptive Thresholding,12.4695010154225,0.354395554381725,0.208862848654894,0.380561779769526,0.551314378459844,0.476169019725643,0.654621790900957,0,0.00148296356201172,662.9,0
Region Growing,7.71133969460009,0.0581435046258469,0.120787973043027,0.0497584300443293,0.0947997722527994,0.152588972048266,0.0687590336568243,0,0.0260722637176514,76.7,0
Split and Merge,14.5128276841341,0.502313350527533,0.256213285133303,0.51813587871982,0.682594866484207,0.598645457612165,0.793929382614082,0,0.0189852714538574,105.3,0
MobileNet-Seg,11.6887061834424,0.466671246748238,0.302145194521876,0.689705686509522,0.816361916771753,0.753155721016811,0.891148737008741,0,0.266335248947144,101.4,0
K-Means,25.544390621366,0.646676883044663,0.117851815017404,0.403253823009399,0.574741100144785,0.983582371855495,0.405986509274874,0,0.289348125457764,100.2,0
Otsu,11.0971670669264,0.42339662430836,0.0879858657243816,0.59634831895684,0.747140598170371,0.986448753746446,0.601274124039723,0,0.00130748748779297,0,0
Adaptive Thresholding,11.3128992443903,0.183711958316382,0.0473602138560927,0.660245482441187,0.79535886641339,0.988812811883486,0.665214540003748,0,0.00140666961669922,704.9,0
Region Growing,8.02213680540961,0.158058045710462,0.0646347871781398,0.287239007997013,0.446286985109263,0.987695270704045,0.288270563987259,0,0.0380265712738037,105.2,0
Split and Merge,11.0971670669264,0.42339662430836,0.0879858657243816,0.59634831895684,0.747140598170371,0.986448753746446,0.601274124039723,0,0.00154685974121094,0,0
MobileNet-Seg,6.33415330771655,0.0300817672835502,0.0859965136548518,0.037232798540624,0.0717925591882751,0.962515114873035,0.0372868652801199,0,0.279110193252564,100.3,0
K-Means,24.8761984924332,0.67235268698433,0.229569892473118,0.37653842576805,0.547080152241966,0.988725629858765,0.37816211840528,0,0.291953802108765,99.3,0
Otsu,11.6632640275784,0.433855280302031,0.115426440888613,0.532475149719084,0.694921741232399,0.984279152044281,0.537042514438719,0,0.00152254104614258,0,0
Adaptive Thresholding,10.9701337735346,0.178007532767258,0.045458440445587,0.632582989468498,0.774947422028991,0.982988802756245,0.639584663044663,0,0.00150036811828613,0,0
Region Growing,9.76809456085317,0.214521426259766,0.0690232869827442,0.390901771336554,0.562083936324168,0.986441605126402,0.393013372355496,0,0.0496988296508789,100.6,0
Split and Merge,11.6632640275784,0.433855280302031,0.115426440888613,0.532475149719084,0.694921741232399,0.984279152044281,0.537042514438719,0,0.00352716445922852,0,0
MobileNet-Seg,7.29469239701927,0.272216442155529,0.644563627498781,0.267428902898838,0.422002216119863,0.932308019796711,0.272724442299609,0,0.270036458969116,100,0
K-Means,21.0484554833474,0.770758348908843,0.362900417827298,0.51579927870262,0.680564090443552,0.799762989297486,0.592287861335089,0,0.334509611129761,98.6,0
Otsu,19.2120292254927,0.791419905999184,0.573694728953285,0.602766798418972,0.752157829839704,0.662461885468443,0.86994679392244,0,0.0012519359588623,0,0
Adaptive Thresholding,11.7952670317121,0.561701842581012,0.448025561768485,0.369009051461782,0.539089279311581,0.565012175690707,0.515440732817728,0,0.00157022476196289,0,0
Region Growing,6.58807415913361,0.000450810729413408,0.00010782252412529,0,0,0,0,0,0.00187134742736816,0,0
Split and Merge,19.2120292254927,0.791419905999184,0.573694728953285,0.602766798418972,0.752157829839704,0.662461885468443,0.86994679392244,0,0.0323436260223389,92.7,0
MobileNet-Seg,6.58783592486176,0.000466191794126777,0,0,0,0,0,0,0.263983488082886,94.7,0
K-Means,24.3072938409873,0.667155886666285,0.316841415465269,0.811687233689337,0.896056690796909,0.945712443584784,0.851355273086076,0,0.302084445953369,99.3,0
Otsu,18.3845318869425,0.565180123418701,0.300670448684889,0.838856400259909,0.912367491166078,0.889314449465447,0.936647512914272,0,0.00143575668334961,0,0
Adaptive Thresholding,12.7508475518344,0.421243856547422,0.189234800373051,0.448487261146497,0.619249161765514,0.588087905204364,0.653897498403854,0,0.00249981880187988,0,0
Region Growing,7.37035985919697,0.0673512319185185,0.10050011907597,0.0136851456147511,0.0270007816015727,0.0734252222079093,0.0165418770677346,0,0.0184056758880615,108.6,0
Split and Merge,18.3845318869425,0.565180123418701,0.300670448684889,0.838856400259909,0.912367491166078,0.889314449465447,0.936647512914272,0,0.0136966705322266,73,0
MobileNet-Seg,7.92866933263593,0.444028327058769,0.747760490334748,0.0114867862348691,0.022712676806441,0.0246741313004118,0.02104010679668,0,0.273116111755371,98.8,0
K-Means,26.4416503204275,0.78903179723551,0.269765213224724,0.615199518748747,0.761762880198634,0.992163984178711,0.618203236406473,0,0.326086759567261,98.1,0
Otsu,14.1087694738602,0.651360714563965,0.15587734241908,0.696381016886535,0.821019582221738,0.990215821039268,0.701205902411805,0,0.00138354301452637,716.5,0
Adaptive Thresholding,12.211022435347,0.180926132498675,0.0537044847462393,0.692288752442947,0.818168591434027,0.989725876710521,0.697299894599789,0,0.00126743316650391,0,0
Region Growing,6.32723249064861,0.0106889576934199,0.0773751224289912,0.0229681978798587,0.0449050086355786,0.994630872483222,0.0229710459420919,0,0.00528454780578613,188.9,0
Split and Merge,14.1087694738602,0.651360714563965,0.15587734241908,0.696381016886535,0.821019582221738,0.990215821039268,0.701205902411805,0,0.00504255294799805,0,0
MobileNet-Seg,6.45299475033706,0.0589951998164188,0.453631284916201,0.0615196609225629,0.115908660361686,0.968346725103482,0.0616436232872466,0,0.287861347198486,97.3,0
K-Means,23.9375577660553,0.686528726519438,0.172513214800577,0.419861218195837,0.591411629270836,0.98673624701022,0.42224427765027,0,0.268450736999512,100.6,0
Otsu,11.2329655617258,0.461083836609288,0.177515310586177,0.51524150984043,0.680078398716373,0.985200223614912,0.519260591774704,0,0.00158953666687012,0,0
Adaptive Thresholding,11.475418789192,0.252830822709793,0.13486250052321,0.63846567760781,0.779345806669544,0.986671418389166,0.644020222070591,0,0.00122213363647461,803.7,0
Region Growing,5.87746630064761,-0.00121189951653171,0.0262414210738797,0.010266112524037,0.0203235808798698,1,0.010266112524037,0,0.00371646881103516,268.2,0
Split and Merge,11.2329655617258,0.461083836609288,0.177515310586177,0.51524150984043,0.680078398716373,0.985200223614912,0.519260591774704,0,0.00766181945800781,0,0
MobileNet-Seg,5.96029688177277,0.0273259080759767,0.000204164965291956,0.0351870231375225,0.0679819633574521,1,0.0351870231375225,0,0.271571636199951,103.1,0
K-Means,25.7866953125014,0.738270129098725,0.227892444612763,0.412006236203942,0.583575660843518,0.983456153279293,0.414881711070352,0,0.311364889144897,99.6,0
Otsu,12.1684614813788,0.393460373159536,0.289925845541689,0.5321238092302,0.694622465918809,0.984598271583811,0.536590294401094,0,0.00157833099365234,0,0
Adaptive Thresholding,10.9091706062996,0.285730199420199,0.185554653365812,0.555576133592617,0.714302722438289,0.987382741785068,0.55954860571393,0,0.00150513648986816,0,0
Region Growing,6.5842693095522,0.000317024173361259,0,0.000155438803742966,0.00031082929255253,1,0.000155438803742966,0,0.00191617012023926,0,0
Split and Merge,12.1684614813788,0.393460373159536,0.289925845541689,0.5321238092302,0.694622465918809,0.984598271583811,0.536590294401094,0,0.00921487808227539,108.4,0
MobileNet-Seg,6.5834914492308,0.000245556933779646,0,0,0,0,0,0,0.297028064727783,97.6,0
K-Means,25.3056945340243,0.704649440967562,0,0.498999753785547,0.665776965640431,0.989382151029748,0.501686366730615,0,0.655853748321533,96.1,0
Otsu,10.2216325349935,0.24248482830087,0.127982801863132,0.434979862043424,0.606252217956577,0.994110386175278,0.43610371928956,0,0.00286030769348145,0,0
Adaptive Thresholding,11.5772258866275,0.21674819607464,0.0833748546753031,0.62237039094936,0.767235884507444,0.996170854023074,0.623862862800916,0,0.00229096412658691,0,0
Region Growing,10.550301635777,0.32932975434754,0.078062449959968,0.654228893981574,0.790977471572155,0.991122399049328,0.658085277554304,0,0.137799024581909,101.6,0
Split and Merge,10.2216325349935,0.24248482830087,0.127982801863132,0.434979862043424,0.606252217956577,0.994110386175278,0.43610371928956,0,0.00308036804199219,323.4,0
MobileNet-Seg,6.74805564627903,0.000286795632863978,0,0,0,0,0,0,0.427237272262573,96,0.140625
K-Means,26.1749275887862,0.648212514323842,0.276060764798324,0.795675954834621,0.886213297774989,0.979482733709002,0.809162309914297,0,0.598061084747315,95.3,0
Otsu,16.7897092303961,0.567994441083596,0.21129955709193,0.81688892827079,0.899217244995001,0.918936430013208,0.880326577383084,0,0.00228619575500488,0,0
Adaptive Thresholding,13.3448782042505,0.364029693827519,0.139095955590801,0.461199729576641,0.63126172314618,0.662823980462698,0.602568693451742,0,0.0023648738861084,0,0
Region Growing,8.59722277403554,0.00268007755901689,0.00785123966942149,0,0,0,0,0,0.00308322906494141,325.6,0
Split and Merge,16.7897092303961,0.567994441083596,0.21129955709193,0.81688892827079,0.899217244995001,0.918936430013208,0.880326577383084,0,0.0146880149841309,68,0
MobileNet-Seg,8.59123805178815,0.000508906246531283,0,0,0,0,0,0,0.424719333648682,96.5,0.015625
K-Means,30.0488496414161,0.843514001002042,0.413279132791328,0.58678988356615,0.739593678587614,0.978067938386208,0.59461386998248,0,0.353086471557617,99.1,0
Otsu,31.8367215142666,0.635619846782403,0.410552945428262,0.369462858558949,0.539573390033704,0.997282495087587,0.369835191243275,0,0.00167250633239746,0,0
Adaptive Thresholding,22.4811503776081,0.761525185822069,0.133594429939077,0.815413405920381,0.898322556461438,0.996993305850762,0.817423525946139,0,0.000796318054199219,0,0
Region Growing,16.5098996588842,0.21405756003667,0,0.00150389928526024,0.00300328193696204,1,0.00150389928526024,0,0.00214886665344238,0,0
Split and Merge,31.8367215142666,0.635619846782403,0.410552945428262,0.369462858558949,0.539573390033704,0.997282495087587,0.369835191243275,0,0.0130369663238525,76.7,0
MobileNet-Seg,42.0379138064346,0.754156926489473,1,0.533584594726563,0.695865877319536,0.971199244570349,0.542163444394487,0,0.266907215118408,101.1,0.0078125
K-Means,23.1662831652736,0.575109549520703,0.167918088737201,0.354608579853515,0.523558738852609,0.539996378779649,0.508092268901837,0,0.285363912582397,98.1,0
Otsu,12.3410135601176,0.476646486173427,0.174113792076259,0.262442307692308,0.415769189757339,0.375971127885834,0.464990289277318,0,0.00152420997619629,0,0
Adaptive Thresholding,11.6911779140728,0.234997468637395,0.0669132338562258,0.336956108683261,0.504064578477631,0.432378398147019,0.604245459811237,0,0.00142359733581543,0,0
Region Growing,8.3542912332756,0.163272202634085,0.0741306839893007,0.115790136940267,0.207548235294118,0.231872476446837,0.187842856656104,0,0.0463249683380127,107.9,0
Split and Merge,12.3410135601176,0.476646486173427,0.174113792076259,0.262442307692308,0.415769189757339,0.375971127885834,0.464990289277318,0,0.00347757339477539,0,0
MobileNet-Seg,27.6266656511609,0.988050361824332,0.955709943551889,0.440170025381487,0.611275082280497,0.443978347033513,0.980885209036083,0,0.31036114692688,96.7,0
K-Means,25.9353692973473,0.702922055086589,0.212376933895921,0.526129276860463,0.689495031433786,0.988486698648059,0.529373297002725,0,0.315165281295776,101.5,0
Otsu,13.408206162827,0.558416174168687,0.156702412868633,0.646436895151955,0.785255598991291,0.986712528860199,0.652113662903854,0,0.00131654739379883,0,0
Adaptive Thresholding,11.2966572569432,0.195097498953601,0.0575614209827357,0.61151422717259,0.758931217437025,0.983011391778108,0.618045932269366,0,0.00135898590087891,0,0
Region Growing,7.16473085000063,0.0990048459344912,0.0418356456776948,0.228461514596842,0.371947369750234,0.983900060124257,0.229318801089918,0,0.0274248123168945,72.9,0
Split and Merge,13.408206162827,0.558416174168687,0.156702412868633,0.646436895151955,0.785255598991291,0.986712528860199,0.652113662903854,0,0.00337934494018555,0,0
MobileNet-Seg,6.54982662536707,0.000303027892400091,0,0,0,0,0,0,0.267920732498169,100.8,0
K-Means,21.1084288625624,0.696259072829938,0.378495993207027,0.127986568513496,0.226929242042592,0.215716151501959,0.239371980676329,0,0.294189691543579,102,0
Otsu,15.1476314646266,0.62943791732055,0.456527262564155,0.457864265036989,0.628130170987314,0.516094781820536,0.802294685990338,0,0.00144577026367188,0,0
Adaptive Thresholding,11.0537899465671,0.488125950037691,0.358630517392575,0.311404084131357,0.474917057068072,0.405310036709257,0.573389694041868,0,0.0014958381652832,0,0
Region Growing,6.07445407066186,0.00207117616430317,0,0,0,0,0,0,0.00184941291809082,537.8,0
Split and Merge,15.1476314646266,0.62943791732055,0.456527262564155,0.457864265036989,0.628130170987314,0.516094781820536,0.802294685990338,0,0.0241086483001709,124.4,0
MobileNet-Seg,6.07425982211553,0.00205970495801218,0,0,0,0,0,0,0.265320062637329,98,0
K-Means,23.3235194414671,0.646805072429798,0.220909496210432,0.0254054804987323,0.049552066927467,0.0644720606381104,0.0402398437714883,0,0.331583976745605,102.5,0
Otsu,15.5139906222063,0.475518968297622,0.330779606150526,0.692981210658337,0.81865198065472,0.832286485718346,0.805456995901752,0,0.00160431861877441,0,0
Adaptive Thresholding,12.6491790255606,0.46071629453045,0.264371645382195,0.383811097075114,0.554716027189484,0.566734582603955,0.543196633385593,0,0.00154852867126465,0,0
Region Growing,8.46463811090332,0.0342868192585976,0.0801890119190352,0.118835499732243,0.212427116874075,0.508171125221193,0.134279506009847,0,0.0278518199920654,107.7,0
Split and Merge,15.5139906222063,0.475518968297622,0.330779606150526,0.692981210658337,0.81865198065472,0.832286485718346,0.805456995901752,0,0.0124592781066895,80.2,0
MobileNet-Seg,8.5972342740959,0.296242229937788,0.365639589169001,0.000248561891911086,0.000497000248500124,0.000700665632350733,0.000385070275325247,0,0.274940252304077,101.8,0
K-Means,24.8120028836247,0.564873516229658,0.0879375180792595,0.403998082899151,0.575496630401269,0.962964327830189,0.410374395376594,0,0.25667142868042,101.3,0
Otsu,14.9701437688087,0.468754184447137,0.0848429951690821,0.533927294212769,0.696157237995803,0.981759441918975,0.539276964633457,0,0.00156259536743164,0,0
Adaptive Thresholding,12.3762250166334,0.284127655802296,0.0385860889395667,0.620541529681782,0.765844649231093,0.980207236116895,0.628415729631258,0,0.00155067443847656,0,0
Region Growing,7.43576862754897,1.53106744741447E-05,0.0064,0.00405176204535461,0.00807082303625614,1,0.00405176204535461,0,0.00259709358215332,0,0
Split and Merge,14.9701437688087,0.468754184447137,0.0848429951690821,0.533927294212769,0.696157237995803,0.981759441918975,0.539276964633457,0,0.011061429977417,90.3,0
MobileNet-Seg,8.56083901826289,0.388501761549468,0.274461839530333,0.417619262978962,0.589183956348595,0.983581870271065,0.420550914002136,0,0.259176969528198,104.2,0
K-Means,24.7987381947108,0.600459454983392,0.161127359744749,0.404007666297895,0.575506353698463,0.988976618224816,0.405835211620336,0,0.386649608612061,98.3,0
Otsu,15.0103898723045,0.492110639258282,0.104795050270688,0.568218472799454,0.724667490729295,0.983994414157961,0.573519283746557,0,0.00129413604736328,0,0
Adaptive Thresholding,12.405917502698,0.28489351254445,0.0512509739416501,0.606766243003371,0.755263866969475,0.980363745378235,0.614231154520411,0,0.00118422508239746,0,0
Region Growing,8.07795870786169,0.126842973776295,0.0932726681832954,0.26647204062301,0.420809985654205,0.971192484011546,0.268595041322314,0,0.0308523178100586,97.2,0
Split and Merge,15.0103898723045,0.492110639258282,0.104795050270688,0.568218472799454,0.724667490729295,0.983994414157961,0.573519283746557,0,0.00912785530090332,109.6,0
MobileNet-Seg,7.60365753459324,0.000661320257355137,0,0,0,0,0,0,0.261212825775147,99.5,0
K-Means,23.9653661739653,0.717809864957873,0.358106105512745,0.843231044717541,0.914948830895759,0.946085041970552,0.8857967429396,0,0.230059146881104,100,0
Otsu,17.4161063930388,0.735724564495179,0.513114099320996,0.708270492805609,0.829225226085089,0.772095089980004,0.895485466914038,0,0.00197434425354004,0,0
Adaptive Thresholding,11.0667805884058,0.410917682030121,0.314804730045122,0.461631131083278,0.63166570725836,0.641570107366855,0.622062461348176,0,0.00169491767883301,0,0
Region Growing,5.82824529897674,0.000601035097915,0.00130536941954573,0,0,0,0,0,0.00191879272460938,0,0
Split and Merge,17.4161063930388,0.735724564495179,0.513114099320996,0.708270492805609,0.829225226085089,0.772095089980004,0.895485466914038,0,0.0194768905639648,102.6,0
MobileNet-Seg,6.67302508999658,0.364494059284093,0.620450313187743,0.0132517339861281,0.0261568444279801,0.03488122342025,0.0209235209235209,0,0.268214225769043,100.7,0
K-Means,21.6883531430481,0.736195446023742,0.333250321670195,0.422799400503701,0.594320464787968,0.98527346703633,0.425488244806568,0,0.336919069290161,100.9,0
Otsu,13.7887608185449,0.625685911119646,0.501321815541572,0.610747253085944,0.758340269605733,0.985600954962572,0.616245801716632,0,0.00150012969970703,0,0
Adaptive Thresholding,10.5136835930655,0.507151017972015,0.450606702295721,0.504209065679926,0.670397589250023,0.983519292652853,0.508505411120786,0,0.00156569480895996,0,0
Region Growing,5.74799376794273,0.000453523581424871,0,1.55491976614007E-05,3.10979117752243E-05,1,1.55491976614007E-05,0,0.00166010856628418,599.2,0
Split and Merge,13.7887608185449,0.625685911119646,0.501321815541572,0.610747253085944,0.758340269605733,0.985600954962572,0.616245801716632,0,0.0244135856628418,122.8,0
MobileNet-Seg,6.08622983060313,0.0904394707689249,0.0992503748125937,0.0997125767109454,0.181342977833661,0.991809612115593,0.0997947505908695,0,0.284780502319336,94.8,0
K-Means,23.6437830163602,0.681734254297465,0.220053835800808,0.579963901701557,0.734148294245152,0.974418122440516,0.588931010714957,0,0.320109844207764,100,0
Otsu,16.6909573587682,0.676338350643569,0.142342651346253,0.713114627794813,0.83253579909333,0.977587663709337,0.724967103201955,0,0.00127768516540527,0,0
Adaptive Thresholding,12.6632427312233,0.282472316987505,0.0894081788163576,0.652679427316862,0.789843954645811,0.980444072835377,0.66128830127201,0,0.00125336647033691,0,0
Region Growing,6.92335318865528,0.0536051947061504,0.1165371809101,0.156535359072754,0.270697057110741,0.999100269919024,0.156557428410301,0,0.0224895477294922,133.3,0
Split and Merge,16.6909573587682,0.676338350643569,0.142342651346253,0.713114627794813,0.83253579909333,0.977587663709337,0.724967103201955,0,0.0141093730926514,141.6,0
MobileNet-Seg,14.5096904716591,0.732606413759038,0.285190999476714,0.797201171602585,0.887158526490066,0.986745185298857,0.805830565824926,0,0.265310287475586,98,0
K-Means,21.9374610004543,0.804716985101472,0.358993811139948,0.367374831668442,0.537343269979862,0.662774675465951,0.451832991372704,0,0.298373222351074,97.2,0
Otsu,16.9959991511363,0.708459512519259,0.55343220799942,0.600470605811608,0.750367552682551,0.710601339256116,0.79484834252095,0,0.00135469436645508,0,0
Adaptive Thresholding,10.9995971652715,0.554720460529521,0.476274516333122,0.391133323198541,0.562323275096644,0.628411797032424,0.508812696215361,0,0.00150489807128906,0,0
Region Growing,5.93230360538714,0.00588950252554006,0.0100915278103732,0,0,0,0,0,0.00433468818664551,0,0
Split and Merge,16.9959991511363,0.708459512519259,0.55343220799942,0.600470605811608,0.750367552682551,0.710601339256116,0.79484834252095,0,0.0388376712799072,103,0
MobileNet-Seg,6.01589624593699,0.034262699958084,0.0355771931467091,0.0106876669947968,0.0211492973424238,0.170850505807419,0.011272340741107,0,0.269371032714844,96.5,0
K-Means,31.8096232689327,0.90725479389041,0.488826815642458,0.677131279149782,0.807487508661877,0.972204535973829,0.690498838279094,0,0.246341228485107,101.5,0
Otsu,37.7960698896857,0.622433789424942,0.715827338129496,0.307096914858825,0.469891576313595,0.995858795010353,0.307489591292551,0,0.00186872482299805,0,0
Adaptive Thresholding,23.7860203265274,0.807790687222314,0.168018210271731,0.864492449338248,0.927322016932894,0.996951000789153,0.866784138221398,0,0.000839471817016602,0,0
Region Growing,20.6573177503837,0.454154729846202,0.234254992319508,0.220099421857225,0.360789322434383,0.99703515459551,0.220243571551092,0,0.0249016284942627,80.3,0
Split and Merge,37.7960698896857,0.622433789424942,0.715827338129496,0.307096914858825,0.469891576313595,0.995858795010353,0.307489591292551,0,0.0153758525848389,65,0
MobileNet-Seg,17.7839768365454,0.26566345409295,0,0.00678320260724477,0.0134750015488508,1,0.00678320260724477,0,0.278878927230835,100.4,0
K-Means,24.1218557510747,0.618346602259187,0.301976573938507,0.612929560542814,0.760020245814751,0.992071802543007,0.615946627865579,0,0.247390747070313,97,0
Otsu,16.4139530479636,0.635918221170406,0.372006745362563,0.634855155004156,0.776650032953583,0.991275506525344,0.638422364286488,0,0.00131058692932129,0,0
Adaptive Thresholding,10.524773770125,0.337452113473236,0.184601748519399,0.565865591728722,0.722751166789487,0.98942752609491,0.569307926876461,0,0.00133109092712402,744.5,0
Region Growing,5.84510029348286,0.000517237284183926,0.000315059861373661,1.54791573146758E-05,3.09578354281469E-05,1,1.54791573146758E-05,0,0.00212621688842773,0,0
Split and Merge,16.4139530479636,0.635918221170406,0.372006745362563,0.634855155004156,0.776650032953583,0.991275506525344,0.638422364286488,0,0.0166375637054443,120.1,0
MobileNet-Seg,5.84505896411228,0.000506571698587398,0,0,0,0,0,0,0.263139963150024,98.8,0
K-Means,26.4618061052371,0.64467575544135,0.117728319263239,0.389982830360872,0.561133305883531,0.995066503532384,0.390738329923749,0,0.303512811660767,102.1,0
Otsu,10.5273761162859,0.232622910885521,0.135098893731143,0.413484220101448,0.585056719022688,0.987590219472676,0.415643791457442,0,0.0018000602722168,0,0
Adaptive Thresholding,11.4835334912478,0.272319169173471,0.119024081616513,0.546466512702079,0.706729189689675,0.988139981625324,0.550074390924307,0,0.00150513648986816,0,0
Region Growing,7.22490448015854,0.00137439620276551,0.0136690647482014,0.00150331659537536,0.00300212005385246,1,0.00150331659537536,0,0.00229167938232422,437.8,0
Split and Merge,10.5273761162859,0.232622910885521,0.135098893731143,0.413484220101448,0.585056719022688,0.987590219472676,0.415643791457442,0,0.0035395622253418,281.8,0
MobileNet-Seg,9.66182668391773,0.445864333572247,0.25684535287312,0.472048538742995,0.641349148916087,0.991922141119221,0.473870187837084,0,0.276465177536011,101.3,0
K-Means,21.9747560739741,0.599626419704462,0.113793103448276,0.449618703832086,0.620326852355745,0.739569816365853,0.534196773460577,0,0.370474815368652,97.2,0
Otsu,11.9980449086592,0.488339290041164,0.097708082026538,0.278324944780389,0.435452575523673,0.434277804457753,0.43663371960918,0,0.00264883041381836,0,0
Adaptive Thresholding,13.42230670076,0.29707185665523,0.0394362636668141,0.478588742256935,0.64735883424408,0.565419371261296,0.757072256305385,0,0.00174975395202637,0,0
Region Growing,6.584014769114,0.0216357328426957,0.0836653386454183,0,0,0,0,0,0.0181105136871338,110.4,0
Split and Merge,11.9980449086592,0.488339290041164,0.097708082026538,0.278324944780389,0.435452575523673,0.434277804457753,0.43663371960918,0,0.0155656337738037,64.2,0
MobileNet-Seg,8.07027192145084,0.33045417260274,0.199453551912568,0.00126703115508114,0.00253085563722091,0.00324733096085409,0.00207339241081572,0,0.447785139083862,91.6,0
K-Means,23.8151656227274,0.613321945024498,0.264257395547423,0.677154796755235,0.807504230456623,0.951337435639834,0.701451422486632,0,0.551034212112427,99.8,0
Otsu,7.26780511835125,0.223449262369773,0.177439403356122,0.212763292113316,0.350873568645969,0.483902478733363,0.275214704044075,0,0.00243520736694336,0,0
Adaptive Thresholding,8.98078669252503,0.19068734218646,0.127510602544611,0.471752017713021,0.641075414927691,0.673550031867432,0.611588231209056,0,0.00183463096618652,0,0
Region Growing,7.72336256961689,0.21096815292194,0.108038487764225,0.648966658593687,0.787119200029375,0.835108040723042,0.744345933933656,0,0.141846895217896,91.6,0
Split and Merge,7.26780511835125,0.223449262369773,0.177439403356122,0.212763292113316,0.350873568645969,0.483902478733363,0.275214704044075,0,0.0230638980865479,130,0
MobileNet-Seg,4.40491424468587,0.000134874938720338,0,0,0,0,0,0,0.411778926849365,99.6,0
K-Means,27.0006033909542,0.756051850471715,0.197519769949677,0.362387939946612,0.531989353870548,0.974563259886302,0.365848339460403,0,0.511475086212158,95.8,0
Otsu,9.59940449131565,0.279055044324485,0.194535249491149,0.41241890639481,0.583989501312336,0.98003230069006,0.415913764097452,0,0.00295662879943848,0,0
Adaptive Thresholding,10.0975227979216,0.252457089469603,0.133388599399968,0.53789889512993,0.699524392446469,0.982856820616929,0.542993332917939,0,0.002349853515625,424.5,0
Region Growing,8.93053492954775,0.0389576499363518,0.103585918073551,0.398891709491672,0.570296766769204,0.984414393765758,0.40142688017945,0,0.0949778556823731,94.8,0
Split and Merge,9.59940449131565,0.279055044324485,0.194535249491149,0.41241890639481,0.583989501312336,0.98003230069006,0.415913764097452,0,0.00439906120300293,0,0
MobileNet-Seg,7.82519193854072,0.420609282168545,0.317566314227416,0.418556732735688,0.590116310580686,0.970167872545176,0.424013957255904,0,0.264024496078491,106,0
K-Means,21.7643293008077,0.639036304326969,0.284067762929107,0.76681235360877,0.868017876423075,0.940138551720054,0.806173999136859,0,0.531441926956177,97.8,0
Otsu,12.1263717426754,0.535994472323206,0.42153987167736,0.760123633757391,0.863716183544143,0.865875749457839,0.861567363103247,0,0.0014340877532959,0,0
Adaptive Thresholding,8.91860238367288,0.386142934533788,0.351475917390845,0.411698794036654,0.583267189538967,0.620399519203251,0.550328755299434,0,0.00154566764831543,0,0
Region Growing,4.44173781803311,-0.000396358625110761,0.00154809180857508,0,0,0,0,0,0.00192689895629883,0,0
Split and Merge,12.1263717426754,0.535994472323206,0.42153987167736,0.760123633757391,0.863716183544143,0.865875749457839,0.861567363103247,0,0.0204155445098877,97.9,0
MobileNet-Seg,5.86531079819801,0.469360685267356,0.542940226171244,0.0957776606628019,0.174812216202453,0.197399527186761,0.156863242872737,0,0.268770933151245,104.2,0
K-Means,25.7352566231547,0.800692343605345,0.201140581153254,0.421253975326092,0.59279197474813,0.976390570472189,0.425589047899916,0,0.320465326309204,99.8,0
Otsu,11.8208937736689,0.300990849786261,0.254847066688952,0.359740560574473,0.529131175468484,0.98607348459194,0.361577623940645,0,0.00170516967773438,0,0
Adaptive Thresholding,12.7990268921052,0.403496660870206,0.248144299287411,0.521826314977634,0.685789580377053,0.988198866623824,0.525098562692081,0,0.00154399871826172,0,0
Region Growing,10.5531233554495,0.0815687622129441,0.125124887006994,0.392714177524304,0.563955165908334,0.98929294502414,0.394390463477478,0,0.0539181232452393,111.2,0
Split and Merge,11.8208937736689,0.300990849786261,0.254847066688952,0.359740560574473,0.529131175468484,0.98607348459194,0.361577623940645,0,0.00735235214233398,136.5,0
MobileNet-Seg,10.458562961277,0.458033940102523,0.319972424660232,0.446549039958485,0.617399103139014,0.964018583808363,0.454117902710086,0,0.281998634338379,102.8,0
K-Means,25.3461459825383,0.739814449806398,0.189919893190921,0.523270498367523,0.687035557937094,0.984697869873931,0.527560399975157,0,0.319681167602539,100.1,0
Otsu,9.36207018807319,0.307214788887522,0.130549682875264,0.36100475514111,0.530497419318246,0.984505915540398,0.3630675113347,0,0.00174617767333984,0,0
Adaptive Thresholding,12.2525712792016,0.170199624646804,0.0503726063578908,0.693585346723467,0.819073391329616,0.986460475086399,0.700251537171604,0,0.00123977661132813,0,0
Region Growing,8.69143221703493,0.250608577276361,0.0987832542792328,0.370764539181863,0.540960213930181,0.978696589014921,0.373781131606733,0,0.0425701141357422,93.9,0
Split and Merge,9.36207018807319,0.307214788887522,0.130549682875264,0.36100475514111,0.530497419318246,0.984505915540398,0.3630675113347,0,0.00444936752319336,0,0
MobileNet-Seg,6.22586165436506,0.000329717907851282,0,0,0,0,0,0,0.270119428634644,99.9,0
K-Means,23.5418182040727,0.667647092402603,0.24007534048102,0.416049875618071,0.587620369567103,0.979289406151733,0.419743140869727,0,0.297897815704346,100.7,0
Otsu,13.7782802626129,0.458203436427853,0.352685050798258,0.502019797095193,0.668459627584225,0.990599044692567,0.504422996483292,0,0.00165843963623047,0,0
Adaptive Thresholding,11.9373199109164,0.285229876183719,0.110433659048696,0.585609049439033,0.738655029303994,0.991157598205436,0.588684565214024,0,0.00143051147460938,0,0
Region Growing,9.55644745141409,0.0954002308974563,0.116262047090399,0.216423103688239,0.3558352402746,0.991779462830416,0.21681203426854,0,0.0281915664672852,106.4,0
Split and Merge,13.7782802626129,0.458203436427853,0.352685050798258,0.502019797095193,0.668459627584225,0.990599044692567,0.504422996483292,0,0.015986442565918,62.5,0
MobileNet-Seg,7.37584306552839,0.000464776140481747,0,0,0,0,0,0,0.274207353591919,102.1,0
K-Means,25.498929560115,0.640341960072236,0.212683347713546,0.530012338062924,0.692820998729916,0.9884376438104,0.533318849126292,0,0.293289422988892,102.3,0
Otsu,18.6690878637844,0.611522347364272,0.325872127634242,0.647495647618901,0.786036246656816,0.988963667168675,0.652208324280704,0,0.00136065483093262,734.1,0
Adaptive Thresholding,12.2891837799371,0.350772686457334,0.138445199660153,0.580141059327894,0.734290215298442,0.983305552661736,0.58591203947981,0,0.0015256404876709,650.6,0
Region Growing,7.89739660799616,0.054336313368265,0.100547675888218,0.106806510170202,0.192999425263187,0.997825771850993,0.106831372792452,0,0.0159454345703125,125.3,0
Split and Merge,18.6690878637844,0.611522347364272,0.325872127634242,0.647495647618901,0.786036246656816,0.988963667168675,0.652208324280704,0,0.0122971534729004,81.2,0
MobileNet-Seg,7.84191143200269,0.19475943292556,0.172475247524752,0.204425204425204,0.339456869009585,0.999165781889883,0.204460101182532,0,0.282132625579834,99.2,0
K-Means,22.8161043558748,0.709996534818759,0.313325530847684,0.0109123921924648,0.0215891946260507,0.0183528262130882,0.0262113480744908,0,0.246896266937256,97.2,0
Otsu,21.5247885857608,0.820133855313992,0.583509156890877,0.220760428447874,0.361676907775522,0.262998335578981,0.578873915129312,0,0.00127553939819336,0,0
Adaptive Thresholding,10.8681987884233,0.407025652589716,0.281966110246815,0.241969036284354,0.389653895089465,0.308896379143047,0.527585154171573,0,0.00134444236755371,738,0
Region Growing,5.42747079813891,0.00351944509345086,0.000840336134453782,0.00562606306424179,0.0111891751236014,1,0.00562606306424179,0,0.00191283226013184,519.9,0
Split and Merge,21.5247885857608,0.820133855313992,0.583509156890877,0.220760428447874,0.361676907775522,0.262998335578981,0.578873915129312,0,0.0211317539215088,94.6,0
MobileNet-Seg,6.78294874479271,0.479414905709881,0.64008705975465,0.687191589787599,0.814598168870804,0.698060338117625,0.9778446508788,0,0.27655553817749,101.2,0
K-Means,21.3464597119338,0.625702304749062,0.313232396557088,0.24686660698299,0.395979177885478,0.50484103791853,0.325738300772376,0,0.6089768409729,100.2,0
Otsu,10.5776469406222,0.485629853042438,0.394990741643115,0.591077690171676,0.742990356565052,0.845790191130833,0.662471603816447,0,0.00159597396850586,0,0
Adaptive Thresholding,8.85669027393704,0.378421147468759,0.333177519686455,0.440120685581345,0.611227503344524,0.687652638155279,0.550090867787369,0,0.00153613090515137,0,0
Region Growing,4.38416338595279,-0.00033211489928383,0.00185377428444313,0,0,0,0,0,0.00201773643493652,493.9,0
Split and Merge,10.5776469406222,0.485629853042438,0.394990741643115,0.591077690171676,0.742990356565052,0.845790191130833,0.662471603816447,0,0.018150806427002,110.1,0
MobileNet-Seg,9.34782344687483,0.749199879123995,0.769389791844882,0.430221557617188,0.601615260692834,0.567178290519201,0.6405043162199,0,0.267249822616577,101,0
K-Means,22.335812928186,0.680298167989937,0.279045591802386,0.453818472610956,0.624312431243124,0.986923514263737,0.456563781233078,0,0.329970359802246,100,0
Otsu,18.7943579333744,0.71330711162796,0.577137502928086,0.711656911715135,0.831541539480633,0.986596711839925,0.7186044712617,0,0.00130939483642578,0,0
Adaptive Thresholding,10.6593332189523,0.473421828209676,0.420298722332194,0.519622751639709,0.683883879836655,0.9863544916465,0.523385162837472,0,0.00153923034667969,0,0
Region Growing,6.08165134759221,0.0030858524782852,0.00253403264776946,0.00187205074649957,0.00373710544196677,1,0.00187205074649957,0,0.00211429595947266,0,0
Split and Merge,18.7943579333744,0.71330711162796,0.577137502928086,0.711656911715135,0.831541539480633,0.986596711839925,0.7186044712617,0,0.030205249786377,99.3,0
MobileNet-Seg,6.07616833592853,0.000956106070336678,0,0,0,0,0,0,0.268872499465942,100.4,0
K-Means,21.4240987759482,0.719356070760121,0.322668562625904,0.723957786411845,0.839878786032984,0.87665702387386,0.806062200397521,0,0.381194829940796,99.7,0
Otsu,13.1165034245935,0.606420749539786,0.428111001857315,0.698493561011872,0.822485968796663,0.734886823702613,0.933795159593125,0,0.00226926803588867,0,0
Adaptive Thresholding,9.1645011859797,0.358479321826872,0.321755767320358,0.424666785849075,0.596162962549845,0.569954678752333,0.624897696714603,0,0.00154376029968262,643.6,0
Region Growing,4.13097573068434,7.9913377153133E-05,0.000700116686114352,0,0,0,0,0,0.0019078254699707,0,0
Split and Merge,13.1165034245935,0.606420749539786,0.428111001857315,0.698493561011872,0.822485968796663,0.734886823702613,0.933795159593125,0,0.024773120880127,80.7,0
MobileNet-Seg,4.13090002137915,0.000131909271010861,0,0,0,0,0,0,0.270822048187256,99.7,0
K-Means,22.4201962148362,0.631486403546694,0.235411046429079,0.567654936732243,0.724209037883698,0.982129064905319,0.573579505685088,0,0.261683225631714,99.3,0
Otsu,17.4531321119526,0.719172360553194,0.486640541503384,0.745730404439457,0.854347730374675,0.984535454803751,0.754569068765457,0,0.00135922431945801,0,0
Adaptive Thresholding,10.4551617901261,0.386032532252757,0.308352161758511,0.559033768794676,0.717154150197628,0.983174835405999,0.56443359101585,0,0.00188755989074707,0,0
Region Growing,5.97423059028614,0.020473292418531,0.060601515037876,0.0636842677941337,0.119742802864241,0.989852621406137,0.0637258714283492,0,0.0108323097229004,184.4,0
Split and Merge,17.4531321119526,0.719172360553194,0.486640541503384,0.745730404439457,0.854347730374675,0.984535454803751,0.754569068765457,0,0.0219020843505859,136.9,0
MobileNet-Seg,7.01181137359309,0.418900843244723,0.474662300450266,0.415868589203353,0.587439529875218,0.965492707221629,0.422143068236612,0,0.274848937988281,98.2,0
K-Means,27.3357185543562,0.693378832868469,0,0.600227983424989,0.750178086675266,0.988758627689809,0.604352141948693,0,0.339296817779541,100.2,0
Otsu,12.7190366555437,0.53098185064009,0.112882854436375,0.648118217501732,0.786494816475203,0.988473096065358,0.653053944225579,0,0.00142836570739746,698.7,0
Adaptive Thresholding,11.5091600932423,0.15339000804311,0.0322042596869387,0.644826472713853,0.784066262807569,0.986845201675531,0.650417222446257,0,0.0012357234954834,0,0
Region Growing,6.52990699246254,-0.00380801882423334,0.0433546552949538,0.0132921797934051,0.0262356308643676,1,0.0132921797934051,0,0.00386619567871094,257.8,0
Split and Merge,12.7190366555437,0.53098185064009,0.112882854436375,0.648118217501732,0.786494816475203,0.988473096065358,0.653053944225579,0,0.0016181468963623,615.5,0
MobileNet-Seg,6.47849507347133,0.000328757664507827,0,0,0,0,0,0,0.272106409072876,99.2,0
K-Means,23.5033331619901,0.550224018029707,0.0346747658820552,0.483290686561643,0.651646627245991,0.981253129694542,0.48779463243874,0,0.279191970825195,96.7,0
Otsu,8.37854924885474,0.323524233472464,0.118846489950481,0.495357280803399,0.662526992261357,0.986158956692913,0.498825359782186,0,0.00164890289306641,606,0
Adaptive Thresholding,8.48064915231471,0.192809301885854,0.101542312661499,0.588612868384509,0.74104003574273,0.986169635240286,0.593512252042007,0,0.00152993202209473,649.3,0
Region Growing,6.4175026463373,0.126043812147878,0.120614715926731,0.508741529226104,0.67439189466344,0.989200084233326,0.511583041618048,0,0.0689170360565186,101.5,0
Split and Merge,8.37854924885474,0.323524233472464,0.118846489950481,0.495357280803399,0.662526992261357,0.986158956692913,0.498825359782186,0,0.00790238380432129,0,0
MobileNet-Seg,4.02488796286658,0.000127578558617757,0,0,0,0,0,0,0.276044845581055,105,0
K-Means,24.7799465953636,0.602297849338056,0.179155759162304,0.838217154135029,0.911989263346257,0.920001203441844,0.904115664360475,0,0.288218975067139,97.1,0
Otsu,12.492654615655,0.291392508341864,0.134052052706087,0.0207464535603985,0.0406495726495727,0.0481805656860361,0.035154633079061,0,0.00175213813781738,0,0
Adaptive Thresholding,12.7897195520186,0.322474016462614,0.111847217110375,0.355410138248848,0.524431872271559,0.485557430305472,0.570072733723612,0,0.00144481658935547,0,0
Region Growing,7.90764243728132,0.0378805634051821,0.112623762376238,0.383681246800523,0.554580395864592,0.909648708785652,0.39888238424694,0,0.0301010608673096,99.6,0
Split and Merge,12.492654615655,0.291392508341864,0.134052052706087,0.0207464535603985,0.0406495726495727,0.0481805656860361,0.035154633079061,0,0.0140993595123291,70.8,0
MobileNet-Seg,7.55448165255383,0.000429662080638695,0,0,0,0,0,0,0.442474842071533,97.2,0
K-Means,21.2698317461808,0.663437684536114,0.329270072992701,0.702224900808598,0.82506712300475,0.955576817933297,0.72592284928093,0,0.459587335586548,95.7,0
Otsu,14.0680843502047,0.5289860261772,0.373848589522165,0.679596532409882,0.809237836940278,0.866502696615895,0.759072737656404,0,0.00253152847290039,393.7,0
Adaptive Thresholding,10.044456329457,0.425044249449661,0.304087238824607,0.457334685055185,0.627631648028561,0.634763447140657,0.620658325112923,0,0.00214266777038574,0,0
Region Growing,4.98095850981668,0.00281651752533657,0.000962463907603465,0,0,0,0,0,0.00344204902648926,288.6,0
Split and Merge,14.0680843502047,0.5289860261772,0.373848589522165,0.679596532409882,0.809237836940278,0.866502696615895,0.759072737656404,0,0.0269479751586914,74.2,0
MobileNet-Seg,4.97985829172793,0.00251083064619651,0,0,0,0,0,0,0.427215099334717,96,0
K-Means,24.5653260351929,0.723305178008878,0.257652482805532,0.392684918421742,0.56392499585154,0.989018664390206,0.394404555583065,0,0.518131732940674,98.4,0.0078125
Otsu,12.5672385374723,0.473023234570935,0.344981157930798,0.610143434747183,0.75787463598606,0.989454264416245,0.614137162664026,0,0.00210094451904297,0,0
Adaptive Thresholding,10.1310842550263,0.333259339924803,0.256072578285045,0.51712671459581,0.6817185533953,0.990183940573046,0.519791408764546,0,0.0025475025177002,0,0
Region Growing,8.74935187373812,0.0399214355383853,0.11226956784527,0.375339380476367,0.545813470921429,0.99184705067058,0.376500990344145,0,0.106779336929321,93.6,0
Split and Merge,12.5672385374723,0.473023234570935,0.344981157930798,0.610143434747183,0.75787463598606,0.989454264416245,0.614137162664026,0,0.0180761814117432,55.3,0
MobileNet-Seg,6.63606338508901,0.149841616336305,0.104160769883951,0.16782427101864,0.287413569290275,0.998068077276909,0.167878806635306,0,0.448522567749023,93.6,0
K-Means,22.1918516196459,0.706012387702652,0.367982212340189,0.730314182304815,0.844140549471797,0.921376769886037,0.778851767758677,0,0.369893074035645,100,0
Otsu,15.3046402329536,0.534258823854829,0.373702422145329,0.647690877156731,0.786180085277151,0.760754808567441,0.813363606876419,0,0.00160932540893555,0,0
Adaptive Thresholding,12.3619287340078,0.455062363292839,0.301470288763084,0.418641717207261,0.590200770398039,0.536386781944518,0.656016866688291,0,0.00144171714782715,0,0
Region Growing,6.82354526184732,0.00200416724316995,0.00135948727908332,0,0,0,0,0,0.00193071365356445,0,0
Split and Merge,15.3046402329536,0.534258823854829,0.373702422145329,0.647690877156731,0.786180085277151,0.760754808567441,0.813363606876419,0,0.0215311050415039,92.8,0
MobileNet-Seg,8.25865410083507,0.584117031385141,0.815994144020496,0.0721035618726511,0.134508576292214,0.121125516381304,0.151216347713266,0,0.28293514251709,98.9,0.0078125
K-Means,23.4705558463512,0.649552022558598,0.331782464846981,0.738391120265477,0.849510920364934,0.933699898712198,0.77924838179886,0,0.228581190109253,100.6,0
Otsu,19.8253249252653,0.72816777759861,0.495257651315146,0.623515461434421,0.768105356857554,0.728073211890442,0.812795865133804,0,0.00124120712280273,0,0
Adaptive Thresholding,11.1969162706802,0.402636805705729,0.229069460339819,0.486461199779857,0.65452256655189,0.669232516467708,0.640445367597334,0,0.00142288208007813,0,0
Region Growing,6.22625892000132,0.00388153518398203,0.00553829528569499,0,0,0,0,0,0.0021216869354248,0,0
Split and Merge,19.8253249252653,0.72816777759861,0.495257651315146,0.623515461434421,0.768105356857554,0.728073211890442,0.812795865133804,0,0.0171530246734619,116.5,0
MobileNet-Seg,9.25938149106347,0.675307398097622,0.907131219451059,0.316757202148438,0.481117098325511,0.462431222294001,0.50137667858178,0,0.273855209350586,98.6,0.00390625
K-Means,25.0874769551574,0.584671785051409,0.368674698795181,0.932261289785036,0.964943296968652,0.975671433554238,0.954448520003412,0,0.293881177902222,98.7,0
Otsu,18.0797400247584,0.744211661861241,0.382882882882883,0.898648377652108,0.946619066731448,0.93776419871929,0.955642753561375,0,0.0010991096496582,0,0
Adaptive Thresholding,10.0676188625154,0.329205939007176,0.17983497685651,0.485178634594977,0.653360644024199,0.739805825242718,0.585003838607865,0,0.00142836570739746,0,0
Region Growing,5.57603619311339,0.0103895150667715,0.0486752009526645,0,0,0,0,0,0.0059044361114502,168.7,0
Split and Merge,18.0797400247584,0.744211661861241,0.382882882882883,0.898648377652108,0.946619066731448,0.93776419871929,0.955642753561375,0,0.0145606994628906,137.2,0
MobileNet-Seg,5.79269271727601,0.193808377348056,0.452406748181396,0.0106322032755948,0.0210406975774855,0.0482157866585161,0.0134564531263329,0,0.278170585632324,100.6,0
K-Means,23.4714314811982,0.650172765223444,0.328515383027049,0.753915783986161,0.859694394530986,0.920016193395408,0.806795993406872,0,0.244779109954834,102.1,0
Otsu,19.8306119107934,0.728315384676396,0.494087755301476,0.602622864946776,0.752045759645129,0.696776984642007,0.816837834411056,0,0.00137686729431152,0,0
Adaptive Thresholding,11.1970996471977,0.402646473749159,0.228707249438796,0.477169120394589,0.646058889001315,0.644477529082238,0.647648028401167,0,0.00150251388549805,0,0
Region Growing,6.22565901588725,0.00427684971266116,0.00270709258256632,0,0,0,0,0,0.00213861465454102,0,0
Split and Merge,19.8306119107934,0.728315384676396,0.494087755301476,0.602622864946776,0.752045759645129,0.696776984642007,0.816837834411056,0,0.0186507701873779,107.5,0
MobileNet-Seg,6.63234381360409,0.224114940003122,0.37124132613724,0.0905576919245253,0.166075930865641,0.29707824040787,0.115252947888931,0,0.294998407363892,98.3,0
K-Means,21.9605711998082,0.636335573386777,0.25970602332641,0.0686940243723389,0.128556954199653,0.16295167609926,0.106151271943507,0,0.29449200630188,101.9,0
Otsu,15.2423350740963,0.516085063086137,0.266050198150594,0.748601546378937,0.856228850911366,0.858523650671457,0.853946286265279,0,0.00176644325256348,0,0
Adaptive Thresholding,11.8239991703358,0.388969015675777,0.233688663984404,0.463581065273337,0.633488743839084,0.597302117611595,0.674342758288194,0,0.00136637687683105,0,0
Region Growing,6.07966703043628,0.000965589061011605,0.000995767986059248,0,0,0,0,0,0.00215673446655273,0,0
Split and Merge,15.2423350740963,0.516085063086137,0.266050198150594,0.748601546378937,0.856228850911366,0.858523650671457,0.853946286265279,0,0.0186698436737061,107,0
MobileNet-Seg,6.78489068094114,0.39733322145917,0.684998829861924,0.00854813690220799,0.0169513711630342,0.0200348095146007,0.0146904512067156,0,0.26507830619812,98.1,0
K-Means,22.1674351671467,0.589663282466831,0.214527408075795,0.0688164229266963,0.12877126782588,0.158487092590268,0.108439253406619,0,0.306952714920044,101,0
Otsu,15.3049417320422,0.505387249604244,0.481476581106113,0.118347856052774,0.211647664744465,0.217104669014721,0.206458261765716,0,0.00179457664489746,0,0
Adaptive Thresholding,11.625681764092,0.32646500923254,0.139719289318577,0.403650067912689,0.575143445136494,0.548893108920163,0.604030688194206,0,0.00151896476745605,0,0
Region Growing,7.37323828893274,0.0139971080550836,0.0610578629747959,0,0,0,0,0,0.00972414016723633,102.7,0
Split and Merge,15.3049417320422,0.505387249604244,0.481476581106113,0.118347856052774,0.211647664744465,0.217104669014721,0.206458261765716,0,0.0202834606170654,98.5,0
MobileNet-Seg,7.09184753722638,0.00106992174239696,0,0,0,0,0,0,0.276438474655151,101.3,0.00390625
K-Means,21.9004426933438,0.798468293585507,0.355804637235463,0.348741519810526,0.517136181674777,0.572091798096869,0.471813392711671,0,0.288631439208984,100.5,0
Otsu,17.5418249840529,0.733263421525254,0.556986382474837,0.482881091064072,0.651274190457942,0.582544239256181,0.73839135393472,0,0.00145840644836426,0,0
Adaptive Thresholding,11.4432713073109,0.559582353335947,0.475791561239144,0.363528887338411,0.533217727492396,0.559442853734192,0.5093412263075,0,0.00171923637390137,0,0
Region Growing,6.23042730282288,0.00108113721398012,0.00043986119935487,0,0,0,0,0,0.00233054161071777,0,0
Split and Merge,17.5418249840529,0.733263421525254,0.556986382474837,0.482881091064072,0.651274190457942,0.582544239256181,0.73839135393472,0,0.0387265682220459,77.5,0
MobileNet-Seg,6.22849233942356,0.00102294888372956,0,0,0,0,0,0,0.277869701385498,100.7,0.01171875
K-Means,24.3013293285797,0.670144734836052,0.268835990390915,0.743356532742803,0.852787733067187,0.931085721833311,0.786636908913377,0,0.320142269134522,96.8,0
Otsu,10.4571650587606,0.469243992896644,0.219169048142449,0.663578654583791,0.797772504179926,0.772019102794958,0.825303389594086,0,0.00149750709533691,0,0
Adaptive Thresholding,8.98062321605403,0.239009187770314,0.172460884154669,0.430903176425564,0.602281389160058,0.578389068680331,0.628232668433533,0,0.00148844718933105,0,0
Region Growing,4.25367586161236,0.000705879876717413,0.0034504391468005,0,0,0,0,0,0.00213766098022461,0,0
Split and Merge,10.4571650587606,0.469243992896644,0.219169048142449,0.663578654583791,0.797772504179926,0.772019102794958,0.825303389594086,0,0.0138452053070068,72.2,0
MobileNet-Seg,4.2518029722053,0.000322686445389235,0.00219745722806467,0,0,0,0,0,0.264700651168823,98.2,0.0078125
K-Means,24.4223265840953,0.67571560575688,0.17436974789916,0.329381007304883,0.495540413914371,0.956844174410293,0.334348022916374,0,0.311715126037598,99.4,0
Otsu,11.2669102993445,0.417278928485175,0.0458015267175573,0.519305856832972,0.683609366076528,0.985851692796423,0.523205170233691,0,0.00154709815979004,644.5,0
Adaptive Thresholding,12.4843990116539,0.198108995584868,0.0268672756582483,0.699284750128,0.823034220810051,0.991333993181568,0.703585756880376,0,0.00106382369995117,0,0
Region Growing,11.7847827301263,0.426658507198819,0.0657211346384339,0.640203696251122,0.780639255617315,0.986947599503675,0.645670397602211,0,0.0776329040527344,103,0
Split and Merge,11.2669102993445,0.417278928485175,0.0458015267175573,0.519305856832972,0.683609366076528,0.985851692796423,0.523205170233691,0,0.00250148773193359,0,0
MobileNet-Seg,6.77722006156323,0.000816446593763745,0,0,0,0,0,0,0.264948129653931,98.1,0.11328125
K-Means,22.8982398549682,0.637811334982052,0.220979514951731,0.0847197703240072,0.156205819496959,0.175016577027923,0.141046194038713,0,0.347372055053711,97.9,0
Otsu,13.1691751516321,0.353908563738002,0.141751963818139,0.634481999339425,0.776370739593156,0.896964980544747,0.684360527253295,0,0.00176334381103516,0,0
Adaptive Thresholding,13.4526881891956,0.364116191313681,0.165131338927399,0.455579453196148,0.625976757497903,0.567415594758308,0.698016862605391,0,0.00114321708679199,0,0
Region Growing,7.27312057333833,0.0653856100581202,0.140326502257728,0.0497413535120345,0.094768779653424,0.150858995137763,0.0690832442702767,0,0.0486829280853272,102.7,0
Split and Merge,13.1691751516321,0.353908563738002,0.141751963818139,0.634481999339425,0.776370739593156,0.896964980544747,0.684360527253295,0,0.0159471035003662,62.7,0
MobileNet-Seg,7.01908901673751,0.00151868469416136,0,0,0,0,0,0,0.265533208847046,101.7,0.015625
K-Means,22.5579810034876,0.550901697006061,0.0888019701579024,0.49715558926709,0.664133497989297,0.757840728428964,0.591049991545962,0,0.501126289367676,101.8,0
Otsu,15.5116748160943,0.500257361286021,0.118405993132869,0.65474366271179,0.791353582389671,0.745773699695806,0.842867609761596,0,0.00127744674682617,0,0
Adaptive Thresholding,12.6579670223571,0.323841453245056,0.109482207543149,0.42386963680754,0.595377028697513,0.563463909225854,0.63112213267204,0,0.00131011009216309,0,0
Region Growing,7.62680247270097,-0.000509558981367275,0.106575963718821,0,0,0,0,0,0.00902152061462402,110.6,0
Split and Merge,15.5116748160943,0.500257361286021,0.118405993132869,0.65474366271179,0.791353582389671,0.745773699695806,0.842867609761596,0,0.00956296920776367,104.4,0
MobileNet-Seg,8.50860865320466,0.372151044686224,0.582757799476066,0.0363269079330298,0.0701070437425664,0.0847105788423154,0.0597982302880009,0,0.284178018569946,102,0
K-Means,24.3618783555205,0.684266342351043,0.271136098440649,0.433086076340597,0.604410416778994,0.978594873943711,0.43722795138618,0,0.27675461769104,97.5,0
Otsu,16.2595235119085,0.564066919551871,0.275512157763737,0.614289894804935,0.761065155374913,0.979613892027313,0.622244410814859,0,0.00140810012817383,703.7,0
Adaptive Thresholding,12.0096947604036,0.329895688841541,0.157747636662557,0.585305393462563,0.738413426051824,0.978079090230787,0.593085479819648,0,0.0012671947479248,782.6,0
Region Growing,6.95440048129141,-0.00120803757725091,0.0174867135264872,0.0292369377661981,0.0568128420063361,1,0.0292369377661981,0,0.0056002140045166,0,0
Split and Merge,16.2595235119085,0.564066919551871,0.275512157763737,0.614289894804935,0.761065155374913,0.979613892027313,0.622244410814859,0,0.0164265632629395,121.6,0
MobileNet-Seg,7.86631684594354,0.310212990986936,0.613837764144513,0.315100885176024,0.479204126052806,0.990997602622438,0.316005429271261,0,0.266208171844482,101.4,0
K-Means,21.7652795613203,0.815773279791596,0.416590354090354,0.344385214691582,0.512331154684096,0.594639244774107,0.450038275070171,0,0.317931413650513,100.6,0
Otsu,18.4400499751738,0.738662182399524,0.580964970257766,0.455862888172408,0.626244259505327,0.576431207621663,0.685480990048482,0,0.00131654739379883,0,0
Adaptive Thresholding,11.55318895414,0.586430479468171,0.484517957733845,0.41186537364518,0.583434343434343,0.61779806046777,0.552692013268691,0,0.00150108337402344,0,0
Region Growing,6.22620110678824,0.00205350696025622,0.000151125887864591,0,0,0,0,0,0.00183892250061035,541.1,0
Split and Merge,18.4400499751738,0.738662182399524,0.580964970257766,0.455862888172408,0.626244259505327,0.576431207621663,0.685480990048482,0,0.0424575805664063,117.7,0
MobileNet-Seg,6.30391616065198,0.0126518217368416,0.0154123298638911,0.0257064164031419,0.0501243162605669,0.978640776699029,0.0257208471548865,0,0.269881725311279,96.3,0
K-Means,22.3375301540384,0.704104969539476,0.335320163487738,0.681995379728559,0.810936091677754,0.966741711011052,0.698381015746285,0,0.259203195571899,96.4,0
Otsu,17.598223484711,0.625186717590004,0.449802295303308,0.724793155117375,0.840440667296191,0.859231798990835,0.822453857716666,0,0.00137138366699219,0,0
Adaptive Thresholding,10.5046075035564,0.413847081651764,0.250109466678343,0.485398920667156,0.653560351921008,0.67199458530744,0.636110495059264,0,0.00140047073364258,0,0
Region Growing,5.22625348757059,0.00446919745765902,0.00150206533984228,0,0,0,0,0,0.00195789337158203,0,0
Split and Merge,17.598223484711,0.625186717590004,0.449802295303308,0.724793155117375,0.840440667296191,0.859231798990835,0.822453857716666,0,0.019556999206543,51.1,0
MobileNet-Seg,5.22483380648786,0.00405103839601159,0,0,0,0,0,0,0.371634960174561,96.9,0
K-Means,24.1842970762365,0.683773794432465,0.22243597451004,0.568846638414844,0.725178133395631,0.981192461179818,0.575117533986429,0,0.489383935928345,100.1,0
Otsu,13.9056814792642,0.453718261553709,0.195732298739088,0.679409546385088,0.809105257079799,0.907176152385337,0.730169758447393,0,0.00235724449157715,0,0
Adaptive Thresholding,11.9534215107709,0.310072121654012,0.153178590707138,0.514618505905369,0.679535478932702,0.702601770786962,0.657935570531972,0,0.00215649604797363,0,0
Region Growing,6.59450771672457,0.00879548710379311,0.114523536165327,0.00242844392785238,0.00484512174921319,0.0228649599374634,0.00270965052456055,0,0.022883415222168,87.4,0
Split and Merge,13.9056814792642,0.453718261553709,0.195732298739088,0.679409546385088,0.809105257079799,0.907176152385337,0.730169758447393,0,0.0200290679931641,99.8,0
MobileNet-Seg,6.51144211545897,0.000695824085361597,0,0,0,0,0,0,0.427259922027588,93.6,0
K-Means,21.7017596191021,0.817987511628016,0.424928028345759,0.304908531864534,0.46732552423251,0.525906142693628,0.420487477502212,0,0.497260570526123,98.5,0
Otsu,16.9569286711965,0.70907318150223,0.567997029886765,0.50965352016267,0.675192702637826,0.599810448998934,0.772246118178213,0,0.00222420692443848,0,0
Adaptive Thresholding,11.6827833065263,0.594654054287187,0.487396397013494,0.343522952443857,0.511376380759245,0.515103683070257,0.507702632622556,0,0.00235271453857422,424.1,0
Region Growing,6.37642808311959,0.000674323111432055,0.000238868717752723,0,0,0,0,0,0.00295901298522949,0,0
Split and Merge,16.9569286711965,0.70907318150223,0.567997029886765,0.50965352016267,0.675192702637826,0.599810448998934,0.772246118178213,0,0.0555562973022461,90,0
MobileNet-Seg,6.37634799107434,0.00064260265081719,0,0,0,0,0,0,0.417763948440552,95.7,0
K-Means,22.1006408135343,0.645937753693057,0.267147680495814,0.0210570852047126,0.0412456570936793,0.0497654026613337,0.0352166340082735,0,0.495034694671631,99,0
Otsu,12.7117922796428,0.443355299622885,0.446349905601007,0.0810441767068273,0.149936845233673,0.165133710844162,0.13730132810799,0,0.00167727470397949,593.7,0
Adaptive Thresholding,10.6931190871069,0.477517068654696,0.415841245986748,0.349569366852886,0.518045793626838,0.548935392488349,0.490447419986937,0,0.00167346000671387,0,0
Region Growing,6.14172154579844,0.000305782300671778,0.000894104498463258,0.000898105813193991,0.00179459988579819,1,0.000898105813193991,0,0.00195217132568359,0,0
Split and Merge,12.7117922796428,0.443355299622885,0.446349905601007,0.0810441767068273,0.149936845233673,0.165133710844162,0.13730132810799,0,0.0356345176696777,112.2,0
MobileNet-Seg,6.14060559875732,0.000214777111950537,0,0,0,0,0,0,0.261562585830689,99.4,0
K-Means,22.8868288500871,0.601274310825108,0.225047853431775,0.6697956929873,0.802248677248677,0.945673136104386,0.696599667523047,0,0.301832914352417,99.4,0
Otsu,14.34735114348,0.492015786586106,0.398225499798352,0.63921889279015,0.77990669287873,0.75776149613707,0.803385219888167,0,0.00160384178161621,0,0
Adaptive Thresholding,11.2984538880479,0.428990036494913,0.309093585544474,0.34827348745696,0.516621428362957,0.499449789791484,0.535015868218226,0,0.00148844718933105,667.5,0
Region Growing,6.85579090503719,0.0330666193882323,0.0680836475831334,0.00319938877348805,0.00637837065949497,0.0150022391401702,0.00405017379477104,0,0.0187752246856689,106.5,0
Split and Merge,14.34735114348,0.492015786586106,0.398225499798352,0.63921889279015,0.77990669287873,0.75776149613707,0.803385219888167,0,0.0221683979034424,135.3,0
MobileNet-Seg,6.8536618197115,0.0414657087295298,0.0539690222652469,0,0,0,0,0,0.275991678237915,97.8,0
K-Means,26.7404039179543,0.723840622178644,0,0.469067419523123,0.63859209358191,0.980940157227659,0.473381851966553,0,0.300634145736694,96.5,0
Otsu,10.6116837166221,0.265186038139964,0.0981846882399369,0.469251068689332,0.638762262882591,0.99284921308692,0.470842366057603,0,0.00161933898925781,616.4,0
Adaptive Thresholding,12.1126745573567,0.195385464021481,0.0715754473465459,0.651995874320725,0.789343223497838,0.991130768510718,0.655822235986374,0,0.00124001502990723,797.5,0
Region Growing,16.0162681775846,0.562426417754935,0.118591518104307,0.871480277283602,0.93132723637198,0.98913800306364,0.87990089811087,0,0.104243993759155,105.5,0.74609375
Split and Merge,10.6116837166221,0.265186038139964,0.0981846882399369,0.469251068689332,0.638762262882591,0.99284921308692,0.470842366057603,0,0.00197386741638184,0,0
MobileNet-Seg,6.96963829236699,0.000335330625040671,0,0,0,0,0,0,0.265758037567139,97.8,0.203125
K-Means,26.8308590291516,0.652630123687446,0.0855457227138643,0.412719412950172,0.584290707930873,0.98371956585509,0.415557861800833,0,0.268567323684692,100.5,0
Otsu,10.2657255558249,0.269238806953275,0.0966726146740842,0.368926214757049,0.539000876424189,0.98142313515283,0.37152062454499,0,0.00186371803283691,0,0
Adaptive Thresholding,11.7457544867918,0.194384212583967,0.0439635051983874,0.620176855055748,0.765566861568836,0.988576471453436,0.624653417803869,0,0.00145673751831055,0,0
Region Growing,7.03671594692124,0.000383079695726404,0.00431654676258993,1.54897070896389E-05,3.09789343246592E-05,1,1.54897070896389E-05,0,0.00201177597045898,0,0
Split and Merge,10.2657255558249,0.269238806953275,0.0966726146740842,0.368926214757049,0.539000876424189,0.98142313515283,0.37152062454499,0,0.00235700607299805,0,0
MobileNet-Seg,8.01432079579332,0.252320588778131,0.424538545059718,0.260425007699415,0.413233641206079,0.977967963916035,0.261961926299974,0,0.272047281265259,99.2,0.015625
K-Means,23.3609359962959,0.559823449077222,0.11884935654807,0.37034053233353,0.540508762012436,0.98249075215783,0.372800998128509,0,0.390263795852661,99.9,0
Otsu,12.419521381453,0.372785434936641,0.133135089209856,0.483078156559816,0.651453403750988,0.977017587626294,0.488630692451653,0,0.00167202949523926,597,0
Adaptive Thresholding,11.4626701416792,0.311707122452237,0.103566055381613,0.574703082397523,0.729919295671313,0.97908410969689,0.581846537741734,0,0.00199365615844727,0,0
Region Growing,7.58583738880987,0.0965486452473442,0.110963160230803,0.277814862536287,0.434828034453853,0.983675039850492,0.279101684341859,0,0.0343549251556397,116.4,0
Split and Merge,12.419521381453,0.372785434936641,0.133135089209856,0.483078156559816,0.651453403750988,0.977017587626294,0.488630692451653,0,0.0132379531860352,75.5,0
MobileNet-Seg,6.92552357709955,0.000476251371334193,0,0,0,0,0,0,0.275499105453491,98,0
K-Means,22.0430931334056,0.80545516046388,0.351521430490004,0.316481116808672,0.480798566371944,0.561505465615055,0.420376557118069,0,0.331107616424561,99.7,0
Otsu,14.7216367695624,0.650484069508638,0.516606929510155,0.611343570441851,0.758799776355843,0.72927015666794,0.790821743972237,0,0.00154209136962891,0,0
Adaptive Thresholding,10.8408970485216,0.544733225854949,0.473571757280915,0.382997710782602,0.553866008304343,0.604192807957154,0.511278584932536,0,0.00168395042419434,0,0
Region Growing,5.83044182025417,-0.000385059450024052,0.00152101769911504,0,0,0,0,0,0.00231528282165527,0,0
Split and Merge,14.7216367695624,0.650484069508638,0.516606929510155,0.611343570441851,0.758799776355843,0.72927015666794,0.790821743972237,0,0.0385761260986328,129.6,0
MobileNet-Seg,5.82745096969525,0.000178097239335795,0,0,0,0,0,0,0.263418197631836,98.7,0
K-Means,22.9383732807152,0.645972115106864,0.326295196977874,0.745401825056145,0.854132056418776,0.963617654624968,0.766987451370404,0,0.308722972869873,100.4,0
Otsu,16.0270018031094,0.547603951083017,0.315639873083025,0.713966208824602,0.833115851582889,0.808684638048297,0.859069236844415,0,0.00163531303405762,0,0
Adaptive Thresholding,11.4806372304677,0.457743959613024,0.276255798279348,0.404005016223103,0.575503664951158,0.558410829252187,0.593675958697751,0,0.00182747840881348,0,0
Region Growing,6.73807220761921,0.00456730675008876,0.00480032683076295,0,0,0,0,0,0.0023651123046875,424.6,0
Split and Merge,16.0270018031094,0.547603951083017,0.315639873083025,0.713966208824602,0.833115851582889,0.808684638048297,0.859069236844415,0,0.0247831344604492,80.7,0
MobileNet-Seg,6.75623485758493,0.00491614936392261,0.00101729399796541,0.00903852341533331,0.017915120593692,1,0.00903852341533331,0,0.263069629669189,98.8,0
K-Means,25.3595180648467,0.735110264587443,0.119017230376516,0.751284791126037,0.85798128886048,0.97272547598656,0.767451530744841,0,0.269371747970581,103.9,0
Otsu,13.4152827716108,0.55958889876844,0.0673730507796881,0.64541920931263,0.784504283965728,0.741451112859192,0.83286553355164,0,0.00149154663085938,677.2,0
Adaptive Thresholding,12.4123036664718,0.183489336331229,0.0382577687213449,0.537183918501001,0.698919513840401,0.641641859151257,0.76742554186808,0,0.00119805335998535,827,0
Region Growing,8.92177126778058,0.317506611572194,0.0673997149256771,0.317685956588336,0.482187663911768,0.530424476811278,0.441992827070014,0,0.0674104690551758,103.8,0
Split and Merge,13.4152827716108,0.55958889876844,0.0673730507796881,0.64541920931263,0.784504283965728,0.741451112859192,0.83286553355164,0,0.00510764122009277,0,0
MobileNet-Seg,8.67138679572476,0.562677332620191,0.624215809284818,0.169105864758039,0.289290935672515,0.290611067400997,0.287982743385831,0,0.263439655303955,98.7,0
K-Means,30.0445484867362,0.863994741911704,0.269073783359498,0.634852743492607,0.776648228434744,0.981554521622069,0.642518126864864,0,0.270414113998413,103.5,0
Otsu,36.4502097708443,0.642501663710981,0.704295704295704,0.353428297747428,0.522271181023264,0.99812382739212,0.353663250003865,0,0.00195670127868652,0,0
Adaptive Thresholding,20.0742577553235,0.766870324242871,0.142332108252589,0.821875917030905,0.90223039818245,0.998798753706971,0.822689114605074,0,0.00102972984313965,0,0
Region Growing,17.4224509213567,0.304936506067799,0.108190091001011,0.10849501430007,0.195751921119061,0.9997150997151,0.108498368968663,0,0.0155036449432373,128.9,0
Split and Merge,36.4502097708443,0.642501663710981,0.704295704295704,0.353428297747428,0.522271181023264,0.99812382739212,0.353663250003865,0,0.0137138366699219,145.7,0
MobileNet-Seg,42.2698197540392,0.768577645745448,1,0.5618896484375,0.719499804611176,0.977360193221329,0.569299506825596,0,0.25933575630188,100.2,0
K-Means,21.9048712007903,0.795460663115646,0.364424155673334,0.323163613505747,0.488471131169514,0.475537643288956,0.50212780800893,0,0.326103687286377,98.1,0
Otsu,14.5849395215418,0.64534526346144,0.516148856264937,0.263417402717179,0.416991885897184,0.348916975990227,0.51806892702665,0,0.00176072120666504,0,0
Adaptive Thresholding,10.9815453368451,0.534472952888116,0.471027430611914,0.307713370966383,0.470612869453169,0.437172696531705,0.509592577089438,0,0.00165057182312012,0,0
Region Growing,5.98242811027201,0.000227849371946093,4.67639356528245E-05,0.000209292591042277,0.000418497593638837,1,0.000209292591042277,0,0.00188922882080078,0,0
Split and Merge,14.5849395215418,0.64534526346144,0.516148856264937,0.263417402717179,0.416991885897184,0.348916975990227,0.51806892702665,0,0.0333209037780762,90,0
MobileNet-Seg,5.98214035458096,0.000234043771145315,0,0,0,0,0,0,0.270114421844482,103.6,0
K-Means,21.5396427602535,0.793412749690178,0.375645116810464,0.525936109738013,0.689329135580009,0.991669822037107,0.528269976726144,0,0.374167203903198,98.9,0
Otsu,14.4712746298636,0.603359620720084,0.461625630987947,0.60720989629812,0.755607463215233,0.986403059311655,0.61233514352211,0,0.0015406608581543,645.8,0
Adaptive Thresholding,11.7045067331454,0.546258119402039,0.450653340986596,0.503676187246636,0.669926399737581,0.987101256645723,0.507013188518231,0,0.00191569328308105,0,0
Region Growing,6.62719096583979,-0.000683272062322715,0.00386119747267075,0.00294802172226532,0.00587871287128713,1,0.00294802172226532,0,0.00243020057678223,0,0
Split and Merge,14.4712746298636,0.603359620720084,0.461625630987947,0.60720989629812,0.755607463215233,0.986403059311655,0.61233514352211,0,0.0326688289642334,91.8,0
MobileNet-Seg,8.17199805627197,0.405395928561142,0.396648044692737,0.398546596665178,0.569943965564693,0.981013377799674,0.401644685802948,0,0.275070667266846,98.1,0
K-Means,28.4541225228767,0.783204288900138,0,0.574100255094201,0.729432897601359,0.995337560611712,0.575648315074192,0,0.231920480728149,99.2,0
Otsu,11.5877000894326,0.450057742983436,0.0976535056906,0.603715930902111,0.752896344382528,0.994284702728675,0.605818271467973,0,0.00137901306152344,0,0
Adaptive Thresholding,12.155038840994,0.136342810866822,0.0403850561540225,0.704845544432844,0.826873198847262,0.994950261156022,0.707376076672984,0,0.0011444091796875,858.3,0
Region Growing,6.45168998575787,0.00352569461931295,0.0366748166259169,0.00436062188939737,0.00868337884692093,1,0.00436062188939737,0,0.00238871574401855,416.5,0
Split and Merge,11.5877000894326,0.450057742983436,0.0976535056906,0.603715930902111,0.752896344382528,0.994284702728675,0.605818271467973,0,0.00162220001220703,612.4,0
MobileNet-Seg,6.52507122625947,0.0249535134708879,0.154992548435171,0.0308412798668988,0.0598371067772547,0.993055555555556,0.030847932941956,0,0.278794050216675,100.4,0
K-Means,22.2855418989015,0.651766822066606,0.28958872334731,0.788522120257499,0.881758309082555,0.935970735672673,0.833482132085032,0,0.289116859436035,100.3,0
Otsu,17.2614331340753,0.713499502035183,0.441723964447426,0.677687203791469,0.807882664015006,0.759706726171502,0.86258234201192,0,0.00134468078613281,0,0
Adaptive Thresholding,10.4846984542904,0.342444845111472,0.234555541651024,0.472832072839416,0.642071939576738,0.664020004640252,0.621528364259344,0,0.00161862373352051,0,0
Region Growing,5.44510893471795,0.00264628978128525,0.000754716981132075,0,0,0,0,0,0.00205421447753906,0,0
Split and Merge,17.2614331340753,0.713499502035183,0.441723964447426,0.677687203791469,0.807882664015006,0.759706726171502,0.86258234201192,0,0.0203711986541748,98.1,0
MobileNet-Seg,5.44462130731819,0.00251900235500851,0,0,0,0,0,0,0.498412847518921,98.3,0
K-Means,24.057054250067,0.636020105666625,0.218181818181818,0.936184829902547,0.967040765369149,0.951190506967245,0.983428220137385,0,0.347490072250366,100.7,0
Otsu,13.0025663475805,0.314228530613323,0.138241847275673,0.313514730872387,0.477367666313361,0.572598436974162,0.409296233929383,0,0.00167274475097656,0,0
Adaptive Thresholding,14.319399594178,0.32933021723374,0.100774850564534,0.441725788131017,0.612773651921214,0.592872138358493,0.634057680485393,0,0.00131773948669434,0,0
Region Growing,14.1867206820525,0.458888636357284,0.141075678248453,0.603092489396908,0.752411346676316,0.676465568734534,0.847566353941143,0,0.0989260673522949,101.1,0
Split and Merge,13.0025663475805,0.314228530613323,0.138241847275673,0.313514730872387,0.477367666313361,0.572598436974162,0.409296233929383,0,0.0130350589752197,153.4,0
MobileNet-Seg,9.2487394162642,0.0027142896279431,0,0,0,0,0,0,0.42379093170166,96.7,0
K-Means,22.2409543159966,0.733063290741083,0.285840045776663,0.356815314067645,0.525960033569987,0.987185491080932,0.358475689881735,0,0.553734302520752,99.3,0
Otsu,14.4252278988761,0.591632383337557,0.495475831415192,0.667783429897493,0.800803531113794,0.991240076649329,0.671747700394218,0,0.00196051597595215,0,0
Adaptive Thresholding,9.5380640171277,0.419546606231653,0.399552284367263,0.500084577649972,0.666741842561174,0.989532619279455,0.502744067403571,0,0.00281238555908203,0,0
Region Growing,5.47665466232704,0.00814509410669553,0.0771312584573748,0.111969708677846,0.201389854065323,0.997247075017206,0.112004328669707,0,0.0329627990722656,121.3,0
Split and Merge,14.4252278988761,0.591632383337557,0.495475831415192,0.667783429897493,0.800803531113794,0.991240076649329,0.671747700394218,0,0.0392148494720459,102,0
MobileNet-Seg,5.23999405545045,0.00015592198788528,0,0,0,0,0,0,0.406168699264526,98.5,0
K-Means,23.400003449033,0.556306662995522,0.199330227140361,0.655288417024166,0.791751347118379,0.99115374740331,0.659143473604148,0,0.436494827270508,96.2,0
Otsu,21.8846070713282,0.840248349405283,0.44854514334617,0.894485373447181,0.944304332969947,0.992153175485084,0.900858389084644,0,0.00155329704284668,0,0
Adaptive Thresholding,10.6886923310331,0.278710382395678,0.154278969112729,0.584277980844862,0.737595280511667,0.989138381201044,0.588050851404002,0,0.00148916244506836,0,0
Region Growing,5.98460878919864,0.000156053495112417,0.000347463516330785,0.00037253775825404,0.000744798051111766,1,0.00037253775825404,0,0.00319766998291016,312.1,0
Split and Merge,21.8846070713282,0.840248349405283,0.44854514334617,0.894485373447181,0.944304332969947,0.992153175485084,0.900858389084644,0,0.0138413906097412,72.3,0
MobileNet-Seg,5.98396385159113,0.00028933563751946,0,0,0,0,0,0,0.449176073074341,97.9,0
K-Means,22.746773661164,0.666651339959996,0.362832350650795,0.410869330536835,0.582434278843526,0.975968935453147,0.415068471808933,0,0.372444868087769,96.7,0
Otsu,18.2128962237603,0.622043313770387,0.486188154871967,0.568698705018247,0.725057913541953,0.979941096871766,0.575396887220154,0,0.00142431259155273,0,0
Adaptive Thresholding,11.8669134688338,0.520768752794119,0.374318313672404,0.520401709269858,0.684558174457421,0.981495490253128,0.525558134824809,0,0.00165033340454102,0,0
Region Growing,7.1589397069549,0.00265403316240929,0.0132733889959324,0.00844407746116815,0.0167467441177834,1,0.00844407746116815,0,0.00301480293273926,330.2,0
Split and Merge,18.2128962237603,0.622043313770387,0.486188154871967,0.568698705018247,0.725057913541953,0.979941096871766,0.575396887220154,0,0.0227761268615723,131.6,0
MobileNet-Seg,7.14685080797019,0.00266526227412912,0,0,0,0,0,0,0.264558553695679,102,0
K-Means,22.9000229381908,0.67185246605646,0.134391129803097,0.478151534437528,0.646958749894985,0.97958339958658,0.482964612176422,0,0.282315969467163,99.2,0
Otsu,12.3186234494187,0.459716120355335,0.124567901234568,0.582268296456754,0.735991864035517,0.977886339422602,0.590037473149469,0,0.00150060653686523,0,0
Adaptive Thresholding,12.1857515307143,0.234357078930215,0.0751132544205758,0.653063750135359,0.790125305308865,0.979944289693593,0.661910660248671,0,0.00187563896179199,0,0
Region Growing,11.3285643288307,0.37659840647823,0.107425555974369,0.566587193460491,0.723339493423198,0.978267842822775,0.573809561140814,0,0.0694200992584229,100.8,0
Split and Merge,12.3186234494187,0.459716120355335,0.124567901234568,0.582268296456754,0.735991864035517,0.977886339422602,0.590037473149469,0,0.00278043746948242,0,0
MobileNet-Seg,6.6140399215711,0.00116855512115072,0,0,0,0,0,0,0.261466026306152,99.4,0
K-Means,26.2923841039819,0.684896512371804,0.320821809561438,0.587123906119546,0.739858940887659,0.989163844751237,0.590924652205036,0,0.395985841751099,98.5,0
Otsu,11.725294642293,0.45987396660293,0.170787053624746,0.595475910693302,0.746455533051004,0.989364708300152,0.599312190719243,0,0.00150442123413086,664.6,0
Adaptive Thresholding,11.5554950070488,0.17188335958668,0.0661821291150064,0.651653645431245,0.789092370829477,0.98819920859772,0.656764495347173,0,0.00130987167358398,756.9,0
Region Growing,6.54441780647743,0.0104946487154294,0.098252427184466,0.0177390492492025,0.0348597202048773,0.99737532808399,0.017739877376988,0,0.00450468063354492,221.5,0
Split and Merge,11.725294642293,0.45987396660293,0.170787053624746,0.595475910693302,0.746455533051004,0.989364708300152,0.599312190719243,0,0.00177717208862305,0,0
MobileNet-Seg,6.67628548163144,0.0543951259999349,0.297542043984476,0.0609886781903741,0.114965747409099,0.968672915638875,0.0611092091749401,0,0.316644906997681,94.7,0
K-Means,22.4693117504279,0.521642350089882,0.29022024281618,0.911509885081112,0.953706692489778,0.962875454891098,0.944710897948308,0,0.300824880599976,99.7,0
Otsu,12.7920942087986,0.59813259113083,0.469972144846797,0.851680712507183,0.919900182309512,0.893547009620457,0.947855049293898,0,0.00134181976318359,0,0
Adaptive Thresholding,8.60737045905809,0.38457168796256,0.33064171883893,0.39219172787012,0.563416259440249,0.588139817981566,0.540687450039968,0,0.00153017044067383,0,0
Region Growing,4.44429836739164,-0.00432523076669369,0.0690027982701603,0,0,0,0,0,0.0138835906982422,143.9,0
Split and Merge,12.7920942087986,0.59813259113083,0.469972144846797,0.851680712507183,0.919900182309512,0.893547009620457,0.947855049293898,0,0.0213284492492676,93.7,0
MobileNet-Seg,4.28173551212628,0.000106889859405342,0,0,0,0,0,0,0.273954153060913,102.2,0
K-Means,26.064629980702,0.626354013422094,0.208984973934376,0.448626919463397,0.619382276327681,0.966391294250357,0.45573739712739,0,0.306583881378174,97.8,0
Otsu,12.8169005068679,0.320808001304949,0.190880927794106,0.4288560001245,0.600278824580129,0.987706093189964,0.431157492881059,0,0.00168275833129883,0,0
Adaptive Thresholding,12.2061884862097,0.346082944543143,0.11698956780924,0.554682181097976,0.713563438034954,0.980471527815765,0.560878680727227,0,0.001495361328125,0,0
Region Growing,7.6857297375822,-0.00261538192876975,0.00833896777101645,0.00585161310510999,0.0116351418616227,1,0.00585161310510999,0,0.0027005672454834,0,0
Split and Merge,12.8169005068679,0.320808001304949,0.190880927794106,0.4288560001245,0.600278824580129,0.987706093189964,0.431157492881059,0,0.012343168258667,80.9,0
MobileNet-Seg,7.67791395056868,0.000305228810256603,0,0,0,0,0,0,0.264926910400391,98.1,0
K-Means,22.1371404867268,0.707657465137637,0.359636537541846,0.715101341707108,0.833888149134487,0.963239252480197,0.735164641662265,0,0.311606168746948,102.7,0
Otsu,16.0953594565742,0.530716610678372,0.297349089747684,0.782755705832629,0.878141299193931,0.886813910336985,0.869636673123203,0,0.00169277191162109,590.5,0
Adaptive Thresholding,12.0904271483527,0.455780655895821,0.287114967462039,0.476472377090725,0.64541996786906,0.606456274352953,0.689734108117626,0,0.00155138969421387,0,0
Region Growing,6.23815081518867,0.00329150084747619,0,0,0,0,0,0,0.00218820571899414,455,0
Split and Merge,16.0953594565742,0.530716610678372,0.297349089747684,0.782755705832629,0.878141299193931,0.886813910336985,0.869636673123203,0,0.0179445743560791,111.4,0
MobileNet-Seg,6.23810131937445,0.0033453383972851,0,0,0,0,0,0,0.290141820907593,99.9,0
K-Means,21.8046845009672,0.77942943615324,0.329040040468501,0.450926040634291,0.621569987726133,0.987720904989654,0.453468091070483,0,0.381105899810791,99.7,0
Otsu,13.5357846939448,0.613641169606877,0.487898789878988,0.606570277902079,0.755112037419442,0.985138961982808,0.612171800541938,0,0.00171494483947754,581.1,0
Adaptive Thresholding,10.833453239842,0.528511433712201,0.465594577532644,0.499498294200281,0.666220556745182,0.982838223680214,0.503893232005482,0,0.0019690990447998,0,0
Region Growing,5.89037813002661,0.000367805194616032,9.55064228069338E-05,4.67187840657801E-05,9.34332030459224E-05,1,4.67187840657801E-05,0,0.00193214416503906,0,0
Split and Merge,13.5357846939448,0.613641169606877,0.487898789878988,0.606570277902079,0.755112037419442,0.985138961982808,0.612171800541938,0,0.0348415374755859,114.8,0
MobileNet-Seg,5.89028377133385,0.000376623371297587,0,0,0,0,0,0,0.286060810089111,97.9,0
K-Means,22.0148506579229,0.822987358446475,0.422453746616737,0.435485116702967,0.606742782123987,0.985114263750087,0.438369796768827,0,0.308748960494995,97.2,0
Otsu,16.7891584538178,0.708320600472297,0.55120765938928,0.642856043939138,0.782607881330536,0.983801473877522,0.649733327113558,0,0.00146842002868652,0,0
Adaptive Thresholding,11.8240375174669,0.594407546357522,0.497859116022099,0.496339677891654,0.663405088062622,0.982488788553647,0.500769697252414,0,0.00171685218811035,0,0
Region Growing,6.4407155563031,0.000906758647848512,0.00434720298093919,0.00928301534729673,0.018395267147347,1,0.00928301534729673,0,0.00312328338623047,0,0
Split and Merge,16.7891584538178,0.708320600472297,0.55120765938928,0.642856043939138,0.782607881330536,0.983801473877522,0.649733327113558,0,0.0378015041351318,105.8,0
MobileNet-Seg,7.16818339796378,0.217087318430431,0.204622163885243,0.221196443508163,0.362261853420939,0.982997177669168,0.222045995241872,0,0.280621290206909,99.8,0
K-Means,22.6289263546775,0.601305380778988,0.260128403807837,0.858807970770852,0.924041626973121,0.954913640555293,0.895103261377441,0,0.332618951797485,99.2,0
Otsu,17.0333233394333,0.734372785300818,0.496729930751475,0.757509143257334,0.862025834873759,0.81909590020825,0.909704700495281,0,0.00131750106811523,0,0
Adaptive Thresholding,10.2191795546738,0.388562621646993,0.298265675624166,0.46947484594868,0.638969557380333,0.688248301154137,0.596276048967386,0,0.00176572799682617,0,0
Region Growing,5.48665017757264,0.000894519186235761,0.000351648351648352,0,0,0,0,0,0.00213432312011719,464.4,0
Split and Merge,17.0333233394333,0.734372785300818,0.496729930751475,0.757509143257334,0.862025834873759,0.81909590020825,0.909704700495281,0,0.0229194164276123,87.2,0
MobileNet-Seg,5.48585382049694,0.000756374707253922,0,0,0,0,0,0,0.279963731765747,100,0
K-Means,24.8712013978155,0.630541240324161,0.191459218781623,0.58719808981541,0.739917838338251,0.981540468971869,0.593755078351712,0,0.272093772888184,99.2,0
Otsu,16.431734484658,0.494009139867776,0.13574963220543,0.722334445810645,0.838785344585809,0.930189159385868,0.763737666860128,0,0.00143599510192871,0,0
Adaptive Thresholding,13.2773296792524,0.350570796375898,0.0826036817152864,0.505201748365423,0.671274463923587,0.694724554170185,0.649355774811376,0,0.00133299827575684,0,0
Region Growing,7.99542500638513,0.104027127519272,0.0858550316678396,0.0164403526233471,0.0323488782807883,0.0655377639223466,0.0214741729541497,0,0.0269930362701416,111.1,0
Split and Merge,16.431734484658,0.494009139867776,0.13574963220543,0.722334445810645,0.838785344585809,0.930189159385868,0.763737666860128,0,0.0131216049194336,76.3,0
MobileNet-Seg,8.05527248502101,0.22581069716398,0.291094797318864,0.000376209856698246,0.000752136752136752,0.00142625607779579,0.000510737086477075,0,0.286077499389648,101.4,0
K-Means,21.8267805231328,0.679897709079341,0.267287110283853,0.548805165515857,0.708681992719294,0.982603645213928,0.554189804704561,0,0.299783945083618,100.1,0
Otsu,21.2022048836829,0.834234312335804,0.533117932148627,0.820067074859235,0.90113939885722,0.983505535055351,0.831503088538092,0,0.0011141300201416,0,0
Adaptive Thresholding,10.5399636758339,0.331077873888823,0.252466578396617,0.611404793095477,0.758846933700601,0.980790150316456,0.618815124477444,0,0.00155925750732422,0,0
Region Growing,5.7744223770111,0.0540979081098461,0.0978314038806457,0.206220051029933,0.34192774503102,0.987484168963719,0.206760466712423,0,0.0296669006347656,101.1,0
Split and Merge,21.2022048836829,0.834234312335804,0.533117932148627,0.820067074859235,0.90113939885722,0.983505535055351,0.831503088538092,0,0.0170881748199463,117,0
MobileNet-Seg,6.74577481088723,0.48692507277397,0.701217505758473,0.4816843651498,0.650184852427866,0.961926297133777,0.491046359268734,0,0.272159814834595,99.2,0
K-Means,24.5674787151051,0.707508880542952,0.226491942624402,0.533715374333605,0.695977080578595,0.991947688529739,0.536037773697286,0,0.42365550994873,99.1,0
Otsu,12.0817053940893,0.533029470994472,0.198263558515699,0.614218649320365,0.761010473493129,0.990720348419985,0.617772771459873,0,0.0013740062713623,726,0
Adaptive Thresholding,10.6339670645907,0.196757353893693,0.0808102254872818,0.628501545987355,0.771877125368397,0.995128723481988,0.630441156047958,0,0.00132465362548828,0,0
Region Growing,5.62489540391448,0.00427015723885241,0.0462995440196422,0.00865647229465953,0.0171643617672256,1,0.00865647229465953,0,0.00313639640808105,318.1,0
Split and Merge,12.0817053940893,0.533029470994472,0.198263558515699,0.614218649320365,0.761010473493129,0.990720348419985,0.617772771459873,0,0.00916481018066406,109,0
MobileNet-Seg,5.58171519688268,0.000249475389502294,0,0,0,0,0,0,0.278788328170776,96.8,0
K-Means,27.0754370432314,0.781698263447021,0.178602243313201,0.547240469028179,0.707376106019125,0.99469954806673,0.54884093217991,0,0.323086261749268,102.1,0
Otsu,12.1225821274411,0.530498546884962,0.0652797704447633,0.641847284981236,0.781859909691383,0.992444697077353,0.644998922513315,0,0.00142168998718262,0,0
Adaptive Thresholding,11.7128343452275,0.164475408259527,0.0348277139681363,0.685936231173487,0.813715511287215,0.993321499889062,0.689114305944648,0,0.00132083892822266,0,0
Region Growing,8.16687161289309,0.169696573269593,0.0469013609267799,0.483590200171927,0.651918838660279,0.994381490483255,0.484915186405197,0,0.0572824478149414,87.3,0
Split and Merge,12.1225821274411,0.530498546884962,0.0652797704447633,0.641847284981236,0.781859909691383,0.992444697077353,0.644998922513315,0,0.00181484222412109,0,0
MobileNet-Seg,5.84946971972569,0.00027313173606382,0,0,0,0,0,0,0.271346569061279,99.5,0
K-Means,22.497842015725,0.701042362089983,0.239143985040515,0.455099309220142,0.625523366462254,0.994118833176502,0.456327903245712,0,0.301039457321167,103,0
Otsu,14.4712404756787,0.617011472129619,0.35250946969697,0.637299015618041,0.778476026112403,0.992989088820827,0.640179563124769,0,0.00215506553649902,0,0
Adaptive Thresholding,10.2580219569904,0.184083557989173,0.0870162075989726,0.663839594376585,0.797961049394687,0.993995444820208,0.666512402813773,0,0.00189638137817383,0,0
Region Growing,4.72363510743875,0.000694800273408297,0.0314207650273224,0.00811427866222387,0.0160979342004591,1,0.00811427866222387,0,0.0043938159942627,0,0
Split and Merge,14.4712404756787,0.617011472129619,0.35250946969697,0.637299015618041,0.778476026112403,0.992989088820827,0.640179563124769,0,0.014293909072876,139.8,0
MobileNet-Seg,4.95811282682385,0.130352997847502,0.320100031259769,0.147121436504998,0.256505426231492,1,0.147121436504998,0,0.426679134368897,98.4,0
K-Means,21.7168479068628,0.434673630447861,0.236189158813867,0.070409119052533,0.13155552918842,0.108057403211266,0.168113414957735,0,0.440982580184937,99.8,0
Otsu,21.2121115985567,0.859327487328656,0.60077726129696,0.331104799591524,0.49748870215648,0.363784579783318,0.786588832872143,0,0.00146937370300293,0,0
Adaptive Thresholding,10.3294059738085,0.363053623526296,0.265772271207054,0.319843259527672,0.48466855017638,0.418605933605382,0.575489935938744,0,0.00227880477905273,436.9,0
Region Growing,5.71355559745512,0.000766962385456671,0.000699790062981106,0.000758121375232175,0.00151509412522253,1,0.000758121375232175,0,0.00250005722045898,0,0
Split and Merge,21.2121115985567,0.859327487328656,0.60077726129696,0.331104799591524,0.49748870215648,0.363784579783318,0.786588832872143,0,0.0257878303527832,77.5,0
MobileNet-Seg,5.71193354211407,0.000481136183150574,0,0,0,0,0,0,0.434561252593994,94.3,0
K-Means,21.9598400033952,0.801293815897703,0.40680328486401,0.360769794124827,0.53024368365974,0.660287437634969,0.442995603517186,0,0.538985252380371,96.5,0
Otsu,16.971406039029,0.718223759439872,0.567500094564436,0.574494382022472,0.72975094555056,0.696499114562049,0.766336930455635,0,0.00224065780639648,0,0
Adaptive Thresholding,11.2073623185009,0.562736778181789,0.469958113026162,0.389945183424694,0.561094333898702,0.62625050020008,0.508218425259792,0,0.0023949146270752,0,0
Region Growing,6.05410326995716,0.000543267173049216,0.000197015219425701,0,0,0,0,0,0.00297784805297852,0,0
Split and Merge,16.971406039029,0.718223759439872,0.567500094564436,0.574494382022472,0.72975094555056,0.696499114562049,0.766336930455635,0,0.0704212188720703,71,0
MobileNet-Seg,6.46446190191454,0.151122674357201,0.143883158199171,0.0190905582972847,0.0374658721776042,0.0926382181925692,0.0234812150279776,0,0.445069789886475,94.4,0
K-Means,22.2273511438977,0.760177908537137,0.334770619202808,0.450734444627826,0.621387940841866,0.678109190229368,0.573423269730453,0,0.305073976516724,98.3,0
Otsu,18.4849279514509,0.738976917114008,0.538260160508133,0.496710696710697,0.663736415864885,0.592145077293592,0.755019553292565,0,0.00124621391296387,0,0
Adaptive Thresholding,11.8981042109123,0.518524822708936,0.417244652113602,0.377354569328723,0.54794107157554,0.573920289646849,0.524211962940605,0,0.00154352188110352,0,0
Region Growing,6.63369261067049,0.00125369836941072,0.000302681760397119,0,0,0,0,0,0.00178885459899902,0,0
Split and Merge,18.4849279514509,0.738976917114008,0.538260160508133,0.496710696710697,0.663736415864885,0.592145077293592,0.755019553292565,0,0.0322368144989014,93,0
MobileNet-Seg,9.7312257038695,0.554771397887247,0.535464302379841,0.138427193076347,0.243190243378284,0.249044042804875,0.23760531219653,0,0.275619983673096,101.6,0
