timestamp,node_id,image_id,algorithm,profile,psnr_db,ssim,mask_iou,mask_dice,cpu_time_ms,memory_kb,compressed_bytes,compression_ratio
2026-08-30T07:46:33.675595,1,img_0001,ADRES,Q,25.867,0.8495,0.943,0.9707,3426.413,35216.0,84849.0,10.86
2026-08-30T07:46:33.675595,1,img_0001,ADRES,E,20.831,0.7396,0.943,0.9707,3119.617,35216.0,57149.0,16.13
2026-08-30T07:46:42.000793,1,img_0002,ADRES,Q,25.795,0.8487,0.943,0.9707,3477.335,39652.0,85225.0,10.81
2026-08-30T07:46:42.000793,1,img_0002,ADRES,E,20.788,0.7395,0.943,0.9707,3162.798,39652.0,57344.0,16.07
2026-08-30T07:46:50.240097,1,img_0003,ADRES,Q,25.868,0.849,0.943,0.9707,3475.1,41560.0,83925.0,10.98
2026-08-30T07:46:50.240097,1,img_0003,ADRES,E,20.83,0.7395,0.943,0.9707,3116.609,41560.0,56899.0,16.2
2026-08-30T07:46:58.450581,1,img_0004,ADRES,Q,25.856,0.8493,0.943,0.9707,3428.138,41560.0,84033.0,10.97
2026-08-30T07:46:58.450581,1,img_0004,ADRES,E,20.807,0.7397,0.943,0.9707,3114.909,41560.0,56911.0,16.19
2026-08-30T07:47:06.320070,1,img_0005,ADRES,Q,24.962,0.8428,0.9424,0.9703,3325.975,41560.0,84093.0,10.96
2026-08-30T07:47:06.320070,1,img_0005,ADRES,E,21.102,0.7523,0.9424,0.9703,2885.722,41560.0,53606.0,17.19
2026-08-30T07:47:14.237797,1,img_0006,ADRES,Q,24.9,0.8431,0.9424,0.9703,3267.166,41560.0,86217.0,10.69
2026-08-30T07:47:14.237797,1,img_0006,ADRES,E,21.112,0.752,0.9424,0.9703,2848.922,41560.0,53863.0,17.11
2026-08-30T07:47:22.051516,1,img_0007,ADRES,Q,24.979,0.8423,0.9424,0.9703,3289.777,41560.0,87234.0,10.56
2026-08-30T07:47:22.051516,1,img_0007,ADRES,E,21.091,0.7515,0.9424,0.9703,2800.231,41560.0,54423.0,16.93
2026-08-30T07:47:29.767582,1,img_0008,ADRES,Q,24.935,0.8429,0.9424,0.9703,3240.109,41560.0,86217.0,10.69
2026-08-30T07:47:29.767582,1,img_0008,ADRES,E,21.119,0.7517,0.9424,0.9703,2854.307,41560.0,53893.0,17.1
2026-08-30T07:47:38.030233,1,img_0009,ADRES,Q,23.648,0.8112,0.8596,0.9245,3666.228,41560.0,99166.0,9.29
2026-08-30T07:47:38.030233,1,img_0009,ADRES,E,20.16,0.7072,0.8596,0.9245,2865.911,41560.0,57587.0,16.0
2026-08-30T07:47:46.533164,1,img_0010,ADRES,Q,23.62,0.8111,0.8596,0.9245,3685.038,41560.0,102183.0,9.02
2026-08-30T07:47:46.533164,1,img_0010,ADRES,E,20.137,0.7086,0.8596,0.9245,2914.022,41560.0,58326.0,15.8
2026-08-30T07:47:54.910118,1,img_0011,ADRES,Q,23.681,0.8113,0.8596,0.9245,3722.167,41568.0,99466.0,9.27
2026-08-30T07:47:54.910118,1,img_0011,ADRES,E,20.2,0.7103,0.8596,0.9245,2904.921,41568.0,57526.0,16.02
2026-08-30T07:48:03.254636,1,img_0012,ADRES,Q,23.642,0.8117,0.8596,0.9245,3691.401,41568.0,98976.0,9.31
2026-08-30T07:48:03.254636,1,img_0012,ADRES,E,20.18,0.7093,0.8596,0.9245,2850.386,41568.0,57670.0,15.98
2026-08-30T07:48:12.048747,1,img_0013,ADRES,Q,23.042,0.7991,0.831,0.9077,3890.541,41568.0,99878.0,9.23
2026-08-30T07:48:12.048747,1,img_0013,ADRES,E,19.586,0.7081,0.831,0.9077,3187.88,41568.0,60829.0,15.15
2026-08-30T07:48:20.835447,1,img_0014,ADRES,Q,22.987,0.7995,0.831,0.9077,3916.056,41572.0,101559.0,9.07
2026-08-30T07:48:20.835447,1,img_0014,ADRES,E,19.537,0.7053,0.831,0.9077,3218.946,41572.0,61283.0,15.04
2026-08-30T07:48:29.862699,1,img_0015,ADRES,Q,23.059,0.7989,0.831,0.9077,3864.367,41572.0,98437.0,9.36
2026-08-30T07:48:29.862699,1,img_0015,ADRES,E,19.549,0.7048,0.831,0.9077,3253.744,41572.0,60032.0,15.35
2026-08-30T07:48:38.607426,1,img_0016,ADRES,Q,23.028,0.7994,0.831,0.9077,3884.642,41572.0,98319.0,9.37
2026-08-30T07:48:38.607426,1,img_0016,ADRES,E,19.566,0.7044,0.831,0.9077,3200.876,41572.0,60438.0,15.25
2026-08-30T07:48:46.074079,1,img_0017,ADRES,Q,25.5,0.8674,0.9588,0.979,3060.248,41572.0,78994.0,11.67
2026-08-30T07:48:46.074079,1,img_0017,ADRES,E,21.383,0.7935,0.9588,0.979,2613.131,41572.0,47708.0,19.32
2026-08-30T07:48:53.539143,1,img_0018,ADRES,Q,25.467,0.8673,0.9588,0.979,3171.267,41572.0,80597.0,11.43
2026-08-30T07:48:53.539143,1,img_0018,ADRES,E,21.312,0.7913,0.9588,0.979,2691.645,41572.0,48354.0,19.06
2026-08-30T07:49:01.158311,1,img_0019,ADRES,Q,25.504,0.8673,0.9588,0.979,3130.133,41572.0,79151.0,11.64
2026-08-30T07:49:01.158311,1,img_0019,ADRES,E,21.402,0.7931,0.9588,0.979,2659.69,41572.0,47947.0,19.22
2026-08-30T07:49:08.600437,1,img_0020,ADRES,Q,25.527,0.8673,0.9588,0.979,3125.526,41572.0,79150.0,11.64
2026-08-30T07:49:08.600437,1,img_0020,ADRES,E,21.348,0.7918,0.9588,0.979,2622.146,41572.0,47836.0,19.27
2026-08-30T07:49:14.632296,1,img_0021,ADRES,Q,23.083,0.8277,0.8919,0.9429,2269.59,41572.0,58512.0,15.75
2026-08-30T07:49:14.632296,1,img_0021,ADRES,E,18.128,0.7382,0.8919,0.9429,2011.168,41572.0,35472.0,25.98
2026-08-30T07:49:20.504546,1,img_0022,ADRES,Q,23.13,0.8285,0.8919,0.9429,2310.04,41572.0,59191.0,15.57
2026-08-30T07:49:20.504546,1,img_0022,ADRES,E,18.164,0.7313,0.8919,0.9429,1979.556,41572.0,35298.0,26.11
2026-08-30T07:49:26.278289,1,img_0023,ADRES,Q,23.149,0.8319,0.8919,0.9429,2252.714,41572.0,60355.0,15.27
2026-08-30T07:49:26.278289,1,img_0023,ADRES,E,18.159,0.7425,0.8919,0.9429,1909.79,41572.0,36008.0,25.59
2026-08-30T07:49:32.302801,1,img_0024,ADRES,Q,23.159,0.831,0.8919,0.9429,2262.008,41572.0,62720.0,14.69
2026-08-30T07:49:32.302801,1,img_0024,ADRES,E,18.194,0.7399,0.8919,0.9429,1999.44,41572.0,36897.0,24.98
2026-08-30T07:49:41.706831,1,img_0025,ADRES,Q,24.45,0.8109,0.8757,0.9337,4150.088,41572.0,105610.0,8.73
2026-08-30T07:49:41.706831,1,img_0025,ADRES,E,20.297,0.6888,0.8757,0.9337,3406.758,41572.0,65900.0,13.98
2026-08-30T07:49:51.071165,1,img_0026,ADRES,Q,24.479,0.8111,0.8757,0.9337,4171.724,41588.0,105636.0,8.72
2026-08-30T07:49:51.071165,1,img_0026,ADRES,E,20.327,0.6874,0.8757,0.9337,3435.116,41588.0,65905.0,13.98
2026-08-30T07:50:00.285629,1,img_0027,ADRES,Q,24.439,0.8101,0.8757,0.9337,4121.418,41588.0,106012.0,8.69
2026-08-30T07:50:00.285629,1,img_0027,ADRES,E,20.293,0.6868,0.8757,0.9337,3386.126,41588.0,65933.0,13.98
2026-08-30T07:50:09.733554,1,img_0028,ADRES,Q,24.476,0.8103,0.8757,0.9337,4100.837,41588.0,106620.0,8.64
2026-08-30T07:50:09.733554,1,img_0028,ADRES,E,20.332,0.6883,0.8757,0.9337,3448.616,41588.0,66441.0,13.87
2026-08-30T07:50:18.029675,1,img_0029,ADRES,Q,25.665,0.8439,0.9391,0.9686,3695.427,41588.0,90139.0,10.22
2026-08-30T07:50:18.029675,1,img_0029,ADRES,E,20.518,0.7515,0.9391,0.9686,2895.635,41588.0,53352.0,17.27
2026-08-30T07:50:26.263259,1,img_0030,ADRES,Q,25.589,0.8428,0.9391,0.9686,3598.007,41588.0,90488.0,10.18
2026-08-30T07:50:26.263259,1,img_0030,ADRES,E,20.434,0.7497,0.9391,0.9686,2890.904,41588.0,53068.0,17.37
2026-08-30T07:50:34.398146,1,img_0031,ADRES,Q,25.656,0.8435,0.9391,0.9686,3584.275,41588.0,89215.0,10.33
2026-08-30T07:50:34.398146,1,img_0031,ADRES,E,20.475,0.7489,0.9391,0.9686,2862.774,41588.0,53030.0,17.38
2026-08-30T07:50:42.760570,1,img_0032,ADRES,Q,25.659,0.8434,0.9391,0.9686,3610.944,41588.0,89099.0,10.34
2026-08-30T07:50:42.760570,1,img_0032,ADRES,E,20.495,0.7506,0.9391,0.9686,2898.761,41588.0,53675.0,17.17
2026-08-30T07:50:50.951427,1,img_0033,ADRES,Q,24.847,0.8429,0.9287,0.963,3413.42,41588.0,84549.0,10.9
2026-08-30T07:50:50.951427,1,img_0033,ADRES,E,20.7,0.7442,0.9287,0.963,3055.987,41588.0,55364.0,16.65
2026-08-30T07:50:59.024503,1,img_0034,ADRES,Q,24.852,0.8428,0.9287,0.963,3418.593,41588.0,86108.0,10.7
2026-08-30T07:50:59.024503,1,img_0034,ADRES,E,20.727,0.7429,0.9287,0.963,3010.038,41588.0,54969.0,16.77
2026-08-30T07:51:07.099002,1,img_0035,ADRES,Q,24.881,0.843,0.9287,0.963,3361.923,41588.0,88515.0,10.41
2026-08-30T07:51:07.099002,1,img_0035,ADRES,E,20.715,0.7433,0.9287,0.963,2963.763,41588.0,56167.0,16.41
2026-08-30T07:51:15.250996,1,img_0036,ADRES,Q,24.886,0.8437,0.9287,0.963,3406.734,41588.0,87237.0,10.56
2026-08-30T07:51:15.250996,1,img_0036,ADRES,E,20.716,0.7439,0.9287,0.963,3018.552,41588.0,55921.0,16.48
2026-08-30T07:51:23.107531,1,img_0037,ADRES,Q,22.615,0.7928,0.8746,0.9331,3573.95,41588.0,88576.0,10.4
2026-08-30T07:51:23.107531,1,img_0037,ADRES,E,19.703,0.6828,0.8746,0.9331,2605.317,41588.0,49890.0,18.47
2026-08-30T07:51:31.239225,1,img_0038,ADRES,Q,22.585,0.7924,0.8746,0.9331,3561.76,41588.0,89287.0,10.32
2026-08-30T07:51:31.239225,1,img_0038,ADRES,E,19.689,0.6826,0.8746,0.9331,2662.434,41588.0,50064.0,18.41
2026-08-30T07:51:39.121654,1,img_0039,ADRES,Q,22.651,0.7933,0.8746,0.9331,3547.656,41588.0,89655.0,10.28
2026-08-30T07:51:39.121654,1,img_0039,ADRES,E,19.721,0.6832,0.8746,0.9331,2627.962,41588.0,50183.0,18.36
2026-08-30T07:51:47.040482,1,img_0040,ADRES,Q,22.616,0.7934,0.8746,0.9331,3539.995,41588.0,88572.0,10.41
2026-08-30T07:51:47.040482,1,img_0040,ADRES,E,19.724,0.6845,0.8746,0.9331,2630.513,41588.0,49463.0,18.63
2026-08-30T07:51:58.605897,1,img_0041,ADRES,Q,23.154,0.7972,0.803,0.8907,4435.253,41588.0,113557.0,8.12
2026-08-30T07:51:58.605897,1,img_0041,ADRES,E,19.887,0.698,0.803,0.8907,3654.201,41588.0,69455.0,13.27
2026-08-30T07:52:08.537906,1,img_0042,ADRES,Q,23.116,0.7983,0.803,0.8907,4507.975,41588.0,115905.0,7.95
2026-08-30T07:52:08.537906,1,img_0042,ADRES,E,19.82,0.6955,0.803,0.8907,3714.779,41588.0,70110.0,13.15
2026-08-30T07:52:18.678712,1,img_0043,ADRES,Q,23.201,0.7971,0.803,0.8907,4484.427,41588.0,112857.0,8.17
2026-08-30T07:52:18.678712,1,img_0043,ADRES,E,19.889,0.697,0.803,0.8907,3651.435,41588.0,68988.0,13.36
2026-08-30T07:52:28.517523,1,img_0044,ADRES,Q,23.148,0.7982,0.803,0.8907,4428.232,41588.0,112551.0,8.19
2026-08-30T07:52:28.517523,1,img_0044,ADRES,E,19.844,0.6972,0.803,0.8907,3651.555,41588.0,69291.0,13.3
2026-08-30T07:52:35.979482,1,img_0045,ADRES,Q,25.714,0.8615,0.9512,0.975,3198.983,41588.0,81079.0,11.37
2026-08-30T07:52:35.979482,1,img_0045,ADRES,E,20.948,0.7792,0.9512,0.975,2603.561,41588.0,46335.0,19.89
2026-08-30T07:52:43.743131,1,img_0046,ADRES,Q,25.691,0.8612,0.9512,0.975,3319.478,41588.0,82768.0,11.13
2026-08-30T07:52:43.743131,1,img_0046,ADRES,E,20.879,0.7774,0.9512,0.975,2660.997,41588.0,46770.0,19.7
2026-08-30T07:52:51.273559,1,img_0047,ADRES,Q,25.72,0.8618,0.9512,0.975,3241.91,41588.0,82144.0,11.22
2026-08-30T07:52:51.273559,1,img_0047,ADRES,E,20.96,0.7799,0.9512,0.975,2647.158,41588.0,46518.0,19.81
2026-08-30T07:52:58.815251,1,img_0048,ADRES,Q,25.76,0.8618,0.9512,0.975,3272.598,41588.0,81613.0,11.29
2026-08-30T07:52:58.815251,1,img_0048,ADRES,E,20.948,0.7787,0.9512,0.975,2560.58,41588.0,46380.0,19.87
2026-08-30T07:53:04.556435,1,img_0049,ADRES,Q,23.397,0.8204,0.9121,0.954,2207.514,41588.0,52191.0,17.66
2026-08-30T07:53:04.556435,1,img_0049,ADRES,E,18.551,0.748,0.9121,0.954,1899.768,41588.0,32000.0,28.8
2026-08-30T07:53:10.273881,1,img_0050,ADRES,Q,23.371,0.8154,0.9121,0.954,2184.437,41588.0,53024.0,17.38
2026-08-30T07:53:10.273881,1,img_0050,ADRES,E,18.592,0.7412,0.9121,0.954,1890.415,41588.0,32228.0,28.6
2026-08-30T07:53:15.983540,1,img_0051,ADRES,Q,23.461,0.8222,0.9121,0.954,2213.24,41588.0,54642.0,16.87
2026-08-30T07:53:15.983540,1,img_0051,ADRES,E,18.595,0.7519,0.9121,0.954,1858.157,41588.0,33322.0,27.66
2026-08-30T07:53:21.891111,1,img_0052,ADRES,Q,23.444,0.8201,0.9121,0.954,2271.932,41588.0,55829.0,16.51
2026-08-30T07:53:21.891111,1,img_0052,ADRES,E,18.648,0.7489,0.9121,0.954,1971.212,41588.0,33320.0,27.66
2026-08-30T07:53:30.828588,1,img_0053,ADRES,Q,24.412,0.813,0.8899,0.9417,4034.047,41588.0,101377.0,9.09
2026-08-30T07:53:30.828588,1,img_0053,ADRES,E,20.203,0.6948,0.8899,0.9417,3280.632,41588.0,61840.0,14.9
2026-08-30T07:53:39.878827,1,img_0054,ADRES,Q,24.42,0.8127,0.8899,0.9417,4122.441,41588.0,101247.0,9.1
2026-08-30T07:53:39.878827,1,img_0054,ADRES,E,20.263,0.6945,0.8899,0.9417,3249.14,41588.0,61781.0,14.92
2026-08-30T07:53:48.780733,1,img_0055,ADRES,Q,24.394,0.8123,0.8899,0.9417,4070.304,41588.0,101683.0,9.06
2026-08-30T07:53:48.780733,1,img_0055,ADRES,E,20.171,0.6932,0.8899,0.9417,3217.313,41588.0,61856.0,14.9
2026-08-30T07:53:57.621521,1,img_0056,ADRES,Q,24.435,0.8123,0.8899,0.9417,3992.698,41600.0,103264.0,8.92
2026-08-30T07:53:57.621521,1,img_0056,ADRES,E,20.267,0.6942,0.8899,0.9417,3222.672,41600.0,62244.0,14.81
2026-08-30T07:54:05.959642,1,img_0057,ADRES,Q,24.747,0.8323,0.9267,0.9619,3804.186,41600.0,98100.0,9.39
2026-08-30T07:54:05.959642,1,img_0057,ADRES,E,20.189,0.7374,0.9267,0.9619,2944.944,41600.0,56288.0,16.37
2026-08-30T07:54:14.514109,1,img_0058,ADRES,Q,24.716,0.8312,0.9267,0.9619,3867.293,41600.0,97546.0,9.45
2026-08-30T07:54:14.514109,1,img_0058,ADRES,E,20.132,0.7356,0.9267,0.9619,2959.562,41600.0,55971.0,16.47
2026-08-30T07:54:22.895472,1,img_0059,ADRES,Q,24.767,0.8319,0.9267,0.9619,3775.023,41600.0,95181.0,9.68
2026-08-30T07:54:22.895472,1,img_0059,ADRES,E,20.168,0.7353,0.9267,0.9619,2929.126,41600.0,55396.0,16.64
2026-08-30T07:54:31.499630,1,img_0060,ADRES,Q,24.762,0.8315,0.9267,0.9619,3825.942,41600.0,94826.0,9.72
2026-08-30T07:54:31.499630,1,img_0060,ADRES,E,20.19,0.7363,0.9267,0.9619,2961.322,41600.0,55517.0,16.6
2026-08-30T07:54:39.556053,1,img_0061,ADRES,Q,25.208,0.8498,0.9381,0.9681,3413.993,41600.0,83853.0,10.99
2026-08-30T07:54:39.556053,1,img_0061,ADRES,E,20.5,0.7515,0.9381,0.9681,2940.243,41600.0,54020.0,17.06
2026-08-30T07:54:47.624413,1,img_0062,ADRES,Q,25.237,0.8493,0.9381,0.9681,3415.123,41600.0,85545.0,10.77
2026-08-30T07:54:47.624413,1,img_0062,ADRES,E,20.501,0.7499,0.9381,0.9681,2922.387,41600.0,54446.0,16.93
2026-08-30T07:54:55.762263,1,img_0063,ADRES,Q,25.225,0.8502,0.9381,0.9681,3329.682,41600.0,86412.0,10.67
2026-08-30T07:54:55.762263,1,img_0063,ADRES,E,20.508,0.7511,0.9381,0.9681,2910.168,41600.0,54647.0,16.86
2026-08-30T07:55:03.847098,1,img_0064,ADRES,Q,25.284,0.8499,0.9381,0.9681,3341.69,41600.0,85001.0,10.84
2026-08-30T07:55:03.847098,1,img_0064,ADRES,E,20.548,0.7504,0.9381,0.9681,2949.288,41600.0,54183.0,17.01
2026-08-30T07:55:11.963241,1,img_0065,ADRES,Q,22.773,0.793,0.86,0.9247,3659.643,41600.0,94912.0,9.71
2026-08-30T07:55:11.963241,1,img_0065,ADRES,E,19.594,0.6675,0.86,0.9247,2776.007,41600.0,54114.0,17.03
2026-08-30T07:55:20.242260,1,img_0066,ADRES,Q,22.757,0.791,0.86,0.9247,3782.471,41600.0,96018.0,9.6
2026-08-30T07:55:20.242260,1,img_0066,ADRES,E,19.599,0.6678,0.86,0.9247,2762.167,41600.0,54304.0,16.97
2026-08-30T07:55:28.406312,1,img_0067,ADRES,Q,22.809,0.7934,0.86,0.9247,3724.36,41600.0,95078.0,9.69
2026-08-30T07:55:28.406312,1,img_0067,ADRES,E,19.628,0.6688,0.86,0.9247,2794.895,41600.0,54090.0,17.04
2026-08-30T07:55:36.528170,1,img_0068,ADRES,Q,22.792,0.7913,0.86,0.9247,3701.504,41600.0,95471.0,9.65
2026-08-30T07:55:36.528170,1,img_0068,ADRES,E,19.633,0.6695,0.86,0.9247,2764.478,41600.0,53996.0,17.07
2026-08-30T07:55:46.543335,1,img_0069,ADRES,Q,22.948,0.7982,0.8051,0.892,4462.367,41600.0,114664.0,8.04
2026-08-30T07:55:46.543335,1,img_0069,ADRES,E,19.648,0.6957,0.8051,0.892,3797.772,41600.0,70973.0,12.99
2026-08-30T07:55:56.503250,1,img_0070,ADRES,Q,22.914,0.798,0.8051,0.892,4527.208,41600.0,117487.0,7.84
2026-08-30T07:55:56.503250,1,img_0070,ADRES,E,19.612,0.6934,0.8051,0.892,3764.987,41600.0,71243.0,12.94
2026-08-30T07:56:06.556755,1,img_0071,ADRES,Q,23.004,0.7977,0.8051,0.892,4482.397,41600.0,114284.0,8.06
2026-08-30T07:56:06.556755,1,img_0071,ADRES,E,19.68,0.6941,0.8051,0.892,3779.528,41600.0,70802.0,13.02
2026-08-30T07:56:16.458334,1,img_0072,ADRES,Q,22.956,0.7974,0.8051,0.892,4509.59,41600.0,113855.0,8.09
2026-08-30T07:56:16.458334,1,img_0072,ADRES,E,19.62,0.6937,0.8051,0.892,3752.133,41600.0,70593.0,13.06
2026-08-30T07:56:24.535250,1,img_0073,ADRES,Q,25.345,0.8535,0.9369,0.9674,3546.272,41620.0,90356.0,10.2
2026-08-30T07:56:24.535250,1,img_0073,ADRES,E,21.069,0.7772,0.9369,0.9674,2808.414,41620.0,51790.0,17.79
2026-08-30T07:56:32.593618,1,img_0074,ADRES,Q,25.337,0.8533,0.9369,0.9674,3582.989,41620.0,92101.0,10.01
2026-08-30T07:56:32.593618,1,img_0074,ADRES,E,20.996,0.7745,0.9369,0.9674,2839.107,41620.0,52470.0,17.56
2026-08-30T07:56:40.846870,1,img_0075,ADRES,Q,25.384,0.854,0.9369,0.9674,3591.106,41620.0,90395.0,10.2
2026-08-30T07:56:40.846870,1,img_0075,ADRES,E,21.055,0.7777,0.9369,0.9674,2814.942,41620.0,51812.0,17.79
2026-08-30T07:56:48.982212,1,img_0076,ADRES,Q,25.387,0.8537,0.9369,0.9674,3545.039,41620.0,91043.0,10.12
2026-08-30T07:56:48.982212,1,img_0076,ADRES,E,21.065,0.776,0.9369,0.9674,2828.206,41620.0,51788.0,17.8
2026-08-30T07:56:55.082357,1,img_0077,ADRES,Q,22.731,0.801,0.8292,0.9066,2312.697,41620.0,58449.0,15.77
2026-08-30T07:56:55.082357,1,img_0077,ADRES,E,17.801,0.6992,0.8292,0.9066,2015.105,41620.0,36463.0,25.27
2026-08-30T07:57:01.326284,1,img_0078,ADRES,Q,22.7,0.7988,0.8292,0.9066,2372.719,41620.0,59882.0,15.39
2026-08-30T07:57:01.326284,1,img_0078,ADRES,E,17.824,0.6919,0.8292,0.9066,2037.753,41620.0,37084.0,24.85
2026-08-30T07:57:07.697372,1,img_0079,ADRES,Q,22.775,0.8017,0.8292,0.9066,2352.409,41620.0,60154.0,15.32
2026-08-30T07:57:07.697372,1,img_0079,ADRES,E,17.824,0.7011,0.8292,0.9066,2083.82,41620.0,36974.0,24.93
2026-08-30T07:57:13.976653,1,img_0080,ADRES,Q,22.759,0.8018,0.8292,0.9066,2305.341,41620.0,60742.0,15.17
2026-08-30T07:57:13.976653,1,img_0080,ADRES,E,17.872,0.6967,0.8292,0.9066,2051.122,41620.0,37328.0,24.69
2026-08-30T07:57:23.261117,1,img_0081,ADRES,Q,24.319,0.8137,0.884,0.9384,4204.145,41620.0,107473.0,8.58
2026-08-30T07:57:23.261117,1,img_0081,ADRES,E,20.125,0.6909,0.884,0.9384,3369.874,41620.0,64459.0,14.3
2026-08-30T07:57:32.541376,1,img_0082,ADRES,Q,24.354,0.8137,0.884,0.9384,4219.391,41620.0,106701.0,8.64
2026-08-30T07:57:32.541376,1,img_0082,ADRES,E,20.135,0.6909,0.884,0.9384,3356.826,41620.0,64507.0,14.29
2026-08-30T07:57:41.800823,1,img_0083,ADRES,Q,24.303,0.8131,0.884,0.9384,4204.073,41620.0,107283.0,8.59
2026-08-30T07:57:41.800823,1,img_0083,ADRES,E,20.112,0.6896,0.884,0.9384,3347.269,41620.0,64400.0,14.31
2026-08-30T07:57:51.126152,1,img_0084,ADRES,Q,24.37,0.8134,0.884,0.9384,4205.159,41620.0,107322.0,8.59
2026-08-30T07:57:51.126152,1,img_0084,ADRES,E,20.131,0.6907,0.884,0.9384,3358.065,41620.0,64531.0,14.28
2026-08-30T07:57:57.203178,1,img_0085,ADRES,Q,20.459,0.78,0.5494,0.7092,2344.93,41620.0,64146.0,14.37
2026-08-30T07:57:57.203178,1,img_0085,ADRES,E,18.278,0.7077,0.5494,0.7092,2108.884,41620.0,38231.0,24.11
2026-08-30T07:58:03.366847,1,img_0086,ADRES,Q,20.446,0.7804,0.5494,0.7092,2320.057,41620.0,65028.0,14.17
2026-08-30T07:58:03.366847,1,img_0086,ADRES,E,18.266,0.7064,0.5494,0.7092,2139.875,41620.0,38367.0,24.02
2026-08-30T07:58:09.489728,1,img_0087,ADRES,Q,20.478,0.7796,0.5494,0.7092,2286.832,41620.0,64714.0,14.24
2026-08-30T07:58:09.489728,1,img_0087,ADRES,E,18.318,0.705,0.5494,0.7092,2094.967,41620.0,38531.0,23.92
2026-08-30T07:58:15.688044,1,img_0088,ADRES,Q,20.46,0.7798,0.5494,0.7092,2406.347,41620.0,64788.0,14.22
2026-08-30T07:58:15.688044,1,img_0088,ADRES,E,18.275,0.7068,0.5494,0.7092,2147.628,41620.0,38545.0,23.91
2026-08-30T07:58:23.285131,1,img_0089,ADRES,Q,21.561,0.7996,0.7272,0.8421,3143.806,41620.0,87961.0,10.48
2026-08-30T07:58:23.285131,1,img_0089,ADRES,E,19.455,0.7124,0.7272,0.8421,2782.625,41620.0,52679.0,17.49
2026-08-30T07:58:31.185280,1,img_0090,ADRES,Q,21.501,0.8,0.7272,0.8421,3199.051,41620.0,89258.0,10.33
2026-08-30T07:58:31.185280,1,img_0090,ADRES,E,19.374,0.7097,0.7272,0.8421,2835.111,41620.0,52937.0,17.41
2026-08-30T07:58:38.866245,1,img_0091,ADRES,Q,21.564,0.7989,0.7272,0.8421,3222.736,41620.0,89806.0,10.26
2026-08-30T07:58:38.866245,1,img_0091,ADRES,E,19.464,0.7119,0.7272,0.8421,2868.872,41620.0,54050.0,17.05
2026-08-30T07:58:46.493344,1,img_0092,ADRES,Q,21.534,0.7987,0.7272,0.8421,3150.239,41620.0,88798.0,10.38
2026-08-30T07:58:46.493344,1,img_0092,ADRES,E,19.403,0.7113,0.7272,0.8421,2805.302,41620.0,53874.0,17.11
2026-08-30T07:58:54.069590,1,img_0093,ADRES,Q,21.832,0.8105,0.7368,0.8485,3134.095,41620.0,88446.0,10.42
2026-08-30T07:58:54.069590,1,img_0093,ADRES,E,18.749,0.7265,0.7368,0.8485,2765.816,41620.0,54688.0,16.85
2026-08-30T07:59:01.942108,1,img_0094,ADRES,Q,21.831,0.8114,0.7368,0.8485,3119.315,41620.0,89141.0,10.34
2026-08-30T07:59:01.942108,1,img_0094,ADRES,E,18.743,0.7238,0.7368,0.8485,2884.307,41620.0,54889.0,16.79
2026-08-30T07:59:09.584899,1,img_0095,ADRES,Q,21.856,0.8113,0.7368,0.8485,3103.993,41620.0,89191.0,10.33
2026-08-30T07:59:09.584899,1,img_0095,ADRES,E,18.771,0.7262,0.7368,0.8485,2808.078,41620.0,55317.0,16.66
2026-08-30T07:59:17.300537,1,img_0096,ADRES,Q,21.842,0.8104,0.7368,0.8485,3123.896,41620.0,88962.0,10.36
2026-08-30T07:59:17.300537,1,img_0096,ADRES,E,18.724,0.7252,0.7368,0.8485,2816.078,41620.0,54884.0,16.79
2026-08-30T07:59:24.307208,1,img_0097,ADRES,Q,22.59,0.7665,0.7464,0.8548,2903.953,41620.0,71933.0,12.81
2026-08-30T07:59:24.307208,1,img_0097,ADRES,E,17.572,0.6864,0.7464,0.8548,2483.875,41620.0,43075.0,21.4
2026-08-30T07:59:31.425102,1,img_0098,ADRES,Q,22.477,0.7628,0.7464,0.8548,2893.498,41620.0,73508.0,12.54
2026-08-30T07:59:31.425102,1,img_0098,ADRES,E,17.595,0.6849,0.7464,0.8548,2453.06,41620.0,43639.0,21.12
2026-08-30T07:59:38.389019,1,img_0099,ADRES,Q,22.634,0.7654,0.7464,0.8548,2824.808,41620.0,70904.0,13.0
2026-08-30T07:59:38.389019,1,img_0099,ADRES,E,17.59,0.6841,0.7464,0.8548,2371.582,41620.0,42003.0,21.94
2026-08-30T07:59:45.618239,1,img_0100,ADRES,Q,22.495,0.7616,0.7464,0.8548,2960.149,41620.0,71147.0,12.95
2026-08-30T07:59:45.618239,1,img_0100,ADRES,E,17.616,0.6832,0.7464,0.8548,2545.887,41620.0,42028.0,21.93
2026-08-30T07:59:50.685719,1,img_0101,ADRES,Q,20.665,0.7504,0.8508,0.9194,1851.95,41620.0,59536.0,15.48
2026-08-30T07:59:50.685719,1,img_0101,ADRES,E,17.347,0.7342,0.8508,0.9194,1516.062,41620.0,32696.0,28.19
2026-08-30T07:59:55.887833,1,img_0102,ADRES,Q,20.559,0.7446,0.8508,0.9194,1914.666,41620.0,61622.0,14.96
2026-08-30T07:59:55.887833,1,img_0102,ADRES,E,17.293,0.7327,0.8508,0.9194,1570.557,41620.0,33261.0,27.71
2026-08-30T08:00:01.276613,1,img_0103,ADRES,Q,20.703,0.7506,0.8508,0.9194,1929.571,41620.0,57007.0,16.17
2026-08-30T08:00:01.276613,1,img_0103,ADRES,E,17.34,0.7337,0.8508,0.9194,1548.705,41620.0,31648.0,29.12
2026-08-30T08:00:06.632103,1,img_0104,ADRES,Q,20.597,0.7437,0.8508,0.9194,1970.749,41620.0,58284.0,15.81
2026-08-30T08:00:06.632103,1,img_0104,ADRES,E,17.329,0.7326,0.8508,0.9194,1502.515,41620.0,31912.0,28.88
2026-08-30T08:00:13.478486,1,img_0105,ADRES,Q,22.835,0.8387,0.8769,0.9344,2621.692,41620.0,69111.0,13.34
2026-08-30T08:00:13.478486,1,img_0105,ADRES,E,19.679,0.7622,0.8769,0.9344,2356.44,41620.0,43144.0,21.36
2026-08-30T08:00:20.127576,1,img_0106,ADRES,Q,22.839,0.8387,0.8769,0.9344,2594.659,41620.0,70163.0,13.14
2026-08-30T08:00:20.127576,1,img_0106,ADRES,E,19.642,0.7611,0.8769,0.9344,2325.317,41620.0,43469.0,21.2
2026-08-30T08:00:26.816892,1,img_0107,ADRES,Q,22.86,0.8402,0.8769,0.9344,2578.25,41620.0,72884.0,12.64
2026-08-30T08:00:26.816892,1,img_0107,ADRES,E,19.691,0.7655,0.8769,0.9344,2355.373,41620.0,45386.0,20.31
2026-08-30T08:00:33.404806,1,img_0108,ADRES,Q,22.909,0.8404,0.8769,0.9344,2599.491,41620.0,72136.0,12.78
2026-08-30T08:00:33.404806,1,img_0108,ADRES,E,19.723,0.7651,0.8769,0.9344,2346.688,41620.0,44825.0,20.56
2026-08-30T08:00:41.930025,1,img_0109,ADRES,Q,22.239,0.7859,0.7451,0.8539,3612.246,41620.0,106637.0,8.64
2026-08-30T08:00:41.930025,1,img_0109,ADRES,E,18.742,0.6882,0.7451,0.8539,3146.814,41620.0,65225.0,14.13
2026-08-30T08:00:50.510187,1,img_0110,ADRES,Q,22.205,0.7851,0.7451,0.8539,3630.879,41620.0,108244.0,8.51
2026-08-30T08:00:50.510187,1,img_0110,ADRES,E,18.684,0.6882,0.7451,0.8539,3208.495,41620.0,65789.0,14.01
2026-08-30T08:00:59.035809,1,img_0111,ADRES,Q,22.223,0.7857,0.7451,0.8539,3634.47,41620.0,108919.0,8.46
2026-08-30T08:00:59.035809,1,img_0111,ADRES,E,18.715,0.6872,0.7451,0.8539,3143.386,41620.0,66404.0,13.88
2026-08-30T08:01:07.815556,1,img_0112,ADRES,Q,22.222,0.7846,0.7451,0.8539,3668.04,41620.0,107684.0,8.56
2026-08-30T08:01:07.815556,1,img_0112,ADRES,E,18.699,0.6892,0.7451,0.8539,3177.432,41620.0,66185.0,13.92
2026-08-30T08:01:14.935333,1,img_0113,ADRES,Q,20.597,0.7912,0.5857,0.7387,2715.253,41620.0,76753.0,12.01
2026-08-30T08:01:14.935333,1,img_0113,ADRES,E,17.883,0.6869,0.5857,0.7387,2635.761,41620.0,48833.0,18.87
2026-08-30T08:01:21.739982,1,img_0114,ADRES,Q,20.56,0.7905,0.5857,0.7387,2572.921,41620.0,78728.0,11.71
2026-08-30T08:01:21.739982,1,img_0114,ADRES,E,17.851,0.683,0.5857,0.7387,2541.253,41620.0,48859.0,18.86
2026-08-30T08:01:28.599896,1,img_0115,ADRES,Q,20.62,0.79,0.5857,0.7387,2555.991,41620.0,78160.0,11.79
2026-08-30T08:01:28.599896,1,img_0115,ADRES,E,17.935,0.6871,0.5857,0.7387,2541.324,41620.0,49555.0,18.6
2026-08-30T08:01:35.598268,1,img_0116,ADRES,Q,20.583,0.7901,0.5857,0.7387,2621.131,41620.0,78274.0,11.77
2026-08-30T08:01:35.598268,1,img_0116,ADRES,E,17.883,0.6857,0.5857,0.7387,2581.681,41620.0,49672.0,18.55
2026-08-30T08:01:43.973804,1,img_0117,ADRES,Q,21.828,0.7959,0.6839,0.8123,3416.73,41620.0,95019.0,9.7
2026-08-30T08:01:43.973804,1,img_0117,ADRES,E,19.155,0.6854,0.6839,0.8123,3005.575,41620.0,57758.0,15.96
2026-08-30T08:01:52.083339,1,img_0118,ADRES,Q,21.796,0.7962,0.6839,0.8123,3464.743,41620.0,96528.0,9.55
2026-08-30T08:01:52.083339,1,img_0118,ADRES,E,19.014,0.6812,0.6839,0.8123,3007.471,41620.0,58249.0,15.82
2026-08-30T08:02:00.312398,1,img_0119,ADRES,Q,21.86,0.7973,0.6839,0.8123,3390.426,41620.0,98143.0,9.39
2026-08-30T08:02:00.312398,1,img_0119,ADRES,E,19.172,0.6897,0.6839,0.8123,3087.167,41620.0,59516.0,15.48
2026-08-30T08:02:08.510627,1,img_0120,ADRES,Q,21.873,0.7986,0.6839,0.8123,3450.057,41620.0,97581.0,9.44
2026-08-30T08:02:08.510627,1,img_0120,ADRES,E,19.176,0.6907,0.6839,0.8123,3056.589,41620.0,59044.0,15.61
2026-08-30T08:02:16.615152,1,img_0121,ADRES,Q,22.68,0.8135,0.7963,0.8866,3359.313,41620.0,94250.0,9.78
2026-08-30T08:02:16.615152,1,img_0121,ADRES,E,19.448,0.7154,0.7963,0.8866,3048.01,41620.0,57940.0,15.91
2026-08-30T08:02:24.604431,1,img_0122,ADRES,Q,22.646,0.814,0.7963,0.8866,3299.424,41620.0,95075.0,9.69
2026-08-30T08:02:24.604431,1,img_0122,ADRES,E,19.39,0.7152,0.7963,0.8866,2996.189,41620.0,58309.0,15.81
2026-08-30T08:02:32.749844,1,img_0123,ADRES,Q,22.706,0.8131,0.7963,0.8866,3365.683,41620.0,94087.0,9.8
2026-08-30T08:02:32.749844,1,img_0123,ADRES,E,19.468,0.7161,0.7963,0.8866,3028.287,41620.0,58676.0,15.71
2026-08-30T08:02:40.939323,1,img_0124,ADRES,Q,22.667,0.8129,0.7963,0.8866,3386.362,41620.0,94320.0,9.77
2026-08-30T08:02:40.939323,1,img_0124,ADRES,E,19.382,0.7159,0.7963,0.8866,3078.18,41620.0,58648.0,15.71
2026-08-30T08:02:48.213655,1,img_0125,ADRES,Q,21.682,0.744,0.7284,0.8428,3039.996,41620.0,76490.0,12.05
2026-08-30T08:02:48.213655,1,img_0125,ADRES,E,18.538,0.6958,0.7284,0.8428,2436.747,41620.0,42649.0,21.61
2026-08-30T08:02:55.284495,1,img_0126,ADRES,Q,21.573,0.7411,0.7284,0.8428,2997.274,41620.0,77532.0,11.89
2026-08-30T08:02:55.284495,1,img_0126,ADRES,E,18.577,0.6955,0.7284,0.8428,2352.947,41620.0,42968.0,21.45
2026-08-30T08:03:02.247023,1,img_0127,ADRES,Q,21.724,0.7427,0.7284,0.8428,3001.817,41620.0,74877.0,12.31
2026-08-30T08:03:02.247023,1,img_0127,ADRES,E,18.562,0.6955,0.7284,0.8428,2309.7,41620.0,41776.0,22.06
2026-08-30T08:03:09.527566,1,img_0128,ADRES,Q,21.591,0.7409,0.7284,0.8428,3064.53,41620.0,75417.0,12.22
2026-08-30T08:03:09.527566,1,img_0128,ADRES,E,18.578,0.694,0.7284,0.8428,2377.407,41620.0,41549.0,22.18
2026-08-30T08:03:16.179779,1,img_0129,ADRES,Q,21.752,0.7738,0.8723,0.9318,2683.118,41620.0,79509.0,11.59
2026-08-30T08:03:16.179779,1,img_0129,ADRES,E,18.683,0.7469,0.8723,0.9318,2302.302,41620.0,46477.0,19.83
2026-08-30T08:03:22.844051,1,img_0130,ADRES,Q,21.612,0.7702,0.8723,0.9318,2703.573,41620.0,83261.0,11.07
2026-08-30T08:03:22.844051,1,img_0130,ADRES,E,18.618,0.745,0.8723,0.9318,2330.464,41620.0,46814.0,19.69
2026-08-30T08:03:29.503465,1,img_0131,ADRES,Q,21.771,0.7727,0.8723,0.9318,2635.412,41620.0,82270.0,11.2
2026-08-30T08:03:29.503465,1,img_0131,ADRES,E,18.659,0.7481,0.8723,0.9318,2296.88,41620.0,47015.0,19.6
2026-08-30T08:03:36.198148,1,img_0132,ADRES,Q,21.696,0.7695,0.8723,0.9318,2750.754,41620.0,80755.0,11.41
2026-08-30T08:03:36.198148,1,img_0132,ADRES,E,18.695,0.7443,0.8723,0.9318,2366.52,41620.0,46470.0,19.83
2026-08-30T08:03:43.411255,1,img_0133,ADRES,Q,21.998,0.8111,0.8822,0.9374,2862.3,41620.0,83388.0,11.05
2026-08-30T08:03:43.411255,1,img_0133,ADRES,E,19.753,0.7529,0.8822,0.9374,2699.882,41620.0,52016.0,17.72
2026-08-30T08:03:50.748283,1,img_0134,ADRES,Q,21.978,0.8111,0.8822,0.9374,2894.844,41620.0,82810.0,11.13
2026-08-30T08:03:50.748283,1,img_0134,ADRES,E,19.86,0.7552,0.8822,0.9374,2673.101,41620.0,51954.0,17.74
2026-08-30T08:03:58.198051,1,img_0135,ADRES,Q,22.063,0.8118,0.8822,0.9374,2857.913,41620.0,81452.0,11.31
2026-08-30T08:03:58.198051,1,img_0135,ADRES,E,19.848,0.7589,0.8822,0.9374,2687.504,41620.0,51623.0,17.85
2026-08-30T08:04:05.355517,1,img_0136,ADRES,Q,21.975,0.8125,0.8822,0.9374,2842.661,41620.0,81800.0,11.27
2026-08-30T08:04:05.355517,1,img_0136,ADRES,E,19.851,0.7595,0.8822,0.9374,2734.161,41620.0,51793.0,17.79
2026-08-30T08:04:14.000350,1,img_0137,ADRES,Q,22.334,0.7898,0.7202,0.8373,3657.369,41620.0,115811.0,7.96
2026-08-30T08:04:14.000350,1,img_0137,ADRES,E,18.963,0.6871,0.7202,0.8373,3293.441,41620.0,70701.0,13.04
2026-08-30T08:04:22.814920,1,img_0138,ADRES,Q,22.32,0.7894,0.7202,0.8373,3719.243,41620.0,116006.0,7.94
2026-08-30T08:04:22.814920,1,img_0138,ADRES,E,18.925,0.6886,0.7202,0.8373,3360.323,41620.0,70891.0,13.0
2026-08-30T08:04:31.633097,1,img_0139,ADRES,Q,22.327,0.79,0.7202,0.8373,3669.201,41620.0,116444.0,7.91
2026-08-30T08:04:31.633097,1,img_0139,ADRES,E,18.956,0.689,0.7202,0.8373,3340.424,41620.0,71311.0,12.92
2026-08-30T08:04:40.471221,1,img_0140,ADRES,Q,22.324,0.789,0.7202,0.8373,3715.958,41620.0,115596.0,7.97
2026-08-30T08:04:40.471221,1,img_0140,ADRES,E,18.983,0.6904,0.7202,0.8373,3315.569,41620.0,71218.0,12.94
2026-08-30T08:04:50.504320,1,img_0141,ADRES,Q,24.089,0.8204,0.8618,0.9258,4550.857,41620.0,109078.0,8.45
2026-08-30T08:04:50.504320,1,img_0141,ADRES,E,20.311,0.7145,0.8618,0.9258,3660.344,41620.0,66495.0,13.86
2026-08-30T08:05:00.394186,1,img_0142,ADRES,Q,24.108,0.8203,0.8618,0.9258,4556.028,41632.0,109898.0,8.39
2026-08-30T08:05:00.394186,1,img_0142,ADRES,E,20.356,0.7123,0.8618,0.9258,3621.826,41632.0,66788.0,13.8
2026-08-30T08:05:10.191225,1,img_0143,ADRES,Q,24.153,0.8216,0.8618,0.9258,4539.88,41632.0,113023.0,8.15
2026-08-30T08:05:10.191225,1,img_0143,ADRES,E,20.386,0.7186,0.8618,0.9258,3647.492,41632.0,69406.0,13.28
2026-08-30T08:05:19.981643,1,img_0144,ADRES,Q,24.146,0.8215,0.8618,0.9258,4516.835,41632.0,113487.0,8.12
2026-08-30T08:05:19.981643,1,img_0144,ADRES,E,20.396,0.7186,0.8618,0.9258,3655.868,41632.0,69123.0,13.33
2026-08-30T08:05:27.844114,1,img_0145,ADRES,Q,23.323,0.7967,0.8577,0.9234,3369.386,41632.0,82769.0,11.13
2026-08-30T08:05:27.844114,1,img_0145,ADRES,E,19.771,0.7155,0.8577,0.9234,2729.959,41632.0,48360.0,19.06
2026-08-30T08:05:35.521704,1,img_0146,ADRES,Q,23.313,0.7972,0.8577,0.9234,3407.02,41632.0,84343.0,10.93
2026-08-30T08:05:35.521704,1,img_0146,ADRES,E,19.772,0.7123,0.8577,0.9234,2696.114,41632.0,48322.0,19.07
2026-08-30T08:05:43.260556,1,img_0147,ADRES,Q,23.4,0.7984,0.8577,0.9234,3380.398,41632.0,85200.0,10.82
2026-08-30T08:05:43.260556,1,img_0147,ADRES,E,19.85,0.7209,0.8577,0.9234,2740.871,41632.0,49201.0,18.73
2026-08-30T08:05:51.137444,1,img_0148,ADRES,Q,23.393,0.7987,0.8577,0.9234,3394.647,41632.0,85574.0,10.77
2026-08-30T08:05:51.137444,1,img_0148,ADRES,E,19.86,0.72,0.8577,0.9234,2755.606,41632.0,49299.0,18.69
2026-08-30T08:05:58.541453,1,img_0149,ADRES,Q,26.297,0.8671,0.9591,0.9791,3192.071,41632.0,74207.0,12.42
2026-08-30T08:05:58.541453,1,img_0149,ADRES,E,21.584,0.8093,0.9591,0.9791,2594.68,41632.0,41995.0,21.95
2026-08-30T08:06:06.017384,1,img_0150,ADRES,Q,26.342,0.8673,0.9591,0.9791,3131.137,41632.0,74991.0,12.29
2026-08-30T08:06:06.017384,1,img_0150,ADRES,E,21.625,0.8076,0.9591,0.9791,2606.077,41632.0,42188.0,21.85
2026-08-30T08:06:13.569476,1,img_0151,ADRES,Q,26.321,0.8668,0.9591,0.9791,3249.563,41632.0,75669.0,12.18
2026-08-30T08:06:13.569476,1,img_0151,ADRES,E,21.614,0.8086,0.9591,0.9791,2618.586,41632.0,42995.0,21.44
2026-08-30T08:06:20.986049,1,img_0152,ADRES,Q,26.35,0.8671,0.9591,0.9791,3207.44,41632.0,76383.0,12.07
2026-08-30T08:06:20.986049,1,img_0152,ADRES,E,21.618,0.8077,0.9591,0.9791,2558.674,41632.0,42993.0,21.44
2026-08-30T08:06:28.940404,1,img_0153,ADRES,Q,23.58,0.8287,0.8846,0.9387,3546.986,41632.0,82551.0,11.16
2026-08-30T08:06:28.940404,1,img_0153,ADRES,E,19.775,0.746,0.8846,0.9387,2784.619,41632.0,49481.0,18.63
2026-08-30T08:06:36.948496,1,img_0154,ADRES,Q,23.574,0.8281,0.8846,0.9387,3571.767,41632.0,83249.0,11.07
2026-08-30T08:06:36.948496,1,img_0154,ADRES,E,19.715,0.7441,0.8846,0.9387,2801.139,41632.0,50043.0,18.42
2026-08-30T08:06:44.985485,1,img_0155,ADRES,Q,23.591,0.8286,0.8846,0.9387,3502.006,41632.0,83154.0,11.08
2026-08-30T08:06:44.985485,1,img_0155,ADRES,E,19.774,0.7463,0.8846,0.9387,2755.843,41632.0,49816.0,18.5
2026-08-30T08:06:52.892866,1,img_0156,ADRES,Q,23.596,0.8291,0.8846,0.9387,3528.364,41632.0,82969.0,11.11
2026-08-30T08:06:52.892866,1,img_0156,ADRES,E,19.776,0.7455,0.8846,0.9387,2761.181,41632.0,50016.0,18.43
2026-08-30T08:06:59.320888,1,img_0157,ADRES,Q,24.43,0.8371,0.967,0.9832,2576.713,41632.0,59849.0,15.4
2026-08-30T08:06:59.320888,1,img_0157,ADRES,E,20.38,0.7698,0.967,0.9832,2192.599,41632.0,36239.0,25.43
2026-08-30T08:07:05.554126,1,img_0158,ADRES,Q,24.461,0.8368,0.967,0.9832,2533.305,41632.0,60377.0,15.26
2026-08-30T08:07:05.554126,1,img_0158,ADRES,E,20.437,0.7674,0.967,0.9832,2090.972,41632.0,36269.0,25.41
2026-08-30T08:07:11.881242,1,img_0159,ADRES,Q,24.528,0.8383,0.967,0.9832,2577.912,41632.0,61270.0,15.04
2026-08-30T08:07:11.881242,1,img_0159,ADRES,E,20.494,0.7737,0.967,0.9832,2096.784,41632.0,36761.0,25.07
2026-08-30T08:07:18.366754,1,img_0160,ADRES,Q,24.492,0.8384,0.967,0.9832,2578.765,41632.0,62016.0,14.86
2026-08-30T08:07:18.366754,1,img_0160,ADRES,E,20.435,0.7729,0.967,0.9832,2190.376,41632.0,37287.0,24.72
2026-08-30T08:07:25.215896,1,img_0161,ADRES,Q,21.644,0.7632,0.8508,0.9194,2916.018,41632.0,69403.0,13.28
2026-08-30T08:07:25.215896,1,img_0161,ADRES,E,19.389,0.6834,0.8508,0.9194,2279.243,41632.0,39590.0,23.28
2026-08-30T08:07:32.070766,1,img_0162,ADRES,Q,21.694,0.7632,0.8508,0.9194,3004.95,41632.0,70295.0,13.11
2026-08-30T08:07:32.070766,1,img_0162,ADRES,E,19.371,0.6823,0.8508,0.9194,2269.147,41632.0,39643.0,23.25
2026-08-30T08:07:39.056922,1,img_0163,ADRES,Q,21.69,0.765,0.8508,0.9194,2960.091,41632.0,71260.0,12.93
2026-08-30T08:07:39.056922,1,img_0163,ADRES,E,19.442,0.6861,0.8508,0.9194,2290.181,41632.0,40210.0,22.92
2026-08-30T08:07:45.981949,1,img_0164,ADRES,Q,21.712,0.7646,0.8508,0.9194,2954.478,41632.0,70700.0,13.04
2026-08-30T08:07:45.981949,1,img_0164,ADRES,E,19.416,0.6866,0.8508,0.9194,2309.424,41632.0,40698.0,22.64
2026-08-30T08:07:55.148611,1,img_0165,ADRES,Q,24.388,0.8205,0.8711,0.9311,4246.073,41632.0,103677.0,8.89
2026-08-30T08:07:55.148611,1,img_0165,ADRES,E,20.55,0.7131,0.8711,0.9311,3309.973,41632.0,62103.0,14.84
2026-08-30T08:08:04.317930,1,img_0166,ADRES,Q,24.411,0.8202,0.8711,0.9311,4198.823,41632.0,103220.0,8.93
2026-08-30T08:08:04.317930,1,img_0166,ADRES,E,20.614,0.713,0.8711,0.9311,3289.203,41632.0,61866.0,14.9
2026-08-30T08:08:13.408427,1,img_0167,ADRES,Q,24.431,0.8216,0.8711,0.9311,4129.593,41632.0,108759.0,8.47
2026-08-30T08:08:13.408427,1,img_0167,ADRES,E,20.617,0.7147,0.8711,0.9311,3299.127,41632.0,64327.0,14.33
2026-08-30T08:08:22.775197,1,img_0168,ADRES,Q,24.416,0.8219,0.8711,0.9311,4161.272,41632.0,109540.0,8.41
2026-08-30T08:08:22.775197,1,img_0168,ADRES,E,20.602,0.715,0.8711,0.9311,3316.257,41632.0,64408.0,14.31
2026-08-30T08:08:33.338821,1,img_0169,ADRES,Q,24.655,0.83,0.8599,0.9247,4940.419,41632.0,129061.0,7.14
2026-08-30T08:08:33.338821,1,img_0169,ADRES,E,20.566,0.7238,0.8599,0.9247,3902.059,41632.0,77226.0,11.93
2026-08-30T08:08:43.884699,1,img_0170,ADRES,Q,24.681,0.8307,0.8599,0.9247,4941.394,41632.0,131025.0,7.03
2026-08-30T08:08:43.884699,1,img_0170,ADRES,E,20.672,0.7233,0.8599,0.9247,3925.735,41632.0,77576.0,11.88
2026-08-30T08:08:54.331393,1,img_0171,ADRES,Q,24.722,0.8315,0.8599,0.9247,4841.642,41632.0,136263.0,6.76
2026-08-30T08:08:54.331393,1,img_0171,ADRES,E,20.657,0.7271,0.8599,0.9247,3901.637,41632.0,80360.0,11.47
2026-08-30T08:09:04.802895,1,img_0172,ADRES,Q,24.746,0.832,0.8599,0.9247,4878.01,41632.0,135454.0,6.8
2026-08-30T08:09:04.802895,1,img_0172,ADRES,E,20.741,0.7291,0.8599,0.9247,3910.313,41632.0,80193.0,11.49
2026-08-30T08:09:12.962138,1,img_0173,ADRES,Q,23.471,0.8072,0.8632,0.9266,3503.587,41632.0,94436.0,9.76
2026-08-30T08:09:12.962138,1,img_0173,ADRES,E,19.595,0.689,0.8632,0.9266,3013.878,41632.0,58203.0,15.83
2026-08-30T08:09:21.155229,1,img_0174,ADRES,Q,23.499,0.8082,0.8632,0.9266,3503.873,41632.0,96760.0,9.52
2026-08-30T08:09:21.155229,1,img_0174,ADRES,E,19.625,0.6887,0.8632,0.9266,2956.388,41632.0,58553.0,15.74
2026-08-30T08:09:29.284173,1,img_0175,ADRES,Q,23.518,0.8083,0.8632,0.9266,3504.489,41632.0,96962.0,9.5
2026-08-30T08:09:29.284173,1,img_0175,ADRES,E,19.653,0.691,0.8632,0.9266,3005.18,41632.0,58954.0,15.63
2026-08-30T08:09:37.487583,1,img_0176,ADRES,Q,23.582,0.8088,0.8632,0.9266,3473.289,41632.0,96681.0,9.53
2026-08-30T08:09:37.487583,1,img_0176,ADRES,E,19.694,0.6917,0.8632,0.9266,2975.073,41632.0,58713.0,15.7
2026-08-30T08:09:45.315028,1,img_0177,ADRES,Q,26.1,0.8508,0.941,0.9696,3396.312,41632.0,82193.0,11.21
2026-08-30T08:09:45.315028,1,img_0177,ADRES,E,21.813,0.7844,0.941,0.9696,2667.486,41632.0,47092.0,19.57
2026-08-30T08:09:53.035565,1,img_0178,ADRES,Q,26.124,0.851,0.941,0.9696,3373.631,41632.0,82940.0,11.11
2026-08-30T08:09:53.035565,1,img_0178,ADRES,E,21.893,0.7849,0.941,0.9696,2700.513,41632.0,47192.0,19.53
2026-08-30T08:10:00.715199,1,img_0179,ADRES,Q,26.132,0.8509,0.941,0.9696,3400.596,41632.0,83205.0,11.08
2026-08-30T08:10:00.715199,1,img_0179,ADRES,E,21.865,0.7847,0.941,0.9696,2669.039,41632.0,47868.0,19.25
2026-08-30T08:10:08.437643,1,img_0180,ADRES,Q,26.132,0.8509,0.941,0.9696,3353.577,41632.0,84339.0,10.93
2026-08-30T08:10:08.437643,1,img_0180,ADRES,E,21.891,0.7845,0.941,0.9696,2671.76,41632.0,47590.0,19.37
2026-08-30T08:10:16.846413,1,img_0181,ADRES,Q,23.298,0.8273,0.8707,0.9309,3768.599,41632.0,96804.0,9.52
2026-08-30T08:10:16.846413,1,img_0181,ADRES,E,19.338,0.7201,0.8707,0.9309,2986.336,41632.0,56850.0,16.21
2026-08-30T08:10:25.115513,1,img_0182,ADRES,Q,23.322,0.8275,0.8707,0.9309,3651.579,41632.0,100967.0,9.13
2026-08-30T08:10:25.115513,1,img_0182,ADRES,E,19.361,0.7183,0.8707,0.9309,2965.161,41632.0,57090.0,16.14
2026-08-30T08:10:33.577692,1,img_0183,ADRES,Q,23.308,0.8272,0.8707,0.9309,3751.43,41632.0,95181.0,9.68
2026-08-30T08:10:33.577692,1,img_0183,ADRES,E,19.326,0.7178,0.8707,0.9309,2970.807,41632.0,56227.0,16.39
2026-08-30T08:10:41.937754,1,img_0184,ADRES,Q,23.363,0.8273,0.8707,0.9309,3726.401,41632.0,94782.0,9.72
2026-08-30T08:10:41.937754,1,img_0184,ADRES,E,19.402,0.7186,0.8707,0.9309,2948.808,41632.0,56113.0,16.42
2026-08-30T08:10:48.422734,1,img_0185,ADRES,Q,24.656,0.8319,0.9609,0.9801,2773.174,41632.0,67649.0,13.62
2026-08-30T08:10:48.422734,1,img_0185,ADRES,E,20.905,0.7646,0.9609,0.9801,2077.554,41632.0,34908.0,26.4
2026-08-30T08:10:54.922872,1,img_0186,ADRES,Q,24.72,0.8321,0.9609,0.9801,2835.718,41632.0,68347.0,13.48
2026-08-30T08:10:54.922872,1,img_0186,ADRES,E,20.999,0.7638,0.9609,0.9801,2053.982,41632.0,35195.0,26.19
2026-08-30T08:11:01.318207,1,img_0187,ADRES,Q,24.758,0.8329,0.9609,0.9801,2760.213,41632.0,69002.0,13.36
2026-08-30T08:11:01.318207,1,img_0187,ADRES,E,21.067,0.7672,0.9609,0.9801,2008.735,41632.0,35786.0,25.75
2026-08-30T08:11:07.736749,1,img_0188,ADRES,Q,24.724,0.8324,0.9609,0.9801,2730.583,41632.0,70676.0,13.04
2026-08-30T08:11:07.736749,1,img_0188,ADRES,E,20.957,0.7671,0.9609,0.9801,2061.53,41632.0,36609.0,25.17
2026-08-30T08:11:15.154777,1,img_0189,ADRES,Q,22.298,0.7475,0.8198,0.9009,3120.439,41632.0,81222.0,11.35
2026-08-30T08:11:15.154777,1,img_0189,ADRES,E,18.134,0.5687,0.8198,0.9009,2545.664,41632.0,48743.0,18.91
2026-08-30T08:11:22.510380,1,img_0190,ADRES,Q,22.23,0.7464,0.8198,0.9009,3119.779,41632.0,82871.0,11.12
2026-08-30T08:11:22.510380,1,img_0190,ADRES,E,18.174,0.5708,0.8198,0.9009,2572.855,41632.0,48814.0,18.88
2026-08-30T08:11:29.767230,1,img_0191,ADRES,Q,22.312,0.7479,0.8198,0.9009,3069.452,41632.0,83357.0,11.06
2026-08-30T08:11:29.767230,1,img_0191,ADRES,E,18.153,0.5703,0.8198,0.9009,2588.255,41632.0,49931.0,18.46
2026-08-30T08:11:37.116653,1,img_0192,ADRES,Q,22.27,0.7477,0.8198,0.9009,3149.852,41632.0,82635.0,11.15
2026-08-30T08:11:37.116653,1,img_0192,ADRES,E,18.193,0.5718,0.8198,0.9009,2579.73,41632.0,49163.0,18.75
2026-08-30T08:11:46.780491,1,img_0193,ADRES,Q,24.601,0.821,0.8604,0.925,4412.072,41632.0,118584.0,7.77
2026-08-30T08:11:46.780491,1,img_0193,ADRES,E,20.417,0.6922,0.8604,0.925,3505.062,41632.0,69842.0,13.2
2026-08-30T08:11:56.320471,1,img_0194,ADRES,Q,24.62,0.821,0.8604,0.925,4380.302,41632.0,118241.0,7.79
2026-08-30T08:11:56.320471,1,img_0194,ADRES,E,20.493,0.6945,0.8604,0.925,3460.011,41632.0,69985.0,13.17
2026-08-30T08:12:05.830773,1,img_0195,ADRES,Q,24.621,0.8215,0.8604,0.925,4347.288,41632.0,121211.0,7.6
2026-08-30T08:12:05.830773,1,img_0195,ADRES,E,20.428,0.6926,0.8604,0.925,3483.04,41632.0,71100.0,12.96
2026-08-30T08:12:15.453911,1,img_0196,ADRES,Q,24.635,0.822,0.8604,0.925,4387.549,41632.0,121236.0,7.6
2026-08-30T08:12:15.453911,1,img_0196,ADRES,E,20.457,0.694,0.8604,0.925,3485.963,41632.0,71584.0,12.87
2026-08-30T08:12:25.798362,1,img_0197,ADRES,Q,24.764,0.833,0.8609,0.9253,4875.062,41632.0,128195.0,7.19
2026-08-30T08:12:25.798362,1,img_0197,ADRES,E,20.864,0.7314,0.8609,0.9253,3832.001,41632.0,76352.0,12.07
2026-08-30T08:12:36.203951,1,img_0198,ADRES,Q,24.821,0.8341,0.8609,0.9253,4879.73,41632.0,129910.0,7.09
2026-08-30T08:12:36.203951,1,img_0198,ADRES,E,20.915,0.7309,0.8609,0.9253,3854.726,41632.0,76710.0,12.01
2026-08-30T08:12:46.643471,1,img_0199,ADRES,Q,24.842,0.835,0.8609,0.9253,4879.704,41632.0,133302.0,6.91
2026-08-30T08:12:46.643471,1,img_0199,ADRES,E,20.937,0.7351,0.8609,0.9253,3866.538,41632.0,79106.0,11.65
2026-08-30T08:12:57.240873,1,img_0200,ADRES,Q,24.871,0.8353,0.8609,0.9253,4867.417,41632.0,132157.0,6.97
2026-08-30T08:12:57.240873,1,img_0200,ADRES,E,20.952,0.7349,0.8609,0.9253,3866.252,41632.0,79005.0,11.67
2026-08-30T08:13:05.504088,1,img_0201,ADRES,Q,23.969,0.8164,0.8702,0.9306,3567.112,41632.0,95225.0,9.68
2026-08-30T08:13:05.504088,1,img_0201,ADRES,E,19.912,0.7121,0.8702,0.9306,3010.039,41632.0,57642.0,15.99
2026-08-30T08:13:13.801040,1,img_0202,ADRES,Q,23.913,0.817,0.8702,0.9306,3566.897,41632.0,97695.0,9.43
2026-08-30T08:13:13.801040,1,img_0202,ADRES,E,19.853,0.7104,0.8702,0.9306,3020.757,41632.0,57832.0,15.94
2026-08-30T08:13:22.149231,1,img_0203,ADRES,Q,24.005,0.8182,0.8702,0.9306,3608.21,41632.0,96692.0,9.53
2026-08-30T08:13:22.149231,1,img_0203,ADRES,E,19.935,0.7138,0.8702,0.9306,3032.261,41632.0,58129.0,15.85
2026-08-30T08:13:30.456294,1,img_0204,ADRES,Q,24.001,0.8175,0.8702,0.9306,3580.966,41632.0,96283.0,9.57
2026-08-30T08:13:30.456294,1,img_0204,ADRES,E,19.912,0.7124,0.8702,0.9306,3035.242,41632.0,58200.0,15.84
2026-08-30T08:13:38.116223,1,img_0205,ADRES,Q,25.564,0.8452,0.9269,0.962,3267.746,41632.0,80612.0,11.43
2026-08-30T08:13:38.116223,1,img_0205,ADRES,E,21.348,0.7759,0.9269,0.962,2766.155,41632.0,47603.0,19.36
2026-08-30T08:13:45.873325,1,img_0206,ADRES,Q,25.551,0.8443,0.9269,0.962,3292.354,41632.0,81418.0,11.32
2026-08-30T08:13:45.873325,1,img_0206,ADRES,E,21.281,0.7743,0.9269,0.962,2723.211,41632.0,47856.0,19.26
2026-08-30T08:13:53.552585,1,img_0207,ADRES,Q,25.577,0.8448,0.9269,0.962,3272.876,41632.0,82315.0,11.2
2026-08-30T08:13:53.552585,1,img_0207,ADRES,E,21.329,0.7752,0.9269,0.962,2720.885,41632.0,48536.0,18.99
2026-08-30T08:14:01.187178,1,img_0208,ADRES,Q,25.569,0.8442,0.9269,0.962,3317.031,41632.0,82487.0,11.17
2026-08-30T08:14:01.187178,1,img_0208,ADRES,E,21.302,0.7743,0.9269,0.962,2732.577,41632.0,48601.0,18.96
2026-08-30T08:14:09.975085,1,img_0209,ADRES,Q,25.114,0.834,0.9047,0.95,3888.61,41632.0,100487.0,9.17
2026-08-30T08:14:09.975085,1,img_0209,ADRES,E,21.067,0.7405,0.9047,0.95,3248.973,41632.0,61630.0,14.95
2026-08-30T08:14:18.762808,1,img_0210,ADRES,Q,25.113,0.8342,0.9047,0.95,3833.83,41632.0,103280.0,8.92
2026-08-30T08:14:18.762808,1,img_0210,ADRES,E,21.029,0.7408,0.9047,0.95,3258.797,41632.0,62124.0,14.83
2026-08-30T08:14:27.547751,1,img_0211,ADRES,Q,25.115,0.8336,0.9047,0.95,3808.831,41632.0,98065.0,9.4
2026-08-30T08:14:27.547751,1,img_0211,ADRES,E,21.032,0.7388,0.9047,0.95,3158.106,41632.0,60271.0,15.29
2026-08-30T08:14:36.220671,1,img_0212,ADRES,Q,25.152,0.8338,0.9047,0.95,3869.98,41632.0,97873.0,9.42
2026-08-30T08:14:36.220671,1,img_0212,ADRES,E,21.066,0.7398,0.9047,0.95,3204.701,41632.0,60022.0,15.35
2026-08-30T08:14:42.869328,1,img_0213,ADRES,Q,24.612,0.8265,0.9391,0.9686,2805.244,41632.0,69322.0,13.29
2026-08-30T08:14:42.869328,1,img_0213,ADRES,E,20.82,0.7555,0.9391,0.9686,2128.989,41632.0,36610.0,25.17
2026-08-30T08:14:49.450842,1,img_0214,ADRES,Q,24.664,0.8267,0.9391,0.9686,2777.994,41632.0,69739.0,13.21
2026-08-30T08:14:49.450842,1,img_0214,ADRES,E,20.862,0.7544,0.9391,0.9686,2170.671,41632.0,36643.0,25.15
2026-08-30T08:14:55.994372,1,img_0215,ADRES,Q,24.715,0.8286,0.9391,0.9686,2798.401,41632.0,71134.0,12.96
2026-08-30T08:14:55.994372,1,img_0215,ADRES,E,20.919,0.7581,0.9391,0.9686,2135.363,41632.0,37423.0,24.63
2026-08-30T08:15:02.670888,1,img_0216,ADRES,Q,24.662,0.8268,0.9391,0.9686,2795.918,41632.0,71749.0,12.84
2026-08-30T08:15:02.670888,1,img_0216,ADRES,E,20.858,0.7567,0.9391,0.9686,2167.834,41632.0,37700.0,24.45
2026-08-30T08:15:09.964818,1,img_0217,ADRES,Q,22.142,0.7272,0.8327,0.9087,3093.194,41632.0,82884.0,11.12
2026-08-30T08:15:09.964818,1,img_0217,ADRES,E,17.991,0.539,0.8327,0.9087,2534.179,41632.0,49604.0,18.58
2026-08-30T08:15:17.273270,1,img_0218,ADRES,Q,22.09,0.7278,0.8327,0.9087,3120.722,41632.0,84364.0,10.92
2026-08-30T08:15:17.273270,1,img_0218,ADRES,E,18.014,0.5401,0.8327,0.9087,2540.143,41632.0,49555.0,18.6
2026-08-30T08:15:24.550902,1,img_0219,ADRES,Q,22.177,0.7287,0.8327,0.9087,3095.9,41632.0,85831.0,10.74
2026-08-30T08:15:24.550902,1,img_0219,ADRES,E,18.02,0.5397,0.8327,0.9087,2548.812,41632.0,50717.0,18.17
2026-08-30T08:15:31.776618,1,img_0220,ADRES,Q,22.124,0.7288,0.8327,0.9087,3078.273,41632.0,84184.0,10.95
2026-08-30T08:15:31.776618,1,img_0220,ADRES,E,18.058,0.5424,0.8327,0.9087,2537.058,41632.0,50851.0,18.12
2026-08-30T08:15:41.301599,1,img_0221,ADRES,Q,24.757,0.8175,0.8618,0.9258,4392.729,41632.0,118058.0,7.81
2026-08-30T08:15:41.301599,1,img_0221,ADRES,E,20.512,0.6896,0.8618,0.9258,3533.195,41632.0,70121.0,13.14
2026-08-30T08:15:51.083992,1,img_0222,ADRES,Q,24.747,0.8174,0.8618,0.9258,4480.017,41632.0,118372.0,7.79
2026-08-30T08:15:51.083992,1,img_0222,ADRES,E,20.54,0.6892,0.8618,0.9258,3507.978,41632.0,70520.0,13.07
2026-08-30T08:16:00.642786,1,img_0223,ADRES,Q,24.752,0.8177,0.8618,0.9258,4382.534,41632.0,121469.0,7.59
2026-08-30T08:16:00.642786,1,img_0223,ADRES,E,20.565,0.6911,0.8618,0.9258,3468.621,41632.0,71956.0,12.81
2026-08-30T08:16:10.165971,1,img_0224,ADRES,Q,24.759,0.8176,0.8618,0.9258,4388.561,41632.0,121186.0,7.6
2026-08-30T08:16:10.165971,1,img_0224,ADRES,E,20.539,0.6906,0.8618,0.9258,3516.325,41632.0,71895.0,12.82
2026-08-30T08:16:20.749911,1,img_0225,ADRES,Q,24.661,0.8297,0.852,0.9201,4988.606,41632.0,130909.0,7.04
2026-08-30T08:16:20.749911,1,img_0225,ADRES,E,20.761,0.7239,0.852,0.9201,3977.177,41632.0,78760.0,11.7
2026-08-30T08:16:31.304775,1,img_0226,ADRES,Q,24.672,0.8299,0.852,0.9201,4962.004,41632.0,132834.0,6.94
2026-08-30T08:16:31.304775,1,img_0226,ADRES,E,20.76,0.7231,0.852,0.9201,3963.971,41632.0,78904.0,11.68
2026-08-30T08:16:41.953158,1,img_0227,ADRES,Q,24.711,0.8313,0.852,0.9201,4968.707,41632.0,135777.0,6.79
2026-08-30T08:16:41.953158,1,img_0227,ADRES,E,20.795,0.7272,0.852,0.9201,3985.083,41632.0,82357.0,11.19
2026-08-30T08:16:52.588361,1,img_0228,ADRES,Q,24.73,0.831,0.852,0.9201,4968.732,41632.0,136243.0,6.76
2026-08-30T08:16:52.588361,1,img_0228,ADRES,E,20.809,0.7271,0.852,0.9201,3939.309,41632.0,82479.0,11.17
2026-08-30T08:17:00.590370,1,img_0229,ADRES,Q,22.874,0.7856,0.8487,0.9182,3361.127,41632.0,89558.0,10.29
2026-08-30T08:17:00.590370,1,img_0229,ADRES,E,19.198,0.6671,0.8487,0.9182,2816.338,41632.0,53590.0,17.2
2026-08-30T08:17:08.480519,1,img_0230,ADRES,Q,22.876,0.7878,0.8487,0.9182,3370.774,41632.0,91099.0,10.12
2026-08-30T08:17:08.480519,1,img_0230,ADRES,E,19.203,0.6651,0.8487,0.9182,2850.747,41632.0,54207.0,17.0
2026-08-30T08:17:16.319170,1,img_0231,ADRES,Q,22.938,0.7881,0.8487,0.9182,3371.769,41632.0,90770.0,10.15
2026-08-30T08:17:16.319170,1,img_0231,ADRES,E,19.242,0.6684,0.8487,0.9182,2817.007,41632.0,54499.0,16.91
2026-08-30T08:17:24.201832,1,img_0232,ADRES,Q,22.945,0.7883,0.8487,0.9182,3361.542,41632.0,90883.0,10.14
2026-08-30T08:17:24.201832,1,img_0232,ADRES,E,19.243,0.6696,0.8487,0.9182,2814.541,41632.0,54254.0,16.99
2026-08-30T08:17:31.695429,1,img_0233,ADRES,Q,25.667,0.8395,0.9539,0.9764,3236.046,41632.0,80139.0,11.5
2026-08-30T08:17:31.695429,1,img_0233,ADRES,E,21.38,0.7568,0.9539,0.9764,2537.028,41632.0,45297.0,20.35
2026-08-30T08:17:39.184459,1,img_0234,ADRES,Q,25.694,0.8401,0.9539,0.9764,3336.194,41632.0,81433.0,11.32
2026-08-30T08:17:39.184459,1,img_0234,ADRES,E,21.404,0.7561,0.9539,0.9764,2568.506,41632.0,45692.0,20.17
2026-08-30T08:17:46.634845,1,img_0235,ADRES,Q,25.706,0.8398,0.9539,0.9764,3282.422,41632.0,81658.0,11.29
2026-08-30T08:17:46.634845,1,img_0235,ADRES,E,21.381,0.7562,0.9539,0.9764,2571.346,41632.0,45980.0,20.04
2026-08-30T08:17:54.159868,1,img_0236,ADRES,Q,25.716,0.84,0.9539,0.9764,3249.02,41632.0,81685.0,11.28
2026-08-30T08:17:54.159868,1,img_0236,ADRES,E,21.407,0.7562,0.9539,0.9764,2548.866,41632.0,46081.0,20.0
2026-08-30T08:18:02.632422,1,img_0237,ADRES,Q,23.579,0.8192,0.8415,0.914,3711.023,41632.0,98613.0,9.35
2026-08-30T08:18:02.632422,1,img_0237,ADRES,E,19.153,0.7109,0.8415,0.914,3138.494,41632.0,59993.0,15.36
2026-08-30T08:18:11.225506,1,img_0238,ADRES,Q,23.622,0.8198,0.8415,0.914,3660.32,41632.0,100031.0,9.21
2026-08-30T08:18:11.225506,1,img_0238,ADRES,E,19.15,0.7089,0.8415,0.914,3144.614,41632.0,60648.0,15.2
2026-08-30T08:18:19.723510,1,img_0239,ADRES,Q,23.603,0.8191,0.8415,0.914,3659.914,41632.0,96083.0,9.59
2026-08-30T08:18:19.723510,1,img_0239,ADRES,E,19.143,0.7083,0.8415,0.914,3141.62,41632.0,59492.0,15.49
2026-08-30T08:18:28.312964,1,img_0240,ADRES,Q,23.648,0.8193,0.8415,0.914,3705.924,41632.0,95194.0,9.68
2026-08-30T08:18:28.312964,1,img_0240,ADRES,E,19.172,0.7081,0.8415,0.914,3110.005,41632.0,59327.0,15.53
2026-08-30T08:18:35.010793,1,img_0241,ADRES,Q,24.778,0.831,0.943,0.9707,2824.019,41632.0,69773.0,13.21
2026-08-30T08:18:35.010793,1,img_0241,ADRES,E,20.928,0.7546,0.943,0.9707,2227.243,41632.0,37817.0,24.37
2026-08-30T08:18:41.831097,1,img_0242,ADRES,Q,24.822,0.8312,0.943,0.9707,2820.748,41632.0,70364.0,13.1
2026-08-30T08:18:41.831097,1,img_0242,ADRES,E,21.002,0.7547,0.943,0.9707,2159.09,41632.0,37819.0,24.37
2026-08-30T08:18:48.439057,1,img_0243,ADRES,Q,24.872,0.8328,0.943,0.9707,2836.083,41632.0,72340.0,12.74
2026-08-30T08:18:48.439057,1,img_0243,ADRES,E,21.073,0.7582,0.943,0.9707,2138.503,41632.0,39184.0,23.52
2026-08-30T08:18:55.179669,1,img_0244,ADRES,Q,24.827,0.8318,0.943,0.9707,2796.518,41632.0,73673.0,12.51
2026-08-30T08:18:55.179669,1,img_0244,ADRES,E,20.983,0.7563,0.943,0.9707,2199.845,41632.0,39559.0,23.3
2026-08-30T08:19:02.266417,1,img_0245,ADRES,Q,22.164,0.7243,0.8389,0.9124,2938.49,41632.0,75549.0,12.2
2026-08-30T08:19:02.266417,1,img_0245,ADRES,E,17.827,0.5263,0.8389,0.9124,2333.595,41632.0,44100.0,20.9
2026-08-30T08:19:09.882757,1,img_0246,ADRES,Q,22.088,0.7236,0.8389,0.9124,2900.878,41632.0,75803.0,12.16
2026-08-30T08:19:09.882757,1,img_0246,ADRES,E,17.841,0.5272,0.8389,0.9124,2301.94,41632.0,43675.0,21.1
2026-08-30T08:19:17.857086,1,img_0247,ADRES,Q,22.195,0.7258,0.8389,0.9124,2973.904,41632.0,77163.0,11.94
2026-08-30T08:19:17.857086,1,img_0247,ADRES,E,17.834,0.5274,0.8389,0.9124,2307.835,41632.0,44170.0,20.86
2026-08-30T08:19:25.507852,1,img_0248,ADRES,Q,22.137,0.7248,0.8389,0.9124,2948.455,41632.0,77111.0,11.95
2026-08-30T08:19:25.507852,1,img_0248,ADRES,E,17.88,0.5294,0.8389,0.9124,2326.22,41632.0,44393.0,20.76
2026-08-30T08:19:35.148003,1,img_0249,ADRES,Q,24.402,0.8132,0.8447,0.9158,4440.783,41632.0,119702.0,7.7
2026-08-30T08:19:35.148003,1,img_0249,ADRES,E,20.222,0.6783,0.8447,0.9158,3556.444,41632.0,70758.0,13.02
2026-08-30T08:19:45.161191,1,img_0250,ADRES,Q,24.427,0.8136,0.8447,0.9158,4466.973,41632.0,119228.0,7.73
2026-08-30T08:19:45.161191,1,img_0250,ADRES,E,20.239,0.6769,0.8447,0.9158,3501.515,41632.0,70720.0,13.03
2026-08-30T08:19:54.696372,1,img_0251,ADRES,Q,24.425,0.8138,0.8447,0.9158,4422.55,41632.0,122519.0,7.52
2026-08-30T08:19:54.696372,1,img_0251,ADRES,E,20.238,0.6784,0.8447,0.9158,3451.229,41632.0,72659.0,12.68
2026-08-30T08:20:04.414564,1,img_0252,ADRES,Q,24.422,0.8138,0.8447,0.9158,4396.416,41632.0,123753.0,7.45
2026-08-30T08:20:04.414564,1,img_0252,ADRES,E,20.214,0.678,0.8447,0.9158,3486.04,41632.0,72674.0,12.68
2026-08-30T08:20:15.095760,1,img_0253,ADRES,Q,24.565,0.8307,0.8552,0.922,4959.446,41632.0,129026.0,7.14
2026-08-30T08:20:15.095760,1,img_0253,ADRES,E,20.74,0.726,0.8552,0.922,3892.59,41632.0,77757.0,11.85
2026-08-30T08:20:26.178868,1,img_0254,ADRES,Q,24.611,0.8315,0.8552,0.922,4944.491,41632.0,131398.0,7.01
2026-08-30T08:20:26.178868,1,img_0254,ADRES,E,20.753,0.725,0.8552,0.922,3889.761,41632.0,78146.0,11.79
2026-08-30T08:20:37.584507,1,img_0255,ADRES,Q,24.634,0.8321,0.8552,0.922,4783.356,41632.0,137459.0,6.7
2026-08-30T08:20:37.584507,1,img_0255,ADRES,E,20.827,0.7296,0.8552,0.922,3916.11,41632.0,81099.0,11.36
2026-08-30T08:20:48.040810,1,img_0256,ADRES,Q,24.652,0.8319,0.8552,0.922,4869.501,41632.0,137054.0,6.72
2026-08-30T08:20:48.040810,1,img_0256,ADRES,E,20.837,0.7297,0.8552,0.922,3921.448,41632.0,80510.0,11.45
2026-08-30T08:20:55.819190,1,img_0257,ADRES,Q,22.903,0.7856,0.8473,0.9173,3352.138,41632.0,89141.0,10.34
2026-08-30T08:20:55.819190,1,img_0257,ADRES,E,19.231,0.6668,0.8473,0.9173,2779.596,41632.0,52896.0,17.42
2026-08-30T08:21:03.607358,1,img_0258,ADRES,Q,22.889,0.7865,0.8473,0.9173,3296.526,41632.0,91288.0,10.1
2026-08-30T08:21:03.607358,1,img_0258,ADRES,E,19.219,0.6633,0.8473,0.9173,2782.313,41632.0,53745.0,17.15
2026-08-30T08:21:11.659788,1,img_0259,ADRES,Q,22.952,0.7873,0.8473,0.9173,3293.372,41632.0,91024.0,10.12
2026-08-30T08:21:11.659788,1,img_0259,ADRES,E,19.288,0.6679,0.8473,0.9173,2777.241,41632.0,54098.0,17.04
2026-08-30T08:21:19.502460,1,img_0260,ADRES,Q,22.956,0.7877,0.8473,0.9173,3330.145,41632.0,91428.0,10.08
2026-08-30T08:21:19.502460,1,img_0260,ADRES,E,19.305,0.6685,0.8473,0.9173,2796.865,41632.0,54299.0,16.97
2026-08-30T08:21:27.418307,1,img_0261,ADRES,Q,25.303,0.8374,0.946,0.9722,3134.078,41632.0,79993.0,11.52
2026-08-30T08:21:27.418307,1,img_0261,ADRES,E,21.279,0.7582,0.946,0.9722,2570.576,41632.0,45063.0,20.45
2026-08-30T08:21:35.029773,1,img_0262,ADRES,Q,25.316,0.837,0.946,0.9722,3242.568,41632.0,81236.0,11.34
2026-08-30T08:21:35.029773,1,img_0262,ADRES,E,21.289,0.7574,0.946,0.9722,2562.383,41632.0,45748.0,20.15
2026-08-30T08:21:43.347027,1,img_0263,ADRES,Q,25.346,0.8377,0.946,0.9722,3286.306,41632.0,80997.0,11.38
2026-08-30T08:21:43.347027,1,img_0263,ADRES,E,21.28,0.7567,0.946,0.9722,2578.5,41632.0,45999.0,20.04
2026-08-30T08:21:50.973123,1,img_0264,ADRES,Q,25.36,0.8379,0.946,0.9722,3191.2,41632.0,80967.0,11.38
2026-08-30T08:21:50.973123,1,img_0264,ADRES,E,21.324,0.7588,0.946,0.9722,2530.145,41632.0,45752.0,20.14
2026-08-30T08:21:59.901368,1,img_0265,ADRES,Q,23.644,0.8206,0.8518,0.92,3735.137,41632.0,98851.0,9.32
2026-08-30T08:21:59.901368,1,img_0265,ADRES,E,19.15,0.7118,0.8518,0.92,3169.767,41632.0,60223.0,15.3
2026-08-30T08:22:08.341360,1,img_0266,ADRES,Q,23.657,0.8207,0.8518,0.92,3665.547,41632.0,102294.0,9.01
2026-08-30T08:22:08.341360,1,img_0266,ADRES,E,19.136,0.7104,0.8518,0.92,3146.522,41632.0,60941.0,15.12
2026-08-30T08:22:16.960450,1,img_0267,ADRES,Q,23.643,0.82,0.8518,0.92,3754.999,41632.0,96022.0,9.6
2026-08-30T08:22:16.960450,1,img_0267,ADRES,E,19.13,0.7093,0.8518,0.92,3153.506,41632.0,59612.0,15.46
2026-08-30T08:22:27.748620,1,img_0268,ADRES,Q,23.667,0.8193,0.8518,0.92,3747.223,41632.0,95940.0,9.61
2026-08-30T08:22:27.748620,1,img_0268,ADRES,E,19.139,0.7094,0.8518,0.92,3136.898,41632.0,59367.0,15.52
2026-08-30T08:22:34.440849,1,img_0269,ADRES,Q,24.47,0.8232,0.9558,0.9774,2788.762,41632.0,68780.0,13.4
2026-08-30T08:22:34.440849,1,img_0269,ADRES,E,20.683,0.7381,0.9558,0.9774,2204.156,41632.0,37492.0,24.58
2026-08-30T08:22:41.060329,1,img_0270,ADRES,Q,24.51,0.824,0.9558,0.9774,2811.107,41632.0,69742.0,13.21
2026-08-30T08:22:41.060329,1,img_0270,ADRES,E,20.766,0.7378,0.9558,0.9774,2160.776,41632.0,38052.0,24.22
2026-08-30T08:22:47.581089,1,img_0271,ADRES,Q,24.562,0.8251,0.9558,0.9774,2764.906,41632.0,71030.0,12.97
2026-08-30T08:22:47.581089,1,img_0271,ADRES,E,20.837,0.7419,0.9558,0.9774,2138.271,41632.0,38815.0,23.74
2026-08-30T08:22:55.110687,1,img_0272,ADRES,Q,24.505,0.8236,0.9558,0.9774,2843.564,41632.0,71886.0,12.82
2026-08-30T08:22:55.110687,1,img_0272,ADRES,E,20.71,0.7402,0.9558,0.9774,2204.604,41632.0,38990.0,23.64
2026-08-30T08:23:03.065947,1,img_0273,ADRES,Q,22.396,0.7337,0.8343,0.9096,3032.095,41632.0,80236.0,11.49
2026-08-30T08:23:03.065947,1,img_0273,ADRES,E,18.038,0.5439,0.8343,0.9096,2468.025,41632.0,46720.0,19.73
2026-08-30T08:23:10.520084,1,img_0274,ADRES,Q,22.343,0.7327,0.8343,0.9096,3081.77,41632.0,80891.0,11.39
2026-08-30T08:23:10.520084,1,img_0274,ADRES,E,18.072,0.5456,0.8343,0.9096,2464.526,41632.0,46860.0,19.67
2026-08-30T08:23:17.730412,1,img_0275,ADRES,Q,22.444,0.7354,0.8343,0.9096,3062.838,41632.0,81434.0,11.32
2026-08-30T08:23:17.730412,1,img_0275,ADRES,E,18.08,0.5463,0.8343,0.9096,2501.149,41632.0,47200.0,19.53
2026-08-30T08:23:24.919891,1,img_0276,ADRES,Q,22.369,0.7335,0.8343,0.9096,3064.469,41632.0,82130.0,11.22
2026-08-30T08:23:24.919891,1,img_0276,ADRES,E,18.085,0.5459,0.8343,0.9096,2431.861,41632.0,47389.0,19.45
2026-08-30T08:23:34.645718,1,img_0277,ADRES,Q,24.38,0.8122,0.8436,0.9152,4491.682,41632.0,119969.0,7.68
2026-08-30T08:23:34.645718,1,img_0277,ADRES,E,20.195,0.6753,0.8436,0.9152,3486.394,41632.0,70923.0,12.99
2026-08-30T08:23:44.254323,1,img_0278,ADRES,Q,24.417,0.813,0.8436,0.9152,4497.385,41632.0,119222.0,7.73
2026-08-30T08:23:44.254323,1,img_0278,ADRES,E,20.282,0.6765,0.8436,0.9152,3499.463,41632.0,70751.0,13.03
2026-08-30T08:23:54.781504,1,img_0279,ADRES,Q,24.414,0.8124,0.8436,0.9152,4474.167,41632.0,121216.0,7.6
2026-08-30T08:23:54.781504,1,img_0279,ADRES,E,20.244,0.6766,0.8436,0.9152,3470.9,41632.0,72607.0,12.69
2026-08-30T08:24:04.479823,1,img_0280,ADRES,Q,24.412,0.8133,0.8436,0.9152,4437.053,41632.0,123234.0,7.48
2026-08-30T08:24:04.479823,1,img_0280,ADRES,E,20.231,0.6758,0.8436,0.9152,3522.149,41632.0,72251.0,12.76
2026-08-30T08:24:15.704584,1,img_0281,ADRES,Q,24.569,0.8314,0.8586,0.9239,5033.695,41632.0,129605.0,7.11
2026-08-30T08:24:15.704584,1,img_0281,ADRES,E,20.749,0.7241,0.8586,0.9239,3880.72,41632.0,77838.0,11.84
2026-08-30T08:24:26.445618,1,img_0282,ADRES,Q,24.605,0.8316,0.8586,0.9239,4993.583,41632.0,131154.0,7.03
2026-08-30T08:24:26.445618,1,img_0282,ADRES,E,20.786,0.7243,0.8586,0.9239,3957.139,41632.0,78083.0,11.8
2026-08-30T08:24:36.995745,1,img_0283,ADRES,Q,24.635,0.8328,0.8586,0.9239,4864.53,41632.0,135566.0,6.8
2026-08-30T08:24:36.995745,1,img_0283,ADRES,E,20.844,0.7273,0.8586,0.9239,3938.506,41632.0,80989.0,11.38
2026-08-30T08:24:47.397343,1,img_0284,ADRES,Q,24.639,0.8325,0.8586,0.9239,4880.194,41632.0,135949.0,6.78
2026-08-30T08:24:47.397343,1,img_0284,ADRES,E,20.815,0.7287,0.8586,0.9239,3905.354,41632.0,81418.0,11.32
2026-08-30T08:24:55.732394,1,img_0285,ADRES,Q,23.163,0.7944,0.8413,0.9138,3535.016,41632.0,94686.0,9.73
2026-08-30T08:24:55.732394,1,img_0285,ADRES,E,19.428,0.6785,0.8413,0.9138,2986.798,41632.0,56967.0,16.18
2026-08-30T08:25:03.916050,1,img_0286,ADRES,Q,23.144,0.7948,0.8413,0.9138,3556.008,41632.0,96136.0,9.59
2026-08-30T08:25:03.916050,1,img_0286,ADRES,E,19.372,0.6755,0.8413,0.9138,2922.253,41632.0,57214.0,16.11
2026-08-30T08:25:12.209928,1,img_0287,ADRES,Q,23.204,0.7963,0.8413,0.9138,3530.518,41632.0,97572.0,9.45
2026-08-30T08:25:12.209928,1,img_0287,ADRES,E,19.461,0.6813,0.8413,0.9138,2915.755,41632.0,57816.0,15.94
2026-08-30T08:25:20.700671,1,img_0288,ADRES,Q,23.212,0.7964,0.8413,0.9138,3494.48,41632.0,97059.0,9.5
2026-08-30T08:25:20.700671,1,img_0288,ADRES,E,19.436,0.6805,0.8413,0.9138,2984.898,41632.0,58000.0,15.89
2026-08-30T08:25:28.850591,1,img_0289,ADRES,Q,25.634,0.842,0.9493,0.974,3301.193,41632.0,81250.0,11.34
2026-08-30T08:25:28.850591,1,img_0289,ADRES,E,21.409,0.7622,0.9493,0.974,2611.077,41632.0,46014.0,20.03
2026-08-30T08:25:36.533893,1,img_0290,ADRES,Q,25.636,0.8421,0.9493,0.974,3328.578,41632.0,82554.0,11.16
2026-08-30T08:25:36.533893,1,img_0290,ADRES,E,21.471,0.7621,0.9493,0.974,2602.369,41632.0,46166.0,19.96
2026-08-30T08:25:44.176608,1,img_0291,ADRES,Q,25.665,0.842,0.9493,0.974,3319.607,41632.0,82533.0,11.17
2026-08-30T08:25:44.176608,1,img_0291,ADRES,E,21.46,0.7622,0.9493,0.974,2629.788,41632.0,46535.0,19.8
2026-08-30T08:25:51.849787,1,img_0292,ADRES,Q,25.653,0.8422,0.9493,0.974,3321.381,41632.0,81456.0,11.31
2026-08-30T08:25:51.849787,1,img_0292,ADRES,E,21.451,0.7622,0.9493,0.974,2575.37,41632.0,46281.0,19.91
2026-08-30T08:26:01.522208,1,img_0293,ADRES,Q,24.55,0.8246,0.869,0.9299,3897.804,41632.0,104615.0,8.81
2026-08-30T08:26:01.522208,1,img_0293,ADRES,E,20.544,0.7221,0.869,0.9299,3324.101,41632.0,64754.0,14.23
2026-08-30T08:26:11.665626,1,img_0294,ADRES,Q,24.553,0.8247,0.869,0.9299,3972.644,41632.0,106196.0,8.68
2026-08-30T08:26:11.665626,1,img_0294,ADRES,E,20.55,0.7214,0.869,0.9299,3339.833,41632.0,65618.0,14.04
2026-08-30T08:26:20.818495,1,img_0295,ADRES,Q,24.566,0.8245,0.869,0.9299,3938.702,41632.0,102465.0,8.99
2026-08-30T08:26:20.818495,1,img_0295,ADRES,E,20.525,0.72,0.869,0.9299,3302.059,41632.0,63793.0,14.45
2026-08-30T08:26:30.624394,1,img_0296,ADRES,Q,24.573,0.8238,0.869,0.9299,3935.1,41632.0,101756.0,9.06
2026-08-30T08:26:30.624394,1,img_0296,ADRES,E,20.533,0.7194,0.869,0.9299,3328.119,41632.0,63781.0,14.45
2026-08-30T08:26:37.972281,1,img_0297,ADRES,Q,24.669,0.8283,0.9462,0.9723,2750.443,41632.0,66601.0,13.84
2026-08-30T08:26:37.972281,1,img_0297,ADRES,E,20.676,0.7491,0.9462,0.9723,2081.431,41632.0,35291.0,26.11
2026-08-30T08:26:44.368214,1,img_0298,ADRES,Q,24.713,0.8279,0.9462,0.9723,2715.109,41632.0,67460.0,13.66
2026-08-30T08:26:44.368214,1,img_0298,ADRES,E,20.738,0.7477,0.9462,0.9723,2053.63,41632.0,35225.0,26.16
2026-08-30T08:26:50.738377,1,img_0299,ADRES,Q,24.763,0.8294,0.9462,0.9723,2684.123,41632.0,68688.0,13.42
2026-08-30T08:26:50.738377,1,img_0299,ADRES,E,20.786,0.7511,0.9462,0.9723,2064.598,41632.0,36184.0,25.47
2026-08-30T08:26:57.504412,1,img_0300,ADRES,Q,24.734,0.8285,0.9462,0.9723,2728.933,41632.0,69836.0,13.2
2026-08-30T08:26:57.504412,1,img_0300,ADRES,E,20.717,0.7487,0.9462,0.9723,2157.483,41632.0,36719.0,25.1
2026-08-30T08:27:04.888303,1,img_0301,ADRES,Q,22.31,0.7321,0.8187,0.9003,3103.115,41632.0,80001.0,11.52
2026-08-30T08:27:04.888303,1,img_0301,ADRES,E,18.018,0.5468,0.8187,0.9003,2547.481,41632.0,47357.0,19.46
2026-08-30T08:27:12.349790,1,img_0302,ADRES,Q,22.247,0.7319,0.8187,0.9003,3122.051,41632.0,81380.0,11.32
2026-08-30T08:27:12.349790,1,img_0302,ADRES,E,18.079,0.5477,0.8187,0.9003,2570.447,41632.0,47761.0,19.3
2026-08-30T08:27:19.671478,1,img_0303,ADRES,Q,22.358,0.7342,0.8187,0.9003,3105.997,41632.0,81707.0,11.28
2026-08-30T08:27:19.671478,1,img_0303,ADRES,E,18.058,0.5488,0.8187,0.9003,2551.503,41632.0,48648.0,18.94
2026-08-30T08:27:27.016220,1,img_0304,ADRES,Q,22.282,0.7331,0.8187,0.9003,3078.443,41632.0,82338.0,11.19
2026-08-30T08:27:27.016220,1,img_0304,ADRES,E,18.095,0.5506,0.8187,0.9003,2501.148,41632.0,48703.0,18.92
2026-08-30T08:27:36.663841,1,img_0305,ADRES,Q,24.357,0.8118,0.85,0.9189,4375.682,41632.0,117530.0,7.84
2026-08-30T08:27:36.663841,1,img_0305,ADRES,E,20.184,0.6777,0.85,0.9189,3476.748,41632.0,69022.0,13.35
2026-08-30T08:27:46.272499,1,img_0306,ADRES,Q,24.363,0.8121,0.85,0.9189,4375.372,41632.0,116621.0,7.9
2026-08-30T08:27:46.272499,1,img_0306,ADRES,E,20.187,0.6765,0.85,0.9189,3409.856,41632.0,68992.0,13.36
2026-08-30T08:27:55.730616,1,img_0307,ADRES,Q,24.369,0.8123,0.85,0.9189,4334.259,41632.0,120833.0,7.63
2026-08-30T08:27:55.730616,1,img_0307,ADRES,E,20.216,0.6781,0.85,0.9189,3386.355,41632.0,71551.0,12.88
2026-08-30T08:28:05.259515,1,img_0308,ADRES,Q,24.344,0.8124,0.85,0.9189,4306.25,41632.0,121168.0,7.61
2026-08-30T08:28:05.259515,1,img_0308,ADRES,E,20.178,0.6784,0.85,0.9189,3486.053,41632.0,71280.0,12.93
2026-08-30T08:28:12.394239,1,img_0309,ADRES,Q,21.176,0.6146,0.7662,0.8676,2369.1,41632.0,68370.0,13.48
2026-08-30T08:28:12.394239,1,img_0309,ADRES,E,17.41,0.3922,0.7662,0.8676,1957.69,41632.0,39368.0,23.41
2026-08-30T08:28:18.603900,1,img_0310,ADRES,Q,21.055,0.6073,0.7662,0.8676,2398.673,41632.0,70610.0,13.05
2026-08-30T08:28:18.603900,1,img_0310,ADRES,E,17.324,0.3865,0.7662,0.8676,2046.308,41632.0,40014.0,23.03
2026-08-30T08:28:24.875070,1,img_0311,ADRES,Q,21.182,0.6151,0.7662,0.8676,2458.678,41632.0,67562.0,13.64
2026-08-30T08:28:24.875070,1,img_0311,ADRES,E,17.403,0.3915,0.7662,0.8676,2023.295,41632.0,38403.0,24.0
2026-08-30T08:28:31.163918,1,img_0312,ADRES,Q,21.099,0.6091,0.7662,0.8676,2441.483,41632.0,67385.0,13.68
2026-08-30T08:28:31.163918,1,img_0312,ADRES,E,17.367,0.3877,0.7662,0.8676,1990.263,41632.0,38048.0,24.22
2026-08-30T08:28:39.850017,1,img_0313,ADRES,Q,24.105,0.8154,0.8828,0.9378,3766.071,41632.0,121610.0,7.58
2026-08-30T08:28:39.850017,1,img_0313,ADRES,E,20.082,0.692,0.8828,0.9378,3281.189,41632.0,73218.0,12.59
2026-08-30T08:28:49.095967,1,img_0314,ADRES,Q,24.087,0.816,0.8828,0.9378,3754.611,41632.0,124223.0,7.42
2026-08-30T08:28:49.095967,1,img_0314,ADRES,E,20.035,0.6915,0.8828,0.9378,3321.511,41632.0,75136.0,12.27
2026-08-30T08:28:57.913699,1,img_0315,ADRES,Q,24.141,0.8167,0.8828,0.9378,3731.104,41632.0,120743.0,7.63
2026-08-30T08:28:57.913699,1,img_0315,ADRES,E,20.124,0.6952,0.8828,0.9378,3317.523,41632.0,71625.0,12.87
2026-08-30T08:29:06.872584,1,img_0316,ADRES,Q,24.122,0.8163,0.8828,0.9378,3748.869,41632.0,120099.0,7.67
2026-08-30T08:29:06.872584,1,img_0316,ADRES,E,20.009,0.6893,0.8828,0.9378,3259.503,41632.0,72182.0,12.77
2026-08-30T08:29:16.114668,1,img_0317,ADRES,Q,24.266,0.7892,0.9039,0.9495,3911.5,41632.0,122864.0,7.5
2026-08-30T08:29:16.114668,1,img_0317,ADRES,E,20.589,0.6861,0.9039,0.9495,3324.176,41632.0,72405.0,12.73
2026-08-30T08:29:25.524472,1,img_0318,ADRES,Q,24.191,0.7882,0.9039,0.9495,3980.48,41632.0,122584.0,7.52
2026-08-30T08:29:25.524472,1,img_0318,ADRES,E,20.507,0.6848,0.9039,0.9495,3335.152,41632.0,72442.0,12.72
2026-08-30T08:29:34.532032,1,img_0319,ADRES,Q,24.31,0.79,0.9039,0.9495,4010.879,41632.0,118479.0,7.78
2026-08-30T08:29:34.532032,1,img_0319,ADRES,E,20.626,0.6868,0.9039,0.9495,3348.896,41632.0,70931.0,12.99
2026-08-30T08:29:43.497436,1,img_0320,ADRES,Q,24.239,0.7892,0.9039,0.9495,4016.541,41632.0,118344.0,7.79
2026-08-30T08:29:43.497436,1,img_0320,ADRES,E,20.525,0.6858,0.9039,0.9495,3327.455,41632.0,71015.0,12.98
2026-08-30T08:29:51.292298,1,img_0321,ADRES,Q,22.12,0.6943,0.8019,0.8901,3241.356,41632.0,94018.0,9.8
2026-08-30T08:29:51.292298,1,img_0321,ADRES,E,17.92,0.4833,0.8019,0.8901,2815.505,41632.0,55640.0,16.56
2026-08-30T08:29:59.358912,1,img_0322,ADRES,Q,22.074,0.6934,0.8019,0.8901,3319.402,41632.0,97165.0,9.48
2026-08-30T08:29:59.358912,1,img_0322,ADRES,E,17.903,0.4816,0.8019,0.8901,2835.406,41632.0,56297.0,16.37
2026-08-30T08:30:07.302683,1,img_0323,ADRES,Q,22.176,0.6964,0.8019,0.8901,3231.969,41632.0,97844.0,9.42
2026-08-30T08:30:07.302683,1,img_0323,ADRES,E,17.953,0.4844,0.8019,0.8901,2825.69,41632.0,56925.0,16.19
2026-08-30T08:30:15.127221,1,img_0324,ADRES,Q,22.17,0.6964,0.8019,0.8901,3220.802,41632.0,97438.0,9.46
2026-08-30T08:30:15.127221,1,img_0324,ADRES,E,17.974,0.4848,0.8019,0.8901,2797.721,41632.0,57077.0,16.15
2026-08-30T08:30:24.004949,1,img_0325,ADRES,Q,23.548,0.8077,0.8509,0.9194,3639.741,41632.0,118387.0,7.78
2026-08-30T08:30:24.004949,1,img_0325,ADRES,E,19.758,0.687,0.8509,0.9194,3152.829,41632.0,70145.0,13.14
2026-08-30T08:30:32.581410,1,img_0326,ADRES,Q,23.541,0.8082,0.8509,0.9194,3643.096,41632.0,121242.0,7.6
2026-08-30T08:30:32.581410,1,img_0326,ADRES,E,19.643,0.684,0.8509,0.9194,3192.576,41632.0,71355.0,12.92
2026-08-30T08:30:41.241324,1,img_0327,ADRES,Q,23.609,0.809,0.8509,0.9194,3613.746,41632.0,118302.0,7.79
2026-08-30T08:30:41.241324,1,img_0327,ADRES,E,19.72,0.6868,0.8509,0.9194,3195.783,41632.0,70064.0,13.15
2026-08-30T08:30:49.865545,1,img_0328,ADRES,Q,23.641,0.8092,0.8509,0.9194,3670.856,41632.0,118077.0,7.81
2026-08-30T08:30:49.865545,1,img_0328,ADRES,E,19.763,0.687,0.8509,0.9194,3184.42,41632.0,70585.0,13.06
2026-08-30T08:30:57.051034,1,img_0329,ADRES,Q,21.655,0.6586,0.8514,0.9197,2956.214,41632.0,91264.0,10.1
2026-08-30T08:30:57.051034,1,img_0329,ADRES,E,17.894,0.4715,0.8514,0.9197,2575.345,41632.0,53902.0,17.1
2026-08-30T08:31:04.444555,1,img_0330,ADRES,Q,21.53,0.653,0.8514,0.9197,3001.362,41632.0,93352.0,9.87
2026-08-30T08:31:04.444555,1,img_0330,ADRES,E,17.887,0.471,0.8514,0.9197,2587.236,41632.0,53843.0,17.12
2026-08-30T08:31:11.841551,1,img_0331,ADRES,Q,21.685,0.6596,0.8514,0.9197,2944.205,41632.0,90178.0,10.22
2026-08-30T08:31:11.841551,1,img_0331,ADRES,E,17.874,0.4694,0.8514,0.9197,2550.983,41632.0,53265.0,17.3
2026-08-30T08:31:19.107884,1,img_0332,ADRES,Q,21.572,0.6543,0.8514,0.9197,2945.895,41632.0,90951.0,10.13
2026-08-30T08:31:19.107884,1,img_0332,ADRES,E,17.959,0.473,0.8514,0.9197,2592.3,41632.0,53162.0,17.34
2026-08-30T08:31:33.519758,1,img_0333,ADRES,Q,23.583,0.7856,0.8126,0.8966,4260.791,41632.0,142451.0,6.47
2026-08-30T08:31:33.519758,1,img_0333,ADRES,E,19.418,0.6357,0.8126,0.8966,3605.345,41632.0,85859.0,10.73
2026-08-30T08:31:43.367852,1,img_0334,ADRES,Q,23.562,0.7849,0.8126,0.8966,4224.096,41632.0,143840.0,6.41
2026-08-30T08:31:43.367852,1,img_0334,ADRES,E,19.407,0.635,0.8126,0.8966,3631.406,41632.0,86892.0,10.61
2026-08-30T08:31:53.469578,1,img_0335,ADRES,Q,23.589,0.7855,0.8126,0.8966,4366.607,41632.0,138308.0,6.66
2026-08-30T08:31:53.469578,1,img_0335,ADRES,E,19.442,0.6353,0.8126,0.8966,3662.237,41632.0,83915.0,10.98
2026-08-30T08:32:03.208455,1,img_0336,ADRES,Q,23.547,0.7851,0.8126,0.8966,4356.831,41632.0,137874.0,6.68
2026-08-30T08:32:03.208455,1,img_0336,ADRES,E,19.378,0.6346,0.8126,0.8966,3654.91,41632.0,82998.0,11.1
2026-08-30T08:32:08.036388,1,img_0337,ADRES,Q,20.521,0.7939,0.6975,0.8218,1778.81,41632.0,49874.0,18.48
2026-08-30T08:32:08.036388,1,img_0337,ADRES,E,17.944,0.6504,0.6975,0.8218,1443.796,41632.0,29969.0,30.75
2026-08-30T08:32:13.028926,1,img_0338,ADRES,Q,20.448,0.7929,0.6975,0.8218,1819.617,41632.0,51296.0,17.97
2026-08-30T08:32:13.028926,1,img_0338,ADRES,E,17.92,0.6468,0.6975,0.8218,1451.204,41632.0,30628.0,30.09
2026-08-30T08:32:18.038294,1,img_0339,ADRES,Q,20.545,0.7948,0.6975,0.8218,1846.312,41632.0,50123.0,18.39
2026-08-30T08:32:18.038294,1,img_0339,ADRES,E,17.989,0.6531,0.6975,0.8218,1467.468,41632.0,29674.0,31.06
2026-08-30T08:32:25.071431,1,img_0340,ADRES,Q,20.483,0.7965,0.6975,0.8218,1798.405,41632.0,49348.0,18.68
2026-08-30T08:32:25.071431,1,img_0340,ADRES,E,17.94,0.6464,0.6975,0.8218,1438.468,41632.0,29271.0,31.49
2026-08-30T08:32:32.841760,1,img_0341,ADRES,Q,22.334,0.7934,0.8631,0.9265,3275.41,41632.0,94174.0,9.79
2026-08-30T08:32:32.841760,1,img_0341,ADRES,E,19.276,0.7122,0.8631,0.9265,2804.302,41632.0,57126.0,16.13
2026-08-30T08:32:40.751686,1,img_0342,ADRES,Q,22.298,0.7912,0.8631,0.9265,3339.323,41632.0,97261.0,9.48
2026-08-30T08:32:40.751686,1,img_0342,ADRES,E,19.27,0.7116,0.8631,0.9265,2896.001,41632.0,57972.0,15.9
2026-08-30T08:32:48.720929,1,img_0343,ADRES,Q,22.4,0.7942,0.8631,0.9265,3302.358,41632.0,94838.0,9.72
2026-08-30T08:32:48.720929,1,img_0343,ADRES,E,19.292,0.713,0.8631,0.9265,2892.614,41632.0,57232.0,16.1
2026-08-30T08:32:56.428737,1,img_0344,ADRES,Q,22.38,0.7937,0.8631,0.9265,3264.601,41632.0,96034.0,9.6
2026-08-30T08:32:56.428737,1,img_0344,ADRES,E,19.337,0.7143,0.8631,0.9265,2823.372,41632.0,57422.0,16.05
2026-08-30T08:33:05.296402,1,img_0345,ADRES,Q,24.384,0.7911,0.913,0.9545,4034.696,41632.0,110197.0,8.36
2026-08-30T08:33:05.296402,1,img_0345,ADRES,E,20.154,0.6769,0.913,0.9545,3213.791,41632.0,64177.0,14.36
2026-08-30T08:33:14.416711,1,img_0346,ADRES,Q,24.328,0.7908,0.913,0.9545,4082.108,41632.0,111751.0,8.25
2026-08-30T08:33:14.416711,1,img_0346,ADRES,E,20.089,0.6745,0.913,0.9545,3269.191,41632.0,63989.0,14.4
2026-08-30T08:33:23.910067,1,img_0347,ADRES,Q,24.492,0.7933,0.913,0.9545,4080.835,41632.0,110266.0,8.36
2026-08-30T08:33:23.910067,1,img_0347,ADRES,E,20.235,0.6785,0.913,0.9545,3198.009,41632.0,63795.0,14.45
2026-08-30T08:33:33.094432,1,img_0348,ADRES,Q,24.382,0.7925,0.913,0.9545,4068.963,41632.0,110870.0,8.31
2026-08-30T08:33:33.094432,1,img_0348,ADRES,E,20.114,0.6758,0.913,0.9545,3242.384,41632.0,64372.0,14.32
2026-08-30T08:33:41.723248,1,img_0349,ADRES,Q,22.655,0.7476,0.8106,0.8954,3821.903,41632.0,102370.0,9.0
2026-08-30T08:33:41.723248,1,img_0349,ADRES,E,18.975,0.5924,0.8106,0.8954,3076.229,41632.0,59417.0,15.51
2026-08-30T08:33:50.130774,1,img_0350,ADRES,Q,22.578,0.7469,0.8106,0.8954,3758.847,41632.0,105386.0,8.74
2026-08-30T08:33:50.130774,1,img_0350,ADRES,E,18.853,0.585,0.8106,0.8954,3090.56,41632.0,59628.0,15.46
2026-08-30T08:33:58.705380,1,img_0351,ADRES,Q,22.734,0.7498,0.8106,0.8954,3787.864,41632.0,103218.0,8.93
2026-08-30T08:33:58.705380,1,img_0351,ADRES,E,18.995,0.5909,0.8106,0.8954,3143.704,41632.0,60613.0,15.2
2026-08-30T08:34:07.357708,1,img_0352,ADRES,Q,22.73,0.7486,0.8106,0.8954,3864.615,41632.0,103650.0,8.89
2026-08-30T08:34:07.357708,1,img_0352,ADRES,E,19.012,0.5894,0.8106,0.8954,3135.016,41632.0,60807.0,15.16
2026-08-30T08:34:18.795663,1,img_0353,ADRES,Q,24.32,0.8242,0.8738,0.9326,3855.487,41632.0,117037.0,7.87
2026-08-30T08:34:18.795663,1,img_0353,ADRES,E,20.088,0.7008,0.8738,0.9326,3343.891,41632.0,70054.0,13.16
2026-08-30T08:34:27.790489,1,img_0354,ADRES,Q,24.205,0.823,0.8738,0.9326,3891.337,41632.0,118101.0,7.8
2026-08-30T08:34:27.790489,1,img_0354,ADRES,E,19.975,0.6988,0.8738,0.9326,3372.812,41632.0,71411.0,12.91
2026-08-30T08:34:36.871343,1,img_0355,ADRES,Q,24.381,0.8258,0.8738,0.9326,3898.314,41632.0,114822.0,8.03
2026-08-30T08:34:36.871343,1,img_0355,ADRES,E,20.074,0.6994,0.8738,0.9326,3358.619,41632.0,69835.0,13.2
2026-08-30T08:34:46.314420,1,img_0356,ADRES,Q,24.317,0.8237,0.8738,0.9326,3903.77,41632.0,114142.0,8.07
2026-08-30T08:34:46.314420,1,img_0356,ADRES,E,20.132,0.7014,0.8738,0.9326,3360.402,41632.0,69887.0,13.19
2026-08-30T08:34:53.810148,1,img_0357,ADRES,Q,23.32,0.7572,0.8763,0.9341,3160.095,41632.0,85721.0,10.75
2026-08-30T08:34:53.810148,1,img_0357,ADRES,E,18.004,0.5196,0.8763,0.9341,2602.181,41632.0,49223.0,18.72
2026-08-30T08:35:01.202359,1,img_0358,ADRES,Q,23.19,0.7503,0.8763,0.9341,3159.206,41632.0,88587.0,10.4
2026-08-30T08:35:01.202359,1,img_0358,ADRES,E,18.012,0.5178,0.8763,0.9341,2566.949,41632.0,49577.0,18.59
2026-08-30T08:35:09.916880,1,img_0359,ADRES,Q,23.376,0.7598,0.8763,0.9341,3102.898,41632.0,84910.0,10.85
2026-08-30T08:35:09.916880,1,img_0359,ADRES,E,18.049,0.5214,0.8763,0.9341,2590.946,41632.0,48881.0,18.85
2026-08-30T08:35:17.489222,1,img_0360,ADRES,Q,23.255,0.7533,0.8763,0.9341,3144.454,41632.0,85273.0,10.81
2026-08-30T08:35:17.489222,1,img_0360,ADRES,E,18.069,0.5213,0.8763,0.9341,2642.929,41632.0,48628.0,18.95
2026-08-30T08:35:27.038413,1,img_0361,ADRES,Q,23.526,0.8066,0.803,0.8907,4291.924,41632.0,131106.0,7.03
2026-08-30T08:35:27.038413,1,img_0361,ADRES,E,19.52,0.6646,0.803,0.8907,3504.648,41632.0,77776.0,11.85
2026-08-30T08:35:38.117745,1,img_0362,ADRES,Q,23.503,0.8074,0.803,0.8907,4245.73,41632.0,131416.0,7.01
2026-08-30T08:35:38.117745,1,img_0362,ADRES,E,19.489,0.6632,0.803,0.8907,3519.78,41632.0,78121.0,11.8
2026-08-30T08:35:48.000988,1,img_0363,ADRES,Q,23.526,0.8072,0.803,0.8907,4320.235,41632.0,129108.0,7.14
2026-08-30T08:35:48.000988,1,img_0363,ADRES,E,19.528,0.6643,0.803,0.8907,3538.294,41632.0,76458.0,12.05
2026-08-30T08:35:57.503555,1,img_0364,ADRES,Q,23.493,0.807,0.803,0.8907,4291.376,41632.0,127483.0,7.23
2026-08-30T08:35:57.503555,1,img_0364,ADRES,E,19.506,0.6631,0.803,0.8907,3519.681,41632.0,76000.0,12.13
2026-08-30T08:36:04.519350,1,img_0365,ADRES,Q,22.039,0.8135,0.8581,0.9237,2897.817,41632.0,74053.0,12.45
2026-08-30T08:36:04.519350,1,img_0365,ADRES,E,20.038,0.754,0.8581,0.9237,2451.981,41632.0,43883.0,21.0
2026-08-30T08:36:11.528527,1,img_0366,ADRES,Q,22.002,0.8138,0.8581,0.9237,2864.568,41632.0,75019.0,12.28
2026-08-30T08:36:11.528527,1,img_0366,ADRES,E,20.045,0.7485,0.8581,0.9237,2410.917,41632.0,43654.0,21.11
2026-08-30T08:36:18.546236,1,img_0367,ADRES,Q,22.051,0.8134,0.8581,0.9237,2872.87,41632.0,73565.0,12.53
2026-08-30T08:36:18.546236,1,img_0367,ADRES,E,20.038,0.7539,0.8581,0.9237,2384.256,41632.0,43011.0,21.43
2026-08-30T08:36:26.880087,1,img_0368,ADRES,Q,22.017,0.8148,0.8581,0.9237,2930.175,41632.0,74034.0,12.45
2026-08-30T08:36:26.880087,1,img_0368,ADRES,E,20.067,0.7494,0.8581,0.9237,2457.525,41632.0,43059.0,21.4
2026-08-30T08:36:34.399783,1,img_0369,ADRES,Q,22.924,0.8117,0.8555,0.9221,3061.89,41632.0,88583.0,10.4
2026-08-30T08:36:34.399783,1,img_0369,ADRES,E,19.612,0.7531,0.8555,0.9221,2658.832,41632.0,52956.0,17.4
2026-08-30T08:36:41.869963,1,img_0370,ADRES,Q,22.925,0.8109,0.8555,0.9221,3124.971,41632.0,90279.0,10.21
2026-08-30T08:36:41.869963,1,img_0370,ADRES,E,19.553,0.7517,0.8555,0.9221,2699.692,41632.0,53324.0,17.28
2026-08-30T08:36:49.642413,1,img_0371,ADRES,Q,22.953,0.8119,0.8555,0.9221,3108.964,41632.0,91115.0,10.11
2026-08-30T08:36:49.642413,1,img_0371,ADRES,E,19.621,0.7512,0.8555,0.9221,2696.092,41632.0,53034.0,17.38
2026-08-30T08:36:57.314071,1,img_0372,ADRES,Q,22.965,0.8116,0.8555,0.9221,3109.346,41632.0,88711.0,10.39
2026-08-30T08:36:57.314071,1,img_0372,ADRES,E,19.569,0.7513,0.8555,0.9221,2693.148,41632.0,52501.0,17.55
2026-08-30T08:37:06.299442,1,img_0373,ADRES,Q,25.68,0.8403,0.9163,0.9563,3771.774,41632.0,101859.0,9.05
2026-08-30T08:37:06.299442,1,img_0373,ADRES,E,20.695,0.7297,0.9163,0.9563,3170.241,41632.0,60903.0,15.13
2026-08-30T08:37:15.455470,1,img_0374,ADRES,Q,25.622,0.8408,0.9163,0.9563,3814.921,41632.0,103574.0,8.9
2026-08-30T08:37:15.455470,1,img_0374,ADRES,E,20.635,0.7274,0.9163,0.9563,3121.154,41632.0,61468.0,14.99
2026-08-30T08:37:24.119730,1,img_0375,ADRES,Q,25.747,0.8423,0.9163,0.9563,3811.536,41632.0,102122.0,9.02
2026-08-30T08:37:24.119730,1,img_0375,ADRES,E,20.745,0.7309,0.9163,0.9563,3141.906,41632.0,60600.0,15.21
2026-08-30T08:37:33.034739,1,img_0376,ADRES,Q,25.674,0.8411,0.9163,0.9563,3816.358,41632.0,101981.0,9.04
2026-08-30T08:37:33.034739,1,img_0376,ADRES,E,20.647,0.7301,0.9163,0.9563,3169.02,41632.0,60666.0,15.19
2026-08-30T08:37:42.075328,1,img_0377,ADRES,Q,23.093,0.7883,0.7631,0.8656,3936.203,41632.0,114524.0,8.05
2026-08-30T08:37:42.075328,1,img_0377,ADRES,E,19.121,0.6265,0.7631,0.8656,3407.71,41632.0,69955.0,13.17
2026-08-30T08:37:52.700277,1,img_0378,ADRES,Q,22.964,0.788,0.7631,0.8656,3918.955,41632.0,121186.0,7.6
2026-08-30T08:37:52.700277,1,img_0378,ADRES,E,18.994,0.6201,0.7631,0.8656,3439.915,41632.0,71103.0,12.96
2026-08-30T08:38:01.962337,1,img_0379,ADRES,Q,23.149,0.7911,0.7631,0.8656,3961.9,41632.0,118073.0,7.81
2026-08-30T08:38:01.962337,1,img_0379,ADRES,E,19.106,0.628,0.7631,0.8656,3479.778,41632.0,71198.0,12.94
2026-08-30T08:38:11.088864,1,img_0380,ADRES,Q,23.087,0.7887,0.7631,0.8656,3948.393,41632.0,118240.0,7.79
2026-08-30T08:38:11.088864,1,img_0380,ADRES,E,19.129,0.6263,0.7631,0.8656,3479.387,41632.0,71819.0,12.83
2026-08-30T08:38:19.800305,1,img_0381,ADRES,Q,24.742,0.8371,0.8892,0.9413,3702.957,41632.0,111957.0,8.23
2026-08-30T08:38:19.800305,1,img_0381,ADRES,E,20.841,0.7322,0.8892,0.9413,3297.013,41632.0,70172.0,13.13
2026-08-30T08:38:29.812990,1,img_0382,ADRES,Q,24.713,0.8389,0.8892,0.9413,3694.025,41632.0,114874.0,8.02
2026-08-30T08:38:29.812990,1,img_0382,ADRES,E,20.726,0.7298,0.8892,0.9413,3352.818,41632.0,70136.0,13.14
2026-08-30T08:38:38.606993,1,img_0383,ADRES,Q,24.829,0.8392,0.8892,0.9413,3685.074,41632.0,114322.0,8.06
2026-08-30T08:38:38.606993,1,img_0383,ADRES,E,20.88,0.7337,0.8892,0.9413,3301.347,41632.0,70498.0,13.07
2026-08-30T08:38:47.233589,1,img_0384,ADRES,Q,24.816,0.8384,0.8892,0.9413,3648.451,41632.0,113758.0,8.1
2026-08-30T08:38:47.233589,1,img_0384,ADRES,E,20.856,0.7332,0.8892,0.9413,3275.811,41632.0,70415.0,13.09
2026-08-30T08:38:54.330263,1,img_0385,ADRES,Q,23.581,0.8163,0.8587,0.924,2902.911,41632.0,86780.0,10.62
2026-08-30T08:38:54.330263,1,img_0385,ADRES,E,18.485,0.604,0.8587,0.924,2582.114,41632.0,51904.0,17.76
2026-08-30T08:39:01.521874,1,img_0386,ADRES,Q,23.536,0.8125,0.8587,0.924,2938.497,41632.0,89262.0,10.32
2026-08-30T08:39:01.521874,1,img_0386,ADRES,E,18.465,0.5998,0.8587,0.924,2562.553,41632.0,52070.0,17.7
2026-08-30T08:39:08.712161,1,img_0387,ADRES,Q,23.622,0.8172,0.8587,0.924,2911.096,41632.0,88518.0,10.41
2026-08-30T08:39:08.712161,1,img_0387,ADRES,E,18.488,0.6038,0.8587,0.924,2623.862,41632.0,51867.0,17.77
2026-08-30T08:39:15.983613,1,img_0388,ADRES,Q,23.592,0.8127,0.8587,0.924,2931.402,41632.0,89679.0,10.28
2026-08-30T08:39:15.983613,1,img_0388,ADRES,E,18.521,0.6031,0.8587,0.924,2556.415,41632.0,52726.0,17.48
2026-08-30T08:39:25.727475,1,img_0389,ADRES,Q,23.282,0.8133,0.8096,0.8948,4092.84,41632.0,124038.0,7.43
2026-08-30T08:39:25.727475,1,img_0389,ADRES,E,19.691,0.6922,0.8096,0.8948,3394.286,41632.0,73856.0,12.48
2026-08-30T08:39:34.881059,1,img_0390,ADRES,Q,23.268,0.8132,0.8096,0.8948,4032.869,41632.0,125114.0,7.37
2026-08-30T08:39:34.881059,1,img_0390,ADRES,E,19.649,0.6913,0.8096,0.8948,3423.44,41632.0,74203.0,12.42
2026-08-30T08:39:44.202393,1,img_0391,ADRES,Q,23.29,0.8134,0.8096,0.8948,4056.528,41632.0,125089.0,7.37
2026-08-30T08:39:44.202393,1,img_0391,ADRES,E,19.668,0.6912,0.8096,0.8948,3403.242,41632.0,74270.0,12.41
2026-08-30T08:39:53.338024,1,img_0392,ADRES,Q,23.265,0.8139,0.8096,0.8948,4106.559,41632.0,124144.0,7.42
2026-08-30T08:39:53.338024,1,img_0392,ADRES,E,19.639,0.6901,0.8096,0.8948,3353.308,41632.0,74300.0,12.4
2026-08-30T08:40:03.854871,1,img_0393,ADRES,Q,22.54,0.7465,0.8853,0.9392,4251.045,41632.0,123415.0,7.47
2026-08-30T08:40:03.854871,1,img_0393,ADRES,E,19.641,0.6292,0.8853,0.9392,3543.803,41632.0,73023.0,12.62
2026-08-30T08:40:13.129757,1,img_0394,ADRES,Q,22.439,0.7429,0.8853,0.9392,4054.608,41632.0,130334.0,7.07
2026-08-30T08:40:13.129757,1,img_0394,ADRES,E,19.474,0.6248,0.8853,0.9392,3411.623,41632.0,75078.0,12.28
2026-08-30T08:40:23.098606,1,img_0395,ADRES,Q,22.515,0.7457,0.8853,0.9392,4406.664,41632.0,112995.0,8.16
2026-08-30T08:40:23.098606,1,img_0395,ADRES,E,19.536,0.6262,0.8853,0.9392,3476.665,41632.0,68463.0,13.46
2026-08-30T08:40:32.790777,1,img_0396,ADRES,Q,22.489,0.7444,0.8853,0.9392,4395.9,41632.0,113048.0,8.15
2026-08-30T08:40:32.790777,1,img_0396,ADRES,E,19.566,0.6264,0.8853,0.9392,3518.567,41632.0,69141.0,13.33
2026-08-30T08:40:42.017126,1,img_0397,ADRES,Q,25.487,0.8493,0.8789,0.9355,4042.691,41632.0,124994.0,7.37
2026-08-30T08:40:42.017126,1,img_0397,ADRES,E,21.202,0.7634,0.8789,0.9355,3501.254,41632.0,75012.0,12.29
2026-08-30T08:40:51.249838,1,img_0398,ADRES,Q,25.465,0.8504,0.8789,0.9355,4025.356,41632.0,128046.0,7.2
2026-08-30T08:40:51.249838,1,img_0398,ADRES,E,21.199,0.7627,0.8789,0.9355,3501.731,41632.0,75872.0,12.15
2026-08-30T08:41:00.691753,1,img_0399,ADRES,Q,25.497,0.8481,0.8789,0.9355,4122.889,41632.0,114539.0,8.05
2026-08-30T08:41:00.691753,1,img_0399,ADRES,E,21.179,0.7596,0.8789,0.9355,3575.811,41632.0,70264.0,13.12
2026-08-30T08:41:12.074778,1,img_0400,ADRES,Q,25.448,0.8482,0.8789,0.9355,4186.836,41632.0,114592.0,8.04
2026-08-30T08:41:12.074778,1,img_0400,ADRES,E,21.155,0.7592,0.8789,0.9355,5097.116,41632.0,70357.0,13.1
2026-08-30T08:41:20.462500,1,img_0401,ADRES,Q,25.317,0.8407,0.9185,0.9575,3448.838,41632.0,98958.0,9.31
2026-08-30T08:41:20.462500,1,img_0401,ADRES,E,20.312,0.7251,0.9185,0.9575,3027.645,41632.0,58246.0,15.82
2026-08-30T08:41:29.466839,1,img_0402,ADRES,Q,25.28,0.8409,0.9185,0.9575,3547.198,41632.0,100400.0,9.18
2026-08-30T08:41:29.466839,1,img_0402,ADRES,E,20.278,0.7223,0.9185,0.9575,2973.948,41632.0,59892.0,15.39
2026-08-30T08:41:37.755922,1,img_0403,ADRES,Q,25.333,0.8404,0.9185,0.9575,3519.732,41632.0,94394.0,9.76
2026-08-30T08:41:37.755922,1,img_0403,ADRES,E,20.323,0.7232,0.9185,0.9575,3001.099,41632.0,57076.0,16.15
2026-08-30T08:41:46.990755,1,img_0404,ADRES,Q,25.283,0.8402,0.9185,0.9575,3517.512,41632.0,94661.0,9.74
2026-08-30T08:41:46.990755,1,img_0404,ADRES,E,20.295,0.7227,0.9185,0.9575,2980.879,41632.0,56941.0,16.19
2026-08-30T08:41:56.661440,1,img_0405,ADRES,Q,23.353,0.7994,0.7493,0.8567,4093.428,41632.0,122143.0,7.55
2026-08-30T08:41:56.661440,1,img_0405,ADRES,E,19.007,0.6047,0.7493,0.8567,3635.631,41632.0,76480.0,12.05
2026-08-30T08:42:06.643751,1,img_0406,ADRES,Q,23.213,0.7965,0.7493,0.8567,4073.899,41632.0,128403.0,7.18
2026-08-30T08:42:06.643751,1,img_0406,ADRES,E,18.87,0.5976,0.7493,0.8567,3656.901,41632.0,77701.0,11.86
2026-08-30T08:42:16.371524,1,img_0407,ADRES,Q,23.389,0.8003,0.7493,0.8567,4159.335,41632.0,121304.0,7.6
2026-08-30T08:42:16.371524,1,img_0407,ADRES,E,19.022,0.604,0.7493,0.8567,3675.337,41632.0,75186.0,12.26
2026-08-30T08:42:26.299772,1,img_0408,ADRES,Q,23.316,0.7965,0.7493,0.8567,4171.393,41632.0,122091.0,7.55
2026-08-30T08:42:26.299772,1,img_0408,ADRES,E,18.933,0.6003,0.7493,0.8567,3729.051,41632.0,76359.0,12.07
2026-08-30T08:42:34.424505,1,img_0409,ADRES,Q,24.035,0.821,0.8821,0.9374,3404.171,41632.0,102426.0,9.0
2026-08-30T08:42:34.424505,1,img_0409,ADRES,E,20.544,0.7107,0.8821,0.9374,3073.75,41632.0,63092.0,14.61
2026-08-30T08:42:42.706880,1,img_0410,ADRES,Q,24.022,0.8248,0.8821,0.9374,3422.711,41632.0,107434.0,8.58
2026-08-30T08:42:42.706880,1,img_0410,ADRES,E,20.428,0.7063,0.8821,0.9374,3108.916,41632.0,64283.0,14.34
2026-08-30T08:42:51.100157,1,img_0411,ADRES,Q,24.115,0.8232,0.8821,0.9374,3484.28,41632.0,102288.0,9.01
2026-08-30T08:42:51.100157,1,img_0411,ADRES,E,20.566,0.7097,0.8821,0.9374,3135.344,41632.0,62777.0,14.68
2026-08-30T08:42:59.537590,1,img_0412,ADRES,Q,24.116,0.8223,0.8821,0.9374,3422.374,41632.0,102075.0,9.03
2026-08-30T08:42:59.537590,1,img_0412,ADRES,E,20.573,0.7105,0.8821,0.9374,3103.457,41632.0,62594.0,14.72
2026-08-30T08:43:06.822159,1,img_0413,ADRES,Q,23.396,0.8088,0.8769,0.9344,2964.605,41632.0,89235.0,10.33
2026-08-30T08:43:06.822159,1,img_0413,ADRES,E,18.964,0.6239,0.8769,0.9344,2689.579,41632.0,54168.0,17.01
2026-08-30T08:43:14.134875,1,img_0414,ADRES,Q,23.38,0.8066,0.8769,0.9344,2945.079,41632.0,89967.0,10.24
2026-08-30T08:43:14.134875,1,img_0414,ADRES,E,18.922,0.6194,0.8769,0.9344,2669.557,41632.0,53822.0,17.12
2026-08-30T08:43:23.088492,1,img_0415,ADRES,Q,23.426,0.8092,0.8769,0.9344,3007.904,41632.0,85441.0,10.79
2026-08-30T08:43:23.088492,1,img_0415,ADRES,E,18.965,0.6224,0.8769,0.9344,2682.065,41632.0,52022.0,17.72
2026-08-30T08:43:30.474526,1,img_0416,ADRES,Q,23.423,0.8063,0.8769,0.9344,2995.463,41632.0,87115.0,10.58
2026-08-30T08:43:30.474526,1,img_0416,ADRES,E,18.991,0.6223,0.8769,0.9344,2677.298,41632.0,52564.0,17.53
2026-08-30T08:43:40.164793,1,img_0417,ADRES,Q,24.167,0.8188,0.8132,0.8969,4354.439,41632.0,141647.0,6.51
2026-08-30T08:43:40.164793,1,img_0417,ADRES,E,19.991,0.6868,0.8132,0.8969,3654.399,41632.0,84727.0,10.88
2026-08-30T08:43:50.202538,1,img_0418,ADRES,Q,24.146,0.8183,0.8132,0.8969,4361.817,41632.0,143232.0,6.43
2026-08-30T08:43:50.202538,1,img_0418,ADRES,E,19.954,0.6867,0.8132,0.8969,3741.179,41632.0,84439.0,10.91
2026-08-30T08:44:02.902201,1,img_0419,ADRES,Q,24.145,0.8181,0.8132,0.8969,4564.261,41632.0,134575.0,6.85
2026-08-30T08:44:02.902201,1,img_0419,ADRES,E,20.04,0.6901,0.8132,0.8969,3737.584,41632.0,80414.0,11.46
2026-08-30T08:44:13.771621,1,img_0420,ADRES,Q,24.145,0.8184,0.8132,0.8969,4562.613,41632.0,134419.0,6.86
2026-08-30T08:44:13.771621,1,img_0420,ADRES,E,19.956,0.6873,0.8132,0.8969,3686.266,41632.0,80350.0,11.47
2026-08-30T08:44:23.110110,1,img_0421,ADRES,Q,21.635,0.6744,0.8918,0.9428,4221.684,41632.0,120244.0,7.66
2026-08-30T08:44:23.110110,1,img_0421,ADRES,E,19.535,0.5767,0.8918,0.9428,3409.612,41632.0,71763.0,12.84
2026-08-30T08:44:32.283373,1,img_0422,ADRES,Q,21.551,0.671,0.8918,0.9428,3997.962,41632.0,128177.0,7.19
2026-08-30T08:44:32.283373,1,img_0422,ADRES,E,19.441,0.5747,0.8918,0.9428,3384.659,41632.0,74184.0,12.42
2026-08-30T08:44:41.670348,1,img_0423,ADRES,Q,21.61,0.6733,0.8918,0.9428,4251.994,41632.0,117152.0,7.87
2026-08-30T08:44:41.670348,1,img_0423,ADRES,E,19.473,0.5754,0.8918,0.9428,3407.968,41632.0,69982.0,13.17
2026-08-30T08:44:51.074804,1,img_0424,ADRES,Q,21.6,0.6732,0.8918,0.9428,4230.345,41632.0,115357.0,7.99
2026-08-30T08:44:51.074804,1,img_0424,ADRES,E,19.528,0.5768,0.8918,0.9428,3428.752,41632.0,69600.0,13.24
2026-08-30T08:45:00.884829,1,img_0425,ADRES,Q,24.893,0.8439,0.8772,0.9346,4182.702,41632.0,124990.0,7.37
2026-08-30T08:45:00.884829,1,img_0425,ADRES,E,21.044,0.7529,0.8772,0.9346,3666.459,41632.0,76312.0,12.08
2026-08-30T08:45:10.409911,1,img_0426,ADRES,Q,24.826,0.8441,0.8772,0.9346,4157.446,41632.0,130293.0,7.07
2026-08-30T08:45:10.409911,1,img_0426,ADRES,E,20.976,0.7526,0.8772,0.9346,3645.237,41632.0,77338.0,11.92
2026-08-30T08:45:20.889126,1,img_0427,ADRES,Q,24.919,0.8445,0.8772,0.9346,4211.236,41632.0,124604.0,7.4
2026-08-30T08:45:20.889126,1,img_0427,ADRES,E,21.072,0.7525,0.8772,0.9346,3599.803,41632.0,76274.0,12.08
2026-08-30T08:45:30.497945,1,img_0428,ADRES,Q,24.88,0.8441,0.8772,0.9346,4230.069,41632.0,123104.0,7.49
2026-08-30T08:45:30.497945,1,img_0428,ADRES,E,21.006,0.7519,0.8772,0.9346,3627.953,41632.0,75530.0,12.2
2026-08-30T08:45:39.632929,1,img_0429,ADRES,Q,25.385,0.8316,0.9047,0.95,3758.136,41632.0,107107.0,8.6
2026-08-30T08:45:39.632929,1,img_0429,ADRES,E,20.2,0.7113,0.9047,0.95,3174.814,41632.0,63979.0,14.4
2026-08-30T08:45:48.373767,1,img_0430,ADRES,Q,25.366,0.8331,0.9047,0.95,3807.934,41632.0,109452.0,8.42
2026-08-30T08:45:48.373767,1,img_0430,ADRES,E,20.174,0.7074,0.9047,0.95,3157.354,41632.0,64809.0,14.22
2026-08-30T08:45:57.240763,1,img_0431,ADRES,Q,25.474,0.8335,0.9047,0.95,3753.53,41632.0,106723.0,8.64
2026-08-30T08:45:57.240763,1,img_0431,ADRES,E,20.253,0.7107,0.9047,0.95,3163.275,41632.0,63551.0,14.5
2026-08-30T08:46:05.919471,1,img_0432,ADRES,Q,25.393,0.8335,0.9047,0.95,3740.367,41632.0,107189.0,8.6
2026-08-30T08:46:05.919471,1,img_0432,ADRES,E,20.167,0.7097,0.9047,0.95,3177.734,41632.0,63021.0,14.62
2026-08-30T08:46:16.633875,1,img_0433,ADRES,Q,23.125,0.7879,0.7475,0.8555,4158.357,41632.0,124228.0,7.42
2026-08-30T08:46:16.633875,1,img_0433,ADRES,E,18.625,0.5764,0.7475,0.8555,3772.42,41632.0,77240.0,11.93
2026-08-30T08:46:26.654051,1,img_0434,ADRES,Q,22.965,0.7841,0.7475,0.8555,4132.543,41632.0,128787.0,7.16
2026-08-30T08:46:26.654051,1,img_0434,ADRES,E,18.475,0.5692,0.7475,0.8555,3781.957,41632.0,78233.0,11.78
2026-08-30T08:46:36.326742,1,img_0435,ADRES,Q,23.186,0.7899,0.7475,0.8555,4170.126,41632.0,126200.0,7.3
2026-08-30T08:46:36.326742,1,img_0435,ADRES,E,18.602,0.576,0.7475,0.8555,3788.964,41632.0,78516.0,11.74
2026-08-30T08:46:46.218259,1,img_0436,ADRES,Q,23.094,0.7856,0.7475,0.8555,4166.177,41632.0,125881.0,7.32
2026-08-30T08:46:46.218259,1,img_0436,ADRES,E,18.59,0.5725,0.7475,0.8555,3741.874,41632.0,78187.0,11.79
2026-08-30T08:46:58.175196,1,img_0437,ADRES,Q,23.845,0.8115,0.8776,0.9348,3392.97,41632.0,102484.0,8.99
2026-08-30T08:46:58.175196,1,img_0437,ADRES,E,20.077,0.6895,0.8776,0.9348,3126.045,41632.0,64242.0,14.35
2026-08-30T08:47:06.539669,1,img_0438,ADRES,Q,23.779,0.8155,0.8776,0.9348,3454.523,41632.0,107433.0,8.58
2026-08-30T08:47:06.539669,1,img_0438,ADRES,E,19.926,0.6839,0.8776,0.9348,3156.889,41632.0,64800.0,14.22
2026-08-30T08:47:14.747642,1,img_0439,ADRES,Q,23.974,0.8165,0.8776,0.9348,3385.25,41632.0,107210.0,8.6
2026-08-30T08:47:14.747642,1,img_0439,ADRES,E,20.19,0.6936,0.8776,0.9348,3165.068,41632.0,65745.0,14.02
2026-08-30T08:47:23.039026,1,img_0440,ADRES,Q,23.961,0.8151,0.8776,0.9348,3417.615,41632.0,105818.0,8.71
2026-08-30T08:47:23.039026,1,img_0440,ADRES,E,20.157,0.693,0.8776,0.9348,3150.039,41632.0,65718.0,14.02
2026-08-30T08:47:30.641470,1,img_0441,ADRES,Q,23.548,0.8056,0.8791,0.9357,3087.922,41632.0,88302.0,10.44
2026-08-30T08:47:30.641470,1,img_0441,ADRES,E,18.775,0.6095,0.8791,0.9357,2770.138,41632.0,52686.0,17.49
2026-08-30T08:47:38.227319,1,img_0442,ADRES,Q,23.509,0.8034,0.8791,0.9357,3106.33,41632.0,89143.0,10.34
2026-08-30T08:47:38.227319,1,img_0442,ADRES,E,18.744,0.6063,0.8791,0.9357,2694.926,41632.0,53036.0,17.38
2026-08-30T08:47:45.927591,1,img_0443,ADRES,Q,23.607,0.808,0.8791,0.9357,3064.679,41632.0,90007.0,10.24
2026-08-30T08:47:45.927591,1,img_0443,ADRES,E,18.787,0.6107,0.8791,0.9357,2721.428,41632.0,53568.0,17.2
2026-08-30T08:47:53.435656,1,img_0444,ADRES,Q,23.57,0.8037,0.8791,0.9357,3042.993,41632.0,92634.0,9.95
2026-08-30T08:47:53.435656,1,img_0444,ADRES,E,18.846,0.6124,0.8791,0.9357,2719.265,41632.0,54275.0,16.98
2026-08-30T08:48:04.841513,1,img_0445,ADRES,Q,24.209,0.8188,0.7904,0.8829,4629.3,41632.0,151606.0,6.08
2026-08-30T08:48:04.841513,1,img_0445,ADRES,E,20.017,0.6849,0.7904,0.8829,3940.141,41632.0,91595.0,10.06
2026-08-30T08:48:15.167560,1,img_0446,ADRES,Q,24.165,0.8183,0.7904,0.8829,4620.058,41632.0,153362.0,6.01
2026-08-30T08:48:15.167560,1,img_0446,ADRES,E,19.972,0.6837,0.7904,0.8829,3945.642,41632.0,91103.0,10.12
2026-08-30T08:48:25.825073,1,img_0447,ADRES,Q,24.225,0.8204,0.7904,0.8829,4654.505,41632.0,148181.0,6.22
2026-08-30T08:48:25.825073,1,img_0447,ADRES,E,20.024,0.6871,0.7904,0.8829,3971.076,41632.0,88472.0,10.42
2026-08-30T08:48:36.172637,1,img_0448,ADRES,Q,24.218,0.8199,0.7904,0.8829,4685.1,41632.0,147411.0,6.25
2026-08-30T08:48:36.172637,1,img_0448,ADRES,E,20.01,0.6859,0.7904,0.8829,3966.545,41632.0,87971.0,10.48
2026-08-30T08:48:45.691304,1,img_0449,ADRES,Q,22.548,0.7352,0.8904,0.942,4307.758,41632.0,117928.0,7.81
2026-08-30T08:48:45.691304,1,img_0449,ADRES,E,19.907,0.6359,0.8904,0.942,3413.528,41632.0,68202.0,13.51
2026-08-30T08:48:55.128461,1,img_0450,ADRES,Q,22.442,0.7322,0.8904,0.942,4267.509,41632.0,123017.0,7.49
2026-08-30T08:48:55.128461,1,img_0450,ADRES,E,19.837,0.6343,0.8904,0.942,3431.142,41632.0,69515.0,13.26
2026-08-30T08:49:04.680324,1,img_0451,ADRES,Q,22.53,0.7343,0.8904,0.942,4400.377,41632.0,114348.0,8.06
2026-08-30T08:49:04.680324,1,img_0451,ADRES,E,19.868,0.6354,0.8904,0.942,3426.538,41632.0,66619.0,13.83
2026-08-30T08:49:14.369309,1,img_0452,ADRES,Q,22.485,0.734,0.8904,0.942,4343.591,41632.0,113434.0,8.12
2026-08-30T08:49:14.369309,1,img_0452,ADRES,E,19.916,0.636,0.8904,0.942,3400.379,41632.0,66434.0,13.87
2026-08-30T08:49:23.697757,1,img_0453,ADRES,Q,25.179,0.8434,0.8839,0.9384,4125.001,41632.0,109413.0,8.42
2026-08-30T08:49:23.697757,1,img_0453,ADRES,E,21.384,0.765,0.8839,0.9384,3467.459,41632.0,66364.0,13.89
2026-08-30T08:49:33.019803,1,img_0454,ADRES,Q,25.121,0.8437,0.8839,0.9384,4101.552,41632.0,113142.0,8.15
2026-08-30T08:49:33.019803,1,img_0454,ADRES,E,21.359,0.7637,0.8839,0.9384,3460.481,41632.0,66992.0,13.76
2026-08-30T08:49:42.402865,1,img_0455,ADRES,Q,25.17,0.8432,0.8839,0.9384,4124.222,41632.0,109400.0,8.42
2026-08-30T08:49:42.402865,1,img_0455,ADRES,E,21.362,0.7642,0.8839,0.9384,3420.292,41632.0,65464.0,14.08
2026-08-30T08:49:52.155123,1,img_0456,ADRES,Q,25.188,0.8435,0.8839,0.9384,4103.043,41632.0,108608.0,8.49
2026-08-30T08:49:52.155123,1,img_0456,ADRES,E,21.416,0.7635,0.8839,0.9384,3438.094,41632.0,65108.0,14.15
2026-08-30T08:50:00.661457,1,img_0457,ADRES,Q,25.688,0.8378,0.9213,0.959,3488.124,41632.0,90530.0,10.18
2026-08-30T08:50:00.661457,1,img_0457,ADRES,E,19.987,0.7112,0.9213,0.959,2963.18,41632.0,53257.0,17.3
2026-08-30T08:50:08.747211,1,img_0458,ADRES,Q,25.651,0.837,0.9213,0.959,3540.768,41632.0,91028.0,10.12
2026-08-30T08:50:08.747211,1,img_0458,ADRES,E,19.97,0.7081,0.9213,0.959,2911.272,41632.0,53091.0,17.36
2026-08-30T08:50:16.910341,1,img_0459,ADRES,Q,25.746,0.8389,0.9213,0.959,3496.468,41632.0,89556.0,10.29
2026-08-30T08:50:16.910341,1,img_0459,ADRES,E,20.018,0.7101,0.9213,0.959,2909.411,41632.0,52723.0,17.48
2026-08-30T08:50:27.351456,1,img_0460,ADRES,Q,25.639,0.8364,0.9213,0.959,3526.765,41632.0,89485.0,10.3
2026-08-30T08:50:27.351456,1,img_0460,ADRES,E,19.95,0.7076,0.9213,0.959,2954.873,41632.0,52467.0,17.57
2026-08-30T08:50:37.074447,1,img_0461,ADRES,Q,23.487,0.796,0.7579,0.8623,4196.617,41632.0,118170.0,7.8
2026-08-30T08:50:37.074447,1,img_0461,ADRES,E,18.886,0.5938,0.7579,0.8623,3641.14,41632.0,73611.0,12.52
2026-08-30T08:50:46.693220,1,img_0462,ADRES,Q,23.289,0.7921,0.7579,0.8623,4185.179,41632.0,125408.0,7.35
2026-08-30T08:50:46.693220,1,img_0462,ADRES,E,18.746,0.5875,0.7579,0.8623,3665.998,41632.0,75328.0,12.23
2026-08-30T08:50:56.642820,1,img_0463,ADRES,Q,23.531,0.7975,0.7579,0.8623,4245.425,41632.0,119866.0,7.69
2026-08-30T08:50:56.642820,1,img_0463,ADRES,E,18.908,0.5933,0.7579,0.8623,3699.463,41632.0,73660.0,12.51
2026-08-30T08:51:06.328032,1,img_0464,ADRES,Q,23.403,0.7926,0.7579,0.8623,4265.245,41632.0,119178.0,7.73
2026-08-30T08:51:06.328032,1,img_0464,ADRES,E,18.828,0.5909,0.7579,0.8623,3673.444,41632.0,74128.0,12.43
2026-08-30T08:51:14.610675,1,img_0465,ADRES,Q,23.86,0.8169,0.8862,0.9397,3397.061,41632.0,95843.0,9.62
2026-08-30T08:51:14.610675,1,img_0465,ADRES,E,20.386,0.6999,0.8862,0.9397,3033.33,41632.0,59613.0,15.46
2026-08-30T08:51:23.293542,1,img_0466,ADRES,Q,23.858,0.8198,0.8862,0.9397,3410.888,41632.0,97909.0,9.41
2026-08-30T08:51:23.293542,1,img_0466,ADRES,E,20.277,0.6979,0.8862,0.9397,3067.746,41632.0,60070.0,15.34
2026-08-30T08:51:31.445786,1,img_0467,ADRES,Q,23.944,0.8191,0.8862,0.9397,3437.787,41632.0,95232.0,9.68
2026-08-30T08:51:31.445786,1,img_0467,ADRES,E,20.42,0.7009,0.8862,0.9397,3042.276,41632.0,59144.0,15.58
2026-08-30T08:51:39.708883,1,img_0468,ADRES,Q,23.93,0.8171,0.8862,0.9397,3346.495,41632.0,95627.0,9.64
2026-08-30T08:51:39.708883,1,img_0468,ADRES,E,20.403,0.7003,0.8862,0.9397,3048.082,41632.0,59269.0,15.55
2026-08-30T08:51:47.308026,1,img_0469,ADRES,Q,23.094,0.8017,0.872,0.9316,2896.651,41632.0,80412.0,11.46
2026-08-30T08:51:47.308026,1,img_0469,ADRES,E,18.587,0.6019,0.872,0.9316,2571.424,41632.0,48012.0,19.2
2026-08-30T08:51:54.527952,1,img_0470,ADRES,Q,23.032,0.7977,0.872,0.9316,2960.206,41632.0,80995.0,11.38
2026-08-30T08:51:54.527952,1,img_0470,ADRES,E,18.557,0.5979,0.872,0.9316,2577.676,41632.0,47616.0,19.35
2026-08-30T08:52:01.595553,1,img_0471,ADRES,Q,23.104,0.8012,0.872,0.9316,2915.236,41632.0,76719.0,12.01
2026-08-30T08:52:01.595553,1,img_0471,ADRES,E,18.562,0.5984,0.872,0.9316,2530.183,41632.0,46042.0,20.02
2026-08-30T08:52:08.951091,1,img_0472,ADRES,Q,23.091,0.7972,0.872,0.9316,2929.357,41632.0,76926.0,11.98
2026-08-30T08:52:08.951091,1,img_0472,ADRES,E,18.625,0.5996,0.872,0.9316,2637.647,41632.0,46320.0,19.9
2026-08-30T08:52:19.283128,1,img_0473,ADRES,Q,24.21,0.8192,0.8108,0.8955,4529.724,41632.0,131806.0,6.99
2026-08-30T08:52:19.283128,1,img_0473,ADRES,E,19.947,0.6809,0.8108,0.8955,3727.937,41632.0,78596.0,11.73
2026-08-30T08:52:30.910682,1,img_0474,ADRES,Q,24.179,0.8192,0.8108,0.8955,4532.27,41632.0,131748.0,7.0
2026-08-30T08:52:30.910682,1,img_0474,ADRES,E,19.96,0.6814,0.8108,0.8955,3707.106,41632.0,78719.0,11.71
2026-08-30T08:52:40.831640,1,img_0475,ADRES,Q,24.158,0.8184,0.8108,0.8955,4518.402,41632.0,129654.0,7.11
2026-08-30T08:52:40.831640,1,img_0475,ADRES,E,19.939,0.6817,0.8108,0.8955,3727.273,41632.0,77572.0,11.88
2026-08-30T08:52:51.132706,1,img_0476,ADRES,Q,24.208,0.819,0.8108,0.8955,4532.663,41632.0,129079.0,7.14
2026-08-30T08:52:51.132706,1,img_0476,ADRES,E,19.952,0.6815,0.8108,0.8955,3751.322,41632.0,77327.0,11.92
2026-08-30T08:52:59.184589,1,img_0477,ADRES,Q,23.155,0.8178,0.8882,0.9408,3304.306,41632.0,85327.0,10.8
2026-08-30T08:52:59.184589,1,img_0477,ADRES,E,19.349,0.6863,0.8882,0.9408,2900.269,41632.0,52409.0,17.58
2026-08-30T08:53:07.130537,1,img_0478,ADRES,Q,23.141,0.818,0.8882,0.9408,3317.063,41632.0,86942.0,10.6
2026-08-30T08:53:07.130537,1,img_0478,ADRES,E,19.263,0.6837,0.8882,0.9408,2940.54,41632.0,52772.0,17.46
2026-08-30T08:53:15.452261,1,img_0479,ADRES,Q,23.184,0.819,0.8882,0.9408,3354.572,41632.0,84507.0,10.91
2026-08-30T08:53:15.452261,1,img_0479,ADRES,E,19.358,0.6856,0.8882,0.9408,2908.395,41632.0,51559.0,17.87
2026-08-30T08:53:23.444253,1,img_0480,ADRES,Q,23.174,0.8186,0.8882,0.9408,3328.904,41632.0,84305.0,10.93
2026-08-30T08:53:23.444253,1,img_0480,ADRES,E,19.307,0.6877,0.8882,0.9408,2872.296,41632.0,51688.0,17.83
2026-08-30T08:53:32.403463,1,img_0481,ADRES,Q,24.268,0.8298,0.8468,0.9171,3788.703,41632.0,100110.0,9.21
2026-08-30T08:53:32.403463,1,img_0481,ADRES,E,20.262,0.737,0.8468,0.9171,3405.121,41632.0,64164.0,14.36
2026-08-30T08:53:41.401560,1,img_0482,ADRES,Q,24.211,0.83,0.8468,0.9171,3802.994,41632.0,102306.0,9.01
2026-08-30T08:53:41.401560,1,img_0482,ADRES,E,20.207,0.7341,0.8468,0.9171,3421.07,41632.0,64697.0,14.24
2026-08-30T08:53:50.292684,1,img_0483,ADRES,Q,24.289,0.8307,0.8468,0.9171,3759.569,41632.0,101492.0,9.08
2026-08-30T08:53:50.292684,1,img_0483,ADRES,E,20.278,0.7368,0.8468,0.9171,3398.503,41632.0,64615.0,14.26
2026-08-30T08:53:59.254548,1,img_0484,ADRES,Q,24.297,0.8304,0.8468,0.9171,3716.0,41632.0,100769.0,9.15
2026-08-30T08:53:59.254548,1,img_0484,ADRES,E,20.278,0.7377,0.8468,0.9171,3376.055,41632.0,64216.0,14.35
2026-08-30T08:54:08.375352,1,img_0485,ADRES,Q,25.293,0.8411,0.878,0.935,4066.342,41632.0,102663.0,8.98
2026-08-30T08:54:08.375352,1,img_0485,ADRES,E,21.017,0.7622,0.878,0.935,3328.848,41632.0,61458.0,15.0
2026-08-30T08:54:18.757745,1,img_0486,ADRES,Q,25.236,0.8416,0.878,0.935,4107.934,41632.0,104371.0,8.83
2026-08-30T08:54:18.757745,1,img_0486,ADRES,E,20.994,0.761,0.878,0.935,3339.599,41632.0,62006.0,14.86
2026-08-30T08:54:28.094001,1,img_0487,ADRES,Q,25.286,0.8415,0.878,0.935,4115.458,41632.0,103797.0,8.88
2026-08-30T08:54:28.094001,1,img_0487,ADRES,E,21.03,0.7624,0.878,0.935,3304.356,41632.0,61526.0,14.98
2026-08-30T08:54:37.261261,1,img_0488,ADRES,Q,25.28,0.8415,0.878,0.935,4063.039,41632.0,103721.0,8.89
2026-08-30T08:54:37.261261,1,img_0488,ADRES,E,21.02,0.7622,0.878,0.935,3340.84,41632.0,61915.0,14.88
2026-08-30T08:54:44.514556,1,img_0489,ADRES,Q,22.563,0.8071,0.8654,0.9279,2931.06,41632.0,80211.0,11.49
2026-08-30T08:54:44.514556,1,img_0489,ADRES,E,19.738,0.6933,0.8654,0.9279,2630.807,41632.0,49543.0,18.6
2026-08-30T08:54:51.818076,1,img_0490,ADRES,Q,22.565,0.8071,0.8654,0.9279,2894.56,41632.0,82015.0,11.24
2026-08-30T08:54:51.818076,1,img_0490,ADRES,E,19.654,0.687,0.8654,0.9279,2620.023,41632.0,49932.0,18.46
2026-08-30T08:54:59.298132,1,img_0491,ADRES,Q,22.593,0.8063,0.8654,0.9279,2881.295,41632.0,77678.0,11.86
2026-08-30T08:54:59.298132,1,img_0491,ADRES,E,19.779,0.693,0.8654,0.9279,2619.339,41632.0,48321.0,19.07
2026-08-30T08:55:06.680780,1,img_0492,ADRES,Q,22.559,0.8054,0.8654,0.9279,2908.942,41632.0,77996.0,11.82
2026-08-30T08:55:06.680780,1,img_0492,ADRES,E,19.613,0.6846,0.8654,0.9279,2628.016,41632.0,48480.0,19.01
2026-08-30T08:55:16.103799,1,img_0493,ADRES,Q,25.073,0.8446,0.9061,0.9508,3721.566,41632.0,102539.0,8.99
2026-08-30T08:55:16.103799,1,img_0493,ADRES,E,21.073,0.7573,0.9061,0.9508,3240.564,41632.0,63041.0,14.62
2026-08-30T08:55:24.907550,1,img_0494,ADRES,Q,25.042,0.8454,0.9061,0.9508,3742.802,41632.0,105352.0,8.75
2026-08-30T08:55:24.907550,1,img_0494,ADRES,E,21.017,0.7548,0.9061,0.9508,3293.655,41632.0,63550.0,14.5
2026-08-30T08:55:34.076749,1,img_0495,ADRES,Q,25.092,0.8454,0.9061,0.9508,3698.02,41632.0,100878.0,9.14
2026-08-30T08:55:34.076749,1,img_0495,ADRES,E,21.051,0.7573,0.9061,0.9508,3218.851,41632.0,62635.0,14.71
2026-08-30T08:55:42.765452,1,img_0496,ADRES,Q,25.136,0.845,0.9061,0.9508,3685.914,41632.0,100953.0,9.13
2026-08-30T08:55:42.765452,1,img_0496,ADRES,E,21.114,0.7581,0.9061,0.9508,3228.765,41632.0,62518.0,14.74
2026-08-30T08:55:51.802095,1,img_0497,ADRES,Q,26.292,0.85,0.9117,0.9538,3995.196,41632.0,108336.0,8.51
2026-08-30T08:55:51.802095,1,img_0497,ADRES,E,21.499,0.7694,0.9117,0.9538,3274.884,41632.0,63355.0,14.55
2026-08-30T08:56:00.971822,1,img_0498,ADRES,Q,26.301,0.8499,0.9117,0.9538,4041.321,41632.0,109669.0,8.4
2026-08-30T08:56:00.971822,1,img_0498,ADRES,E,21.526,0.77,0.9117,0.9538,3314.695,41632.0,63561.0,14.5
2026-08-30T08:56:10.013229,1,img_0499,ADRES,Q,26.314,0.8496,0.9117,0.9538,4076.988,41632.0,106377.0,8.66
2026-08-30T08:56:10.013229,1,img_0499,ADRES,E,21.506,0.77,0.9117,0.9538,3203.688,41632.0,62393.0,14.77
2026-08-30T08:56:18.940610,1,img_0500,ADRES,Q,26.311,0.8497,0.9117,0.9538,4024.082,41632.0,107261.0,8.59
2026-08-30T08:56:18.940610,1,img_0500,ADRES,E,21.536,0.7702,0.9117,0.9538,3280.942,41632.0,62720.0,14.69
2026-08-30T08:56:29.538899,1,img_0501,ADRES,Q,25.206,0.8503,0.8384,0.9121,4863.42,41632.0,136855.0,6.73
2026-08-30T08:56:29.538899,1,img_0501,ADRES,E,21.047,0.7319,0.8384,0.9121,4049.71,41632.0,84102.0,10.96
2026-08-30T08:56:40.350090,1,img_0502,ADRES,Q,25.211,0.8508,0.8384,0.9121,4808.742,41632.0,138444.0,6.66
2026-08-30T08:56:40.350090,1,img_0502,ADRES,E,21.022,0.73,0.8384,0.9121,4085.773,41632.0,85061.0,10.83
2026-08-30T08:56:50.936591,1,img_0503,ADRES,Q,25.203,0.8506,0.8384,0.9121,4803.11,41632.0,133414.0,6.91
2026-08-30T08:56:50.936591,1,img_0503,ADRES,E,21.005,0.7302,0.8384,0.9121,4019.355,41632.0,82995.0,11.1
2026-08-30T08:57:01.618355,1,img_0504,ADRES,Q,25.215,0.8507,0.8384,0.9121,4853.727,41632.0,133695.0,6.89
2026-08-30T08:57:01.618355,1,img_0504,ADRES,E,21.019,0.7313,0.8384,0.9121,4089.788,41632.0,82787.0,11.13
2026-08-30T08:57:09.895744,1,img_0505,ADRES,Q,23.676,0.8195,0.872,0.9316,3578.362,41632.0,96564.0,9.54
2026-08-30T08:57:09.895744,1,img_0505,ADRES,E,19.335,0.6821,0.872,0.9316,2990.503,41632.0,58274.0,15.81
2026-08-30T08:57:18.288678,1,img_0506,ADRES,Q,23.627,0.8196,0.872,0.9316,3493.347,41632.0,99460.0,9.27
2026-08-30T08:57:18.288678,1,img_0506,ADRES,E,19.272,0.6799,0.872,0.9316,3073.13,41632.0,58988.0,15.62
2026-08-30T08:57:26.604354,1,img_0507,ADRES,Q,23.686,0.8194,0.872,0.9316,3526.09,41632.0,92928.0,9.92
2026-08-30T08:57:26.604354,1,img_0507,ADRES,E,19.335,0.6784,0.872,0.9316,2996.742,41632.0,56038.0,16.45
2026-08-30T08:57:35.228818,1,img_0508,ADRES,Q,23.654,0.8188,0.872,0.9316,3528.758,41632.0,92841.0,9.93
2026-08-30T08:57:35.228818,1,img_0508,ADRES,E,19.271,0.6785,0.872,0.9316,3154.213,41632.0,56415.0,16.34
2026-08-30T08:57:44.278092,1,img_0509,ADRES,Q,24.167,0.8295,0.8206,0.9015,3850.01,41632.0,111525.0,8.26
2026-08-30T08:57:44.278092,1,img_0509,ADRES,E,20.231,0.7356,0.8206,0.9015,3484.535,41632.0,69486.0,13.26
2026-08-30T08:57:53.708213,1,img_0510,ADRES,Q,24.134,0.8308,0.8206,0.9015,3867.451,41632.0,115330.0,7.99
2026-08-30T08:57:53.708213,1,img_0510,ADRES,E,20.197,0.7322,0.8206,0.9015,3475.539,41632.0,70330.0,13.1
2026-08-30T08:58:02.852924,1,img_0511,ADRES,Q,24.154,0.829,0.8206,0.9015,3920.883,41632.0,110023.0,8.38
2026-08-30T08:58:02.852924,1,img_0511,ADRES,E,20.178,0.7328,0.8206,0.9015,3466.187,41632.0,68872.0,13.38
2026-08-30T08:58:11.920907,1,img_0512,ADRES,Q,24.197,0.8296,0.8206,0.9015,3868.539,41632.0,108776.0,8.47
2026-08-30T08:58:11.920907,1,img_0512,ADRES,E,20.229,0.732,0.8206,0.9015,3525.995,41632.0,68847.0,13.39
2026-08-30T08:58:21.142628,1,img_0513,ADRES,Q,24.567,0.8316,0.8624,0.9261,4124.029,41632.0,106783.0,8.63
2026-08-30T08:58:21.142628,1,img_0513,ADRES,E,20.672,0.7492,0.8624,0.9261,3300.256,41632.0,63530.0,14.51
2026-08-30T08:58:30.214436,1,img_0514,ADRES,Q,24.551,0.8323,0.8624,0.9261,4070.756,41632.0,109256.0,8.44
2026-08-30T08:58:30.214436,1,img_0514,ADRES,E,20.661,0.7485,0.8624,0.9261,3311.064,41632.0,63875.0,14.43
2026-08-30T08:58:39.320400,1,img_0515,ADRES,Q,24.573,0.8313,0.8624,0.9261,4077.322,41632.0,106679.0,8.64
2026-08-30T08:58:39.320400,1,img_0515,ADRES,E,20.676,0.7491,0.8624,0.9261,3325.775,41632.0,63595.0,14.49
2026-08-30T08:58:48.422178,1,img_0516,ADRES,Q,24.598,0.8315,0.8624,0.9261,4081.874,41632.0,107108.0,8.6
2026-08-30T08:58:48.422178,1,img_0516,ADRES,E,20.687,0.7499,0.8624,0.9261,3329.488,41632.0,63800.0,14.45
2026-08-30T08:58:55.783097,1,img_0517,ADRES,Q,22.9,0.8107,0.8584,0.9238,2949.73,41632.0,83463.0,11.04
2026-08-30T08:58:55.783097,1,img_0517,ADRES,E,19.46,0.6756,0.8584,0.9238,2597.246,41632.0,50387.0,18.29
2026-08-30T08:59:03.182368,1,img_0518,ADRES,Q,22.879,0.8112,0.8584,0.9238,3007.083,41632.0,84807.0,10.87
2026-08-30T08:59:03.182368,1,img_0518,ADRES,E,19.341,0.6692,0.8584,0.9238,2643.515,41632.0,50683.0,18.18
2026-08-30T08:59:10.402945,1,img_0519,ADRES,Q,22.915,0.8113,0.8584,0.9238,2976.808,41632.0,80489.0,11.45
2026-08-30T08:59:10.402945,1,img_0519,ADRES,E,19.43,0.6739,0.8584,0.9238,2556.136,41632.0,48819.0,18.88
2026-08-30T08:59:18.443539,1,img_0520,ADRES,Q,22.91,0.8097,0.8584,0.9238,3004.897,41632.0,80602.0,11.43
2026-08-30T08:59:18.443539,1,img_0520,ADRES,E,19.355,0.6678,0.8584,0.9238,2521.99,41632.0,48890.0,18.85
2026-08-30T08:59:27.314547,1,img_0521,ADRES,Q,25.019,0.8441,0.8957,0.945,3774.335,41632.0,109819.0,8.39
2026-08-30T08:59:27.314547,1,img_0521,ADRES,E,21.0,0.7524,0.8957,0.945,3344.611,41632.0,67271.0,13.7
2026-08-30T08:59:36.232344,1,img_0522,ADRES,Q,25.053,0.846,0.8957,0.945,3835.461,41632.0,112904.0,8.16
2026-08-30T08:59:36.232344,1,img_0522,ADRES,E,20.986,0.7493,0.8957,0.945,3388.075,41632.0,68118.0,13.53
2026-08-30T08:59:45.270437,1,img_0523,ADRES,Q,25.08,0.8453,0.8957,0.945,3817.97,41632.0,108247.0,8.51
2026-08-30T08:59:45.270437,1,img_0523,ADRES,E,21.019,0.7523,0.8957,0.945,3346.359,41632.0,66388.0,13.88
2026-08-30T08:59:55.166731,1,img_0524,ADRES,Q,25.08,0.8446,0.8957,0.945,3835.012,41632.0,107944.0,8.54
2026-08-30T08:59:55.166731,1,img_0524,ADRES,E,21.052,0.7532,0.8957,0.945,3351.451,41632.0,66734.0,13.81
2026-08-30T09:00:05.243384,1,img_0525,ADRES,Q,26.014,0.8484,0.9087,0.9522,4183.224,41632.0,117131.0,7.87
2026-08-30T09:00:05.243384,1,img_0525,ADRES,E,21.451,0.758,0.9087,0.9522,3447.604,41632.0,70116.0,13.14
2026-08-30T09:00:14.713355,1,img_0526,ADRES,Q,26.016,0.8483,0.9087,0.9522,4215.452,41632.0,119296.0,7.73
2026-08-30T09:00:14.713355,1,img_0526,ADRES,E,21.479,0.7578,0.9087,0.9522,3449.896,41632.0,70219.0,13.12
2026-08-30T09:00:24.092515,1,img_0527,ADRES,Q,26.032,0.8486,0.9087,0.9522,4237.656,41632.0,119276.0,7.73
2026-08-30T09:00:24.092515,1,img_0527,ADRES,E,21.452,0.7592,0.9087,0.9522,3503.196,41632.0,70777.0,13.02
2026-08-30T09:00:33.478596,1,img_0528,ADRES,Q,26.058,0.8493,0.9087,0.9522,4242.091,41632.0,120626.0,7.64
2026-08-30T09:00:33.478596,1,img_0528,ADRES,E,21.519,0.7589,0.9087,0.9522,3458.572,41632.0,71265.0,12.93
2026-08-30T09:00:44.199050,1,img_0529,ADRES,Q,25.142,0.8492,0.8248,0.904,4780.496,41632.0,144247.0,6.39
2026-08-30T09:00:44.199050,1,img_0529,ADRES,E,20.746,0.7193,0.8248,0.904,4115.298,41632.0,89494.0,10.3
2026-08-30T09:00:55.634643,1,img_0530,ADRES,Q,25.096,0.8496,0.8248,0.904,4766.59,41632.0,147563.0,6.25
2026-08-30T09:00:55.634643,1,img_0530,ADRES,E,20.698,0.7176,0.8248,0.904,4120.22,41632.0,90298.0,10.21
2026-08-30T09:01:06.422916,1,img_0531,ADRES,Q,25.096,0.8483,0.8248,0.904,4833.714,41632.0,140029.0,6.58
2026-08-30T09:01:06.422916,1,img_0531,ADRES,E,20.708,0.7185,0.8248,0.904,4126.894,41632.0,86429.0,10.66
2026-08-30T09:01:17.758573,1,img_0532,ADRES,Q,25.105,0.8489,0.8248,0.904,4856.144,41632.0,139605.0,6.6
2026-08-30T09:01:17.758573,1,img_0532,ADRES,E,20.715,0.718,0.8248,0.904,4124.882,41632.0,86348.0,10.67
2026-08-30T09:01:26.477976,1,img_0533,ADRES,Q,23.925,0.8186,0.8688,0.9298,3701.975,41632.0,102923.0,8.95
2026-08-30T09:01:26.477976,1,img_0533,ADRES,E,19.21,0.6662,0.8688,0.9298,3145.487,41632.0,61637.0,14.95
2026-08-30T09:01:35.268227,1,img_0534,ADRES,Q,23.916,0.8194,0.8688,0.9298,3676.306,41632.0,106237.0,8.67
2026-08-30T09:01:35.268227,1,img_0534,ADRES,E,19.171,0.6629,0.8688,0.9298,3134.11,41632.0,62165.0,14.83
2026-08-30T09:01:43.898719,1,img_0535,ADRES,Q,23.965,0.819,0.8688,0.9298,3671.261,41632.0,100078.0,9.21
2026-08-30T09:01:43.898719,1,img_0535,ADRES,E,19.22,0.6635,0.8688,0.9298,3077.598,41632.0,59955.0,15.37
2026-08-30T09:01:52.352807,1,img_0536,ADRES,Q,23.927,0.8189,0.8688,0.9298,3696.468,41632.0,100039.0,9.21
2026-08-30T09:01:52.352807,1,img_0536,ADRES,E,19.171,0.6613,0.8688,0.9298,3064.536,41632.0,60108.0,15.33
2026-08-30T09:02:01.750618,1,img_0537,ADRES,Q,24.018,0.8258,0.8063,0.8928,4025.642,41632.0,121217.0,7.6
2026-08-30T09:02:01.750618,1,img_0537,ADRES,E,20.121,0.7327,0.8063,0.8928,3565.408,41632.0,74761.0,12.33
2026-08-30T09:02:10.944432,1,img_0538,ADRES,Q,24.04,0.8272,0.8063,0.8928,3973.027,41632.0,126676.0,7.28
2026-08-30T09:02:10.944432,1,img_0538,ADRES,E,20.097,0.7302,0.8063,0.8928,3571.165,41632.0,75503.0,12.21
2026-08-30T09:02:20.200264,1,img_0539,ADRES,Q,24.098,0.8271,0.8063,0.8928,4017.967,41632.0,123600.0,7.46
2026-08-30T09:02:20.200264,1,img_0539,ADRES,E,20.151,0.7313,0.8063,0.8928,3556.617,41632.0,75772.0,12.16
2026-08-30T09:02:33.295311,1,img_0540,ADRES,Q,24.101,0.8266,0.8063,0.8928,4030.814,41632.0,122955.0,7.5
2026-08-30T09:02:33.295311,1,img_0540,ADRES,E,20.113,0.7319,0.8063,0.8928,3579.576,41632.0,75693.0,12.18
2026-08-30T09:02:42.780227,1,img_0541,ADRES,Q,24.632,0.8373,0.8648,0.9275,4244.974,41632.0,117321.0,7.86
2026-08-30T09:02:42.780227,1,img_0541,ADRES,E,20.758,0.7464,0.8648,0.9275,3519.984,41632.0,69995.0,13.17
2026-08-30T09:02:54.424989,1,img_0542,ADRES,Q,24.594,0.8373,0.8648,0.9275,4243.103,41632.0,119944.0,7.68
2026-08-30T09:02:54.424989,1,img_0542,ADRES,E,20.692,0.7457,0.8648,0.9275,3530.056,41632.0,70287.0,13.11
2026-08-30T09:03:04.344595,1,img_0543,ADRES,Q,24.657,0.8382,0.8648,0.9275,4256.653,41632.0,119625.0,7.7
2026-08-30T09:03:04.344595,1,img_0543,ADRES,E,20.798,0.7483,0.8648,0.9275,3473.447,41632.0,70329.0,13.1
2026-08-30T09:03:14.023129,1,img_0544,ADRES,Q,24.664,0.8382,0.8648,0.9275,4212.787,41632.0,120560.0,7.64
2026-08-30T09:03:14.023129,1,img_0544,ADRES,E,20.782,0.7478,0.8648,0.9275,3534.101,41632.0,71156.0,12.95
2026-08-30T09:03:25.478158,1,img_0545,ADRES,Q,23.08,0.8107,0.8618,0.9258,2915.354,41632.0,81297.0,11.34
2026-08-30T09:03:25.478158,1,img_0545,ADRES,E,18.98,0.6504,0.8618,0.9258,2430.895,41632.0,47492.0,19.41
2026-08-30T09:03:33.945485,1,img_0546,ADRES,Q,23.098,0.8088,0.8618,0.9258,2915.589,41632.0,82601.0,11.16
2026-08-30T09:03:33.945485,1,img_0546,ADRES,E,18.879,0.6418,0.8618,0.9258,2393.494,41632.0,47665.0,19.33
2026-08-30T09:03:42.126436,1,img_0547,ADRES,Q,23.13,0.8111,0.8618,0.9258,2889.52,41632.0,78577.0,11.73
2026-08-30T09:03:42.126436,1,img_0547,ADRES,E,18.979,0.6499,0.8618,0.9258,2413.442,41632.0,46166.0,19.96
2026-08-30T09:03:49.114648,1,img_0548,ADRES,Q,23.09,0.8078,0.8618,0.9258,2821.932,41632.0,78568.0,11.73
2026-08-30T09:03:49.114648,1,img_0548,ADRES,E,18.923,0.643,0.8618,0.9258,2435.571,41632.0,46289.0,19.91
2026-08-30T09:03:58.284101,1,img_0549,ADRES,Q,24.904,0.8394,0.8828,0.9378,3898.139,41632.0,111313.0,8.28
2026-08-30T09:03:58.284101,1,img_0549,ADRES,E,20.961,0.7468,0.8828,0.9378,3332.881,41632.0,67389.0,13.68
2026-08-30T09:04:07.264365,1,img_0550,ADRES,Q,24.895,0.8407,0.8828,0.9378,3891.165,41632.0,114957.0,8.02
2026-08-30T09:04:07.264365,1,img_0550,ADRES,E,20.931,0.7456,0.8828,0.9378,3314.7,41632.0,67451.0,13.66
2026-08-30T09:04:16.472525,1,img_0551,ADRES,Q,24.98,0.8409,0.8828,0.9378,3947.414,41632.0,111142.0,8.29
2026-08-30T09:04:16.472525,1,img_0551,ADRES,E,20.984,0.7475,0.8828,0.9378,3312.493,41632.0,66429.0,13.87
2026-08-30T09:04:25.348729,1,img_0552,ADRES,Q,24.96,0.8397,0.8828,0.9378,3854.415,41632.0,111980.0,8.23
2026-08-30T09:04:25.348729,1,img_0552,ADRES,E,20.983,0.7469,0.8828,0.9378,3327.455,41632.0,66996.0,13.76
2026-08-30T09:04:34.899264,1,img_0553,ADRES,Q,25.997,0.8473,0.9067,0.9511,4244.601,41632.0,120136.0,7.67
2026-08-30T09:04:34.899264,1,img_0553,ADRES,E,21.505,0.7538,0.9067,0.9511,3553.088,41632.0,71828.0,12.83
2026-08-30T09:04:44.895665,1,img_0554,ADRES,Q,26.042,0.8474,0.9067,0.9511,4287.539,41632.0,121906.0,7.56
2026-08-30T09:04:44.895665,1,img_0554,ADRES,E,21.522,0.7533,0.9067,0.9511,3522.331,41632.0,72240.0,12.76
2026-08-30T09:04:54.400116,1,img_0555,ADRES,Q,26.036,0.8476,0.9067,0.9511,4273.542,41632.0,121576.0,7.58
2026-08-30T09:04:54.400116,1,img_0555,ADRES,E,21.51,0.754,0.9067,0.9511,3524.477,41632.0,72446.0,12.72
2026-08-30T09:05:04.236701,1,img_0556,ADRES,Q,26.062,0.8477,0.9067,0.9511,4253.946,41632.0,123361.0,7.47
2026-08-30T09:05:04.236701,1,img_0556,ADRES,E,21.538,0.7547,0.9067,0.9511,3557.821,41632.0,73227.0,12.59
2026-08-30T09:05:17.560600,1,img_0557,ADRES,Q,25.226,0.8484,0.8199,0.901,4911.421,41632.0,149755.0,6.15
2026-08-30T09:05:17.560600,1,img_0557,ADRES,E,20.566,0.7175,0.8199,0.901,4063.777,41632.0,90424.0,10.19
2026-08-30T09:05:28.417769,1,img_0558,ADRES,Q,25.219,0.8487,0.8199,0.901,4834.213,41632.0,151797.0,6.07
2026-08-30T09:05:28.417769,1,img_0558,ADRES,E,20.525,0.7159,0.8199,0.901,4095.072,41632.0,91435.0,10.08
2026-08-30T09:05:40.501724,1,img_0559,ADRES,Q,25.197,0.8482,0.8199,0.901,4868.72,41632.0,147699.0,6.24
2026-08-30T09:05:40.501724,1,img_0559,ADRES,E,20.548,0.7161,0.8199,0.901,4027.805,41632.0,89799.0,10.26
2026-08-30T09:05:51.475107,1,img_0560,ADRES,Q,25.198,0.848,0.8199,0.901,4884.427,41632.0,146925.0,6.27
2026-08-30T09:05:51.475107,1,img_0560,ADRES,E,20.49,0.7156,0.8199,0.901,4079.675,41632.0,89627.0,10.28
2026-08-30T09:06:01.639534,1,img_0561,ADRES,Q,24.483,0.8403,0.9082,0.9519,4524.267,41632.0,107952.0,8.54
2026-08-30T09:06:01.639534,1,img_0561,ADRES,E,20.653,0.7254,0.9082,0.9519,3842.594,41632.0,69454.0,13.27
2026-08-30T09:06:11.757777,1,img_0562,ADRES,Q,24.557,0.8394,0.9082,0.9519,4554.116,41632.0,109037.0,8.45
2026-08-30T09:06:11.757777,1,img_0562,ADRES,E,20.678,0.726,0.9082,0.9519,3876.881,41632.0,69347.0,13.29
2026-08-30T09:06:21.799001,1,img_0563,ADRES,Q,24.511,0.8408,0.9082,0.9519,4467.148,41632.0,109867.0,8.39
2026-08-30T09:06:21.799001,1,img_0563,ADRES,E,20.673,0.7289,0.9082,0.9519,3838.144,41632.0,69815.0,13.2
2026-08-30T09:06:31.770709,1,img_0564,ADRES,Q,24.607,0.8404,0.9082,0.9519,4437.499,41632.0,108163.0,8.52
2026-08-30T09:06:31.770709,1,img_0564,ADRES,E,20.726,0.7265,0.9082,0.9519,3805.602,41632.0,69631.0,13.24
2026-08-30T09:06:39.469496,1,img_0565,ADRES,Q,24.889,0.8619,0.8574,0.9232,2923.398,41632.0,74090.0,12.44
2026-08-30T09:06:39.469496,1,img_0565,ADRES,E,21.322,0.7693,0.8574,0.9232,2800.51,41632.0,50269.0,18.33
2026-08-30T09:06:46.788279,1,img_0566,ADRES,Q,24.874,0.8625,0.8574,0.9232,2888.963,41632.0,75518.0,12.2
2026-08-30T09:06:46.788279,1,img_0566,ADRES,E,21.295,0.7675,0.8574,0.9232,2792.488,41632.0,50657.0,18.19
2026-08-30T09:06:54.082862,1,img_0567,ADRES,Q,24.901,0.8623,0.8574,0.9232,2869.295,41632.0,75222.0,12.25
2026-08-30T09:06:54.082862,1,img_0567,ADRES,E,21.323,0.7721,0.8574,0.9232,2823.842,41632.0,50763.0,18.15
2026-08-30T09:07:01.480351,1,img_0568,ADRES,Q,24.922,0.8629,0.8574,0.9232,2952.968,41632.0,74642.0,12.35
2026-08-30T09:07:01.480351,1,img_0568,ADRES,E,21.331,0.7721,0.8574,0.9232,2813.278,41632.0,50583.0,18.22
2026-08-30T09:07:10.245544,1,img_0569,ADRES,Q,24.222,0.8546,0.8427,0.9146,3512.723,41632.0,88796.0,10.38
2026-08-30T09:07:10.245544,1,img_0569,ADRES,E,20.541,0.7627,0.8427,0.9146,3244.581,41632.0,57758.0,15.96
2026-08-30T09:07:19.439137,1,img_0570,ADRES,Q,24.182,0.8547,0.8427,0.9146,3492.701,41632.0,89623.0,10.28
2026-08-30T09:07:19.439137,1,img_0570,ADRES,E,20.511,0.7602,0.8427,0.9146,3188.053,41632.0,58112.0,15.86
2026-08-30T09:07:28.994884,1,img_0571,ADRES,Q,24.239,0.854,0.8427,0.9146,3403.376,41632.0,89136.0,10.34
2026-08-30T09:07:28.994884,1,img_0571,ADRES,E,20.57,0.7607,0.8427,0.9146,3192.615,41632.0,58323.0,15.8
2026-08-30T09:07:37.310549,1,img_0572,ADRES,Q,24.197,0.8537,0.8427,0.9146,3494.775,41632.0,89409.0,10.31
2026-08-30T09:07:37.310549,1,img_0572,ADRES,E,20.484,0.7605,0.8427,0.9146,3229.245,41632.0,58389.0,15.78
2026-08-30T09:07:45.767064,1,img_0573,ADRES,Q,24.334,0.8412,0.8575,0.9233,3416.609,41632.0,85128.0,10.83
2026-08-30T09:07:45.767064,1,img_0573,ADRES,E,20.739,0.7526,0.8575,0.9233,3127.78,41632.0,55944.0,16.47
2026-08-30T09:07:56.244796,1,img_0574,ADRES,Q,24.359,0.8404,0.8575,0.9233,3475.985,41632.0,86518.0,10.65
2026-08-30T09:07:56.244796,1,img_0574,ADRES,E,20.732,0.7497,0.8575,0.9233,3139.759,41632.0,56344.0,16.36
2026-08-30T09:08:05.042636,1,img_0575,ADRES,Q,24.368,0.8407,0.8575,0.9233,3468.089,41632.0,85640.0,10.76
2026-08-30T09:08:05.042636,1,img_0575,ADRES,E,20.747,0.7506,0.8575,0.9233,3172.25,41632.0,55764.0,16.53
2026-08-30T09:08:15.033338,1,img_0576,ADRES,Q,24.379,0.8407,0.8575,0.9233,3449.808,41632.0,85559.0,10.77
2026-08-30T09:08:15.033338,1,img_0576,ADRES,E,20.746,0.7492,0.8575,0.9233,3145.898,41632.0,55858.0,16.5
2026-08-30T09:08:22.531509,1,img_0577,ADRES,Q,23.517,0.8449,0.8429,0.9147,2885.965,41632.0,70728.0,13.03
2026-08-30T09:08:22.531509,1,img_0577,ADRES,E,20.102,0.7662,0.8429,0.9147,2732.571,41632.0,46014.0,20.03
2026-08-30T09:08:29.732482,1,img_0578,ADRES,Q,23.579,0.844,0.8429,0.9147,2849.36,41632.0,72031.0,12.79
2026-08-30T09:08:29.732482,1,img_0578,ADRES,E,20.165,0.7641,0.8429,0.9147,2673.396,41632.0,46213.0,19.94
2026-08-30T09:08:37.127850,1,img_0579,ADRES,Q,23.578,0.8458,0.8429,0.9147,2859.914,41632.0,71636.0,12.87
2026-08-30T09:08:37.127850,1,img_0579,ADRES,E,20.176,0.7666,0.8429,0.9147,2641.567,41632.0,46521.0,19.81
2026-08-30T09:08:44.841045,1,img_0580,ADRES,Q,23.586,0.8446,0.8429,0.9147,2845.622,41632.0,72244.0,12.76
2026-08-30T09:08:44.841045,1,img_0580,ADRES,E,20.14,0.7637,0.8429,0.9147,2730.243,41632.0,46716.0,19.73
2026-08-30T09:08:52.182080,1,img_0581,ADRES,Q,23.123,0.8441,0.8645,0.9273,2902.658,41632.0,76981.0,11.97
2026-08-30T09:08:52.182080,1,img_0581,ADRES,E,19.697,0.7621,0.8645,0.9273,2750.102,41632.0,48814.0,18.88
2026-08-30T09:08:59.631476,1,img_0582,ADRES,Q,23.146,0.8436,0.8645,0.9273,2965.419,41632.0,78497.0,11.74
2026-08-30T09:08:59.631476,1,img_0582,ADRES,E,19.739,0.7583,0.8645,0.9273,2686.163,41632.0,48927.0,18.84
2026-08-30T09:09:07.106653,1,img_0583,ADRES,Q,23.174,0.8451,0.8645,0.9273,2982.314,41632.0,82101.0,11.23
2026-08-30T09:09:07.106653,1,img_0583,ADRES,E,19.783,0.7646,0.8645,0.9273,2786.773,41632.0,50992.0,18.07
2026-08-30T09:09:14.579757,1,img_0584,ADRES,Q,23.201,0.8458,0.8645,0.9273,3000.314,41632.0,81856.0,11.26
2026-08-30T09:09:14.579757,1,img_0584,ADRES,E,19.762,0.7634,0.8645,0.9273,2777.255,41632.0,51117.0,18.03
2026-08-30T09:09:24.413027,1,img_0585,ADRES,Q,24.429,0.8506,0.7887,0.8819,4202.384,41632.0,114311.0,8.06
2026-08-30T09:09:24.413027,1,img_0585,ADRES,E,20.692,0.7305,0.7887,0.8819,3892.929,41632.0,75401.0,12.22
2026-08-30T09:09:37.587001,1,img_0586,ADRES,Q,24.482,0.8503,0.7887,0.8819,4219.137,41632.0,114175.0,8.07
2026-08-30T09:09:37.587001,1,img_0586,ADRES,E,20.726,0.7295,0.7887,0.8819,3861.839,41632.0,75575.0,12.19
2026-08-30T09:09:47.486830,1,img_0587,ADRES,Q,24.446,0.851,0.7887,0.8819,4249.174,41632.0,115708.0,7.96
2026-08-30T09:09:47.486830,1,img_0587,ADRES,E,20.714,0.7307,0.7887,0.8819,3962.433,41632.0,76380.0,12.07
2026-08-30T09:10:00.213078,1,img_0588,ADRES,Q,24.479,0.8509,0.7887,0.8819,4202.125,41632.0,115273.0,7.99
2026-08-30T09:10:00.213078,1,img_0588,ADRES,E,20.742,0.7298,0.7887,0.8819,3851.558,41632.0,76289.0,12.08
2026-08-30T09:10:10.761485,1,img_0589,ADRES,Q,23.964,0.8182,0.8438,0.9153,4536.462,41632.0,112030.0,8.23
2026-08-30T09:10:10.761485,1,img_0589,ADRES,E,20.726,0.7103,0.8438,0.9153,3767.211,41632.0,68997.0,13.36
2026-08-30T09:10:20.839022,1,img_0590,ADRES,Q,23.974,0.8189,0.8438,0.9153,4546.23,41632.0,113416.0,8.13
2026-08-30T09:10:20.839022,1,img_0590,ADRES,E,20.772,0.7087,0.8438,0.9153,3809.163,41632.0,69331.0,13.29
2026-08-30T09:10:31.196905,1,img_0591,ADRES,Q,24.0,0.8193,0.8438,0.9153,4555.462,41632.0,114117.0,8.08
2026-08-30T09:10:31.196905,1,img_0591,ADRES,E,20.742,0.711,0.8438,0.9153,3852.187,41632.0,70460.0,13.08
2026-08-30T09:10:41.709435,1,img_0592,ADRES,Q,24.018,0.8194,0.8438,0.9153,4527.42,41632.0,113839.0,8.1
2026-08-30T09:10:41.709435,1,img_0592,ADRES,E,20.838,0.7122,0.8438,0.9153,3784.183,41632.0,70029.0,13.16
2026-08-30T09:10:51.875046,1,img_0593,ADRES,Q,23.63,0.8331,0.8274,0.9055,4294.573,41632.0,114249.0,8.07
2026-08-30T09:10:51.875046,1,img_0593,ADRES,E,20.125,0.7238,0.8274,0.9055,3834.055,41632.0,72767.0,12.67
2026-08-30T09:11:01.812788,1,img_0594,ADRES,Q,23.63,0.8341,0.8274,0.9055,4358.247,41632.0,116808.0,7.89
2026-08-30T09:11:01.812788,1,img_0594,ADRES,E,20.112,0.7212,0.8274,0.9055,3885.462,41632.0,73417.0,12.55
2026-08-30T09:11:11.707290,1,img_0595,ADRES,Q,23.668,0.8328,0.8274,0.9055,4304.522,41632.0,115542.0,7.98
2026-08-30T09:11:11.707290,1,img_0595,ADRES,E,20.166,0.7222,0.8274,0.9055,3837.464,41632.0,73352.0,12.56
2026-08-30T09:11:21.510490,1,img_0596,ADRES,Q,23.644,0.8326,0.8274,0.9055,4285.71,41632.0,115644.0,7.97
2026-08-30T09:11:21.510490,1,img_0596,ADRES,E,20.109,0.7208,0.8274,0.9055,3860.277,41632.0,73803.0,12.49
2026-08-30T09:11:30.878727,1,img_0597,ADRES,Q,22.823,0.8023,0.7875,0.8811,4012.332,41632.0,108767.0,8.47
2026-08-30T09:11:30.878727,1,img_0597,ADRES,E,19.387,0.6995,0.7875,0.8811,3653.749,41632.0,68494.0,13.46
2026-08-30T09:11:40.272529,1,img_0598,ADRES,Q,22.781,0.8032,0.7875,0.8811,4028.053,41632.0,112471.0,8.19
2026-08-30T09:11:40.272529,1,img_0598,ADRES,E,19.345,0.6945,0.7875,0.8811,3606.703,41632.0,69353.0,13.29
2026-08-30T09:11:49.576844,1,img_0599,ADRES,Q,22.855,0.8022,0.7875,0.8811,4026.558,41632.0,111822.0,8.24
2026-08-30T09:11:49.576844,1,img_0599,ADRES,E,19.426,0.695,0.7875,0.8811,3580.619,41632.0,70137.0,13.14
2026-08-30T09:11:58.982279,1,img_0600,ADRES,Q,22.809,0.8023,0.7875,0.8811,4022.418,41632.0,111850.0,8.24
2026-08-30T09:11:58.982279,1,img_0600,ADRES,E,19.343,0.6948,0.7875,0.8811,3598.804,41632.0,70381.0,13.09
2026-08-30T09:12:08.266849,1,img_0601,ADRES,Q,23.947,0.8171,0.8436,0.9152,4097.612,41632.0,106180.0,8.68
2026-08-30T09:12:08.266849,1,img_0601,ADRES,E,20.039,0.7185,0.8436,0.9152,3472.651,41632.0,64461.0,14.3
2026-08-30T09:12:17.727613,1,img_0602,ADRES,Q,23.99,0.817,0.8436,0.9152,4193.213,41632.0,108767.0,8.47
2026-08-30T09:12:17.727613,1,img_0602,ADRES,E,20.106,0.7157,0.8436,0.9152,3489.327,41632.0,65328.0,14.11
2026-08-30T09:12:27.046875,1,img_0603,ADRES,Q,23.98,0.8167,0.8436,0.9152,4157.071,41632.0,105381.0,8.75
2026-08-30T09:12:27.046875,1,img_0603,ADRES,E,20.06,0.7155,0.8436,0.9152,3490.307,41632.0,64146.0,14.37
2026-08-30T09:12:36.621634,1,img_0604,ADRES,Q,24.024,0.8166,0.8436,0.9152,4084.48,41632.0,104917.0,8.78
2026-08-30T09:12:36.621634,1,img_0604,ADRES,E,20.093,0.7158,0.8436,0.9152,3470.586,41632.0,64074.0,14.38
2026-08-30T09:12:43.656712,1,img_0605,ADRES,Q,21.313,0.7793,0.7747,0.8731,2787.757,41632.0,73777.0,12.49
2026-08-30T09:12:43.656712,1,img_0605,ADRES,E,18.271,0.6785,0.7747,0.8731,2541.45,41632.0,45736.0,20.15
2026-08-30T09:12:50.723588,1,img_0606,ADRES,Q,21.367,0.7796,0.7747,0.8731,2764.687,41632.0,76563.0,12.04
2026-08-30T09:12:50.723588,1,img_0606,ADRES,E,18.303,0.6738,0.7747,0.8731,2543.227,41632.0,46434.0,19.85
2026-08-30T09:12:57.599403,1,img_0607,ADRES,Q,21.391,0.7812,0.7747,0.8731,2745.139,41632.0,77307.0,11.92
2026-08-30T09:12:57.599403,1,img_0607,ADRES,E,18.358,0.6832,0.7747,0.8731,2509.905,41632.0,47085.0,19.57
2026-08-30T09:13:04.576805,1,img_0608,ADRES,Q,21.418,0.7805,0.7747,0.8731,2739.89,41632.0,78032.0,11.81
2026-08-30T09:13:04.576805,1,img_0608,ADRES,E,18.353,0.6804,0.7747,0.8731,2526.03,41632.0,47211.0,19.52
2026-08-30T09:13:13.240179,1,img_0609,ADRES,Q,22.554,0.8073,0.8424,0.9144,3508.389,41632.0,101264.0,9.1
2026-08-30T09:13:13.240179,1,img_0609,ADRES,E,19.573,0.7076,0.8424,0.9144,3185.624,41632.0,63049.0,14.62
2026-08-30T09:13:21.500180,1,img_0610,ADRES,Q,22.53,0.8088,0.8424,0.9144,3469.413,41632.0,103808.0,8.88
2026-08-30T09:13:21.500180,1,img_0610,ADRES,E,19.491,0.7044,0.8424,0.9144,3172.774,41632.0,63509.0,14.51
2026-08-30T09:13:29.995666,1,img_0611,ADRES,Q,22.617,0.8098,0.8424,0.9144,3466.396,41632.0,108505.0,8.49
2026-08-30T09:13:29.995666,1,img_0611,ADRES,E,19.607,0.7115,0.8424,0.9144,3175.024,41632.0,66233.0,13.91
2026-08-30T09:13:39.368413,1,img_0612,ADRES,Q,22.61,0.8098,0.8424,0.9144,3533.796,41632.0,108360.0,8.5
2026-08-30T09:13:39.368413,1,img_0612,ADRES,E,19.644,0.7103,0.8424,0.9144,3207.674,41632.0,66439.0,13.87
2026-08-30T09:13:50.241397,1,img_0613,ADRES,Q,23.463,0.8136,0.7374,0.8488,4950.399,41632.0,136130.0,6.77
2026-08-30T09:13:50.241397,1,img_0613,ADRES,E,19.974,0.6809,0.7374,0.8488,4299.156,41632.0,85027.0,10.84
2026-08-30T09:14:01.675493,1,img_0614,ADRES,Q,23.49,0.8134,0.7374,0.8488,4968.438,41632.0,136170.0,6.77
2026-08-30T09:14:01.675493,1,img_0614,ADRES,E,20.025,0.6808,0.7374,0.8488,4245.211,41632.0,84884.0,10.86
2026-08-30T09:14:12.848711,1,img_0615,ADRES,Q,23.496,0.8149,0.7374,0.8488,4905.779,41632.0,140629.0,6.55
2026-08-30T09:14:12.848711,1,img_0615,ADRES,E,20.04,0.6824,0.7374,0.8488,4259.961,41632.0,86684.0,10.63
2026-08-30T09:14:23.756556,1,img_0616,ADRES,Q,23.503,0.8145,0.7374,0.8488,4889.552,41632.0,139969.0,6.58
2026-08-30T09:14:23.756556,1,img_0616,ADRES,E,20.003,0.682,0.7374,0.8488,4225.062,41632.0,86553.0,10.65
2026-08-30T09:14:33.798221,1,img_0617,ADRES,Q,24.011,0.8032,0.8093,0.8946,4628.567,41632.0,112594.0,8.19
2026-08-30T09:14:33.798221,1,img_0617,ADRES,E,20.273,0.6994,0.8093,0.8946,3679.675,41632.0,67045.0,13.75
2026-08-30T09:14:43.816284,1,img_0618,ADRES,Q,23.961,0.8032,0.8093,0.8946,4691.452,41632.0,114749.0,8.03
2026-08-30T09:14:43.816284,1,img_0618,ADRES,E,20.251,0.6965,0.8093,0.8946,3675.089,41632.0,67606.0,13.63
2026-08-30T09:14:54.004869,1,img_0619,ADRES,Q,24.093,0.8045,0.8093,0.8946,4688.152,41632.0,115121.0,8.01
2026-08-30T09:14:54.004869,1,img_0619,ADRES,E,20.329,0.7027,0.8093,0.8946,3698.035,41632.0,68296.0,13.49
2026-08-30T09:15:04.027552,1,img_0620,ADRES,Q,24.016,0.8046,0.8093,0.8946,4624.121,41632.0,114490.0,8.05
2026-08-30T09:15:04.027552,1,img_0620,ADRES,E,20.308,0.701,0.8093,0.8946,3682.039,41632.0,68398.0,13.47
2026-08-30T09:15:14.027379,1,img_0621,ADRES,Q,23.463,0.8115,0.8288,0.9064,4513.264,41632.0,119799.0,7.69
2026-08-30T09:15:14.027379,1,img_0621,ADRES,E,19.998,0.712,0.8288,0.9064,3745.954,41632.0,71485.0,12.89
2026-08-30T09:15:24.246421,1,img_0622,ADRES,Q,23.433,0.8116,0.8288,0.9064,4588.183,41632.0,123228.0,7.48
2026-08-30T09:15:24.246421,1,img_0622,ADRES,E,19.951,0.7061,0.8288,0.9064,3738.698,41632.0,72239.0,12.76
2026-08-30T09:15:34.654542,1,img_0623,ADRES,Q,23.522,0.8116,0.8288,0.9064,4563.75,41632.0,121195.0,7.6
2026-08-30T09:15:34.654542,1,img_0623,ADRES,E,20.0,0.7087,0.8288,0.9064,3738.422,41632.0,71684.0,12.86
2026-08-30T09:15:44.455319,1,img_0624,ADRES,Q,23.478,0.8117,0.8288,0.9064,4493.905,41632.0,121597.0,7.58
2026-08-30T09:15:44.455319,1,img_0624,ADRES,E,19.989,0.7085,0.8288,0.9064,3698.957,41632.0,72098.0,12.78
2026-08-30T09:15:54.519659,1,img_0625,ADRES,Q,23.153,0.8058,0.8211,0.9018,4444.56,41632.0,121990.0,7.55
2026-08-30T09:15:54.519659,1,img_0625,ADRES,E,19.679,0.6802,0.8211,0.9018,3847.522,41632.0,75371.0,12.23
2026-08-30T09:16:04.422970,1,img_0626,ADRES,Q,23.108,0.8051,0.8211,0.9018,4409.376,41632.0,125631.0,7.34
2026-08-30T09:16:04.422970,1,img_0626,ADRES,E,19.613,0.6758,0.8211,0.9018,3845.113,41632.0,75825.0,12.15
2026-08-30T09:16:14.370853,1,img_0627,ADRES,Q,23.2,0.8068,0.8211,0.9018,4408.698,41632.0,122875.0,7.5
2026-08-30T09:16:14.370853,1,img_0627,ADRES,E,19.726,0.6799,0.8211,0.9018,3882.387,41632.0,75176.0,12.26
2026-08-30T09:16:24.560650,1,img_0628,ADRES,Q,23.182,0.8061,0.8211,0.9018,4477.43,41632.0,123434.0,7.47
2026-08-30T09:16:24.560650,1,img_0628,ADRES,E,19.701,0.6801,0.8211,0.9018,3846.134,41632.0,75733.0,12.17
2026-08-30T09:16:35.493210,1,img_0629,ADRES,Q,24.264,0.8113,0.8161,0.8988,5112.054,41632.0,124439.0,7.41
2026-08-30T09:16:35.493210,1,img_0629,ADRES,E,20.654,0.704,0.8161,0.8988,4017.768,41632.0,75787.0,12.16
2026-08-30T09:16:46.397143,1,img_0630,ADRES,Q,24.266,0.8101,0.8161,0.8988,5165.378,41632.0,127319.0,7.24
2026-08-30T09:16:46.397143,1,img_0630,ADRES,E,20.701,0.7011,0.8161,0.8988,4041.796,41632.0,76019.0,12.12
2026-08-30T09:16:57.270486,1,img_0631,ADRES,Q,24.314,0.8111,0.8161,0.8988,5120.671,41632.0,124786.0,7.39
2026-08-30T09:16:57.270486,1,img_0631,ADRES,E,20.695,0.7019,0.8161,0.8988,4051.015,41632.0,75760.0,12.16
2026-08-30T09:17:08.116184,1,img_0632,ADRES,Q,24.281,0.8102,0.8161,0.8988,5173.359,41632.0,124777.0,7.39
2026-08-30T09:17:08.116184,1,img_0632,ADRES,E,20.705,0.7003,0.8161,0.8988,4038.679,41632.0,75774.0,12.16
2026-08-30T09:17:17.130373,1,img_0633,ADRES,Q,22.492,0.7851,0.8157,0.8985,3941.125,41632.0,100638.0,9.16
2026-08-30T09:17:17.130373,1,img_0633,ADRES,E,19.13,0.6802,0.8157,0.8985,3363.105,41632.0,60895.0,15.13
2026-08-30T09:17:26.218695,1,img_0634,ADRES,Q,22.495,0.7855,0.8157,0.8985,4054.095,41632.0,103379.0,8.91
2026-08-30T09:17:26.218695,1,img_0634,ADRES,E,19.135,0.6771,0.8157,0.8985,3409.404,41632.0,61738.0,14.93
2026-08-30T09:17:36.018741,1,img_0635,ADRES,Q,22.587,0.7867,0.8157,0.8985,4027.393,41632.0,102285.0,9.01
2026-08-30T09:17:36.018741,1,img_0635,ADRES,E,19.197,0.6826,0.8157,0.8985,3406.536,41632.0,61842.0,14.9
2026-08-30T09:17:45.068627,1,img_0636,ADRES,Q,22.574,0.7863,0.8157,0.8985,3986.147,41632.0,101869.0,9.05
2026-08-30T09:17:45.068627,1,img_0636,ADRES,E,19.202,0.6809,0.8157,0.8985,3344.915,41632.0,61371.0,15.02
2026-08-30T09:17:55.207102,1,img_0637,ADRES,Q,23.277,0.8064,0.8474,0.9174,4496.867,41632.0,116372.0,7.92
2026-08-30T09:17:55.207102,1,img_0637,ADRES,E,19.899,0.69,0.8474,0.9174,3803.508,41632.0,71856.0,12.83
2026-08-30T09:18:05.593752,1,img_0638,ADRES,Q,23.291,0.8073,0.8474,0.9174,4513.524,41632.0,118188.0,7.8
2026-08-30T09:18:05.593752,1,img_0638,ADRES,E,19.879,0.6879,0.8474,0.9174,3875.595,41632.0,72126.0,12.78
2026-08-30T09:18:15.680577,1,img_0639,ADRES,Q,23.335,0.8077,0.8474,0.9174,4436.92,41632.0,123423.0,7.47
2026-08-30T09:18:15.680577,1,img_0639,ADRES,E,19.914,0.6907,0.8474,0.9174,3807.24,41632.0,74969.0,12.29
2026-08-30T09:18:25.654617,1,img_0640,ADRES,Q,23.358,0.8078,0.8474,0.9174,4439.158,41632.0,122923.0,7.5
2026-08-30T09:18:25.654617,1,img_0640,ADRES,E,19.916,0.6896,0.8474,0.9174,3824.838,41632.0,75261.0,12.25
2026-08-30T09:18:37.916837,1,img_0641,ADRES,Q,23.556,0.8106,0.7353,0.8475,5363.727,41632.0,144578.0,6.37
2026-08-30T09:18:37.916837,1,img_0641,ADRES,E,19.965,0.6734,0.7353,0.8475,4346.273,41632.0,87200.0,10.57
2026-08-30T09:18:49.427252,1,img_0642,ADRES,Q,23.57,0.811,0.7353,0.8475,5375.704,41632.0,144777.0,6.37
2026-08-30T09:18:49.427252,1,img_0642,ADRES,E,19.918,0.6736,0.7353,0.8475,4329.862,41632.0,87413.0,10.54
2026-08-30T09:19:01.061777,1,img_0643,ADRES,Q,23.57,0.811,0.7353,0.8475,5312.292,41632.0,146752.0,6.28
2026-08-30T09:19:01.061777,1,img_0643,ADRES,E,19.945,0.6734,0.7353,0.8475,4330.509,41632.0,88421.0,10.42
2026-08-30T09:19:13.057866,1,img_0644,ADRES,Q,23.589,0.8111,0.7353,0.8475,5324.174,41632.0,147210.0,6.26
2026-08-30T09:19:13.057866,1,img_0644,ADRES,E,19.963,0.6736,0.7353,0.8475,4353.715,41632.0,88317.0,10.44
2026-08-30T09:19:22.953989,1,img_0645,ADRES,Q,23.811,0.8033,0.8002,0.889,4552.756,41632.0,111412.0,8.27
2026-08-30T09:19:22.953989,1,img_0645,ADRES,E,20.229,0.7007,0.8002,0.889,3587.472,41632.0,66272.0,13.91
2026-08-30T09:19:32.836484,1,img_0646,ADRES,Q,23.742,0.8034,0.8002,0.889,4562.876,41632.0,113127.0,8.15
2026-08-30T09:19:32.836484,1,img_0646,ADRES,E,20.271,0.7007,0.8002,0.889,3599.348,41632.0,66696.0,13.82
2026-08-30T09:19:42.810677,1,img_0647,ADRES,Q,23.865,0.8048,0.8002,0.889,4530.455,41632.0,114968.0,8.02
2026-08-30T09:19:42.810677,1,img_0647,ADRES,E,20.27,0.7052,0.8002,0.889,3591.486,41632.0,67620.0,13.63
2026-08-30T09:19:52.864223,1,img_0648,ADRES,Q,23.807,0.8049,0.8002,0.889,4512.334,41632.0,113870.0,8.09
2026-08-30T09:19:52.864223,1,img_0648,ADRES,E,20.287,0.7044,0.8002,0.889,3663.046,41632.0,68433.0,13.47
2026-08-30T09:20:02.637197,1,img_0649,ADRES,Q,23.365,0.8093,0.8198,0.901,4436.489,41632.0,116772.0,7.89
2026-08-30T09:20:02.637197,1,img_0649,ADRES,E,20.015,0.7026,0.8198,0.901,3682.348,41632.0,70598.0,13.05
2026-08-30T09:20:13.198086,1,img_0650,ADRES,Q,23.323,0.8096,0.8198,0.901,4499.647,41632.0,120741.0,7.63
2026-08-30T09:20:13.198086,1,img_0650,ADRES,E,19.951,0.6983,0.8198,0.901,3727.473,41632.0,71220.0,12.94
2026-08-30T09:20:25.437304,1,img_0651,ADRES,Q,23.394,0.8102,0.8198,0.901,4473.737,41632.0,118276.0,7.79
2026-08-30T09:20:25.437304,1,img_0651,ADRES,E,20.037,0.7027,0.8198,0.901,3682.405,41632.0,70852.0,13.01
2026-08-30T09:20:35.206404,1,img_0652,ADRES,Q,23.392,0.81,0.8198,0.901,4430.447,41632.0,118979.0,7.75
2026-08-30T09:20:35.206404,1,img_0652,ADRES,E,20.005,0.6997,0.8198,0.901,3681.106,41632.0,71030.0,12.97
2026-08-30T09:20:44.882983,1,img_0653,ADRES,Q,22.964,0.7978,0.8211,0.9018,4270.736,41632.0,117192.0,7.86
2026-08-30T09:20:44.882983,1,img_0653,ADRES,E,19.418,0.6619,0.8211,0.9018,3709.41,41632.0,72753.0,12.67
2026-08-30T09:20:54.577150,1,img_0654,ADRES,Q,22.884,0.7969,0.8211,0.9018,4283.978,41632.0,121019.0,7.62
2026-08-30T09:20:54.577150,1,img_0654,ADRES,E,19.316,0.6571,0.8211,0.9018,3721.91,41632.0,73060.0,12.61
2026-08-30T09:21:04.950912,1,img_0655,ADRES,Q,23.031,0.7994,0.8211,0.9018,4261.564,41632.0,119757.0,7.7
2026-08-30T09:21:04.950912,1,img_0655,ADRES,E,19.476,0.6643,0.8211,0.9018,3725.986,41632.0,73484.0,12.54
2026-08-30T09:21:14.848473,1,img_0656,ADRES,Q,22.981,0.7983,0.8211,0.9018,4260.992,41632.0,119659.0,7.7
2026-08-30T09:21:14.848473,1,img_0656,ADRES,E,19.417,0.6624,0.8211,0.9018,3727.11,41632.0,73277.0,12.58
2026-08-30T09:21:25.563091,1,img_0657,ADRES,Q,23.871,0.8042,0.8114,0.8959,4893.1,41632.0,120689.0,7.64
2026-08-30T09:21:25.563091,1,img_0657,ADRES,E,20.382,0.6937,0.8114,0.8959,3969.974,41632.0,74743.0,12.33
2026-08-30T09:21:36.442199,1,img_0658,ADRES,Q,23.845,0.8038,0.8114,0.8959,4883.137,41632.0,123453.0,7.47
2026-08-30T09:21:36.442199,1,img_0658,ADRES,E,20.427,0.692,0.8114,0.8959,3977.341,41632.0,75117.0,12.27
2026-08-30T09:21:47.202269,1,img_0659,ADRES,Q,23.878,0.8033,0.8114,0.8959,4914.216,41632.0,120482.0,7.65
2026-08-30T09:21:47.202269,1,img_0659,ADRES,E,20.392,0.6913,0.8114,0.8959,3953.748,41632.0,74482.0,12.37
2026-08-30T09:21:57.884773,1,img_0660,ADRES,Q,23.904,0.8036,0.8114,0.8959,4889.169,41632.0,120329.0,7.66
2026-08-30T09:21:57.884773,1,img_0660,ADRES,E,20.437,0.6903,0.8114,0.8959,3997.211,41632.0,74735.0,12.33
2026-08-30T09:22:07.259593,1,img_0661,ADRES,Q,22.67,0.7861,0.8157,0.8985,4112.763,41632.0,103144.0,8.94
2026-08-30T09:22:07.259593,1,img_0661,ADRES,E,19.303,0.6773,0.8157,0.8985,3388.016,41632.0,62489.0,14.75
2026-08-30T09:22:16.435979,1,img_0662,ADRES,Q,22.67,0.7865,0.8157,0.8985,4097.541,41632.0,106439.0,8.66
2026-08-30T09:22:16.435979,1,img_0662,ADRES,E,19.354,0.6759,0.8157,0.8985,3384.331,41632.0,62666.0,14.71
2026-08-30T09:22:25.707334,1,img_0663,ADRES,Q,22.749,0.7876,0.8157,0.8985,4042.043,41632.0,105148.0,8.76
2026-08-30T09:22:25.707334,1,img_0663,ADRES,E,19.37,0.6802,0.8157,0.8985,3397.589,41632.0,63056.0,14.62
2026-08-30T09:22:35.535341,1,img_0664,ADRES,Q,22.749,0.7884,0.8157,0.8985,4125.521,41632.0,104577.0,8.81
2026-08-30T09:22:35.535341,1,img_0664,ADRES,E,19.404,0.6784,0.8157,0.8985,3441.185,41632.0,62742.0,14.69
2026-08-30T09:22:46.883261,1,img_0665,ADRES,Q,23.429,0.8093,0.8409,0.9135,4568.236,41632.0,117511.0,7.84
2026-08-30T09:22:46.883261,1,img_0665,ADRES,E,19.797,0.6817,0.8409,0.9135,3808.595,41632.0,72317.0,12.74
2026-08-30T09:22:57.250598,1,img_0666,ADRES,Q,23.46,0.8091,0.8409,0.9135,4651.456,41632.0,119359.0,7.72
2026-08-30T09:22:57.250598,1,img_0666,ADRES,E,19.789,0.6795,0.8409,0.9135,3813.936,41632.0,72271.0,12.75
2026-08-30T09:23:07.335636,1,img_0667,ADRES,Q,23.518,0.8109,0.8409,0.9135,4562.05,41632.0,121835.0,7.56
2026-08-30T09:23:07.335636,1,img_0667,ADRES,E,19.868,0.6855,0.8409,0.9135,3859.38,41632.0,74388.0,12.39
2026-08-30T09:23:17.574530,1,img_0668,ADRES,Q,23.524,0.8101,0.8409,0.9135,4513.39,41632.0,123910.0,7.44
2026-08-30T09:23:17.574530,1,img_0668,ADRES,E,19.893,0.6846,0.8409,0.9135,3882.976,41632.0,74583.0,12.36
2026-08-30T09:23:28.955931,1,img_0669,ADRES,Q,23.604,0.8093,0.7353,0.8475,5307.683,41632.0,143570.0,6.42
2026-08-30T09:23:28.955931,1,img_0669,ADRES,E,19.931,0.67,0.7353,0.8475,4324.334,41632.0,87269.0,10.56
2026-08-30T09:23:40.965428,1,img_0670,ADRES,Q,23.587,0.809,0.7353,0.8475,5330.516,41632.0,144737.0,6.37
2026-08-30T09:23:40.965428,1,img_0670,ADRES,E,19.897,0.6678,0.7353,0.8475,4333.646,41632.0,87700.0,10.51
2026-08-30T09:23:52.930897,1,img_0671,ADRES,Q,23.616,0.8102,0.7353,0.8475,5349.807,41632.0,146538.0,6.29
2026-08-30T09:23:52.930897,1,img_0671,ADRES,E,19.957,0.671,0.7353,0.8475,4348.643,41632.0,88794.0,10.38
2026-08-30T09:24:04.479138,1,img_0672,ADRES,Q,23.607,0.8091,0.7353,0.8475,5246.601,41632.0,146700.0,6.28
2026-08-30T09:24:04.479138,1,img_0672,ADRES,E,19.963,0.6699,0.7353,0.8475,4360.15,41632.0,88664.0,10.39
2026-08-30T09:24:16.703888,1,img_0673,ADRES,Q,23.7,0.8007,0.7991,0.8883,4625.546,41632.0,111851.0,8.24
2026-08-30T09:24:16.703888,1,img_0673,ADRES,E,20.28,0.6955,0.7991,0.8883,3634.786,41632.0,67258.0,13.7
2026-08-30T09:24:26.953312,1,img_0674,ADRES,Q,23.673,0.8008,0.7991,0.8883,4663.545,41632.0,114035.0,8.08
2026-08-30T09:24:26.953312,1,img_0674,ADRES,E,20.333,0.6957,0.7991,0.8883,3680.972,41632.0,67718.0,13.61
2026-08-30T09:24:36.958037,1,img_0675,ADRES,Q,23.773,0.8017,0.7991,0.8883,4620.726,41632.0,114763.0,8.03
2026-08-30T09:24:36.958037,1,img_0675,ADRES,E,20.355,0.6986,0.7991,0.8883,3660.665,41632.0,68747.0,13.41
2026-08-30T09:24:47.496402,1,img_0676,ADRES,Q,23.708,0.8015,0.7991,0.8883,4610.561,41632.0,114512.0,8.05
2026-08-30T09:24:47.496402,1,img_0676,ADRES,E,20.354,0.6981,0.7991,0.8883,3649.406,41632.0,68980.0,13.36
2026-08-30T09:24:58.001169,1,img_0677,ADRES,Q,23.402,0.8137,0.8218,0.9022,4419.087,41632.0,118019.0,7.81
2026-08-30T09:24:58.001169,1,img_0677,ADRES,E,19.818,0.6868,0.8218,0.9022,3753.498,41632.0,73287.0,12.58
2026-08-30T09:25:10.071453,1,img_0678,ADRES,Q,23.399,0.8136,0.8218,0.9022,4524.079,41632.0,122123.0,7.55
2026-08-30T09:25:10.071453,1,img_0678,ADRES,E,19.813,0.6838,0.8218,0.9022,3777.162,41632.0,74002.0,12.45
2026-08-30T09:25:22.296859,1,img_0679,ADRES,Q,23.46,0.8145,0.8218,0.9022,4416.541,41632.0,120674.0,7.64
2026-08-30T09:25:22.296859,1,img_0679,ADRES,E,19.838,0.6854,0.8218,0.9022,3792.158,41632.0,74210.0,12.42
2026-08-30T09:25:38.478855,1,img_0680,ADRES,Q,23.451,0.8138,0.8218,0.9022,4460.274,41632.0,120581.0,7.64
2026-08-30T09:25:38.478855,1,img_0680,ADRES,E,19.831,0.6847,0.8218,0.9022,3777.731,41632.0,73964.0,12.46
2026-08-30T09:25:50.714431,1,img_0681,ADRES,Q,23.092,0.7937,0.829,0.9065,4592.905,41632.0,121412.0,7.59
2026-08-30T09:25:50.714431,1,img_0681,ADRES,E,19.252,0.6413,0.829,0.9065,3940.076,41632.0,75779.0,12.16
2026-08-30T09:26:05.299184,1,img_0682,ADRES,Q,23.037,0.7932,0.829,0.9065,4585.591,41632.0,124047.0,7.43
2026-08-30T09:26:05.299184,1,img_0682,ADRES,E,19.211,0.6389,0.829,0.9065,3913.029,41632.0,76034.0,12.12
2026-08-30T09:26:16.180564,1,img_0683,ADRES,Q,23.162,0.7954,0.829,0.9065,4573.04,41632.0,122491.0,7.52
2026-08-30T09:26:16.180564,1,img_0683,ADRES,E,19.287,0.6418,0.829,0.9065,3931.543,41632.0,75784.0,12.16
2026-08-30T09:26:28.323654,1,img_0684,ADRES,Q,23.103,0.7938,0.829,0.9065,4534.524,41632.0,122695.0,7.51
2026-08-30T09:26:28.323654,1,img_0684,ADRES,E,19.243,0.6397,0.829,0.9065,3951.298,41632.0,76376.0,12.07
2026-08-30T09:26:39.703767,1,img_0685,ADRES,Q,23.506,0.7972,0.8002,0.889,4816.599,41632.0,119481.0,7.71
2026-08-30T09:26:39.703767,1,img_0685,ADRES,E,20.063,0.6817,0.8002,0.889,3878.531,41632.0,73505.0,12.54
2026-08-30T09:26:53.684208,1,img_0686,ADRES,Q,23.528,0.7978,0.8002,0.889,4859.468,41632.0,122195.0,7.54
2026-08-30T09:26:53.684208,1,img_0686,ADRES,E,20.067,0.6795,0.8002,0.889,3890.567,41632.0,74251.0,12.41
2026-08-30T09:27:06.204158,1,img_0687,ADRES,Q,23.539,0.7966,0.8002,0.889,4826.01,41632.0,118965.0,7.75
2026-08-30T09:27:06.204158,1,img_0687,ADRES,E,20.036,0.6773,0.8002,0.889,3915.121,41632.0,73591.0,12.52
2026-08-30T09:27:18.712650,1,img_0688,ADRES,Q,23.567,0.797,0.8002,0.889,4837.808,41632.0,119306.0,7.72
2026-08-30T09:27:18.712650,1,img_0688,ADRES,E,20.11,0.6774,0.8002,0.889,3926.022,41632.0,73738.0,12.5
2026-08-30T09:27:29.974926,1,img_0689,ADRES,Q,22.658,0.7871,0.8202,0.9012,4077.498,41632.0,104149.0,8.85
2026-08-30T09:27:29.974926,1,img_0689,ADRES,E,19.391,0.676,0.8202,0.9012,3373.286,41632.0,62383.0,14.77
2026-08-30T09:27:41.072185,1,img_0690,ADRES,Q,22.65,0.7873,0.8202,0.9012,4204.459,41632.0,107526.0,8.57
2026-08-30T09:27:41.072185,1,img_0690,ADRES,E,19.409,0.6734,0.8202,0.9012,3453.478,41632.0,62831.0,14.67
2026-08-30T09:27:50.756616,1,img_0691,ADRES,Q,22.733,0.789,0.8202,0.9012,4129.894,41632.0,105361.0,8.75
2026-08-30T09:27:50.756616,1,img_0691,ADRES,E,19.455,0.6786,0.8202,0.9012,3404.832,41632.0,62984.0,14.63
2026-08-30T09:28:00.101112,1,img_0692,ADRES,Q,22.744,0.788,0.8202,0.9012,4076.844,41632.0,104578.0,8.81
2026-08-30T09:28:00.101112,1,img_0692,ADRES,E,19.488,0.6772,0.8202,0.9012,3379.477,41632.0,62313.0,14.79
2026-08-30T09:28:10.272160,1,img_0693,ADRES,Q,23.507,0.8048,0.8379,0.9118,4492.854,41632.0,115334.0,7.99
2026-08-30T09:28:10.272160,1,img_0693,ADRES,E,19.765,0.6742,0.8379,0.9118,3739.962,41632.0,70798.0,13.02
2026-08-30T09:28:22.216140,1,img_0694,ADRES,Q,23.493,0.8045,0.8379,0.9118,4541.696,41632.0,117799.0,7.82
2026-08-30T09:28:22.216140,1,img_0694,ADRES,E,19.769,0.6732,0.8379,0.9118,3705.672,41632.0,71046.0,12.97
2026-08-30T09:28:32.810190,1,img_0695,ADRES,Q,23.567,0.8061,0.8379,0.9118,4466.174,41632.0,120394.0,7.65
2026-08-30T09:28:32.810190,1,img_0695,ADRES,E,19.771,0.6774,0.8379,0.9118,3743.334,41632.0,73300.0,12.57
2026-08-30T09:28:42.915167,1,img_0696,ADRES,Q,23.568,0.8055,0.8379,0.9118,4464.747,41632.0,120583.0,7.64
2026-08-30T09:28:42.915167,1,img_0696,ADRES,E,19.846,0.677,0.8379,0.9118,3792.522,41632.0,74074.0,12.44
2026-08-30T09:28:54.445022,1,img_0697,ADRES,Q,23.399,0.8041,0.7292,0.8434,5225.689,41632.0,142158.0,6.48
2026-08-30T09:28:54.445022,1,img_0697,ADRES,E,19.765,0.6603,0.7292,0.8434,4318.828,41632.0,87630.0,10.52
2026-08-30T09:29:06.064216,1,img_0698,ADRES,Q,23.427,0.8044,0.7292,0.8434,5244.9,41632.0,142993.0,6.45
2026-08-30T09:29:06.064216,1,img_0698,ADRES,E,19.787,0.6589,0.7292,0.8434,4372.228,41632.0,87410.0,10.54
2026-08-30T09:29:18.446331,1,img_0699,ADRES,Q,23.447,0.8054,0.7292,0.8434,5240.363,41632.0,145360.0,6.34
2026-08-30T09:29:18.446331,1,img_0699,ADRES,E,19.781,0.6599,0.7292,0.8434,4394.069,41632.0,88655.0,10.4
2026-08-30T09:29:29.953131,1,img_0700,ADRES,Q,23.426,0.8043,0.7292,0.8434,5182.41,41632.0,145803.0,6.32
2026-08-30T09:29:29.953131,1,img_0700,ADRES,E,19.76,0.6591,0.7292,0.8434,4352.971,41632.0,88876.0,10.37
2026-08-30T09:29:40.028749,1,img_0701,ADRES,Q,23.424,0.7959,0.7981,0.8877,4403.337,41632.0,108420.0,8.5
2026-08-30T09:29:40.028749,1,img_0701,ADRES,E,20.07,0.6852,0.7981,0.8877,3577.698,41632.0,65856.0,13.99
2026-08-30T09:29:50.407864,1,img_0702,ADRES,Q,23.398,0.7961,0.7981,0.8877,4465.069,41632.0,110731.0,8.32
2026-08-30T09:29:50.407864,1,img_0702,ADRES,E,20.065,0.6855,0.7981,0.8877,3594.042,41632.0,66466.0,13.87
2026-08-30T09:30:00.316380,1,img_0703,ADRES,Q,23.495,0.7976,0.7981,0.8877,4429.123,41632.0,110943.0,8.31
2026-08-30T09:30:00.316380,1,img_0703,ADRES,E,20.137,0.6889,0.7981,0.8877,3625.14,41632.0,67429.0,13.67
2026-08-30T09:30:10.366061,1,img_0704,ADRES,Q,23.439,0.797,0.7981,0.8877,4410.581,41632.0,111173.0,8.29
2026-08-30T09:30:10.366061,1,img_0704,ADRES,E,20.076,0.6878,0.7981,0.8877,3582.872,41632.0,68033.0,13.55
2026-08-30T09:30:20.748416,1,img_0705,ADRES,Q,23.458,0.807,0.8028,0.8906,4397.223,41632.0,117938.0,7.81
2026-08-30T09:30:20.748416,1,img_0705,ADRES,E,19.731,0.6768,0.8028,0.8906,3852.805,41632.0,73893.0,12.47
2026-08-30T09:30:30.967625,1,img_0706,ADRES,Q,23.421,0.8061,0.8028,0.8906,4467.764,41632.0,122124.0,7.55
2026-08-30T09:30:30.967625,1,img_0706,ADRES,E,19.699,0.6751,0.8028,0.8906,3826.858,41632.0,74327.0,12.4
2026-08-30T09:30:41.489719,1,img_0707,ADRES,Q,23.524,0.8086,0.8028,0.8906,4419.129,41632.0,120089.0,7.67
2026-08-30T09:30:41.489719,1,img_0707,ADRES,E,19.768,0.6789,0.8028,0.8906,3809.865,41632.0,74116.0,12.43
2026-08-30T09:30:51.781242,1,img_0708,ADRES,Q,23.5,0.8069,0.8028,0.8906,4442.671,41632.0,120192.0,7.67
2026-08-30T09:30:51.781242,1,img_0708,ADRES,E,19.785,0.6777,0.8028,0.8906,3839.99,41632.0,74047.0,12.45
2026-08-30T09:31:02.244936,1,img_0709,ADRES,Q,23.161,0.7937,0.8225,0.9026,4710.328,41632.0,123710.0,7.45
2026-08-30T09:31:02.244936,1,img_0709,ADRES,E,19.219,0.6375,0.8225,0.9026,3971.671,41632.0,76259.0,12.09
2026-08-30T09:31:12.816573,1,img_0710,ADRES,Q,23.102,0.7925,0.8225,0.9026,4718.296,41632.0,126858.0,7.26
2026-08-30T09:31:12.816573,1,img_0710,ADRES,E,19.146,0.6345,0.8225,0.9026,3971.238,41632.0,76763.0,12.01
2026-08-30T09:31:26.232887,1,img_0711,ADRES,Q,23.223,0.795,0.8225,0.9026,4737.46,41632.0,125139.0,7.36
2026-08-30T09:31:26.232887,1,img_0711,ADRES,E,19.263,0.639,0.8225,0.9026,3971.099,41632.0,76365.0,12.07
2026-08-30T09:31:36.801920,1,img_0712,ADRES,Q,23.158,0.793,0.8225,0.9026,4641.512,41632.0,125285.0,7.36
2026-08-30T09:31:36.801920,1,img_0712,ADRES,E,19.23,0.6371,0.8225,0.9026,3936.185,41632.0,76511.0,12.05
2026-08-30T09:31:47.681668,1,img_0713,ADRES,Q,23.436,0.7962,0.7961,0.8865,4793.876,41632.0,119070.0,7.74
2026-08-30T09:31:47.681668,1,img_0713,ADRES,E,19.958,0.6785,0.7961,0.8865,3808.757,41632.0,72766.0,12.67
2026-08-30T09:31:58.099447,1,img_0714,ADRES,Q,23.462,0.7958,0.7961,0.8865,4857.014,41632.0,121183.0,7.61
2026-08-30T09:31:58.099447,1,img_0714,ADRES,E,19.928,0.6771,0.7961,0.8865,3815.344,41632.0,73265.0,12.58
2026-08-30T09:32:08.391817,1,img_0715,ADRES,Q,23.48,0.7965,0.7961,0.8865,4747.848,41632.0,118640.0,7.77
2026-08-30T09:32:08.391817,1,img_0715,ADRES,E,19.945,0.6757,0.7961,0.8865,3791.368,41632.0,72211.0,12.76
2026-08-30T09:32:19.113681,1,img_0716,ADRES,Q,23.495,0.7965,0.7961,0.8865,4794.032,41632.0,118564.0,7.77
2026-08-30T09:32:19.113681,1,img_0716,ADRES,E,19.962,0.6747,0.7961,0.8865,3840.095,41632.0,72377.0,12.73
2026-08-30T09:32:28.406354,1,img_0717,ADRES,Q,22.494,0.7816,0.8311,0.9077,4060.714,41632.0,101666.0,9.06
2026-08-30T09:32:28.406354,1,img_0717,ADRES,E,19.274,0.6695,0.8311,0.9077,3303.114,41632.0,61239.0,15.05
2026-08-30T09:32:37.645665,1,img_0718,ADRES,Q,22.511,0.7825,0.8311,0.9077,4074.846,41632.0,104736.0,8.8
2026-08-30T09:32:37.645665,1,img_0718,ADRES,E,19.305,0.6658,0.8311,0.9077,3329.1,41632.0,61561.0,14.97
2026-08-30T09:32:46.841728,1,img_0719,ADRES,Q,22.588,0.7836,0.8311,0.9077,4005.882,41632.0,103016.0,8.95
2026-08-30T09:32:46.841728,1,img_0719,ADRES,E,19.373,0.6718,0.8311,0.9077,3304.968,41632.0,61231.0,15.05
2026-08-30T09:32:56.255684,1,img_0720,ADRES,Q,22.589,0.7836,0.8311,0.9077,3997.942,41632.0,102543.0,8.99
2026-08-30T09:32:56.255684,1,img_0720,ADRES,E,19.347,0.6699,0.8311,0.9077,3343.316,41632.0,61450.0,15.0
2026-08-30T09:33:06.129278,1,img_0721,ADRES,Q,23.524,0.8012,0.8335,0.9092,4426.967,41632.0,114950.0,8.02
2026-08-30T09:33:06.129278,1,img_0721,ADRES,E,19.687,0.6686,0.8335,0.9092,3670.907,41632.0,69845.0,13.19
2026-08-30T09:33:16.253463,1,img_0722,ADRES,Q,23.546,0.8004,0.8335,0.9092,4416.755,41632.0,117236.0,7.86
2026-08-30T09:33:16.253463,1,img_0722,ADRES,E,19.711,0.6667,0.8335,0.9092,3665.01,41632.0,70321.0,13.11
2026-08-30T09:33:26.123223,1,img_0723,ADRES,Q,23.603,0.8026,0.8335,0.9092,4355.407,41632.0,119872.0,7.69
2026-08-30T09:33:26.123223,1,img_0723,ADRES,E,19.729,0.6717,0.8335,0.9092,3659.584,41632.0,72321.0,12.74
2026-08-30T09:33:38.416209,1,img_0724,ADRES,Q,23.609,0.8016,0.8335,0.9092,4368.439,41632.0,121283.0,7.6
2026-08-30T09:33:38.416209,1,img_0724,ADRES,E,19.776,0.6715,0.8335,0.9092,3702.355,41632.0,73277.0,12.58
2026-08-30T09:33:49.758939,1,img_0725,ADRES,Q,23.269,0.7989,0.7152,0.834,5199.297,41632.0,141585.0,6.51
2026-08-30T09:33:49.758939,1,img_0725,ADRES,E,19.569,0.6517,0.7152,0.834,4299.555,41632.0,86799.0,10.62
2026-08-30T09:34:01.002083,1,img_0726,ADRES,Q,23.312,0.7997,0.7152,0.834,5187.423,41632.0,141804.0,6.5
2026-08-30T09:34:01.002083,1,img_0726,ADRES,E,19.631,0.653,0.7152,0.834,4337.298,41632.0,86984.0,10.6
2026-08-30T09:34:12.222130,1,img_0727,ADRES,Q,23.297,0.7995,0.7152,0.834,5141.315,41632.0,143366.0,6.43
2026-08-30T09:34:12.222130,1,img_0727,ADRES,E,19.593,0.6515,0.7152,0.834,4339.12,41632.0,87480.0,10.53
2026-08-30T09:34:23.476945,1,img_0728,ADRES,Q,23.316,0.7992,0.7152,0.834,5126.35,41632.0,143008.0,6.44
2026-08-30T09:34:23.476945,1,img_0728,ADRES,E,19.62,0.6516,0.7152,0.834,4337.33,41632.0,87834.0,10.49
2026-08-30T09:34:33.498799,1,img_0729,ADRES,Q,23.528,0.7998,0.8092,0.8945,4467.576,41632.0,110192.0,8.36
2026-08-30T09:34:33.498799,1,img_0729,ADRES,E,20.148,0.6933,0.8092,0.8945,3571.055,41632.0,66523.0,13.85
2026-08-30T09:34:43.482570,1,img_0730,ADRES,Q,23.481,0.7999,0.8092,0.8945,4556.267,41632.0,112334.0,8.2
2026-08-30T09:34:43.482570,1,img_0730,ADRES,E,20.157,0.6931,0.8092,0.8945,3610.484,41632.0,67127.0,13.73
2026-08-30T09:34:53.644902,1,img_0731,ADRES,Q,23.584,0.801,0.8092,0.8945,4477.132,41632.0,113320.0,8.13
2026-08-30T09:34:53.644902,1,img_0731,ADRES,E,20.22,0.697,0.8092,0.8945,3734.29,41632.0,68166.0,13.52
2026-08-30T09:35:03.667440,1,img_0732,ADRES,Q,23.521,0.8011,0.8092,0.8945,4481.353,41632.0,113428.0,8.12
2026-08-30T09:35:03.667440,1,img_0732,ADRES,E,20.167,0.6968,0.8092,0.8945,3645.652,41632.0,68010.0,13.55
2026-08-30T09:35:14.581248,1,img_0733,ADRES,Q,23.358,0.8064,0.7973,0.8872,4476.893,41632.0,118522.0,7.78
2026-08-30T09:35:14.581248,1,img_0733,ADRES,E,19.816,0.6825,0.7973,0.8872,3751.806,41632.0,72906.0,12.64
2026-08-30T09:35:24.736266,1,img_0734,ADRES,Q,23.307,0.8063,0.7973,0.8872,4559.829,41632.0,122508.0,7.52
2026-08-30T09:35:24.736266,1,img_0734,ADRES,E,19.818,0.6802,0.7973,0.8872,3732.22,41632.0,73467.0,12.54
2026-08-30T09:35:34.671960,1,img_0735,ADRES,Q,23.404,0.8081,0.7973,0.8872,4511.371,41632.0,121522.0,7.58
2026-08-30T09:35:34.671960,1,img_0735,ADRES,E,19.877,0.6843,0.7973,0.8872,3752.954,41632.0,73625.0,12.52
2026-08-30T09:35:44.684466,1,img_0736,ADRES,Q,23.4,0.8069,0.7973,0.8872,4473.099,41632.0,122162.0,7.54
2026-08-30T09:35:44.684466,1,img_0736,ADRES,E,19.892,0.6836,0.7973,0.8872,3735.499,41632.0,73710.0,12.5
2026-08-30T09:35:55.869397,1,img_0737,ADRES,Q,23.464,0.8082,0.8274,0.9055,4919.206,41632.0,126333.0,7.3
2026-08-30T09:35:55.869397,1,img_0737,ADRES,E,19.526,0.6529,0.8274,0.9055,4159.147,41632.0,79229.0,11.63
2026-08-30T09:36:06.601511,1,img_0738,ADRES,Q,23.402,0.8066,0.8274,0.9055,4886.506,41632.0,130270.0,7.07
2026-08-30T09:36:06.601511,1,img_0738,ADRES,E,19.441,0.6506,0.8274,0.9055,4157.561,41632.0,79761.0,11.55
2026-08-30T09:36:17.385484,1,img_0739,ADRES,Q,23.499,0.8087,0.8274,0.9055,4907.809,41632.0,130090.0,7.08
2026-08-30T09:36:17.385484,1,img_0739,ADRES,E,19.499,0.651,0.8274,0.9055,4158.214,41632.0,80591.0,11.44
2026-08-30T09:36:28.195379,1,img_0740,ADRES,Q,23.473,0.807,0.8274,0.9055,4980.252,41632.0,128610.0,7.17
2026-08-30T09:36:28.195379,1,img_0740,ADRES,E,19.518,0.6537,0.8274,0.9055,4154.286,41632.0,80022.0,11.52
2026-08-30T09:36:38.638180,1,img_0741,ADRES,Q,23.079,0.7871,0.781,0.877,4636.426,41632.0,116301.0,7.92
2026-08-30T09:36:38.638180,1,img_0741,ADRES,E,19.844,0.6737,0.781,0.877,3808.622,41632.0,71605.0,12.87
2026-08-30T09:36:48.789747,1,img_0742,ADRES,Q,23.087,0.7872,0.781,0.877,4666.038,41632.0,118931.0,7.75
2026-08-30T09:36:48.789747,1,img_0742,ADRES,E,19.805,0.6707,0.781,0.877,3799.703,41632.0,71906.0,12.82
2026-08-30T09:36:59.118255,1,img_0743,ADRES,Q,23.127,0.7865,0.781,0.877,4709.567,41632.0,115963.0,7.95
2026-08-30T09:36:59.118255,1,img_0743,ADRES,E,19.82,0.6699,0.781,0.877,3830.855,41632.0,71576.0,12.88
2026-08-30T09:37:09.381858,1,img_0744,ADRES,Q,23.123,0.7866,0.781,0.877,4663.825,41632.0,116493.0,7.91
2026-08-30T09:37:09.381858,1,img_0744,ADRES,E,19.81,0.6671,0.781,0.877,3820.738,41632.0,71450.0,12.9
2026-08-30T09:37:18.635140,1,img_0745,ADRES,Q,22.499,0.7808,0.8128,0.8967,4043.912,41632.0,102580.0,8.98
2026-08-30T09:37:18.635140,1,img_0745,ADRES,E,19.266,0.6707,0.8128,0.8967,3389.147,41632.0,61697.0,14.94
2026-08-30T09:37:27.872822,1,img_0746,ADRES,Q,22.482,0.7816,0.8128,0.8967,4097.029,41632.0,106402.0,8.66
2026-08-30T09:37:27.872822,1,img_0746,ADRES,E,19.251,0.6689,0.8128,0.8967,3412.303,41632.0,62446.0,14.76
2026-08-30T09:37:37.044110,1,img_0747,ADRES,Q,22.578,0.7827,0.8128,0.8967,4113.395,41632.0,103790.0,8.88
2026-08-30T09:37:37.044110,1,img_0747,ADRES,E,19.316,0.6738,0.8128,0.8967,3388.174,41632.0,61867.0,14.9
2026-08-30T09:37:46.322091,1,img_0748,ADRES,Q,22.577,0.7833,0.8128,0.8967,4108.781,41632.0,103782.0,8.88
2026-08-30T09:37:46.322091,1,img_0748,ADRES,E,19.319,0.6711,0.8128,0.8967,3400.932,41632.0,62156.0,14.83
2026-08-30T09:37:57.525668,1,img_0749,ADRES,Q,23.682,0.8073,0.8328,0.9088,4469.685,41632.0,116716.0,7.9
2026-08-30T09:37:57.525668,1,img_0749,ADRES,E,19.735,0.6807,0.8328,0.9088,3703.948,41632.0,70651.0,13.04
2026-08-30T09:38:07.610467,1,img_0750,ADRES,Q,23.711,0.8071,0.8328,0.9088,4541.553,41632.0,119453.0,7.72
2026-08-30T09:38:07.610467,1,img_0750,ADRES,E,19.737,0.6781,0.8328,0.9088,3698.996,41632.0,70863.0,13.01
2026-08-30T09:38:17.503930,1,img_0751,ADRES,Q,23.797,0.8094,0.8328,0.9088,4481.236,41632.0,120232.0,7.67
2026-08-30T09:38:17.503930,1,img_0751,ADRES,E,19.808,0.6827,0.8328,0.9088,3695.588,41632.0,72551.0,12.7
2026-08-30T09:38:27.675146,1,img_0752,ADRES,Q,23.768,0.8085,0.8328,0.9088,4477.253,41632.0,122071.0,7.55
2026-08-30T09:38:27.675146,1,img_0752,ADRES,E,19.8,0.6822,0.8328,0.9088,3711.16,41632.0,73099.0,12.61
2026-08-30T09:38:39.310124,1,img_0753,ADRES,Q,23.367,0.8033,0.7218,0.8384,5271.688,41632.0,144445.0,6.38
2026-08-30T09:38:39.310124,1,img_0753,ADRES,E,19.749,0.661,0.7218,0.8384,4321.281,41632.0,87709.0,10.51
2026-08-30T09:38:51.137297,1,img_0754,ADRES,Q,23.39,0.804,0.7218,0.8384,5293.35,41632.0,143386.0,6.43
2026-08-30T09:38:51.137297,1,img_0754,ADRES,E,19.773,0.6612,0.7218,0.8384,4320.064,41632.0,87849.0,10.49
2026-08-30T09:39:02.736658,1,img_0755,ADRES,Q,23.386,0.8041,0.7218,0.8384,5248.631,41632.0,146085.0,6.31
2026-08-30T09:39:02.736658,1,img_0755,ADRES,E,19.751,0.6609,0.7218,0.8384,4326.149,41632.0,88762.0,10.38
2026-08-30T09:39:14.191112,1,img_0756,ADRES,Q,23.395,0.8039,0.7218,0.8384,5213.773,41632.0,146108.0,6.31
2026-08-30T09:39:14.191112,1,img_0756,ADRES,E,19.78,0.6601,0.7218,0.8384,4340.307,41632.0,88369.0,10.43
2026-08-30T09:39:24.000840,1,img_0757,ADRES,Q,23.225,0.7946,0.8059,0.8925,4388.632,41632.0,106649.0,8.64
2026-08-30T09:39:24.000840,1,img_0757,ADRES,E,19.974,0.6891,0.8059,0.8925,3522.464,41632.0,64160.0,14.36
2026-08-30T09:39:33.730240,1,img_0758,ADRES,Q,23.212,0.7945,0.8059,0.8925,4378.3,41632.0,109462.0,8.42
2026-08-30T09:39:33.730240,1,img_0758,ADRES,E,19.943,0.6861,0.8059,0.8925,3520.017,41632.0,64513.0,14.29
2026-08-30T09:39:43.611851,1,img_0759,ADRES,Q,23.302,0.7965,0.8059,0.8925,4382.669,41632.0,109519.0,8.41
2026-08-30T09:39:43.611851,1,img_0759,ADRES,E,20.051,0.692,0.8059,0.8925,3562.927,41632.0,66122.0,13.94
2026-08-30T09:39:53.381977,1,img_0760,ADRES,Q,23.233,0.7959,0.8059,0.8925,4356.836,41632.0,109918.0,8.38
2026-08-30T09:39:53.381977,1,img_0760,ADRES,E,19.964,0.6903,0.8059,0.8925,3551.451,41632.0,66038.0,13.96
2026-08-30T09:40:03.420605,1,img_0761,ADRES,Q,23.253,0.8002,0.7925,0.8842,4427.402,41632.0,115502.0,7.98
2026-08-30T09:40:03.420605,1,img_0761,ADRES,E,19.707,0.6767,0.7925,0.8842,3637.056,41632.0,70278.0,13.11
2026-08-30T09:40:13.512471,1,img_0762,ADRES,Q,23.253,0.8011,0.7925,0.8842,4504.226,41632.0,119254.0,7.73
2026-08-30T09:40:13.512471,1,img_0762,ADRES,E,19.75,0.6755,0.7925,0.8842,3667.942,41632.0,70852.0,13.01
2026-08-30T09:40:23.715030,1,img_0763,ADRES,Q,23.359,0.8027,0.7925,0.8842,4451.635,41632.0,120152.0,7.67
2026-08-30T09:40:23.715030,1,img_0763,ADRES,E,19.808,0.6785,0.7925,0.8842,3692.632,41632.0,71820.0,12.83
2026-08-30T09:40:33.604482,1,img_0764,ADRES,Q,23.301,0.8017,0.7925,0.8842,4431.364,41632.0,119522.0,7.71
2026-08-30T09:40:33.604482,1,img_0764,ADRES,E,19.752,0.6791,0.7925,0.8842,3695.446,41632.0,71690.0,12.86
2026-08-30T09:40:45.049812,1,img_0765,ADRES,Q,23.432,0.8043,0.832,0.9083,4843.05,41632.0,122895.0,7.5
2026-08-30T09:40:45.049812,1,img_0765,ADRES,E,19.399,0.6466,0.832,0.9083,4114.823,41632.0,76975.0,11.97
2026-08-30T09:40:55.885387,1,img_0766,ADRES,Q,23.356,0.803,0.832,0.9083,4889.183,41632.0,125544.0,7.34
2026-08-30T09:40:55.885387,1,img_0766,ADRES,E,19.289,0.6426,0.832,0.9083,4116.543,41632.0,77811.0,11.84
2026-08-30T09:41:06.465768,1,img_0767,ADRES,Q,23.472,0.8058,0.832,0.9083,4799.022,41632.0,126211.0,7.3
2026-08-30T09:41:06.465768,1,img_0767,ADRES,E,19.402,0.6455,0.832,0.9083,4055.683,41632.0,78538.0,11.73
2026-08-30T09:41:17.266305,1,img_0768,ADRES,Q,23.457,0.8048,0.832,0.9083,4826.151,41632.0,126807.0,7.27
2026-08-30T09:41:17.266305,1,img_0768,ADRES,E,19.414,0.6456,0.832,0.9083,4156.276,41632.0,78130.0,11.8
2026-08-30T09:41:27.472358,1,img_0769,ADRES,Q,23.029,0.7847,0.788,0.8814,4561.41,41632.0,113982.0,8.09
2026-08-30T09:41:27.472358,1,img_0769,ADRES,E,19.776,0.6706,0.788,0.8814,3713.02,41632.0,69938.0,13.18
2026-08-30T09:41:37.603336,1,img_0770,ADRES,Q,23.04,0.7851,0.788,0.8814,4562.705,41632.0,116923.0,7.88
2026-08-30T09:41:37.603336,1,img_0770,ADRES,E,19.751,0.6686,0.788,0.8814,3670.191,41632.0,70250.0,13.12
2026-08-30T09:41:47.983734,1,img_0771,ADRES,Q,23.079,0.7849,0.788,0.8814,4540.376,41632.0,113281.0,8.14
2026-08-30T09:41:47.983734,1,img_0771,ADRES,E,19.782,0.666,0.788,0.8814,3672.875,41632.0,69427.0,13.27
2026-08-30T09:41:58.087984,1,img_0772,ADRES,Q,23.079,0.7845,0.788,0.8814,4569.47,41632.0,113875.0,8.09
2026-08-30T09:41:58.087984,1,img_0772,ADRES,E,19.77,0.666,0.788,0.8814,3721.279,41632.0,69417.0,13.28
2026-08-30T09:42:07.706273,1,img_0773,ADRES,Q,22.61,0.7839,0.8048,0.8918,4059.465,41632.0,102040.0,9.03
2026-08-30T09:42:07.706273,1,img_0773,ADRES,E,19.298,0.6721,0.8048,0.8918,3374.982,41632.0,61610.0,14.96
2026-08-30T09:42:17.005167,1,img_0774,ADRES,Q,22.595,0.7848,0.8048,0.8918,4065.238,41632.0,105607.0,8.73
2026-08-30T09:42:17.005167,1,img_0774,ADRES,E,19.353,0.6712,0.8048,0.8918,3392.0,41632.0,62411.0,14.77
2026-08-30T09:42:26.308313,1,img_0775,ADRES,Q,22.674,0.7855,0.8048,0.8918,3974.034,41632.0,102992.0,8.95
2026-08-30T09:42:26.308313,1,img_0775,ADRES,E,19.363,0.6739,0.8048,0.8918,3369.46,41632.0,61691.0,14.94
2026-08-30T09:42:35.643724,1,img_0776,ADRES,Q,22.691,0.7852,0.8048,0.8918,4070.763,41632.0,103193.0,8.93
2026-08-30T09:42:35.643724,1,img_0776,ADRES,E,19.4,0.6725,0.8048,0.8918,3392.315,41632.0,61957.0,14.87
2026-08-30T09:42:45.867511,1,img_0777,ADRES,Q,23.648,0.8035,0.8263,0.9049,4480.072,41632.0,116030.0,7.94
2026-08-30T09:42:45.867511,1,img_0777,ADRES,E,19.741,0.676,0.8263,0.9049,3681.618,41632.0,69983.0,13.17
2026-08-30T09:42:55.948308,1,img_0778,ADRES,Q,23.656,0.8033,0.8263,0.9049,4503.894,41632.0,118769.0,7.76
2026-08-30T09:42:55.948308,1,img_0778,ADRES,E,19.746,0.6748,0.8263,0.9049,3682.165,41632.0,70519.0,13.07
2026-08-30T09:43:05.813719,1,img_0779,ADRES,Q,23.732,0.8054,0.8263,0.9049,4378.264,41632.0,122398.0,7.53
2026-08-30T09:43:05.813719,1,img_0779,ADRES,E,19.787,0.6783,0.8263,0.9049,3680.516,41632.0,73369.0,12.56
2026-08-30T09:43:15.702710,1,img_0780,ADRES,Q,23.702,0.8035,0.8263,0.9049,4395.195,41632.0,122154.0,7.54
2026-08-30T09:43:15.702710,1,img_0780,ADRES,E,19.76,0.6754,0.8263,0.9049,3666.495,41632.0,73264.0,12.58
2026-08-30T09:43:27.224307,1,img_0781,ADRES,Q,23.304,0.8021,0.7196,0.8369,5223.34,41632.0,142554.0,6.46
2026-08-30T09:43:27.224307,1,img_0781,ADRES,E,19.685,0.6586,0.7196,0.8369,4326.577,41632.0,87263.0,10.56
2026-08-30T09:43:39.058391,1,img_0782,ADRES,Q,23.353,0.803,0.7196,0.8369,5253.993,41632.0,142877.0,6.45
2026-08-30T09:43:39.058391,1,img_0782,ADRES,E,19.76,0.6591,0.7196,0.8369,4311.977,41632.0,87421.0,10.54
2026-08-30T09:43:50.473809,1,img_0783,ADRES,Q,23.368,0.8031,0.7196,0.8369,5224.106,41632.0,144841.0,6.36
2026-08-30T09:43:50.473809,1,img_0783,ADRES,E,19.73,0.6596,0.7196,0.8369,4316.293,41632.0,88822.0,10.38
2026-08-30T09:44:01.876400,1,img_0784,ADRES,Q,23.344,0.8026,0.7196,0.8369,5198.91,41632.0,145473.0,6.34
2026-08-30T09:44:01.876400,1,img_0784,ADRES,E,19.723,0.6586,0.7196,0.8369,4349.71,41632.0,88787.0,10.38
2026-08-30T09:44:12.360936,1,img_0785,ADRES,Q,24.663,0.8388,0.8393,0.9127,4625.875,41632.0,120725.0,7.63
2026-08-30T09:44:12.360936,1,img_0785,ADRES,E,20.629,0.7227,0.8393,0.9127,4097.228,41632.0,77419.0,11.9
2026-08-30T09:44:22.904415,1,img_0786,ADRES,Q,24.596,0.8386,0.8393,0.9127,4650.548,41632.0,123113.0,7.49
2026-08-30T09:44:22.904415,1,img_0786,ADRES,E,20.491,0.7198,0.8393,0.9127,4067.623,41632.0,77809.0,11.84
2026-08-30T09:44:33.670521,1,img_0787,ADRES,Q,24.7,0.84,0.8393,0.9127,4627.021,41632.0,122208.0,7.54
2026-08-30T09:44:33.670521,1,img_0787,ADRES,E,20.64,0.7252,0.8393,0.9127,4094.136,41632.0,77719.0,11.86
2026-08-30T09:44:44.237055,1,img_0788,ADRES,Q,24.706,0.8404,0.8393,0.9127,4604.233,41632.0,124338.0,7.41
2026-08-30T09:44:44.237055,1,img_0788,ADRES,E,20.62,0.7255,0.8393,0.9127,4042.974,41632.0,77664.0,11.87
2026-08-30T09:44:53.878299,1,img_0789,ADRES,Q,25.155,0.8545,0.8721,0.9317,4052.032,41632.0,117563.0,7.84
2026-08-30T09:44:53.878299,1,img_0789,ADRES,E,20.884,0.7468,0.8721,0.9317,3725.373,41632.0,75506.0,12.21
2026-08-30T09:45:03.576108,1,img_0790,ADRES,Q,25.191,0.8554,0.8721,0.9317,4120.206,41632.0,120662.0,7.64
2026-08-30T09:45:03.576108,1,img_0790,ADRES,E,20.971,0.7461,0.8721,0.9317,3735.942,41632.0,75571.0,12.2
2026-08-30T09:45:13.183099,1,img_0791,ADRES,Q,25.193,0.8547,0.8721,0.9317,4083.975,41632.0,118351.0,7.79
2026-08-30T09:45:13.183099,1,img_0791,ADRES,E,20.878,0.7449,0.8721,0.9317,3781.7,41632.0,75530.0,12.2
2026-08-30T09:45:23.078575,1,img_0792,ADRES,Q,25.233,0.8547,0.8721,0.9317,4105.353,41632.0,116555.0,7.91
2026-08-30T09:45:23.078575,1,img_0792,ADRES,E,20.945,0.7449,0.8721,0.9317,3758.078,41632.0,74453.0,12.38
2026-08-30T09:45:33.305754,1,img_0793,ADRES,Q,24.318,0.835,0.8474,0.9174,4523.877,41632.0,127286.0,7.24
2026-08-30T09:45:33.305754,1,img_0793,ADRES,E,20.192,0.7272,0.8474,0.9174,3941.973,41632.0,77782.0,11.85
2026-08-30T09:45:43.593865,1,img_0794,ADRES,Q,24.292,0.8352,0.8474,0.9174,4542.982,41632.0,128294.0,7.18
2026-08-30T09:45:43.593865,1,img_0794,ADRES,E,20.193,0.725,0.8474,0.9174,3976.251,41632.0,78108.0,11.8
2026-08-30T09:45:53.998407,1,img_0795,ADRES,Q,24.324,0.8337,0.8474,0.9174,4591.417,41632.0,124252.0,7.42
2026-08-30T09:45:53.998407,1,img_0795,ADRES,E,20.198,0.7228,0.8474,0.9174,3944.706,41632.0,77340.0,11.92
2026-08-30T09:46:04.599063,1,img_0796,ADRES,Q,24.275,0.8339,0.8474,0.9174,4508.204,41632.0,125059.0,7.37
2026-08-30T09:46:04.599063,1,img_0796,ADRES,E,20.129,0.7227,0.8474,0.9174,3911.322,41632.0,77383.0,11.91
2026-08-30T09:46:15.260784,1,img_0797,ADRES,Q,23.449,0.8014,0.7565,0.8613,4718.216,41632.0,119512.0,7.71
2026-08-30T09:46:15.260784,1,img_0797,ADRES,E,20.084,0.6815,0.7565,0.8613,4066.885,41632.0,75914.0,12.14
2026-08-30T09:46:26.120515,1,img_0798,ADRES,Q,23.449,0.8036,0.7565,0.8613,4759.017,41632.0,123745.0,7.45
2026-08-30T09:46:26.120515,1,img_0798,ADRES,E,19.987,0.6788,0.7565,0.8613,4121.201,41632.0,76807.0,12.0
2026-08-30T09:46:36.705197,1,img_0799,ADRES,Q,23.522,0.8019,0.7565,0.8613,4743.132,41632.0,120635.0,7.64
2026-08-30T09:46:36.705197,1,img_0799,ADRES,E,20.084,0.6783,0.7565,0.8613,4057.038,41632.0,75899.0,12.14
2026-08-30T09:46:47.366625,1,img_0800,ADRES,Q,23.47,0.8012,0.7565,0.8613,4781.806,41632.0,120071.0,7.68
2026-08-30T09:46:47.366625,1,img_0800,ADRES,E,20.057,0.6778,0.7565,0.8613,4022.55,41632.0,75681.0,12.18
2026-08-30T09:46:57.305030,1,img_0801,ADRES,Q,22.945,0.8084,0.7372,0.8488,4158.056,41632.0,113323.0,8.13
2026-08-30T09:46:57.305030,1,img_0801,ADRES,E,19.223,0.6932,0.7372,0.8488,3769.438,41632.0,72111.0,12.78
2026-08-30T09:47:08.378601,1,img_0802,ADRES,Q,22.957,0.8106,0.7372,0.8488,4201.813,41632.0,117759.0,7.83
2026-08-30T09:47:08.378601,1,img_0802,ADRES,E,19.195,0.6878,0.7372,0.8488,3790.071,41632.0,73276.0,12.58
2026-08-30T09:47:19.120258,1,img_0803,ADRES,Q,23.025,0.8101,0.7372,0.8488,4173.432,41632.0,116079.0,7.94
2026-08-30T09:47:19.120258,1,img_0803,ADRES,E,19.263,0.6914,0.7372,0.8488,3745.914,41632.0,72526.0,12.71
2026-08-30T09:47:28.862159,1,img_0804,ADRES,Q,23.024,0.8092,0.7372,0.8488,4170.289,41632.0,116994.0,7.88
2026-08-30T09:47:28.862159,1,img_0804,ADRES,E,19.268,0.6913,0.7372,0.8488,3754.387,41632.0,72880.0,12.65
2026-08-30T09:47:38.833771,1,img_0805,ADRES,Q,25.128,0.8372,0.8305,0.9074,4437.527,41632.0,116674.0,7.9
2026-08-30T09:47:38.833771,1,img_0805,ADRES,E,20.642,0.7354,0.8305,0.9074,3806.089,41632.0,72906.0,12.64
2026-08-30T09:47:48.896705,1,img_0806,ADRES,Q,25.127,0.8379,0.8305,0.9074,4475.178,41632.0,119550.0,7.71
2026-08-30T09:47:48.896705,1,img_0806,ADRES,E,20.624,0.7332,0.8305,0.9074,3814.384,41632.0,73517.0,12.54
2026-08-30T09:47:59.330611,1,img_0807,ADRES,Q,25.147,0.8383,0.8305,0.9074,4383.889,41632.0,119593.0,7.71
2026-08-30T09:47:59.330611,1,img_0807,ADRES,E,20.64,0.7375,0.8305,0.9074,3829.677,41632.0,74029.0,12.45
2026-08-30T09:48:09.836922,1,img_0808,ADRES,Q,25.196,0.8382,0.8305,0.9074,4454.518,41632.0,119161.0,7.73
2026-08-30T09:48:09.836922,1,img_0808,ADRES,E,20.655,0.7361,0.8305,0.9074,3796.016,41632.0,73726.0,12.5
2026-08-30T09:48:22.373078,1,img_0809,ADRES,Q,24.339,0.8411,0.7419,0.8518,5212.768,41632.0,152967.0,6.02
2026-08-30T09:48:22.373078,1,img_0809,ADRES,E,20.256,0.7079,0.7419,0.8518,4641.492,41632.0,97159.0,9.49
2026-08-30T09:48:33.953025,1,img_0810,ADRES,Q,24.393,0.8412,0.7419,0.8518,5232.044,41632.0,153009.0,6.02
2026-08-30T09:48:33.953025,1,img_0810,ADRES,E,20.293,0.7072,0.7419,0.8518,4661.999,41632.0,96716.0,9.53
2026-08-30T09:48:45.682488,1,img_0811,ADRES,Q,24.365,0.8422,0.7419,0.8518,5244.938,41632.0,151293.0,6.09
2026-08-30T09:48:45.682488,1,img_0811,ADRES,E,20.285,0.7087,0.7419,0.8518,4670.803,41632.0,96054.0,9.59
2026-08-30T09:48:57.350785,1,img_0812,ADRES,Q,24.391,0.8415,0.7419,0.8518,5250.095,41632.0,151099.0,6.1
2026-08-30T09:48:57.350785,1,img_0812,ADRES,E,20.262,0.707,0.7419,0.8518,4672.425,41632.0,95659.0,9.63
2026-08-30T09:49:08.528698,1,img_0813,ADRES,Q,24.785,0.8324,0.8319,0.9082,5056.458,41632.0,132025.0,6.98
2026-08-30T09:49:08.528698,1,img_0813,ADRES,E,20.997,0.7263,0.8319,0.9082,4139.475,41632.0,81150.0,11.36
2026-08-30T09:49:19.787419,1,img_0814,ADRES,Q,24.698,0.8324,0.8319,0.9082,5067.659,41632.0,134097.0,6.87
2026-08-30T09:49:19.787419,1,img_0814,ADRES,E,20.881,0.7208,0.8319,0.9082,4171.101,41632.0,81583.0,11.3
2026-08-30T09:49:30.605066,1,img_0815,ADRES,Q,24.836,0.8339,0.8319,0.9082,5059.603,41632.0,132422.0,6.96
2026-08-30T09:49:30.605066,1,img_0815,ADRES,E,20.999,0.7274,0.8319,0.9082,4127.498,41632.0,80579.0,11.44
2026-08-30T09:49:42.107113,1,img_0816,ADRES,Q,24.8,0.8334,0.8319,0.9082,4991.461,41632.0,134194.0,6.87
2026-08-30T09:49:42.107113,1,img_0816,ADRES,E,20.988,0.7267,0.8319,0.9082,4132.039,41632.0,80891.0,11.39
2026-08-30T09:49:53.046736,1,img_0817,ADRES,Q,24.881,0.8388,0.8657,0.928,4759.087,41632.0,135855.0,6.78
2026-08-30T09:49:53.046736,1,img_0817,ADRES,E,20.921,0.7241,0.8657,0.928,4122.354,41632.0,84229.0,10.94
2026-08-30T09:50:03.597775,1,img_0818,ADRES,Q,24.845,0.8394,0.8657,0.928,4761.893,41632.0,140335.0,6.57
2026-08-30T09:50:03.597775,1,img_0818,ADRES,E,20.929,0.7244,0.8657,0.928,4135.797,41632.0,85068.0,10.83
2026-08-30T09:50:14.826315,1,img_0819,ADRES,Q,24.914,0.8398,0.8657,0.928,4806.017,41632.0,136590.0,6.75
2026-08-30T09:50:14.826315,1,img_0819,ADRES,E,20.943,0.7251,0.8657,0.928,4122.456,41632.0,84769.0,10.87
2026-08-30T09:50:25.556150,1,img_0820,ADRES,Q,24.946,0.839,0.8657,0.928,4783.997,41632.0,135987.0,6.78
2026-08-30T09:50:25.556150,1,img_0820,ADRES,E,20.969,0.7234,0.8657,0.928,4117.224,41632.0,84066.0,10.96
2026-08-30T09:50:36.280359,1,img_0821,ADRES,Q,23.776,0.8206,0.8386,0.9122,4543.314,41632.0,131824.0,6.99
2026-08-30T09:50:36.280359,1,img_0821,ADRES,E,20.29,0.709,0.8386,0.9122,3937.152,41632.0,79386.0,11.61
2026-08-30T09:50:46.542514,1,img_0822,ADRES,Q,23.746,0.8215,0.8386,0.9122,4556.046,41632.0,133171.0,6.92
2026-08-30T09:50:46.542514,1,img_0822,ADRES,E,20.209,0.7067,0.8386,0.9122,3891.913,41632.0,79756.0,11.56
2026-08-30T09:50:57.473054,1,img_0823,ADRES,Q,23.78,0.8193,0.8386,0.9122,4609.777,41632.0,128389.0,7.18
2026-08-30T09:50:57.473054,1,img_0823,ADRES,E,20.201,0.7044,0.8386,0.9122,3911.495,41632.0,78285.0,11.77
2026-08-30T09:51:07.740170,1,img_0824,ADRES,Q,23.759,0.82,0.8386,0.9122,4535.511,41632.0,129227.0,7.13
2026-08-30T09:51:07.740170,1,img_0824,ADRES,E,20.234,0.7037,0.8386,0.9122,3915.862,41632.0,78451.0,11.75
2026-08-30T09:51:18.472557,1,img_0825,ADRES,Q,23.433,0.7975,0.7496,0.8569,4828.554,41632.0,123372.0,7.47
2026-08-30T09:51:18.472557,1,img_0825,ADRES,E,19.795,0.6844,0.7496,0.8569,3962.316,41632.0,76557.0,12.04
2026-08-30T09:51:29.258354,1,img_0826,ADRES,Q,23.407,0.7983,0.7496,0.8569,4881.272,41632.0,127007.0,7.26
2026-08-30T09:51:29.258354,1,img_0826,ADRES,E,19.756,0.6815,0.7496,0.8569,4024.126,41632.0,76512.0,12.05
2026-08-30T09:51:40.235654,1,img_0827,ADRES,Q,23.495,0.798,0.7496,0.8569,4887.593,41632.0,122963.0,7.49
2026-08-30T09:51:40.235654,1,img_0827,ADRES,E,19.799,0.6804,0.7496,0.8569,4000.935,41632.0,75653.0,12.18
2026-08-30T09:51:50.925927,1,img_0828,ADRES,Q,23.499,0.7976,0.7496,0.8569,4846.636,41632.0,123075.0,7.49
2026-08-30T09:51:50.925927,1,img_0828,ADRES,E,19.851,0.681,0.7496,0.8569,3947.006,41632.0,75264.0,12.24
2026-08-30T09:52:00.791389,1,img_0829,ADRES,Q,22.627,0.7983,0.7515,0.8581,4321.168,41632.0,117708.0,7.83
2026-08-30T09:52:00.791389,1,img_0829,ADRES,E,19.658,0.6894,0.7515,0.8581,3668.808,41632.0,72206.0,12.76
2026-08-30T09:52:10.741428,1,img_0830,ADRES,Q,22.623,0.8002,0.7515,0.8581,4313.531,41632.0,121350.0,7.59
2026-08-30T09:52:10.741428,1,img_0830,ADRES,E,19.622,0.6852,0.7515,0.8581,3743.102,41632.0,72732.0,12.67
2026-08-30T09:52:22.632411,1,img_0831,ADRES,Q,22.7,0.7994,0.7515,0.8581,4285.649,41632.0,119620.0,7.7
2026-08-30T09:52:22.632411,1,img_0831,ADRES,E,19.685,0.6893,0.7515,0.8581,3661.556,41632.0,73045.0,12.62
2026-08-30T09:52:33.299640,1,img_0832,ADRES,Q,22.719,0.7992,0.7515,0.8581,4242.931,41632.0,119791.0,7.69
2026-08-30T09:52:33.299640,1,img_0832,ADRES,E,19.717,0.6868,0.7515,0.8581,3695.811,41632.0,72961.0,12.63
2026-08-30T09:52:43.185038,1,img_0833,ADRES,Q,24.15,0.819,0.8086,0.8942,4353.116,41632.0,114311.0,8.06
2026-08-30T09:52:43.185038,1,img_0833,ADRES,E,20.3,0.7177,0.8086,0.8942,3665.61,41632.0,71028.0,12.98
2026-08-30T09:52:53.311112,1,img_0834,ADRES,Q,24.121,0.8198,0.8086,0.8942,4256.304,41632.0,118094.0,7.8
2026-08-30T09:52:53.311112,1,img_0834,ADRES,E,20.34,0.7164,0.8086,0.8942,3685.716,41632.0,71558.0,12.88
2026-08-30T09:53:02.963028,1,img_0835,ADRES,Q,24.204,0.8204,0.8086,0.8942,4229.108,41632.0,117801.0,7.82
2026-08-30T09:53:02.963028,1,img_0835,ADRES,E,20.349,0.7192,0.8086,0.8942,3689.305,41632.0,72433.0,12.72
2026-08-30T09:53:13.410326,1,img_0836,ADRES,Q,24.17,0.8198,0.8086,0.8942,4261.685,41632.0,117561.0,7.84
2026-08-30T09:53:13.410326,1,img_0836,ADRES,E,20.339,0.7171,0.8086,0.8942,3679.197,41632.0,72692.0,12.68
2026-08-30T09:53:27.381642,1,img_0837,ADRES,Q,24.146,0.8359,0.742,0.8519,5561.717,41632.0,164402.0,5.61
2026-08-30T09:53:27.381642,1,img_0837,ADRES,E,20.445,0.7084,0.742,0.8519,4716.839,41632.0,101349.0,9.09
2026-08-30T09:53:40.915083,1,img_0838,ADRES,Q,24.183,0.8359,0.742,0.8519,5604.442,41632.0,163484.0,5.64
2026-08-30T09:53:40.915083,1,img_0838,ADRES,E,20.531,0.7068,0.742,0.8519,4758.267,41632.0,100969.0,9.13
2026-08-30T09:53:53.125361,1,img_0839,ADRES,Q,24.166,0.8362,0.742,0.8519,5622.946,41632.0,162504.0,5.67
2026-08-30T09:53:53.125361,1,img_0839,ADRES,E,20.531,0.7088,0.742,0.8519,4770.377,41632.0,100085.0,9.21
2026-08-30T09:54:05.225460,1,img_0840,ADRES,Q,24.16,0.8358,0.742,0.8519,5544.845,41632.0,163521.0,5.64
2026-08-30T09:54:05.225460,1,img_0840,ADRES,E,20.506,0.7069,0.742,0.8519,4703.225,41632.0,100532.0,9.17
2026-08-30T09:54:16.545065,1,img_0841,ADRES,Q,24.812,0.8317,0.817,0.8993,5266.575,41632.0,134974.0,6.83
2026-08-30T09:54:16.545065,1,img_0841,ADRES,E,21.123,0.7252,0.817,0.8993,4296.779,41632.0,83506.0,11.04
2026-08-30T09:54:28.215012,1,img_0842,ADRES,Q,24.736,0.8317,0.817,0.8993,5303.738,41632.0,139275.0,6.62
2026-08-30T09:54:28.215012,1,img_0842,ADRES,E,21.007,0.7208,0.817,0.8993,4428.119,41632.0,84916.0,10.85
2026-08-30T09:54:39.583510,1,img_0843,ADRES,Q,24.874,0.8331,0.817,0.8993,5301.578,41632.0,135992.0,6.78
2026-08-30T09:54:39.583510,1,img_0843,ADRES,E,21.135,0.7248,0.817,0.8993,4341.102,41632.0,83463.0,11.04
2026-08-30T09:54:51.079929,1,img_0844,ADRES,Q,24.82,0.833,0.817,0.8993,5266.057,41632.0,137003.0,6.73
2026-08-30T09:54:51.079929,1,img_0844,ADRES,E,21.101,0.7258,0.817,0.8993,4339.525,41632.0,84124.0,10.96
2026-08-30T09:55:02.274402,1,img_0845,ADRES,Q,25.11,0.8408,0.8678,0.9292,5026.042,41632.0,136351.0,6.76
2026-08-30T09:55:02.274402,1,img_0845,ADRES,E,21.118,0.7234,0.8678,0.9292,4187.794,41632.0,84414.0,10.92
2026-08-30T09:55:13.441626,1,img_0846,ADRES,Q,25.045,0.8414,0.8678,0.9292,4996.359,41632.0,142761.0,6.46
2026-08-30T09:55:13.441626,1,img_0846,ADRES,E,21.063,0.7217,0.8678,0.9292,4240.195,41632.0,85763.0,10.75
2026-08-30T09:55:24.374193,1,img_0847,ADRES,Q,25.152,0.841,0.8678,0.9292,4956.589,41632.0,138516.0,6.65
2026-08-30T09:55:24.374193,1,img_0847,ADRES,E,21.102,0.7206,0.8678,0.9292,4171.501,41632.0,84799.0,10.87
2026-08-30T09:55:35.439383,1,img_0848,ADRES,Q,25.166,0.8412,0.8678,0.9292,5011.968,41632.0,136515.0,6.75
2026-08-30T09:55:35.439383,1,img_0848,ADRES,E,21.127,0.7219,0.8678,0.9292,4180.148,41632.0,84218.0,10.94
2026-08-30T09:55:45.933060,1,img_0849,ADRES,Q,24.18,0.8295,0.8272,0.9054,4699.41,41632.0,133682.0,6.89
2026-08-30T09:55:45.933060,1,img_0849,ADRES,E,20.535,0.7208,0.8272,0.9054,3930.68,41632.0,80736.0,11.41
2026-08-30T09:55:56.486199,1,img_0850,ADRES,Q,24.163,0.8297,0.8272,0.9054,4711.458,41632.0,135030.0,6.83
2026-08-30T09:55:56.486199,1,img_0850,ADRES,E,20.478,0.7181,0.8272,0.9054,3915.144,41632.0,80451.0,11.46
2026-08-30T09:56:06.990790,1,img_0851,ADRES,Q,24.212,0.8296,0.8272,0.9054,4740.888,41632.0,131093.0,7.03
2026-08-30T09:56:06.990790,1,img_0851,ADRES,E,20.569,0.72,0.8272,0.9054,3965.451,41632.0,79831.0,11.54
2026-08-30T09:56:17.461205,1,img_0852,ADRES,Q,24.194,0.8294,0.8272,0.9054,4722.195,41632.0,133038.0,6.93
2026-08-30T09:56:17.461205,1,img_0852,ADRES,E,20.505,0.7183,0.8272,0.9054,3943.552,41632.0,80148.0,11.5
2026-08-30T09:56:27.717292,1,img_0853,ADRES,Q,23.002,0.7839,0.7342,0.8467,4640.666,41632.0,119347.0,7.72
2026-08-30T09:56:27.717292,1,img_0853,ADRES,E,19.586,0.6714,0.7342,0.8467,3919.49,41632.0,73978.0,12.46
2026-08-30T09:56:38.063923,1,img_0854,ADRES,Q,22.978,0.7848,0.7342,0.8467,4733.237,41632.0,123419.0,7.47
2026-08-30T09:56:38.063923,1,img_0854,ADRES,E,19.5,0.6675,0.7342,0.8467,3931.851,41632.0,74708.0,12.34
2026-08-30T09:56:48.611830,1,img_0855,ADRES,Q,23.065,0.7841,0.7342,0.8467,4687.805,41632.0,119742.0,7.7
2026-08-30T09:56:48.611830,1,img_0855,ADRES,E,19.54,0.6659,0.7342,0.8467,3951.88,41632.0,73662.0,12.51
2026-08-30T09:56:59.059022,1,img_0856,ADRES,Q,23.078,0.7837,0.7342,0.8467,4705.887,41632.0,120023.0,7.68
2026-08-30T09:56:59.059022,1,img_0856,ADRES,E,19.612,0.6667,0.7342,0.8467,3908.9,41632.0,73835.0,12.48
2026-08-30T09:57:08.709685,1,img_0857,ADRES,Q,22.66,0.7955,0.7377,0.8491,4287.057,41632.0,117083.0,7.87
2026-08-30T09:57:08.709685,1,img_0857,ADRES,E,19.483,0.6805,0.7377,0.8491,3716.127,41632.0,72322.0,12.74
2026-08-30T09:57:18.758958,1,img_0858,ADRES,Q,22.688,0.7964,0.7377,0.8491,4323.465,41632.0,120458.0,7.65
2026-08-30T09:57:18.758958,1,img_0858,ADRES,E,19.461,0.675,0.7377,0.8491,3729.717,41632.0,72937.0,12.64
2026-08-30T09:57:28.755959,1,img_0859,ADRES,Q,22.746,0.7968,0.7377,0.8491,4283.635,41632.0,119111.0,7.74
2026-08-30T09:57:28.755959,1,img_0859,ADRES,E,19.489,0.6814,0.7377,0.8491,3684.653,41632.0,72773.0,12.66
2026-08-30T09:57:38.717801,1,img_0860,ADRES,Q,22.774,0.7967,0.7377,0.8491,4298.948,41632.0,119196.0,7.73
2026-08-30T09:57:38.717801,1,img_0860,ADRES,E,19.571,0.6782,0.7377,0.8491,3762.843,41632.0,73007.0,12.62
2026-08-30T09:57:48.029620,1,img_0861,ADRES,Q,23.9,0.8164,0.8145,0.8978,4084.736,41632.0,110791.0,8.32
2026-08-30T09:57:48.029620,1,img_0861,ADRES,E,20.261,0.7233,0.8145,0.8978,3470.767,41632.0,67626.0,13.63
